S01C00006275696C645C62696E5C504A5F494E56545F46424C2E7331396A
S31180000000911000F8D9FF44E6DC0F009058
S3158000000C1000000060BB00801100000064BB008003
S3158000001C2200000068BB00802700000084BB0080A3
S3158000002C2800000058BB00802E00000090BB00808A
S3158000003C3100000074BB0080340000006CBB008073
S3158000004C360000008CBB00803700000070BB00803F
S3158000005C3E00000088BB0080850000005CBB0080F1
S3098000006C7CBC008052
S30D80000070E02600809026008046
S3158000007801000200000000000000000000000000EF
S31180000088000000000000000000000000E6
S3158000009400010000000000000000000000000000D5
S30D800000A40000000000000000CE
S309800000AC00000000CA
S309800000B000000000C6
S315800000B49E0800010100000000000000000000000E
S315800000C49E090001010000000000000000000000FD
S315800000D4D60B0001C80000000000000000000000EC
S315800000E41D0C00010100000000000000000000005B
S315800000F4370C000101000000000000000000000031
S315800001041D0D000101000000000000000000000039
S315800001149C0E0001010000000000000000000000A9
S315800001249C0F000101000000000000000000000098
S315800001349010000101000000000000000000000093
S315800001449011000101000000000000000000000082
S315800001542E1D0001100000000000000000000000B9
S31580000164982000010100000000000000000000004B
S31580000174B92300010A00000000000000000000000E
S31580000184AF4A0001040000000000000000000000E7
S315800001941D4D0001800000000000000000000000EA
S315800001A433500001800000000000000000000000C1
S315800001B43E520001320000000000000000000000F2
S315800001C40255000108000000000000000000000045
S315800001D42A720001080000000000000000000000F0
S315800001E4BE7F000101000000000000000000000046
S315800001F4E9990101040000000000000000000000ED
S31580000204AFA60101640000000000000000000000A9
S31580000214F5B60001040000000000000000000000A4
S31580000224E3B70001020000000000000000000000A7
S3158000023459E80001010000000000000000000000F1
S3158000024443F40001010000000000000000000000EB
S315800002540000000000000000000000000000000014
S315800002640000000000000000000000000000000004
S309800002740000000000
S3158000027800000000000000000000000000000000F0
S3158000028800000000000000000000000000000000E0
S30D800002980000000000000000D8
S309800002A000000000D4
S311800002A40000010001000000080E007040
S309800002B000000000C4
S309800002B400000000C0
S315800002B80000010001000000540E007000000000DC
S315800002C80000140014000000600E007063AC00701B
S315800002D848A90180000000000000000064000000BA
S315800002E864A901800000000002000000E803000005
S315800002F810AA018000000000040000008813000096
S3158000030854A90180000000000700000010270000A3
S3158000031880A90180000000000C000000204E00002B
S30980000328010000004A
S3098000032C0100000046
S309800003300000000043
S30980000334010000003E
S31580000338010000007EB00070F84301808844018087
S315800003480100000080B0007028440180B04401801C
S31580000358010000007FB00070184401809C44018031
S315800003680A0000006CB00070C84301804C440180CC
S315800003780800000064B00070B843018038440180EA
S315800003880400000076B00070D84301806044018084
S31580000398040000007AB00070E8430180744401804C
S315800003A800000000000000000000000000000000BF
S315800003B800000000000000000000000000000000AF
S315800003C8000000000000000000000000000000009F
S315800003D8000000000000000000000000000000008F
S315800003E8000000000000000000000000000000007F
S315800003F8000000000000000000000000000000006F
S31580000408000000000000000000000000000000005E
S31580000418000000000000000000000000000000004E
S31580000428000000000000000000000000000000003E
S31580000438000000000000000000000000000000002E
S31580000448000000000000000000000000000000001E
S31580000458000000000000000000000000000000000E
S3158000046800000000000000000000000000000000FE
S3158000047800000000000000000000000000000000EE
S3158000048800000000000000000000000000000000DE
S3158000049800000000000000000000000000000000CE
S315800004A800000000000000000000000000000000BE
S315800004B800000000000000000000000000000000AE
S315800004C8000000000000000000000000000000009E
S309800004D800901F806B
S315800004DC000000000000000000000000000000008A
S315800004EC000000000000000000000000000000007A
S315800004FC000000000000000000000000000000006A
S3158000050C0000000000000000000000000000000059
S3158000051C0000000000000000000000000000000049
S3158000052C0000000000000000000000000000000039
S3158000053C0000000000000000000000000000000029
S3158000054C0000000000000000000000000000000019
S3158000055C0000000000000000000000000000000009
S3158000056C00000000000000000000000000000000F9
S3158000057C00000000000000000000000000000000E9
S3098000058C00000000E5
S3098000059000000000E1
S3098000059400000000DD
S31180000598000000000000010000000000D0
S309800005A400000000CD
S309800005A878563412B5
S315800005AC00000000000000000000000000000000B9
S309800005BC00000000B5
S309800005C000000000B1
S309800005C400000000AD
S309800005C800000000A9
S309800005CC00000000A5
S309800005D000000000A1
S309800005D4000000009D
S309800005D80000000099
S309800005DC0000000095
S309800005E00000000091
S309800005E4000000008D
S309800005E80000000089
S309800005EC0000000085
S309800005F00000000081
S309800005F4000000007D
S309800005F80000000079
S309800005FC0000000075
S315800006000000000000000000000000000000000064
S315800006100000000000000000000000000000000054
S315800006200000000000000000000000000000000044
S315800006300000000000000000000000000000000034
S315800006400000000000000000000000000000000024
S315800006500000000000000000000000000000000014
S315800006600000000000000000000000000000000004
S3158000067000000000000000000000000000000000F4
S3158000068000000000000000000000000000000000E4
S3158000069000000000000000000000000000000000D4
S315800006A000000000000000000000000000000000C4
S315800006B000000000000000000000000000000000B4
S315800006C000000000000000000000000000000000A4
S315800006D00000000000000000000000000000000094
S315800006E00000000000000000000000000000000084
S315800006F00000000000000000000000000000000074
S315800007000000000000000000000000000000000063
S315800007100000000000000000000000000000000053
S315800007200000000000000000000000000000000043
S315800007300000000000000000000000000000000033
S315800007400000000000000000000000000000000023
S315800007500000000000000000000000000000000013
S315800007600000000000000000000000000000000003
S3158000077000000000000000000000000000000000F3
S3158000078000000000000000000000000000000000E3
S3158000079000000000000000000000000000000000D3
S315800007A000000000000000000000000000000000C3
S315800007B000000000000000000000000000000000B3
S315800007C000000000000000000000000000000000A3
S315800007D00000000000000000000000000000000093
S315800007E00000000000000000000000000000000083
S315800007F00000000000000000000000000000000073
S315800008000000000000000000000000000000000062
S315800008100000000000000000000000000000000052
S315800008200000000000000000000000000000000042
S315800008300000000000000000000000000000000032
S315800008400000000000000000000000000000000022
S315800008500000000000000000000000000000000012
S315800008600000000000000000000000000000000002
S3158000087000000000000000000000000000000000F2
S3158000088000000000000000000000000000000000E2
S3158000089000000000000000000000000000000000D2
S315800008A000000000000000000000000000000000C2
S315800008B000000000000000000000000000000000B2
S315800008C000000000000000000000000000000000A2
S315800008D00000000000000000000000000000000092
S315800008E00000000000000000000000000000000082
S315800008F00000000000000000000000000000000072
S315800009000000000000000000000000000000000061
S315800009100000000000000000000000000000000051
S315800009200000000000000000000000000000000041
S315800009300000000000000000000000000000000031
S315800009400000000000000000000000000000000021
S315800009500000000000000000000000000000000011
S315800009600000000000000000000000000000000001
S3158000097000000000000000000000000000000000F1
S3158000098000000000000000000000000000000000E1
S3158000099000000000000000000000000000000000D1
S315800009A000000000000000000000000000000000C1
S315800009B000000000000000000000000000000000B1
S315800009C000000000000000000000000000000000A1
S315800009D00000000000000000000000000000000091
S315800009E00000000000000000000000000000000081
S315800009F00000000000000000000000000000000071
S31580000A000505050505050505050505050505050510
S31080000A100001020408102040801B3605
S30680000A1B0054
S31580000A1C637C777BF26B6FC53001672BFED7AB7629
S31580000A2CCA82C97DFA5947F0ADD4A2AF9CA472C0D4
S31580000A3CB7FD9326363FF7CC34A5E5F171D8311541
S31580000A4C04C723C31896059A071280E2EB27B27562
S31580000A5C09832C1A1B6E5AA0523BD6B329E32F84DA
S31580000A6C53D100ED20FCB15B6ACBBE394A4C58CFD2
S31580000A7CD0EFAAFB434D338545F9027F503C9FA8A6
S31580000A8C51A3408F929D38F5BCB6DA2110FFF3D274
S31580000A9CCD0C13EC5F974417C4A77E3D645D197328
S31580000AAC60814FDC222A908846EEB814DE5E0BDB22
S31580000ABCE0323A0A4906245CC2D3AC629195E47959
S31580000ACCE7C8376D8DD54EA96C56F4EA657AAE08B3
S31580000ADCBA78252E1CA6B4C6E8DD741F4BBD8B8A4E
S31580000AEC703EB5664803F60E613557B986C11D9EB4
S31580000AFCE1F8981169D98E949B1E87E9CE5528DF2B
S31580000B0C8CA1890DBFE6426841992D0FB054BB1656
S31580000B1C0000000000000000000000000000000043
S31580000B2C0203010101020301010102030301010217
S31580000B3C0000000000000000000000000000000023
S31580000B4C0000000000000000000000000000000013
S31580000B5C000000000000000000000000000000877C
S31580000B6C637C777BF26B6FC53001672BFED7AB76D8
S31580000B7CCA82C97DFA5947F0ADD4A2AF9CA472C083
S31580000B8CB7FD9326363FF7CC34A5E5F171D83115F0
S31580000B9C04C723C31896059A071280E2EB27B27511
S31580000BAC09832C1A1B6E5AA0523BD6B329E32F8489
S31580000BBC53D100ED20FCB15B6ACBBE394A4C58CF81
S31580000BCCD0EFAAFB434D338545F9027F503C9FA855
S31580000BDC51A3408F929D38F5BCB6DA2110FFF3D223
S31580000BECCD0C13EC5F974417C4A77E3D645D1973D7
S31580000BFC60814FDC222A908846EEB814DE5E0BDBD1
S31580000C0CE0323A0A4906245CC2D3AC629195E47907
S31580000C1CE7C8376D8DD54EA96C56F4EA657AAE0861
S31580000C2CBA78252E1CA6B4C6E8DD741F4BBD8B8AFC
S31580000C3C703EB5664803F60E613557B986C11D9E62
S31580000C4CE1F8981169D98E949B1E87E9CE5528DFD9
S31580000C5C8CA1890DBFE6426841992D0FB054BB1605
S31580000C6C00000001000000020000000400000008E3
S31580000C7C00000010000000200000004000000080F2
S30D80000C8C0000001B0000003689
S31180000C9456302E303100000000000000B9
S31180000CA00000010002000300FFFFFFFFC0
S30D80000CAC0000010002000300B4
S31180000CB4348C0080EC7300806C7500802E
S31580000CC0180D0080580D008004000200000000000E
S31580000CD0AC0C0080A00C008000000000C00D0080DD
S31580000CE0B80D0080FC0C00800200000002000000AD
S31180000CF0100E0080040D0080980D00801E
S30D80000CFC000000000101000068
S30780000D04000166
S30780000D06000065
S31580000D08FC0C008004000000000D00800500000037
S31580000D18000000000000010000000000F1EFDA1872
S31580000D28000000000100010000000000F1EFDB1860
S31580000D38000000000200010000000001F1EFDA184F
S31580000D48000000000300010000000001F1EFDB183D
S31580000D581000020000002201F1EFDA1800000100FD
S31580000D681000020000002201F1EFDB1801000000EC
S31580000D781000020000002201F1EFDA1802000300D9
S31580000D881000020000002201F1EFDB1803000200C8
S31580000D980000000000000000648E00800000000053
S31580000DA800000000000000000000000000000000B5
S30D80000DB8080D0080100D00807B
S31580000DC0B80D008000000000FFFF02000000020056
S31580000DD000000000F8920080EFF1DA1800000000B1
S31580000DE00000000000010800BC0D00800100010029
S31580000DF0FFFF02000000020000000000F892008061
S31580000E00EFF1DA1800000000000000000001080081
S30980000E100000010057
S31180000E140000000000000000000000004C
S31580000E20380E0080600E008007000502000000007A
S30680000E30003B
S30680000E31003A
S30780000E32000038
S30680000E340136
S30680000E350036
S30780000E36000034
S31580000E38300E008004000A000200FFFFFF01000058
S31580000E4800000000340E008004000A000200FFFF44
S30D80000E58FF010001000000000B
S30780000E60000109
S30680000E620009
S30680000E630008
S31580000E640400040002000402840E0080EC0E00805C
S31180000E74A40E0080D40E0080800E00804A
S30980000E8000000000E8
S31580000E8400040000000000000100000000000000D3
S31580000E9402040000000000000301000000000000BE
S31580000EA40C000001000000000000000008000001A2
S31580000EB400000000000002000C0000010002000097
S31580000EC40000010008000001000201000100030087
S31580000ED400127A0000B4C4048038010000127A003B
S30D80000EE40000000000B4C40404
S31580000EEC080800000001000000000000080800004F
S30D80000EFC000301000100010062
S30A80000F0400010101005F
S30680000F090061
S30680000F0A0060
S30680000F0B005F
S31580000F0C0808080808080808080C0C0C0C101010A7
S31580000F1C101414141418181818202020202020209F
S31580000F2C203030303030303030303030303030303F
S31580000F3C304040404040404040404040404040402F
S30680000F4C40DE
S30680000F4D001D
S30680000F4E001C
S30680000F4F011A
S31580000F500C990080D097008004970080809800804C
S30B80000F60000001010203FE
S30680000F660103
S30680000F670003
S30B80000F68010202060103EE
S30680000F6E00FC
S30680000F6F00FB
S30D80000F7020AB0180F8AA018084
S31580000F78649D0080409B0080689A00806C9C0080FD
S30E80000F88000101010102020202CE
S30680000F9100D9
S30680000F9200D8
S30680000F9300D7
S31580000F94649A0080ACA2008038A4008004A40080F7
S31580000FA458A100804C9E0080749E008028A10080F9
S30980000FB4FCA0008097
S31580000FB80014010200080046054C004E00500052FD
S31580000FC8005400560058005A005C005E00D000D2DB
S31580000FD800D400D600D800DA00DC00DE029800C310
S31580000FE800C700C100407F140041001400C100C33F
S31580000FF800C700400102029802060045009700C912
S315800010087F140003000700410045004700C300C75E
S306800010180051
S306800010190050
S3068000101A004F
S3068000101B004E
S3158000101C60A6008000AB0080E4A5008074A50080EB
S3118000102C00000000000000000000000032
S31580001038000100000000000000001D0030000200D2
S306800010480120
S306800010490020
S3068000104A001F
S3068000104B001E
S3158000104C80110080000000000000000000000000FD
S3158000105C0200040006000000B4110080C411008058
S30D8000106CAC110080A411008084
S31580001074A00A00709009007098090070A009007099
S30980001084B0090070B9
S3158000108874100080000000000000000000000000CE
S31180001098071E010EF401071E010EF40174
S315800010A4008520F00100000000000100000000001F
S315800010B400000200000000000100000100000000A2
S315800010C40000000000000000000000000000010095
S315800010D40000000000000000008921F001000000EB
S315800010E4010001000000000002000200010001006E
S315800010F40100010201000000000000000000000061
S315800011040000000000000100000000000000000054
S30780001114000152
S306800011160052
S306800011170051
S3158000111800000000000020F0100020F0900020F071
S3158000112800000000100120F0180120F001010801DC
S315800011380801000000000000000021F0100021F0E6
S31580001148900021F000000000100121F0180121F024
S30D800011580101080108010000F5
S3158000116000000000000000000000000000000000F9
S3158000117000000000000000000000000000000000E9
S315800011800200000014110080A41000801811008055
S315800011906011008098100080F4110080000000002B
S309800011A0141200801F
S30D800011A40000000000010100BB
S30D800011AC0000010000010201B0
S315800011B4000020F000010000000021F00000010082
S315800011C4FFFFFF0000000000FFFFFF00FFFFFF009E
S315800011D4FFFFFF00FFFFFF0001010000FFFFFF008C
S315800011E4FFFFFF00FFFFFF00FFFFFF00FFFFFF0081
S315800011F4040000000200000000000000000000005F
S31580001204050000010200000000000000000000004C
S31580001214F1EFDA38FFFFFF9F0000000001000000B5
S31580001224F1EFDB58FFFFFF9F010000000200000082
S31580001234F1EFDA38FFFFFF9F020001000100000092
S31580001244F1EFDB58FFFFFF9F03000100020000005F
S30780001254010011
S306800012560011
S306800012570010
S3158000125800002110422063308440A550C660E770A4
S31580001268088129914AA16BB18CC1ADD1CEE1EFF14C
S315800012783112100273325222B5529442F772D662F4
S31580001288399318837BB35AA3BDD39CC3FFF3DEE39C
S315800012986224433420040114E664C774A444855444
S315800012A86AA54BB528850995EEE5CFF5ACC58DD5EC
S315800012B85336722611163006D776F6669556B44694
S315800012C85BB77AA719973887DFF7FEE79DD7BCC73C
S315800012D8C448E5588668A7784008611802282338E4
S315800012E8CCC9EDD98EE9AFF9488969990AA92BB98C
S315800012F8F55AD44AB77A966A711A500A333A122A34
S31580001308FDDBDCCBBFFB9EEB799B588B3BBB1AABDB
S31580001318A66C877CE44CC55C222C033C600C411C83
S31580001328AEED8FFDECCDCDDD2AAD0BBD688D499D2B
S31580001338977EB66ED55EF44E133E322E511E700ED3
S315800013489FFFBEEFDDDFFCCF1BBF3AAF599F788F7B
S315800013588891A981CAB1EBA10CD12DC14EF16FE15B
S315800013688010A100C230E320045025404670676093
S31580001378B9839893FBA3DAB33DC31CD37FE35EF3AB
S31580001388B1029012F322D2323542145277625672E3
S31580001398EAB5CBA5A89589856EF54FE52CD50DC5FB
S315800013A8E234C324A0148104667447642454054433
S315800013B8DBA7FAB79987B8975FE77EF71DC73CD74B
S315800013C8D326F2369106B016576676761546345683
S315800013D84CD96DC90EF92FE9C899E9898AB9ABA99B
S315800013E84458654806782768C018E1088238A328D3
S315800013F87DCB5CDB3FEB1EFBF98BD89BBBAB9ABBEB
S31580001408754A545A376A167AF10AD01AB32A923A22
S315800014182EFD0FED6CDD4DCDAABD8BADE89DC98D3A
S31580001428267C076C645C454CA23C832CE01CC10C72
S315800014381FEF3EFF5DCF7CDF9BAFBABFD98FF89F8A
S31580001448176E367E554E745E932EB23ED10EF01EC2
S3158000145800000000963007772C610EEEBA51099984
S3158000146819C46D078FF46A7035A563E9A395649EE0
S315800014783288DB0EA4B8DC791EE9D5E088D9D29704
S315800014882B4CB609BD7CB17E072DB8E7911DBF9060
S315800014986410B71DF220B06A4871B9F3DE41BE8484
S315800014A87DD4DA1AEBE4DD6D51B5D4F4C785D383E0
S315800014B856986C13C0A86B647AF962FDECC9658A84
S315800014C84F5C0114D96C0663633D0FFAF50D088DE0
S315800014D8C8206E3B5E10694CE44160D5727167A284
S315800014E8D1E4033C47D4044BFD850DD26BB50AA5E0
S315800014F8FAA8B5356C98B242D6C9BBDB40F9BCAC04
S31580001508E36CD832755CDF45CF0DD6DC593DD1AB5F
S31580001518AC30D9263A00DE518051D7C81661D0BF83
S31580001528B5F4B42123C4B3569995BACF0FA5BDB8DF
S315800015389EB802280888055FB2D90CC624E90BB183
S31580001548877C6F2F114C6858AB1D61C13D2D66B6DF
S315800015589041DC760671DB01BC20D2982A10D5EF43
S315800015688985B1711FB5B606A5E4BF9F33D4B8E89F
S31580001578A2C9077834F9000F8EA8099618980EE143
S31580001588BB0D6A7F2D3D6D08976C6491015C63E69F
S31580001598F4516B6B62616C1CD83065854E0062F2C3
S315800015A8ED95066C7BA5011BC1F4088257C40FF51F
S315800015B8C6D9B06550E9B712EAB8BE8B7C88B9FC43
S315800015C8DF1DDD62492DDA15F37CD38C654CD4FB9F
S315800015D85861B24DCE51B53A7400BCA3E230BBD443
S315800015E841A5DF4AD795D83D6DC4D1A4FBF4D6D39F
S315800015F86AE96943FCD96E34468867ADD0B860DA43
S31580001608732D0444E51D03335F4C0AAAC97C0DDD9E
S315800016183C710550AA41022710100BBE86200CC9C2
S3158000162825B56857B3856F2009D466B99FE461CE1E
S315800016380EF9DE5E98C9D9292298D0B0B4A8D7C742
S31580001648173DB359810DB42E3B5CBDB7AD6CBAC09E
S315800016582083B8EDB6B3BF9A0CE2B6039AD2B174BA
S315800016683947D5EAAF77D29D1526DB048316DC7316
S31580001678120B63E3843B64943E6A6D0DA85A6A7ABA
S315800016880BCF0EE49DFF099327AE000AB19E077D16
S3158000169844930FF0D2A3088768F2011EFEC206693A
S315800016A85D5762F7CB67658071366C19E7066B6E96
S315800016B8761BD4FEE02BD3895A7ADA10CC4ADD67BA
S315800016C86FDFB9F9F9EFBE8E43BEB717D58EB06016
S315800016D8E8A3D6D67E93D1A1C4C2D83852F2DF4FBA
S315800016E8F167BBD16757BCA6DD06B53F4B36B24816
S315800016F8DA2B0DD84C1B0AAFF64A0336607A0441BA
S31580001708C3EF60DF55DF67A8EF8E6E3179BE694615
S315800017188CB361CB1A8366BCA0D26F2536E2685239
S3158000172895770CCC03470BBBB91602222F26055595
S31580001738BE3BBAC5280BBDB2925AB42B046AB35CB9
S31580001748A7FFD7C231CFD0B58B9ED92C1DAEDE5B15
S31580001758B0C2649B26F263EC9CA36A750A936D02F9
S31580001768A906099C3F360EEB856707721357000555
S31580001778824ABF95147AB8E2AE2BB17B381BB60C79
S315800017889B8ED2920DBED5E5B7EFDC7C21DFDB0BD5
S31580001798D4D2D38642E2D4F1F8B3DD686E83DA1FF9
S315800017A8CD16BE815B26B9F6E177B06F7747B71855
S315800017B8E65A0888706A0FFFCA3B06665C0B0111F9
S315800017C8FF9E658F69AE62F8D3FF6B6145CF6C1655
S315800017D878E20AA0EED20DD75483044EC2B30339F9
S315800017E8612667A7F71660D04D476949DB776E3E55
S315800017F84A6AD1AEDC5AD6D9660BDF40F03BD83779
S3158000180853AEBCA9C59EBBDE7FCFB247E9FFB530D4
S315800018181CF2BDBD8AC2BACA3093B353A6A3B424F8
S315800018280536D0BA9306D7CD2957DE54BF67D92354
S315800018382E7A66B3B84A61C4021B685D942B6F2AF8
S3158000184837BE0BB4A18E0CC31BDF055A8DEF022D54
S309800018580000060CF4
S3158000185C00010203010004050607050408090A0BAA
S3078000186C0908E3
S3068000186E00F3
S3068000186F00F2
S31180001870000000000000000003000000E3
S3158000187C440C01800C0C0180AC0C0180080C01809E
S3158000188CB40E0180100F0180DC0E0180F00E0180F9
S30D8000189C140F0180B40E0180D7
S315800018A400000000FF00FF000000000000000000B0
S315800018B400000100FF00FF0000000100000000009E
S315800018C4DF9A0070DF9A007004080000041000009C
S315800018D4102700001027000003000000FF0001000D
S30D800018E4181900800C7F0A0030
S308800018EC0102036D
S306800018EF0072
S309800018F0000001006D
S307800018F400016B
S306800018F6006B
S306800018F70169
S315800018F814190080F0180080A4180080C41800808D
S31180001908E4180080EC180080C81A0080EB
S309800019140001000147
S3158000191807000000FFFFFFFF24F40080000000009E
S315800019283E010100CC1A0080010000003447018086
S3158000193804BB008007000000FFFFFFFFC4D30080C0
S31580001948BCD5008010010100301B00800300000018
S3158000195834470180E8D5008006000000FFFFFFFFBE
S315800019687CEB00800CF30080270101006C1B008053
S31580001978040000003447018018F10080060000004A
S315800019880600000098F80080D0F800802E0001003C
S3158000199800000000000000003447018004BB00807E
S315800019A805000000FFFFFFFF54DF0080B8E20080DB
S315800019B8220001000000000000000000344701807A
S315800019C890E6008006000000FFFFFFFF68D60080D3
S315800019D86CD7008011010100BC1B0080010000004B
S315800019E83447018084D7008007000000FFFFFFFF8F
S315800019F848D80080FCD80080310001000000000033
S31580001A080000000034470180B8D900800200000039
S31580001A1806000000A0E6008080E90080340001000E
S31580001A2800000000000000003447018020EA0080A2
S31580001A38020000000600000058F50080CCF7008000
S31580001A4836000100000000000000000034470180D5
S31580001A5804BB008002000000060000003CEA00800B
S31580001A68F8EA00803700010000000000000000004E
S31580001A78E847018030F8008004000000FFFFFFFF80
S31580001A8864D00080D8D0008085010100E01A0080EB
S31580001A98020000003447018004BB00800400000077
S31580001AA8FFFFFFFFB8CB008088BA018028010100BC
S31580001AB8081B0080020000003447018060CD00804A
S30880001AC800031C76
S30680001ACB0094
S31580001ACC07000000FFFFFFFF94BC008000000000B1
S30980001ADC0000000080
S31580001AE004000000FFFFFFFF6C480180000000003B
S31580001AF00100000004000000FFFFFFFF6048018036
S30D80001B00000000000200000055
S31580001B0804000000FFFFFFFF74480180000000000A
S31580001B180000000004000000FFFFFFFF644801800A
S30D80001B2800000000030000002C
S31580001B3007000000FFFFFFFF94BC0080000000004C
S31580001B400100000007000000FFFFFFFF94BC00803B
S31580001B50000000000200000005000000FFFFFFFFFC
S31180001B6094BC0080000000000300000020
S31580001B6C02000000FFFFFFFF94BC00800000000015
S31580001B7C0500000002000000FFFFFFFF94BC008000
S31580001B8C000000000600000002000000FFFFFFFFBF
S31580001B9C944A01800000000037000000020000001B
S31580001BACFFFFFFFFAC4A01800000000038000000F8
S31580001BBC06000000FFFFFFFF94BC008000000000C1
S30980001BCC010000008E
S31180001BD000000E00000000000000000075
S31180001BDC00000D0000000000000000006A
S31180001BE80000100000000000000000005B
S31180001BF40000110000000000000000004E
S31180001C0000000200000000000000000050
S31180001C0C00000300000000000000000043
S31180001C180000000000000000000000003A
S31180001C240000010000000000000000002D
S31180001C300000040000000000000000001E
S31180001C3C00000500000000000000000011
S31180001C4800000600000000000000000004
S31180001C54000007000000000000000000F7
S31180001C60000008000000000000000000EA
S31180001C6C000009000000000000000000DD
S31180001C7800000A000000000000000000D0
S31180001C8400000B000000000000000000C3
S31180001C9000000F000000000000000000B3
S31180001C9C00000C000000000000000000AA
S31580001CA8060000000200000000000000000000009E
S31580001CB80000000000000000381D008000000000C1
S31580001CC80000000000000000000001000000000085
S31580001CD80000000000000100000000000000000174
S30980001CE80000000072
S31580001CEC040000000200000000000000000000005C
S31580001CFC0000000000000000301D00800000000085
S31580001D0C0000000000000000000001000000000040
S31580001D1C000000000000010000000000000000012F
S30980001D2C000000002D
S30D80001D30000008000600010115
S30D80001D38000008000200010111
S31580001D40FFFFFFFF0400000000000000000000000D
S31580001D500000000000000000D01D00800000000090
S31580001D6000000000000000000000010000000000EC
S31580001D7000000000000001000000000000000001DB
S30980001D8000000000D9
S31580001D84FFFFFFFF040000000000000000000000C9
S31580001D940000000000000000C81D00800000000054
S31580001DA400000000000000000000010000000000A8
S31580001DB40000000000000100000000000000000197
S30980001DC40000000095
S30D80001DC800000800070001017C
S30D80001DD000000800000001017B
S31580001DD8060000000200000000000000801E00804F
S31580001DE80000000000000000981E0080000000002F
S31580001DF8000000000C000000000001000000000048
S31580001E080C00000000000100000000000300000133
S30980001E180000000040
S31580001E1C040000000200000000000000601E00802C
S31580001E2C0000000000000000781E0080000000000A
S31580001E3C000000000C000000000001000000000003
S31580001E4C0C000000000001000000000003000001EF
S30980001E5C00000000FC
S31580001E600000200005000103200020000600010379
S30D80001E70400020000700010379
S30D80001E780000080004000101CE
S31580001E800000200001000103200020000200010361
S30D80001E90400020000000010360
S30D80001E980000080001000101B1
S31580001EA0060000000200000000000000401F0080C5
S31580001EB00000000000000000501F008000000000AD
S31580001EC00000000008000000000001000000000083
S31580001ED00800000000000100000000000200000170
S30980001EE00000000078
S31580001EE4040000000200000000000000281F00809B
S31580001EF40000000000000000381F00800000000081
S31580001F04000000000800000000000100000000003E
S31580001F14080000000000010000000000020000012B
S30980001F240000000033
S31580001F2800002000080001032000200009000103AA
S30D80001F3800000800050001010C
S31580001F40000020000300010320002000040001039C
S30D80001F500000080003000101F6
S31580001F5806000000020000000000000000000000EB
S31580001F6800000000000000000000000000000000E3
S31580001F7800000000000000000000000000000000D3
S31580001F8800000000000000000000000000000000C3
S30980001F9800000000BF
S31580001F9CFFFFFFFF040000000000000000000000AF
S31580001FAC000000000000000000000000000000009F
S31580001FBC000000000000000000000000000000008F
S31580001FCC000000000000000000000000000000007F
S30980001FDC000000007B
S31580001FE0FFFFFFFFFFFFFFFF0000000024200080AF
S31580001FF0000000000000000000000000000000005B
S315800020000000000003000000000000000000000047
S315800020100000000000000000000000000100000039
S309800020200000000036
S30D8000202400001800000001070E
S3078000202C00012B
S3068000202E002B
S3068000202F002A
S3158000203000040C000100060001000000D01B008097
S31580002040000000003825008001040C00010001001A
S3158000205001000000DC1B00800000000038250080A5
S3158000206002040C000100040001000000E81B00804F
S31580002070000000003825008003040C0001000400E5
S3158000208001000000F41B008000000000382500805D
S31580002090EBDF0C000100400001000000001C008006
S315800020A00000000038250080ECDF0C0001004000B5
S315800020B0010000000C1C0080000000003825008014
S315800020C00AF10C0001000A0001000000181C0080C3
S315800020D000000000082500805AF10C000100100065
S315800020E001000000241C00800000000008250080FC
S315800020F087F10C0001000D0001000000301C0080FB
S3158000210000000000382500808AF10C0001000A00DA
S31580002110010000003C1C0080000000003825008083
S315800021208BF10C000100040001000000481C0080B7
S3158000213000000000382500808CF10C0001000E00A4
S3158000214001000000541C008000000000382500803B
S3158000215090F10C000100110001000000601C00805D
S31580002160000000003825008093F10C000100060075
S31580002170010000006C1C00800000000038250080F3
S3158000218095F10C000100060001000000781C00801B
S3158000219000000000382500809AF10C00010008003C
S315800021A001000000841C00800000000038250080AB
S315800021B0AAF10C0001000A0001000000901C0080BA
S315800021C00000000020250080B7F10C000100070008
S315800021D0010000009C1C0080000000003825008063
S315800021E07847018000000000000000000A0001001E
S315800021F00108000050460180000000000000000039
S315800022001000020001080000584A0180000000000A
S31580002210000000004000000001080000544A0180D0
S3158000222000000000000000004000000001080000DF
S315800022309446018000000000000000000D000000B0
S3158000224001080000984601800000000000000000A0
S315800022500A000000010800009C4601800000000082
S31580002260000000000400000001080000A046018074
S3158000227000000000000000000E00000001080000C1
S31580002280A44601800000000000000000110000004C
S3158000229001080000A8460180000000000000000040
S315800022A00600000001080000AC4601800000000026
S315800022B0000000000600000001080000B046018012
S315800022C00000000000000000080000000108000077
S315800022D0B4460180000000000000000007000000F6
S315800022E001080000404A0180000000000000000054
S315800022F001000000010800004C4A01800000000037
S31580002300000000000600000001080000644701800C
S3158000231000000000000000000A0000000108000024
S31580002320604A0180000000000000000004000000F8
S3158000233001080000684A01800000000000000000DB
S30D80002340040000000108000002
S3158000234800000000000000000000000000000000FF
S315800023580000000000000000000000007C470180AB
S3158000236800000000000000000000000000000000DF
S31180002378644601800000000000000000A8
S30B80002384010000000000CC
S3068000238A01CB
S3068000238B00CB
S3158000238C02020100D81D0080A81A018001000001FC
S3158000239C0000000003020100401D0080781A0180B5
S315800023AC01000001000000005F8101009C1F00807D
S315800023BC4C1B0180010000010000000009DF0100B8
S315800023CC581F0080301B01800100000100000000B6
S315800023DCF0F00100E41E0080101B0180010000015A
S315800023EC0000000023F10100841D0080901A0180FA
S315800023FC0100000100000000F1F10100EC1C0080DE
S3158000240C601A0180010000010000000018F5000030
S3158000241CE01F0080681B01800100000100000000A5
S3158000242C89F701001C1E0080CC1A01800100000176
S3158000243C0000000000FF0100A01E0080F01A018041
S3158000244C010000010000000001FF0100A81C0080B3
S3118000245C481A0180010000010000000009
S3158000246800000000D0070000A84701804C47018083
S3158000247898470180BC4701800300100000001000C7
S3158000248800000300000000000100000000000000BA
S315800024980000000000000000704A01801C4A01808C
S315800024A800000000000000001C000400000004007A
S315800024B8000003000000000001000000000000008A
S315800024C850C30000404B4C00010000000000000093
S315800024D850C30000404B4C00020000000000000082
S315800024E850C30000404B4C00030000000000000071
S315800024F800000000FEFFFFFFFFFFFFFF0000000057
S31580002508FFFFFFFFFFFFFFFF000000000200000043
S30D8000251806000000000000002F
S31580002520FFFFFFFFFFFFFFFF00000000000000002D
S30D8000253000000000000000001D
S31580002538FFFFFFFFFFFFFFFF000000000000000015
S30D80002548000000000000000005
S315800025504511771E6AE5357727DDC5873B3625A386
S3158000256000000000000000000000000000000000E5
S309800025701B223E4125
S30E8000257430303030303131310055
S3078000257D0000D6
S3068000257F00D5
S30E800025803030303030313030004B
S3068000258900CB
S3068000258A00CA
S3068000258B00C9
S30E8000258C3030303030303031003F
S3068000259500BF
S3068000259600BE
S3068000259700BD
S30E8000259830303030303031300033
S306800025A100B3
S306800025A200B2
S306800025A300B1
S30E800025A430303030303031310026
S306800025AD00A7
S306800025AE00A6
S306800025AF00A5
S315800025B018310180B03C01806C3C0180E43B018095
S315800025C0602101809C1F01807C1F0180282C018056
S315800025D0D03801808C38018004380180D021018078
S30D800025E0D41F0180801F0180D9
S315800025E89431018000000000000000000000000017
S315800025F8402201800C200180841F0180A42C018048
S31580002608000000000000000000000000B0220180E9
S30D8000261844200180881F018027
S3158000262010320180583D0180883C01802C3C01801D
S31580002630202301807C2001808C1F0180202D018039
S3158000264078390180A83801804C3801809023018038
S30D80002650B0200180901F01807B
S3158000265890320180000000000000000000000000A9
S3158000266800240180E4200180941F0180A02D018030
S3158000267800000000000000000000000070240180B7
S30D800026881C210180981F0180CE
S315800026900000000000000680FFFF2F80102700004A
S315800026A0E82500800100000000800580FFFF05808E
S315800026B01027000058260080020000000080058058
S315800026C0FFFF2F8010270000B02500800300000048
S315800026D000000080FF7F02801027000020260080F7
S315800026E00000000000A00170FFDF0170542101800E
S309800026F0E0240180DB
S30F800026F40000000000000000000056
S306800026FE0055
S306800026FF0054
S315800027000000000000000000000000000000000043
S31580002710F84F28C6BFD078844E53E297BC80639723
S30E80002720303030303030313100A8
S306800027290029
S3068000272A0028
S3068000272B0027
S3158000272C16AB007001000200E9AB007001000300DB
S3158000273CE8AB00700100040004AB00700A000500D1
S3158000274CFCAA0070080006000EAB0070040007009F
S3158000275C12AB00700400080017AB00700100090072
S3158000276C18AB0070C8000A00E0AB007001000B00CB
S3158000277CE1AB007001000C00E2AB007001000D00B3
S3158000278CE3AB007001000E00E4AB007001000F009B
S3158000279CE5AB007001001000E6AB00700100110083
S315800027ACE7AB007001001200000000000000000082
S315800027BC0000000000000000000000000000000087
S315800027CC0000000000000000000000000000000077
S315800027DC0000000000000000000000000000000067
S315800027EC0000000000000000000000000000000057
S30D800027FC00000000000000004F
S30F800028040000000000000000000044
S3068000280E0043
S3068000280F0042
S30980002810000000003E
S30980002814000000003A
S306800028180039
S306800028190038
S3068000281A0037
S3068000281B0036
S3068000281C0035
S3068000281D0034
S3068000281E0033
S3068000281F0032
S315800028200000000000000000000000000000000022
S315800028300000000000000000000000000000000012
S315800028400000000000000000000000000000000002
S3158000285000000000000000000000000000000000F2
S3158000286000000000000000000000000000000000E2
S3158000287000000000000000000000000000000000D2
S3158000288000000000000000000000000000000000C2
S3158000289000000000000000000000000000000000B2
S315800028A000000000000000000000000000000000A2
S315800028B00000000000000000000000000000000092
S315800028C00000000000000000000000000000000082
S315800028D00000000000000000000000000000000072
S30D800028E000000000000000006A
S306800028E80069
S306800028E90266
S306800028EA0067
S306800028EB0066
S306800028EC0065
S306800028ED0064
S306800028EE0360
S306800028EF0062
S306800028F00061
S306800028F1FF61
S306800028F2005F
S306800028F3015D
S306800028F4005D
S306800028F50359
S306800028F6005B
S306800028F70357
S306800028F80059
S308800028F9FFFFFF59
S306800028FC0055
S308800028FDFFFFFF55
S306800029000050
S30880002901FFFFFF50
S30680002904004C
S30880002905FFFFFF4C
S306800029080048
S30880002909FFFFFF48
S3068000290CFF45
S3088000290DFFFFFF44
S30D80002910000000000000000039
S309800029180000000035
S3158000291C0000000000000000000000000000000025
S3158000292C0000000000000000000000000000000015
S3158000293C0000000000000000000000000000000005
S3158000294C00000000000000000000000000000000F5
S3158000295C00000000000000000000000000000000E5
S3158000296C00000000000000000000000000000000D5
S3158000297C00000000000000000000000000000000C5
S3158000298C00000000000000000000000000000000B5
S3078000299C0000B3
S3078000299EFFFFB3
S315800029A000000000000000000000000000000000A1
S315800029B00000000000000000000000000000000091
S315800029C00000000000000000000000000000000081
S307800029D000007F
S307800029D2FFFF7F
S315800029D4000000000000000000000000000000006D
S315800029E4000000000000000000000000000000005D
S315800029F4000000000000000000000000000000004D
S31580002A04000000000000000000000000000000003C
S31580002A14000000000000000000000000000000002C
S31580002A24000000000000000000000000000000001C
S30980002A340000000018
S31580002A380000000000000000000000000000000008
S30680002A480007
S30880002A49FFFFFF07
S31580002A4C31323334323032363037303731343330CA
S31580002A5C3132333435363738394142434445463042
S31580002A6C3000000020200101000000000000000062
S31580002A7C00000000000000000000000000000000C4
S31580002A8C00000000000000000000000000000000B4
S31580002A9C00000000000000000000000000000000A4
S31580002AAC0000000000000000000000000000000094
S31580002ABC0000000000000000000000000000000084
S31580002ACC00000000FFFF000060000000FFFF000018
S31580002ADC00000100FFFF010060000100FFFF010004
S30980002AEC0000000060
S31580002AF0FFFF2FA0FFFF5FA0FFFF8FA0FFFF9FA01C
S31580002B00000000A0000030A0000060A0000090A09F
S30980002B10C0C0C040BB
S31580002B14B80D00700002000000010000845D018091
S31580002B24885D0180000000000000000000000000B5
S30D80002B34090003000100000006
S30980002B3C010000000E
S31580002B408A3FB25DE1779C4429CF63FE18A5D07B8E
S31580002B50782B0080000000005C2C00807C2E00809A
S31580002B604002000000000000FFFFFFFF00000000A1
S30D80002B700100000000000000D6
S31580002B78A11300001F2C00000A0000000A000000B4
S31580002B880A0000000A0000000A0000000A0000008F
S31180002B98982E008000000000550300000D
S31580002BA4AAAA8000010000000100000000000000C5
S31580002BB4000000000000000000000000000000008B
S31580002BC4000000000000000000000000000000007B
S31580002BD4AAAA020001000000010000000100000012
S31180002BE40100000001000000010000005C
S31580002BF0040000000000000000000000000000004B
S31580002C00000000000000000000000000000000003E
S31580002C10000000000000000000000000000000002E
S31580002C20000000000000000000000000000000001E
S31580002C30000000000000000000000000000000000E
S31580002C4000000000000000000000000000000000FE
S31180002C50000000000000000000000000F2
S31580002C5CA42B0080F02B00805555555501000000A3
S31580002C6C5555555501000000555555550100000028
S31580002C7C5555555501000000555555550100000018
S31580002C8C5555555501000000555555550100000008
S31580002C9C55555555010000005555555501000000F8
S31580002CAC55555555010000005555555501000000E8
S31580002CBC55555555010000005555555501000000D8
S31580002CCC55555555010000005555555501000000C8
S31580002CDC55555555010000005555555501000000B8
S31580002CEC55555555010000005555555501000000A8
S31580002CFC0100000000000000000000000000000041
S31580002D0C0000000000000000000000000000000031
S31580002D1C0000000000000000000000000000000021
S31580002D2C0000000000000000000000000000000011
S31580002D3C0000000000000000000000000000000001
S31580002D4C00000000000000000000000000000000F1
S31580002D5C00000000000000000000000000000000E1
S31580002D6C00000000000000000000000000000000D1
S31580002D7C00000000000000000000000000000000C1
S31580002D8C00000000000000000000000000000000B1
S31580002D9C00000000000000000000000000000000A1
S31580002DAC0000000000000000000000000000000091
S31580002DBC0000000000000000000000000000000081
S31580002DCC0000000000000000000000000000000071
S31580002DDC0000000000000000000000000000000061
S31580002DEC0000000000000000000000000000000051
S31580002DFC0000000000000000000000000000000041
S31580002E0C0000000000000000000000000000000030
S31580002E1C0000000000000000000000000000000020
S31580002E2C0000000000000000000000000000000010
S31580002E3C0000000000000000000000000000000000
S31580002E4C00000000000000000000000000000000F0
S31580002E5C00000000000000000000000000000000E0
S31580002E6C00000000AA001000000001000000000015
S31580002E7C01000000000000000000000000000000BF
S31180002E8C000000000000000000000000B4
S31580002E98330123179402001202180007320000003B
S31580002EA80000000000000000000000000000000094
S31580002EB800000000D83400800100000100000000F6
S31580002EC81C350080000000000000000000000000A3
S31580002ED80000000000000000000000000000000064
S31580002EE8010000000000000000000000DA340080C5
S31580002EF8020000010000000020350080000000006C
S31580002F080000000000000000000000000000000033
S31580002F180000000000000000010000000000000022
S31580002F2813000000DC34008001000001010000006D
S31580002F382435008018280080F444018000000000B1
S31580002F4800000000000000000000000000000000F3
S31580002F58010003000000000004000000DE34008049
S31580002F680100000101000000283500800C2900803E
S31580002F788445018000000000000000000000000079
S31580002F8800000000000000000100030000000000AF
S31580002F9818000000E03400800100000101000000F4
S31580002FA82C350080082900807845018000000000C3
S31580002FB80000000000000000000000000000000083
S31580002FC801000300000000000C000000E2340080CD
S31580002FD80A000001010000003035008004280080C6
S31580002FE8D0440180000000000000000000000000BE
S31580002FF8000000000000000001000300000000003F
S3158000300811000000E434008008000001010000007F
S3158000301834350080FC270080C4440180000000000D
S315800030280000000000000000000000000000000012
S31580003038010003000000000016000000E63400804E
S315800030480400000101000000383500801028008047
S31580003058DC44018000000000000000000000000041
S3158000306800000000000000000100030000000000CE
S315800030780D000000E8340080040000010100000013
S315800030883C35008014280080E84401800000000058
S3158000309800000000000000000000000000000000A2
S315800030A801000300000000000B000000EA340080E5
S315800030B80100000101000000403500801C280080C6
S315800030C800450180000000000000000000000000AC
S315800030D8000000000000000001000300000000005E
S315800030E802000000EC340080C800000101000000E6
S315800030F844350080202800800C45018000000000AF
S315800031080000000000000000000000000000000031
S31580003118010003000000000000000000EE3400807B
S31580003128010000010100000048350080E828008081
S315800031381845018000000000000000000000000023
S3158000314800000000000000000100030000000000ED
S3158000315801000000F0340080010000010100000039
S315800031684C350080EC280080244501800000000052
S3158000317800000000000000000000000000000000C1
S31580003188010003000000000007000000F234008000
S31580003198010000010100000050350080F028008001
S315800031A8304501800000000000000000000000009B
S315800031B8000000000000000001000300000000007D
S315800031C806000000F43400800100000101000000C0
S315800031D854350080F42800803C45018000000000BA
S315800031E80000000000000000000000000000000051
S315800031F8010003000000000005000000F63400808E
S31580003208010000010100000058350080F828008080
S315800032184845018000000000000000000000000012
S31580003228000000000000000001000300000000000C
S3158000323803000000F834008001000001010000004E
S315800032485C350080FC280080544501800000000021
S3158000325800000000000000000000000000000000E0
S31580003268010003000000000009000000FA34008015
S3158000327801000001010000006035008000290080FF
S31580003288604501800000000000000000000000008A
S31580003298000000000000000001000300000000009C
S315800032A808000000FC3400800100000101000000D5
S315800032B864350080042900806C4501800000000088
S315800032C80000000000000000000000000000000070
S315800032D801000300000000000E000000FE3400809C
S315800032E88000000101000000683500801C290080EC
S315800032F80000000000000000000000000000000040
S3158000330800000000000000000100410000000000ED
S31580003318140000000035008004000002010000004F
S315800033286C3500801829008000000000000000002D
S3158000333800000000000000000000000001000000FE
S3158000334801000700000000000F0000000235008021
S315800033588000000101000000703500804C2A008042
S3158000336800000000000000000000000000000000CF
S3158000337800000000000000000100030000000000BB
S315800033880A000000043500801000000101000000DA
S3158000339874350080382A0080000000000000000094
S315800033A8000000000000000000000000000000008F
S315800033B801000300000000001500000006350080AB
S315800033C8640000020100000078350080D42900805E
S315800033D8000000000000000000000000000000005F
S315800033E8000000000100000001000300000000004A
S315800033F81200000008350080080000010100000066
S315800034087C35008010290080000000000000000044
S31580003418000000000000000000000000000000001E
S315800034280100030000000000190000000A35008032
S31580003438010000010100000080350080482A0080D4
S3158000344800000000000000000000000000000000EE
S3158000345800000000000000000100030000000000DA
S31580003468170000000C3500800200000101000000F2
S31580003478843500809C290080000000000000000040
S3158000348800000000000000000000000000000000AE
S315800034980100030000000000100000000E350080C7
S315800034A8320000010100000088350080A0290080D4
S315800034B8000000000000000000000000000000007E
S315800034C8000000000000000001000300000000006A
S315800034D8010002000100010001000A000800040042
S315800034E804000100C800010001000100010001007C
S315800034F801000100010080000400800010006400C3
S30D800035080800010002003200F8
S31180003510C842018000000000000000009E
S3158000351C000000000000000016AB0070E9AB0070E4
S3158000352CE8AB007004AB0070FCAA00700EAB0070A8
S3158000353C12AB007017AB007018AB0070E0AB00706C
S3158000354CE1AB0070E2AB0070E3AB0070E4AB0070F3
S3158000355CE5AB0070E6AB0070E7AB00703808007026
S3158000356C34080070380D007050090070EC0800703B
S3158000357C2C08007060090070B8080070BA080070DA
S3158000358C3E8C0180888C0180608C0180608C0180EF
S3158000359CA68C0180A68C0180A68C0180A68C0180CD
S315800035ACA68C0180A68C0180A68C0180A68C0180BD
S315800035BCA68C0180A68C0180A68C0180A68C0180AD
S315800035CCA68C01803E8C01804C8C0180568C0180AF
S315800035DCA68C01806A8C0180748C01807E8C018023
S315800035EC928C01809C8C0180888C0180888C0180D7
S30D800035FC888C0180888C018017
S31180003604D89C0180D0830180B0830180B7
S31580003610B6940180CE940180EC940180EC94018074
S31580003620F6940180F6940180B6940180C49401805A
S31580003630E2940180D8940180F6940180CE94018032
S31580003640CE940180CE940180CE940180CE94018068
S30980003650CE9401800D
S31580003654010000000B0000000D00000000000000C7
S315800036640500000002000000060000000F000000B4
S3158000367401000000020000000700000003000000B3
S31580003684040000000F0000000F0000000F0000007F
S309800036940F0000009D
S3158000369800000000208C0180989401809488018025
S315800036A87C910180D8880180D89201809488018095
S315800036B8208C0180948801807C9101809488018087
S315800036C8688F018098940180000000000000000047
S315800036D800000000E0980180D0980180D098018091
S315800036E8D098018000000000D0980180D098018091
S315800036F8F4980180D0980180D0980180D098018074
S3158000370800000000D0980180000000000000000042
S315800037180000000028990180089901800899018095
S3158000372808990180000000000899018008990180A5
S315800037384899018008990180849901801C990180A3
S3158000374800000000089901800000000000000000C9
S3158000375800000000649B0180109C0180000000002E
S31580003768F49B018000000000309B0180000000006F
S31580003778289B018000000000F49B01800000000067
S31580003788909B0180309C01800000000000000000B2
S31580003798369D0180449D0180529D01806E9D0180E9
S315800037A8609D01806E9D0180529D0180369D0180BD
S315800037B8529D01806E9D0180529D01806E9D018083
S309800037C8449D018015
S307800037CC050070
S307800037CEFFFF75
S315800037D0020000000000030000000000000000005E
S30D800037E000000100000000005A
S30D800037E800000100020003004D
S30D800037F000000000010000004A
S309800037F80000010046
S309800037FC0000000043
S30D80003800000000000100000039
S309800038080000010035
S3158000380C000000004438008000000000000000002A
S3158000381C0000000058380080000000000000000006
S3158000382C0000000000000000000000000000000006
S30D8000383C0000000000000000FE
S31580003844D0370080F0370080F8370080E837008072
S3098000385404000200E4
S315800038580000000000380080083800800200000060
S3098000386800920080C4
S3098000386CA8020180A7
S309800038701404018035
S309800038742809018018
S309800038786C0D0180CC
S3098000387CBC1901806C
S31580003880FC38008090380080B43C0080243D008065
S3158000389000000000000000000000000000000000A2
S30D800038A000000000000000009A
S315800038A8FF1FF800FF0F0000000000000000000066
S315800038B800000000FF01FFFF03000F00FF07FF0164
S315800038C80000000000000000CF7FFF00FF0FFF0010
S315800038D8000000000000000000000000000000005A
S315800038E8FF00FFFF3E00000000000000000000000F
S307800038F8FF7FCA
S307800038FAFFFF48
S315800038FC0088880000000080008000008010101076
S3158000390C0000000000000000000000000000000025
S3158000391C060000000000000000000080008000000F
S3158000392C80101010000000001010108080808080A5
S3158000393C1010101010101010000000000000000075
S3158000394C0000000000000000000000001010108035
S3158000395C8080808010101010101010100000000055
S3158000396C8080A800E8A800808080808010101010CD
S3158000397CB000000000000000000000000000000005
S3158000398C000000008080A800E8A8008080808080ED
S3158000399C101010100000000098009898800000B05D
S315800039AC1010101010101010010000000000000004
S315800039BC00000000000000000000000098009898AD
S315800039CC800000B0101010101010101000000000B5
S315800039DC101008B88080B88080B8B8B8B88080805D
S315800039EC0000000000000000000000000000000045
S315800039FC00000000101008B88080B88080B8B8B875
S31580003A0CB88080800000000080801010101010108C
S31580003A1C1010101010101010000000000000000094
S31580003A2C00000000000000000000000080801010E4
S31580003A3C1010101010101010101010100000000034
S31580003A4C8080808010101010101010101010101024
S31580003A5C00000000000000000000000000000000D4
S31580003A6C0000000080808080101010101010101044
S31580003A7C1010101000000000A8000000000080103C
S31580003A8C008880101010101000000000000000004C
S31580003A9C000000000000000000020000A8000000EA
S31580003AAC0000801000008010101010100000000024
S31580003ABC801080101098A880801010101010101094
S31580003ACC0A0000000000000000000000000000005A
S31580003ADC00000000801080101098A88080101010B4
S31580003AEC1010101000000000108010801010A00024
S31580003AFCA880808080B88010400000000000000004
S31580003B0C0000000000000000000000001080108003
S31580003B1C1010A000A880808080B880100000000063
S31580003B2C888888888880001010101010101010104B
S31580003B3C00000000000000000000000000000000F3
S31580003B4C000000008888888888800010101010106B
S31580003B5C10101010000000008000001080888888EB
S31580003B6C808888881010101000000000000000006B
S31580003B7C0000000000000000000000008000001023
S31580003B8C8088888880888888101010100000000033
S31580003B9C8000808880888080101010101010101083
S31580003BAC0000000000000000000000000000000083
S31580003BBC00000000800080888088808010101010A3
S31580003BCC10101010000000008080008080808080A3
S31580003BDC10101010101010100000000000000000D3
S31580003BEC00000000000000000000000080800080C3
S31580003BFC80808080101010101010101000000000B3
S31580003C0C008800008888808080B8B8B8B8B8808072
S31580003C1C0000000000000000000000000000000012
S31580003C2C20000000008800008800808080B8B8B82A
S31580003C3CB8B8808000000000101000008080101042
S31580003C4C1010101010101010000000000000000062
S31580003C5C00000000000000000000000010100000B2
S31580003C6C8080101010101010101010100000000022
S31580003C7C00000000000000000000000000000010A2
S31580003C8C00000000000000000000000000000000A2
S31580003C9C0000000000000000000000000000000092
S30D80003CAC00000010000000007A
S31580003CB400540000005400000000FFFF0000FFFFD6
S31580003CC40000FFFF0000FFFF0000FFFF0000FFFF72
S31580003CD40000FFFF0000FFFF0000FFFF0000FFFF62
S31580003CE4040000000000FFFF040000000400000040
S31580003CF4005400000000FFFF0000FFFF0000FFFFEC
S31580003D040000FFFF00540000005400000000FFFF85
S31580003D140000FFFF0000FFFF0000FFFF0000FFFF21
S31580003D240000000000000000000000000000000009
S30980003D340000000005
S30780003D38010002
S30780003D3AFFFF03
S30780003D3C01FFFF
S30780003D3EFFFFFF
S30980003D400100FFFFFA
S31180003D440000000000000000FFFFFFFFF1
S31580003D50783D0080000000000000000000000000A8
S31580003D60383D00803C2B0080541200800200020007
S30D80003D700200FFFFFFFF0000C7
S31580003D78103E0080C03D0080A83D0080443D008004
S31580003D8800000000F03D0080003E0080000000003A
S31580003D980000000048000000020002000200000047
S31580003DA8000000001400008F0100000000000000E1
S30D80003DB8FF01009000000000ED
S31580003DC0010001441300926509000000283E00802E
S31580003DD0FFFF0100A100010000004A140200101C30
S31580003DE00D0000003C3D0080FFFF000082020100C4
S31580003DF00000000400000800010000000000000030
S31580003E000000000100000800010000000000000022
S31580003E10010000002C3E008001000100000000002F
S30D80003E20403D00800100020014
S30780003E2800FF13
S30780003E2AFFFF12
S30980003E2C0000FFFF0E
S31580003E30D00F0070000000000000000000000000AD
S31580003E4041637469766553776170000000000000F5
S31580003E5044656646726F6D426F6F740000000000A5
S31580003E6045787446726F6D50726F6700000000006F
S31580003E7053746179496E426F6F74000000000000D0
S31580003E8060CB0180CECB0180F8CC018006CD01804D
S31580003E90F0CD01801CCC0180F0CD0180F0CD018079
S30980003EA0CECD01807C
S30980003EA4D8940070B8
S30980003EA8D8950070B3
S31580003EAC3AE0018008E1018008E201809AE3018012
S31580003EBC1AE2018008E201809AE3018030E30180F6
S31580003ECC08E201809AE301809EE2018008E201808B
S31580003EDC9AE301806CE3018008E201809AE3018019
S31580003EECFAE2018008E201809AE3018030E30180E6
S31580003EFC08E201809AE30180C2E3018014E4018028
S31180003F0C92E40180E6E4018068E5018013
S31580003F1886D7018010D8018014D901808ED8018077
S31580003F28F6D901808ED8018060D8018060D801805A
S30980003F3872D8018034
S31580003F3C18ED018090ED0180F8EE0180BEED0180D8
S31580003F4CF8EE0180D4EE0180DCED0180E0EE01809C
S31180003F5CF8EE01800CEF018016EF01806A
S31580003F6844F1018074F101808CF2018090F1018026
S31580003F78BAF101808CF201803AF2018076F20180F2
S30D80003F888CF20180A0F2018099
S31580003F9016050280A20602805A0602804A0702801F
S31580003FA0600702804A070280BA0A0280860702807A
S31580003FB04A070280BA0A02800C09028086090280BA
S31580003FC0A00902801A0A0280380A0280BE0A02808C
S30980003FD04A07028094
S31580003FD4020000000000000005000000040000004C
S31580003FE40200000002000000010000000200000040
S30980003FF40200000041
S31580003FF801000000000000700C000080F40500003D
S3158000400801000000F4050070584B00806000000035
S315800040180100000054060070060D008002000000B2
S315800040280100000056060070B84B00803C01000075
S315800040380100000092070070320E00800200000026
S315800040480100000094070070F44C00800C0000000A
S3158000405801000000A0070070360E008002000000F4
S3158000406801000000A2070070004D00800C000000CF
S3158000407801000000AE0700701B0A008001000000E6
S3158000408801000000AF070070310E008001000000BB
S3158000409801000000B0070070350E008001000000A6
S315800040A801000000B1070070620E00800200000067
S315800040B801000000B3070070090F008003000000AC
S315800040C801000000B60700704D0F00800300000055
S315800040D801000000B9070070660F0080020000002A
S315800040E801000000BB0700706E0F00800100000011
S315800040F801000000BC0700700C4D00802400000001
S3158000410801000000E00700706F0F008001000000CA
S3158000411801000000E1070070910F00800100000097
S3158000412801000000E2070070304D008004000000A6
S3158000413801000000E6070070920F00800200000070
S3158000414801000000E80700701910008003000000D5
S3158000415801000000EB070070491000800300000092
S3158000416801000000EE0700701611008002000000B2
S3158000417801000000F0070070344D00803000000018
S31580004188010000002008007056120080020000001E
S3158000419801000000220800706E18008002000000EE
S315800041A80100000024080070EF180080010000005C
S315800041B80100000025080070F61800800200000043
S315800041C80100000027080070CB1A0080010000005B
S315800041D801000000280800702E20008002000000E0
S315800041E8010000002A0800708A230080020000006F
S315800041F8010000002C080070644D00808C000000CF
S3158000420801000000B80800707D25008002000000CB
S3158000421801000000BA080070F04D0080A60000007A
S3158000422801000000600900707F2500800100000001
S3158000423801000000610900708925008003000000E4
S3158000424801000000640900709525008003000000C5
S315800042580100000067090070A125008003000000A6
S31580004268010000006A090070AD2500800300000087
S31580004278010000006D090070FE2600800200000023
S31580004288010000006F0900702927008003000000E4
S3158000429801000000720900700E28008002000000EC
S315800042A801000000740900701928008003000000CE
S315800042B801000000770900701D28008003000000B7
S315800042C8010000007A090070E928008003000000D8
S315800042D8010000007D090070964E008008000000ED
S315800042E80100000085090070ED28008003000000A9
S315800042F80100000088090070F12800800300000092
S31580004308010000008B090070F5280080030000007A
S3158000431802000000900900700000000012000000F2
S3158000432802000000A409007000000000EAA6000050
S3158000433800000000000000000000000000000000EF
S31580004348FFFFFFFFFFFFFFFFFFFFFFFFFFFFFFFFEF
S31580004358FFFFFFFFFFFFFFFFFFFFFFFFFFFFFFFFDF
S31580004368FFFFFFFFFFFFFFFFFFFFFFFFFFFFFFFFCF
S31580004378FFFFFFFFFFFFFFFFFFFFFFFFFFFFFFFFBF
S31580004388FFFFFFFFFFFFFFFFFFFFFFFFFFFFFFFFAF
S31580004398FFFFFFFFFFFFFFFFFFFFFFFFFFFFFFFF9F
S315800043A8FFFFFFFFFFFFFFFFFFFFFFFFFFFFFFFF8F
S315800043B8FFFFFFFFFFFFFFFFFFFFFFFFFFFFFFFF7F
S315800043C8FFFFFFFFFFFFFFFFFFFFFFFFFFFFFFFF6F
S315800043D8FFFFFFFFFFFFFFFFFFFFFFFFFFFFFFFF5F
S315800043E8FFFFFFFFFFFFFFFFFFFFFFFFFFFFFFFF4F
S315800043F8FFFFFFFFFFFFFFFFFFFFFFFFFFFFFFFF3F
S31580004408FFFFFFFFFFFFFFFFFFFFFFFFFFFFFFFF2E
S31580004418FFFFFFFFFFFFFFFFFFFFFFFFFFFFFFFF1E
S31580004428FFFFFFFFFFFFFFFFFFFFFFFFFFFFFFFF0E
S31580004438FFFFFFFFFFFFFFFFFFFFFFFFFFFFFFFFFE
S31580004448FFFFFFFFFFFFFFFFFFFFFFFFFFFFFFFFEE
S31580004458FFFFFFFFFFFFFFFFFFFFFFFFFFFFFFFFDE
S31580004468FFFFFFFFFFFFFFFFFFFFFFFFFFFFFFFFCE
S31580004478FFFFFFFFFFFFFFFFFFFFFFFFFFFFFFFFBE
S31580004488FFFFFFFFFFFFFFFFFFFFFFFFFFFFFFFFAE
S31580004498FFFFFFFFFFFFFFFFFFFFFFFFFFFFFFFF9E
S315800044A8FFFFFFFFFFFFFFFFFFFFFFFFFFFFFFFF8E
S315800044B8FFFFFFFFFFFFFFFFFFFFFFFFFFFFFFFF7E
S315800044C8FFFFFFFFFFFFFFFFFFFFFFFFFFFFFFFF6E
S315800044D8FFFFFFFFFFFFFFFFFFFFFFFFFFFFFFFF5E
S315800044E8FFFFFFFFFFFFFFFFFFFFFFFFFFFFFFFF4E
S315800044F8FFFFFFFFFFFFFFFFFFFFFFFFFFFFFFFF3E
S31580004508FFFFFFFFFFFFFFFFFFFFFFFFFFFFFFFF2D
S31580004518FFFFFFFFFFFFFFFFFFFFFFFFFFFFFFFF1D
S31580004528FFFFFFFFFFFFFFFFFFFFFFFFFFFFFFFF0D
S31580004538FFFFFFFFFFFFFFFFFFFFFFFFFFFFFFFFFD
S31580004548FFFFFFFFFFFFFFFFFFFFFFFFFFFFFFFFED
S31580004558FFFFFFFFFFFFFFFFFFFFFFFFFFFFFFFFDD
S31580004568FFFFFFFFFFFFFFFFFFFFFFFFFFFFFFFFCD
S31580004578FFFFFFFFFFFFFFFFFFFFFFFFFFFFFFFFBD
S31580004588FFFFFFFFFFFFFFFFFFFFFFFFFFFFFFFFAD
S31580004598FFFFFFFFFFFFFFFFFFFFFFFFFFFFFFFF9D
S315800045A8FFFFFFFFFFFFFFFFFFFFFFFFFFFFFFFF8D
S315800045B8FFFFFFFFFFFFFFFFFFFFFFFFFFFFFFFF7D
S315800045C8FFFFFFFFFFFFFFFFFFFFFFFFFFFFFFFF6D
S315800045D8FFFFFFFFFFFFFFFFFFFFFFFFFFFFFFFF5D
S315800045E8FFFFFFFFFFFFFFFFFFFFFFFFFFFFFFFF4D
S315800045F8FFFFFFFFFFFFFFFFFFFFFFFFFFFFFFFF3D
S31580004608FFFFFFFFFFFFFFFFFFFFFFFFFFFFFFFF2C
S31580004618FFFFFFFFFFFFFFFFFFFFFFFFFFFFFFFF1C
S31580004628FFFFFFFFFFFFFFFFFFFFFFFFFFFFFFFF0C
S31580004638FFFFFFFFFFFFFFFFFFFFFFFFFFFFFFFFFC
S31580004648FFFFFFFFFFFFFFFFFFFFFFFFFFFFFFFFEC
S31580004658FFFFFFFFFFFFFFFFFFFFFFFFFFFFFFFFDC
S31580004668FFFFFFFFFFFFFFFFFFFFFFFFFFFFFFFFCC
S31580004678FFFFFFFFFFFFFFFFFFFFFFFFFFFFFFFFBC
S31580004688FFFFFFFFFFFFFFFFFFFFFFFFFFFFFFFFAC
S31580004698FFFFFFFFFFFFFFFFFFFFFFFFFFFFFFFF9C
S315800046A8FFFFFFFFFFFFFFFFFFFFFFFFFFFFFFFF8C
S315800046B8FFFFFFFFFFFFFFFFFFFFFFFFFFFFFFFF7C
S315800046C8FFFFFFFFFFFFFFFFFFFFFFFFFFFFFFFF6C
S315800046D8FFFFFFFFFFFFFFFFFFFFFFFFFFFFFFFF5C
S315800046E8FFFFFFFFFFFFFFFFFFFFFFFFFFFFFFFF4C
S315800046F8FFFFFFFFFFFFFFFFFFFFFFFFFFFFFFFF3C
S31580004708FFFFFFFFFFFFFFFFFFFFFFFFFFFFFFFF2B
S31580004718FFFFFFFFFFFFFFFFFFFFFFFFFFFFFFFF1B
S31580004728FFFFFFFFFFFFFFFFFFFFFFFFFFFFFFFF0B
S31580004738FFFFFFFFFFFFFFFFFFFFFFFFFFFFFFFFFB
S31580004748FFFFFFFFFFFFFFFFFFFFFFFFFFFFFFFFEB
S31580004758FFFFFFFFFFFFFFFFFFFFFFFFFFFFFFFFDB
S31580004768FFFFFFFFFFFFFFFFFFFFFFFFFFFFFFFFCB
S31580004778FFFFFFFFFFFFFFFFFFFFFFFFFFFFFFFFBB
S31580004788FFFFFFFFFFFFFFFFFFFFFFFFFFFFFFFFAB
S31580004798FFFFFFFFFFFFFFFFFFFFFFFFFFFFFFFF9B
S315800047A8FFFFFFFFFFFFFFFFFFFFFFFFFFFFFFFF8B
S315800047B8FFFFFFFFFFFFFFFFFFFFFFFFFFFFFFFF7B
S315800047C8FFFFFFFFFFFFFFFFFFFFFFFFFFFFFFFF6B
S315800047D8FFFFFFFFFFFFFFFFFFFFFFFFFFFFFFFF5B
S315800047E8FFFFFFFFFFFFFFFFFFFFFFFFFFFFFFFF4B
S315800047F8FFFFFFFFFFFFFFFFFFFFFFFFFFFFFFFF3B
S31580004808FFFFFFFFFFFFFFFFFFFFFFFFFFFFFFFF2A
S31580004818FFFFFFFFFFFFFFFFFFFFFFFFFFFFFFFF1A
S31580004828FFFFFFFFFFFFFFFFFFFFFFFFFFFFFFFF0A
S31580004838FFFFFFFFFFFFFFFFFFFFFFFFFFFFFFFFFA
S31580004848FFFFFFFFFFFFFFFFFFFFFFFFFFFFFFFFEA
S31580004858FFFFFFFFFFFFFFFFFFFFFFFFFFFFFFFFDA
S31580004868FFFFFFFFFFFFFFFFFFFFFFFFFFFFFFFFCA
S31580004878FFFFFFFFFFFFFFFFFFFFFFFFFFFFFFFFBA
S31580004888FFFFFFFFFFFFFFFFFFFFFFFFFFFFFFFFAA
S31580004898FFFFFFFFFFFFFFFFFFFFFFFFFFFFFFFF9A
S315800048A8FFFFFFFFFFFFFFFFFFFFFFFFFFFFFFFF8A
S315800048B8FFFFFFFFFFFFFFFFFFFFFFFFFFFFFFFF7A
S315800048C8FFFFFFFFFFFFFFFFFFFFFFFFFFFFFFFF6A
S315800048D8FFFFFFFFFFFFFFFFFFFFFFFFFFFFFFFF5A
S315800048E8FFFFFFFFFFFFFFFFFFFFFFFFFFFFFFFF4A
S315800048F8FFFFFFFFFFFFFFFFFFFFFFFFFFFFFFFF3A
S31580004908FFFFFFFFFFFFFFFFFFFFFFFFFFFFFFFF29
S31580004918FFFFFFFFFFFFFFFFFFFFFFFFFFFFFFFF19
S31580004928FFFFFFFFFFFFFFFFFFFFFFFFFFFFFFFF09
S31580004938FFFFFFFFFFFFFFFFFFFFFFFFFFFFFFFFF9
S31580004948FFFFFFFFFFFFFFFFFFFFFFFFFFFFFFFFE9
S31580004958FFFFFFFFFFFFFFFFFFFFFFFFFFFFFFFFD9
S31580004968FFFFFFFFFFFFFFFFFFFFFFFFFFFFFFFFC9
S31580004978FFFFFFFFFFFFFFFFFFFFFFFFFFFFFFFFB9
S31580004988FFFFFFFFFFFFFFFFFFFFFFFFFFFFFFFFA9
S31580004998FFFFFFFFFFFFFFFFFFFFFFFFFFFFFFFF99
S315800049A8FFFFFFFFFFFFFFFFFFFFFFFFFFFFFFFF89
S315800049B8FFFFFFFFFFFFFFFFFFFFFFFFFFFFFFFF79
S315800049C8FFFFFFFFFFFFFFFFFFFFFFFFFFFFFFFF69
S315800049D8FFFFFFFFFFFFFFFFFFFFFFFFFFFFFFFF59
S315800049E8FFFFFFFFFFFFFFFFFFFFFFFFFFFFFFFF49
S315800049F8FFFFFFFFFFFFFFFFFFFFFFFFFFFFFFFF39
S31580004A08FFFFFFFFFFFFFFFFFFFFFFFFFFFFFFFF28
S31580004A18FFFFFFFFFFFFFFFFFFFFFFFFFFFFFFFF18
S31580004A28FFFFFFFFFFFFFFFFFFFFFFFFFFFFFFFF08
S31580004A38FFFFFFFFFFFFFFFFFFFFFFFFFFFFFFFFF8
S31580004A48FFFFFFFFFFFFFFFFFFFFFFFFFFFFFFFFE8
S31580004A58FFFFFFFFFFFFFFFFFFFFFFFFFFFFFFFFD8
S31580004A68FFFFFFFFFFFFFFFFFFFFFFFFFFFFFFFFC8
S31580004A78FFFFFFFFFFFFFFFFFFFFFFFFFFFFFFFFB8
S31580004A88FFFFFFFFFFFFFFFFFFFFFFFFFFFFFFFFA8
S31580004A98FFFFFFFFFFFFFFFFFFFFFFFFFFFFFFFF98
S31580004AA8FFFFFFFFFFFFFFFFFFFFFFFFFFFFFFFF88
S31580004AB8FFFFFFFFFFFFFFFFFFFFFFFFFFFFFFFF78
S31580004AC8FFFFFFFFFFFFFFFFFFFFFFFFFFFFFFFF68
S31580004AD8FFFFFFFFFFFFFFFFFFFFFFFFFFFFFFFF58
S31580004AE8FFFFFFFFFFFFFFFFFFFFFFFFFFFFFFFF48
S31580004AF8FFFFFFFFFFFFFFFFFFFFFFFFFFFFFFFF38
S31580004B08FFFFFFFFFFFFFFFFFFFFFFFFFFFFFFFF27
S31580004B18FFFFFFFFFFFFFFFFFFFFFFFFFFFFFFFF17
S31580004B28FFFFFFFFFFFFFFFFFFFFFFFFFFFFFFFF07
S31580004B38FFFFFFFFFFFFFFFFFFFFFFFFFFFFFFFFF7
S31580004B48FFFFFFFFFFFFFFFFFFFFFFFFFFFFFFFFE7
S30980004B5800000000D3
S30980004B5C00000000CF
S30980004B6000000000CB
S30980004B6400000000C7
S30980004B6800000000C3
S30980004B6C00000000BF
S30980004B7000000000BB
S30980004B7400000000B7
S30980004B7800000000B3
S30980004B7C00000000AF
S30980004B8000000000AB
S30980004B8400000000A7
S30980004B8801000000A2
S30980004B8C000000009F
S30980004B90000000009B
S30980004B940000000097
S30980004B980000000093
S30980004B9C000000008F
S30980004BA0000000008B
S30980004BA40000000087
S30980004BA80000000083
S30980004BAC000000007F
S30980004BB0000000007B
S30980004BB40000000077
S31580004BB867E6096A85AE67BB72F36E3C3AF54FA520
S31580004BC87F520E518C68059BABD9831F19CDE05B4C
S31580004BD8982F8A4291443771CFFBC0B5A5DBB5E9DA
S31580004BE85BC25639F111F159A4823F92D55E1CAB4E
S31580004BF898AA07D8015B8312BE853124C37D0C55DC
S31580004C08745DBE72FEB1DE80A706DC9B74F19BC123
S31580004C18C1699BE48647BEEFC69DC10FCCA10C2413
S31580004C286F2CE92DAA84744ADCA9B05CDA88F976F7
S31580004C3852513E986DC631A8C82703B0C77F59BF61
S31580004C48F30BE0C64791A7D55163CA06672929148D
S31580004C58850AB72738211B2EFC6D2C4D130D38532A
S31580004C6854730A65BB0A6A762EC9C281852C7292EC
S31580004C78A1E8BFA24B661AA8708B4BC2A3516CC71A
S31580004C8819E892D1240699D685350EF470A06A1053
S31580004C9816C1A419086C371E4C774827B5BCB034A2
S31580004CA8B30C1C394AAAD84E4FCA9C5BF36F2E6840
S31580004CB8EE828F746F63A5781478C8840802C78CCF
S31580004CC8FAFFBE90EB6C50A4F7A3F9BEF27871C6D2
S30980004CD8FFFFFFFF56
S30980004CDCFFFFFFFF52
S30980004CE0000000004A
S30980004CE40000000046
S30980004CE80000000042
S30980004CEC000000003E
S30980004CF0FFFFFFFF3E
S30980004CF40000000036
S30980004CF80000000032
S30980004CFCFFFFFFFF32
S30980004D000000000029
S30980004D040000000025
S30980004D080000000021
S31580004D0C0000000000000000000000000000000011
S31580004D1C0000000000000000000000000000000001
S30980004D2C00000000FD
S30980004D3000000000F9
S31580004D3400000000000000000000000000000000E9
S31580004D4400000000000000000000000000000000D9
S31580004D5400000000000000000000000000000000C9
S30D80004D640000000000000000C1
S30980004D6C00000000BD
S31580004D7000000000000000000000000000000000AD
S31580004D80000000000000000000000000000000009D
S31580004D90000000000000000000000000000000008D
S31580004DA0000000000000000000000000000000007D
S31580004DB0000000000000000000000000000000006D
S31580004DC0000000000000000000000000000000005D
S31580004DD0000000000000000000000000000000004D
S31580004DE0000000000000000000000000000000003D
S31580004DF0000000000000000000000000000000002D
S31580004E00000000000000000000000000000000001C
S31580004E10000000000000000000000000000000000C
S30780004E2000000A
S31580004E2200000000000000000000000000000000FA
S31580004E3200000000000000000000000000000000EA
S31580004E4200000000000000000000000000000000DA
S31580004E5200000000000000000000000000000000CA
S31580004E6200000000000000000000000000000000BA
S31580004E7200000000000000000000000000000000AA
S30980004E8200000000A6
S31580004E860000000000000000000000000000000096
S30D80004E9600000000000000008E
S31580004E9EFFFFFFFFFFFFFFFFFFFFFFFFFFFFFFFF8E
S31580004EAEFFFFFFFFFFFFFFFFFFFFFFFFFFFFFFFF7E
S31580004EBEFFFFFFFFFFFFFFFFFFFFFFFFFFFFFFFF6E
S31580004ECEFFFFFFFFFFFFFFFFFFFFFFFFFFFFFFFF5E
S31580004EDEFFFFFFFFFFFFFFFFFFFFFFFFFFFFFFFF4E
S31580004EEEFFFFFFFFFFFFFFFFFFFFFFFFFFFFFFFF3E
S31580004EFEFFFFFFFFFFFFFFFFFFFFFFFFFFFFFFFF2E
S31580004F0EFFFFFFFFFFFFFFFFFFFFFFFFFFFFFFFF1D
S31580004F1EFFFFFFFFFFFFFFFFFFFFFFFFFFFFFFFF0D
S31580004F2EFFFFFFFFFFFFFFFFFFFFFFFFFFFFFFFFFD
S31580004F3EFFFFFFFFFFFFFFFFFFFFFFFFFFFFFFFFED
S31580004F4EFFFFFFFFFFFFFFFFFFFFFFFFFFFFFFFFDD
S31580004F5EFFFFFFFFFFFFFFFFFFFFFFFFFFFFFFFFCD
S31580004F6EFFFFFFFFFFFFFFFFFFFFFFFFFFFFFFFFBD
S31580004F7EFFFFFFFFFFFFFFFFFFFFFFFFFFFFFFFFAD
S31580004F8EFFFFFFFFFFFFFFFFFFFFFFFFFFFFFFFF9D
S31580004F9EFFFFFFFFFFFFFFFFFFFFFFFFFFFFFFFF8D
S31580004FAEFFFFFFFFFFFFFFFFFFFFFFFFFFFFFFFF7D
S31580004FBEFFFFFFFFFFFFFFFFFFFFFFFFFFFFFFFF6D
S31580004FCEFFFFFFFFFFFFFFFFFFFFFFFFFFFFFFFF5D
S31580004FDEFFFFFFFFFFFFFFFFFFFFFFFFFFFFFFFF4D
S31580004FEEFFFFFFFFFFFFFFFFFFFFFFFFFFFFFFFF3D
S31580004FFEFFFFFFFFFFFFFFFFFFFFFFFFFFFFFFFF2D
S3158000500EFFFFFFFFFFFFFFFFFFFFFFFFFFFFFFFF1C
S3158000501EFFFFFFFFFFFFFFFFFFFFFFFFFFFFFFFF0C
S3158000502EFFFFFFFFFFFFFFFFFFFFFFFFFFFFFFFFFC
S3158000503EFFFFFFFFFFFFFFFFFFFFFFFFFFFFFFFFEC
S3158000504EFFFFFFFFFFFFFFFFFFFFFFFFFFFFFFFFDC
S3158000505EFFFFFFFFFFFFFFFFFFFFFFFFFFFFFFFFCC
S3158000506EFFFFFFFFFFFFFFFFFFFFFFFFFFFFFFFFBC
S3158000507EFFFFFFFFFFFFFFFFFFFFFFFFFFFFFFFFAC
S3158000508EFFFFFFFFFFFFFFFFFFFFFFFFFFFFFFFF9C
S3158000509EFFFFFFFFFFFFFFFFFFFFFFFFFFFFFFFF8C
S315800050AEFFFFFFFFFFFFFFFFFFFFFFFFFFFFFFFF7C
S315800050BEFFFFFFFFFFFFFFFFFFFFFFFFFFFFFFFF6C
S315800050CEFFFFFFFFFFFFFFFFFFFFFFFFFFFFFFFF5C
S315800050DEFFFFFFFFFFFFFFFFFFFFFFFFFFFFFFFF4C
S315800050EEFFFFFFFFFFFFFFFFFFFFFFFFFFFFFFFF3C
S315800050FEFFFFFFFFFFFFFFFFFFFFFFFFFFFFFFFF2C
S3158000510EFFFFFFFFFFFFFFFFFFFFFFFFFFFFFFFF1B
S3158000511EFFFFFFFFFFFFFFFFFFFFFFFFFFFFFFFF0B
S3158000512EFFFFFFFFFFFFFFFFFFFFFFFFFFFFFFFFFB
S3158000513EFFFFFFFFFFFFFFFFFFFFFFFFFFFFFFFFEB
S3158000514EFFFFFFFFFFFFFFFFFFFFFFFFFFFFFFFFDB
S3158000515EFFFFFFFFFFFFFFFFFFFFFFFFFFFFFFFFCB
S3158000516EFFFFFFFFFFFFFFFFFFFFFFFFFFFFFFFFBB
S3158000517EFFFFFFFFFFFFFFFFFFFFFFFFFFFFFFFFAB
S3158000518EFFFFFFFFFFFFFFFFFFFFFFFFFFFFFFFF9B
S3158000519EFFFFFFFFFFFFFFFFFFFFFFFFFFFFFFFF8B
S315800051AEFFFFFFFFFFFFFFFFFFFFFFFFFFFFFFFF7B
S315800051BEFFFFFFFFFFFFFFFFFFFFFFFFFFFFFFFF6B
S315800051CEFFFFFFFFFFFFFFFFFFFFFFFFFFFFFFFF5B
S315800051DEFFFFFFFFFFFFFFFFFFFFFFFFFFFFFFFF4B
S315800051EEFFFFFFFFFFFFFFFFFFFFFFFFFFFFFFFF3B
S315800051FEFFFFFFFFFFFFFFFFFFFFFFFFFFFFFFFF2B
S3158000520EFFFFFFFFFFFFFFFFFFFFFFFFFFFFFFFF1A
S3158000521EFFFFFFFFFFFFFFFFFFFFFFFFFFFFFFFF0A
S3158000522EFFFFFFFFFFFFFFFFFFFFFFFFFFFFFFFFFA
S3158000523EFFFFFFFFFFFFFFFFFFFFFFFFFFFFFFFFEA
S3158000524EFFFFFFFFFFFFFFFFFFFFFFFFFFFFFFFFDA
S3158000525EFFFFFFFFFFFFFFFFFFFFFFFFFFFFFFFFCA
S3158000526EFFFFFFFFFFFFFFFFFFFFFFFFFFFFFFFFBA
S3158000527EFFFFFFFFFFFFFFFFFFFFFFFFFFFFFFFFAA
S3158000528EFFFFFFFFFFFFFFFFFFFFFFFFFFFFFFFF9A
S3158000529EFFFFFFFFFFFFFFFFFFFFFFFFFFFFFFFF8A
S315800052AEFFFFFFFFFFFFFFFFFFFFFFFFFFFFFFFF7A
S315800052BEFFFFFFFFFFFFFFFFFFFFFFFFFFFFFFFF6A
S315800052CEFFFFFFFFFFFFFFFFFFFFFFFFFFFFFFFF5A
S315800052DEFFFFFFFFFFFFFFFFFFFFFFFFFFFFFFFF4A
S315800052EEFFFFFFFFFFFFFFFFFFFFFFFFFFFFFFFF3A
S315800052FEFFFFFFFFFFFFFFFFFFFFFFFFFFFFFFFF2A
S3158000530EFFFFFFFFFFFFFFFFFFFFFFFFFFFFFFFF19
S3158000531EFFFFFFFFFFFFFFFFFFFFFFFFFFFFFFFF09
S3158000532EFFFFFFFFFFFFFFFFFFFFFFFFFFFFFFFFF9
S3158000533EFFFFFFFFFFFFFFFFFFFFFFFFFFFFFFFFE9
S3158000534EFFFFFFFFFFFFFFFFFFFFFFFFFFFFFFFFD9
S3158000535EFFFFFFFFFFFFFFFFFFFFFFFFFFFFFFFFC9
S3158000536EFFFFFFFFFFFFFFFFFFFFFFFFFFFFFFFFB9
S3158000537EFFFFFFFFFFFFFFFFFFFFFFFFFFFFFFFFA9
S3158000538EFFFFFFFFFFFFFFFFFFFFFFFFFFFFFFFF99
S3158000539EFFFFFFFFFFFFFFFFFFFFFFFFFFFFFFFF89
S315800053AEFFFFFFFFFFFFFFFFFFFFFFFFFFFFFFFF79
S315800053BEFFFFFFFFFFFFFFFFFFFFFFFFFFFFFFFF69
S315800053CEFFFFFFFFFFFFFFFFFFFFFFFFFFFFFFFF59
S315800053DEFFFFFFFFFFFFFFFFFFFFFFFFFFFFFFFF49
S315800053EEFFFFFFFFFFFFFFFFFFFFFFFFFFFFFFFF39
S315800053FEFFFFFFFFFFFFFFFFFFFFFFFFFFFFFFFF29
S3158000540EFFFFFFFFFFFFFFFFFFFFFFFFFFFFFFFF18
S3158000541EFFFFFFFFFFFFFFFFFFFFFFFFFFFFFFFF08
S3158000542EFFFFFFFFFFFFFFFFFFFFFFFFFFFFFFFFF8
S3158000543EFFFFFFFFFFFFFFFFFFFFFFFFFFFFFFFFE8
S3158000544EFFFFFFFFFFFFFFFFFFFFFFFFFFFFFFFFD8
S3158000545EFFFFFFFFFFFFFFFFFFFFFFFFFFFFFFFFC8
S3158000546EFFFFFFFFFFFFFFFFFFFFFFFFFFFFFFFFB8
S3158000547EFFFFFFFFFFFFFFFFFFFFFFFFFFFFFFFFA8
S3158000548EFFFFFFFFFFFFFFFFFFFFFFFFFFFFFFFF98
S3158000549EFFFFFFFFFFFFFFFFFFFFFFFFFFFFFFFF88
S315800054AEFFFFFFFFFFFFFFFFFFFFFFFFFFFFFFFF78
S315800054BEFFFFFFFFFFFFFFFFFFFFFFFFFFFFFFFF68
S315800054CEFFFFFFFFFFFFFFFFFFFFFFFFFFFFFFFF58
S315800054DEFFFFFFFFFFFFFFFFFFFFFFFFFFFFFFFF48
S315800054EEFFFFFFFFFFFFFFFFFFFFFFFFFFFFFFFF38
S315800054FEFFFFFFFFFFFFFFFFFFFFFFFFFFFFFFFF28
S3158000550EFFFFFFFFFFFFFFFFFFFFFFFFFFFFFFFF17
S3158000551EFFFFFFFFFFFFFFFFFFFFFFFFFFFFFFFF07
S3158000552EFFFFFFFFFFFFFFFFFFFFFFFFFFFFFFFFF7
S3158000553EFFFFFFFFFFFFFFFFFFFFFFFFFFFFFFFFE7
S3158000554EFFFFFFFFFFFFFFFFFFFFFFFFFFFFFFFFD7
S3158000555EFFFFFFFFFFFFFFFFFFFFFFFFFFFFFFFFC7
S3158000556EFFFFFFFFFFFFFFFFFFFFFFFFFFFFFFFFB7
S3158000557EFFFFFFFFFFFFFFFFFFFFFFFFFFFFFFFFA7
S3158000558EFFFFFFFFFFFFFFFFFFFFFFFFFFFFFFFF97
S3158000559EFFFFFFFFFFFFFFFFFFFFFFFFFFFFFFFF87
S315800055AEFFFFFFFFFFFFFFFFFFFFFFFFFFFFFFFF77
S315800055BEFFFFFFFFFFFFFFFFFFFFFFFFFFFFFFFF67
S315800055CEFFFFFFFFFFFFFFFFFFFFFFFFFFFFFFFF57
S315800055DEFFFFFFFFFFFFFFFFFFFFFFFFFFFFFFFF47
S315800055EEFFFFFFFFFFFFFFFFFFFFFFFFFFFFFFFF37
S315800055FEFFFFFFFFFFFFFFFFFFFFFFFFFFFFFFFF27
S3158000560EFFFFFFFFFFFFFFFFFFFFFFFFFFFFFFFF16
S3158000561EFFFFFFFFFFFFFFFFFFFFFFFFFFFFFFFF06
S3158000562EFFFFFFFFFFFFFFFFFFFFFFFFFFFFFFFFF6
S3158000563EFFFFFFFFFFFFFFFFFFFFFFFFFFFFFFFFE6
S3158000564EFFFFFFFFFFFFFFFFFFFFFFFFFFFFFFFFD6
S3158000565EFFFFFFFFFFFFFFFFFFFFFFFFFFFFFFFFC6
S3158000566EFFFFFFFFFFFFFFFFFFFFFFFFFFFFFFFFB6
S3158000567EFFFFFFFFFFFFFFFFFFFFFFFFFFFFFFFFA6
S3158000568EFFFFFFFFFFFFFFFFFFFFFFFFFFFFFFFF96
S3158000569EFFFFFFFFFFFFFFFFFFFFFFFFFFFFFFFF86
S315800056AEFFFFFFFFFFFFFFFFFFFFFFFFFFFFFFFF76
S315800056BEFFFFFFFFFFFFFFFFFFFFFFFFFFFFFFFF66
S315800056CEFFFFFFFFFFFFFFFFFFFFFFFFFFFFFFFF56
S315800056DEFFFFFFFFFFFFFFFFFFFFFFFFFFFFFFFF46
S315800056EEFFFFFFFFFFFFFFFFFFFFFFFFFFFFFFFF36
S315800056FEFFFFFFFFFFFFFFFFFFFFFFFFFFFFFFFF26
S3158000570EFFFFFFFFFFFFFFFFFFFFFFFFFFFFFFFF15
S3158000571EFFFFFFFFFFFFFFFFFFFFFFFFFFFFFFFF05
S3158000572EFFFFFFFFFFFFFFFFFFFFFFFFFFFFFFFFF5
S3158000573EFFFFFFFFFFFFFFFFFFFFFFFFFFFFFFFFE5
S3158000574EFFFFFFFFFFFFFFFFFFFFFFFFFFFFFFFFD5
S3158000575EFFFFFFFFFFFFFFFFFFFFFFFFFFFFFFFFC5
S3158000576EFFFFFFFFFFFFFFFFFFFFFFFFFFFFFFFFB5
S3158000577EFFFFFFFFFFFFFFFFFFFFFFFFFFFFFFFFA5
S3158000578EFFFFFFFFFFFFFFFFFFFFFFFFFFFFFFFF95
S3158000579EFFFFFFFFFFFFFFFFFFFFFFFFFFFFFFFF85
S315800057AEFFFFFFFFFFFFFFFFFFFFFFFFFFFFFFFF75
S315800057BEFFFFFFFFFFFFFFFFFFFFFFFFFFFFFFFF65
S315800057CEFFFFFFFFFFFFFFFFFFFFFFFFFFFFFFFF55
S315800057DEFFFFFFFFFFFFFFFFFFFFFFFFFFFFFFFF45
S315800057EEFFFFFFFFFFFFFFFFFFFFFFFFFFFFFFFF35
S315800057FEFFFFFFFFFFFFFFFFFFFFFFFFFFFFFFFF25
S3158000580EFFFFFFFFFFFFFFFFFFFFFFFFFFFFFFFF14
S3158000581EFFFFFFFFFFFFFFFFFFFFFFFFFFFFFFFF04
S3158000582EFFFFFFFFFFFFFFFFFFFFFFFFFFFFFFFFF4
S3158000583EFFFFFFFFFFFFFFFFFFFFFFFFFFFFFFFFE4
S3158000584EFFFFFFFFFFFFFFFFFFFFFFFFFFFFFFFFD4
S3158000585EFFFFFFFFFFFFFFFFFFFFFFFFFFFFFFFFC4
S3158000586EFFFFFFFFFFFFFFFFFFFFFFFFFFFFFFFFB4
S3158000587EFFFFFFFFFFFFFFFFFFFFFFFFFFFFFFFFA4
S3158000588EFFFFFFFFFFFFFFFFFFFFFFFFFFFFFFFF94
S3158000589EFFFFFFFFFFFFFFFFFFFFFFFFFFFFFFFF84
S315800058AEFFFFFFFFFFFFFFFFFFFFFFFFFFFFFFFF74
S315800058BEFFFFFFFFFFFFFFFFFFFFFFFFFFFFFFFF64
S315800058CEFFFFFFFFFFFFFFFFFFFFFFFFFFFFFFFF54
S315800058DEFFFFFFFFFFFFFFFFFFFFFFFFFFFFFFFF44
S315800058EEFFFFFFFFFFFFFFFFFFFFFFFFFFFFFFFF34
S315800058FEFFFFFFFFFFFFFFFFFFFFFFFFFFFFFFFF24
S3158000590EFFFFFFFFFFFFFFFFFFFFFFFFFFFFFFFF13
S3158000591EFFFFFFFFFFFFFFFFFFFFFFFFFFFFFFFF03
S3158000592EFFFFFFFFFFFFFFFFFFFFFFFFFFFFFFFFF3
S3158000593EFFFFFFFFFFFFFFFFFFFFFFFFFFFFFFFFE3
S3158000594EFFFFFFFFFFFFFFFFFFFFFFFFFFFFFFFFD3
S3158000595EFFFFFFFFFFFFFFFFFFFFFFFFFFFFFFFFC3
S3158000596EFFFFFFFFFFFFFFFFFFFFFFFFFFFFFFFFB3
S3158000597EFFFFFFFFFFFFFFFFFFFFFFFFFFFFFFFFA3
S3158000598EFFFFFFFFFFFFFFFFFFFFFFFFFFFFFFFF93
S3158000599EFFFFFFFFFFFFFFFFFFFFFFFFFFFFFFFF83
S315800059AEFFFFFFFFFFFFFFFFFFFFFFFFFFFFFFFF73
S315800059BEFFFFFFFFFFFFFFFFFFFFFFFFFFFFFFFF63
S315800059CEFFFFFFFFFFFFFFFFFFFFFFFFFFFFFFFF53
S315800059DEFFFFFFFFFFFFFFFFFFFFFFFFFFFFFFFF43
S315800059EEFFFFFFFFFFFFFFFFFFFFFFFFFFFFFFFF33
S307800059FEFFFF23
S30D80005A00D4CFC82FD4FF00703B
S31180005A086100EE0001FC02F6D4FF007085
S31580005A14610004028F9020F061001002012002C60A
S30780005A2400708A
S30780005A26FFFFFA
S31580005A28370268F0910000F719F0A8A08F1F0010C0
S30B80005A38570061010070B9
S30780005A3EFFFFE2
S31580005A4009F054088FF0000161005600C85F10FF0E
S30B80005A50D4FCC81D0070A5
S30780005A56FFFFCA
S31580005A5854FF06EFB70F12F78FFF83218F2200F0CE
S31580005A68766582209BC0FF0F3C037BC0FF0FA60F85
S30780005A78007036
S30780005A7AFFFFA6
S31580005A7C61000601488F487809290409EE03092933
S31580005A8C0809483F7FF90580529068303C0402F93A
S30F80005A9CDA006CF36100BA000070B6
S30780005AA6FFFF7A
S30F80005AA8BBF0FFFF09F0D008007084
S30780005AB2FFFF6E
S30F80005AB46100380090FFD4FF0070F7
S30780005ABEFFFF62
S31380005AC03B00054002853B5006608217007051
S30780005ACEFFFF52
S31380005AD0914080CF49CC340A54CF1601007025
S30780005ADEFFFF42
S31580005AE08F7F0001913000FF39F119063701E710E9
S30780005AF00070BE
S30780005AF2FFFF2E
S30F80005AF46100A800610066000070E2
S30780005AFEFFFF22
S30F80005B00534921F08B4F010000701D
S30780005B0AFFFF15
S30F80005B0C910000F799FFACA000702D
S30780005B16FFFF09
S30F80005B18913000FFD9FF804600702F
S30780005B22FFFFFD
S30F80005B24910000F7D9FFDCF0007055
S30780005B2EFFFFF1
S31380005B3009FFE6088B0F24F389FF2808007012
S30780005B3EFFFFE1
S30D80005B4061002E00D42C0070D8
S30F80005B48600F9130003F30F30070CB
S30780005B52FFFFCD
S30F80005B546100520061003600007007
S30780005B5EFFFFC1
S30F80005B609130004FD94430060070E2
S30780005B6AFFFFB5
S30F80005B6C61003C0090FFD4FF00703A
S30780005B76FFFFA9
S30F80005B789130004FD944AC0600704E
S30780005B82FFFF9D
S30F80005B8461006600D4C2D42F0070C1
S30780005B8EFFFF91
S30F80005B90910000F7D9FFE8E00070ED
S30780005B9AFFFF85
S31180005B9C91000028D92208219022007078
S31580005BA8913000FF39F0140639FF2406370F61F16A
S30780005BB80070F5
S30780005BBAFFFF65
S30D80005BBC6100EE00085F007035
S30D80005BC401F202F6D4FF007025
S30F80005BCC74FF8B8000F060F4007017
S30780005BD6FFFF49
S30F80005BD8B70F08F08FCF4B41007025
S30780005BE2FFFF3D
S30F80005BE4910000F8D9FFF0830070ED
S30780005BEEFFFF31
S30D80005BF03BA0004040C4007098
S30F80005BF8910000F799FFC4F00070D9
S30780005C02FFFF1C
S31580005C048F7F00A140EF3B803EE0D9FF2C060070D9
S31580005C14914080CF49CC081A54CF914080EF49EE09
S30F80005C24081A8F3F404140E40070EB
S30780005C2EFFFFF0
S30D80005C3099FFE870D4FF0070B3
S30F80005C38910000F799FFFC700070E0
S30780005C42FFFFDC
S30F80005C44910000F7D9FFD0E0007050
S30780005C4EFFFFD0
S30F80005C50910000C7D9CCE8700070FF
S30780005C5AFFFFC4
S31380005C5C0228913000FF39FF2B0616070070D4
S30780005C6AFFFFB4
S31180005C6C4C41370F6814370F6800007039
S31380005C784BF0A0046BF0E0008BF01FB00070C4
S30780005C86FFFF98
S31380005C88910000D7D9DDE870D4D2D42F0070F9
S30780005C96FFFF88
S31380005C9839DF2C068F7F00A13B803EE0007036
S30780005CA6FFFF78
S31380005CA89140802F092F04197B800000007028
S30780005CB6FFFF68
S30D80005CB861005800C88F0070DE
S30F80005CC06100B2006100120100705D
S30780005CCAFFFF54
S30F80005CCC914000FFD9FF000A007026
S30780005CD6FFFF48
S31180005CD8538423F0CC4210FFD4F20070FD
S31380005CE461FF38FF53C820F0C82F10F2007001
S30780005CF2FFFF2C
S31580005CF454FFB70F030016078B8F00116002092229
S30980005D04400900705C
S31580005D0854E082FFC60F16FC260DB7001000A6FDCC
S30F80005D188F1D40F1A60F74EF007096
S30780005D22FFFFFB
S31580005D24FF2005808BFF00F03C02DA644B0F61F1A3
S31380005D344B0861014B0F41F04B096101007075
S30780005D42FFFFDB
S30F80005D44610016004BF0A004007009
S30780005D4EFFFFCF
S30F80005D50DA3E914080FF6CFE007081
S30780005D5AFFFFC3
S30F80005D5C910000F799FFE8700070CF
S30780005D66FFFFB7
S30D80005D68D4FFD4FF10FF007088
S30F80005D70534F26F08B4F06F00070AB
S30780005D7AFFFFA3
S30F80005D7C6100C4008FB120F00070B2
S30780005D86FFFF97
S31380005D88913000FF19F03006370068FC00707D
S30780005D96FFFF87
S31380005D98D4DF54CF53CF22F0D4FF10FF00701B
S30780005DA6FFFF77
S30D80005DA861FFB2FE90FF00705E
S30D80005DB03BF00F4082050070F4
S31380005DB861FFC8FE19310C96BB00F00F00701B
S30780005DC6FFFF57
S31580005DC87CC3821B402C8F8020F009FDC808C5FF44
S30B80005DD8C00110FE007000
S30780005DDEFFFF3F
S31580005DE0910000F761FF26FFDA026CF77B00F0FA7C
S30F80005DF0E85442F4683574F400703C
S30780005DFAFFFF23
S31580005DFC6BF0E000913000FF39FF2806AE0553A00A
S31380005E0C20F006CF3C038FF01FF092FA007054
S30780005E1AFFFF02
S30D80005E1C61006E0010FF0070AA
S31180005E24610070008FB420F010FF007049
S31180005E30DA030F8F00F082F0C60F0070BE
S31580005E3C10FF91000027D9222C9001240326007094
S31380005E4C8FD53F008F7500F18F1F208000706C
S30780005E5AFFFFC2
S30F80005E5C61FF88FEDA00B4FF0070D3
S30780005E66FFFFB6
S31380005E68910000C7D9CCF0703B0071420070EB
S30780005E76FFFFA6
S31580005E780249404F534922F0C8328208405C1022BA
S30780005E88007022
S30780005E8AFFFF92
S31580005E8C020F8FFF005109FF5308370068428B0FB2
S30980005E9C00620070AA
S31580005EA0DA0089FF290861FF55FFD4DF49F2100A1D
S30980005EB0542F007075
S31580005EB461FF6AFFB70F02F2964037F0080CB7000D
S30D80005EC481473BC05D000070C0
S31580005ECC910000F7820259F220C0910000F759F236
S31180005EDC1CC0910000F759F228C000702D
S31380005EE891000027D9220890012402C600707E
S30780005EF6FFFF26
S30F80005EF8610024008FB420F00070D2
S30780005F02FFFF19
S30F80005F0491F001FFD9FF000800703C
S30780005F0EFFFF0D
S30D80005F1061FF18FE8208007093
S30D80005F1854FF53CF22F0007004
S30F80005F20D4FFDA0089FF2408007020
S30780005F2AFFFFF1
S31580005F2C02DFBBF0FF0FAAF0420F60FF3B006090D0
S30780005F3C00706D
S30780005F3EFFFFDD
S30F80005F40911001FFD9FF00080070E0
S30780005F4AFFFFD1
S30D80005F4CCC4301F100F6007060
S30F80005F54910000F719FFC08000706D
S30780005F5EFFFFBD
S31180005F606CF789FF290809FF65080070AE
S31180005F6C61FFDCFD01F502F6D4FF007039
S30F80005F7861FF98FE0F0F8090007005
S30780005F82FFFF99
S31180005F84370268F061FFC2FD90F20070E9
S31180005F9061FF34FE01F202F6D4F20070CC
S31380005F9C9130004F194FB40661FF1AFE007057
S30780005FAAFFFF71
S31580005FAC534121F0534026008B4F01F08B40060065
S30B80005FBC4B0FA0240070CB
S30780005FC2FFFF59
S31180005FC461FF40FE01F202C6D4CF0070DF
S31380005FD0D9DD2C06910000E7D9EEFC7000703A
S30780005FDEFFFF3D
S31380005FE0910000F8D9FF082190FFD4F50070DB
S30780005FEEFFFF2D
S31580005FF0DA006CF789FF2908D4DF49F20C0A542F9E
S307800060000070A8
S30780006002FFFF18
S30F80006004D4CFC82F19FF1480007056
S3078000600EFFFF0C
S30F800060100259026A820B02BC00707E
S3078000601AFFFF00
S30F8000601C01F802F6DA0374FF007043
S30780006026FFFFF4
S313800060280624DA029BCFFFFFA6F474F4007004
S30780006036FFFFE4
S31380006038A6F08F1040F1B7011000A60F007081
S30780006046FFFFD4
S3138000604809FF6508B70F82F089FF25080070F2
S30780006056FFFFC4
S31580006058201040AFA0F2046F0450C60F24FFFC2C1A
S30D8000606840A540761D000200F0
S3158000607020C0404F406C40A43B0001406D00F200C0
S3158000608049A5100A40F46D003D0040A449A5100AB8
S315800060906D00260049AF200AA08D40A46D00CA007D
S315800060A040A46D00A50040A46D00780040A440F592
S315800060B06D00160049FF100AFCD140A46D00BA009D
S315800060C040A46D00950040A449A5302A6D000800C3
S311800060D040A53B00014040C41D00C400F8
S313800060DCA0FF144F0450C60F244FFCFC00900A
S307800060EAFFFF30
S315800060EC8F943FF08614370468203BB00100EA0099
S309800060FCC6020090C2
S315800061002008404F405D3B00014040D440F56D0083
S31580006110A9003B00018049DC100AC50E270001D882
S3158000612000F6824440A449F53CFA6D009B008FF846
S3158000613000F1EE200CA114A034AF910000280CA22F
S315800061402CA1D9229C800CA32CA289A0030840AF45
S31580006150A03414FF1025145024F0FC4C8FC83FF057
S31580006160910000F8D9FF908010FF14A014FFC6F0AC
S3158000617034A0820040AF40C2A0341A0804F110D582
S31580006180C210095F70F8C61F242FFC48C248B04C65
S30B80006190FDE0C77F0090D0
S30780006196FFFF83
S31580006198404FA03C14F9081F082A0FF9C080083B15
S315800061A80FAFC0C002846DFF9FFFC6C2C6B234F26D
S315800061B80FBAC0D002C46DFF97FFC6D2C692281206
S315800061C8C69B02D46DFF90FFC6B2C6F2282202B4DF
S315800061D86DFF8AFFC682C62A283AB04FFDC0DC7F8B
S307800061E800909F
S307800061EAFFFF2F
S315800061EC094041080C452C410C492C450C4D2C4939
S315800061FC89400D080C4209404A08894002082C4AFD
S3158000620C0C4609404E08894006082C4E0940430826
S3158000621C0C4F2C430C4B2C4F0C472C4B89400708AE
S3078000622C00905A
S3078000622EFFFFEA
S31580006230910000F8D9FF9C80A0F2144F10F5145FEE
S30B80006240244FFC2C0090A7
S30780006246FFFFD2
S315800062488202A0FF144F14503E0382120090B015AC
S30B80006258B014FCF9009071
S3078000625EFFFFBA
S31180006260C2F4604F045F244FFCFE0090E7
S3158000626C2010404F406791000028D922808040A49E
S3158000627CA0F6042F244FFC6E40A24054402540F6D5
S3098000628C1DFFE6FE88
S313800062903B0001406DFFDAFF8B02002200907A
S3078000629EFFFF7A
S315800062A02060404C405D0248406E91000058D955B0
S315800062B08CD0405F49A2200AA0F404F02420FC4E32
S315800062C0405F49A2300AA0F404F02420FC4E49AF76
S315800062D0001AA0F2045024F0FC2E910000F8D9FF99
S315800062E09CD049A2101AA0F404F02420FC4E3B0056
S315800062F0014049A5001A405640C46D00CD0009AF43
S31580006300401849AF001A168040A28B0F2002A0E4E5
S3158000631014FF861F370F681009FF410416808B0F04
S3158000632020F2A6F12421FC4509AF4F18861F2CAF19
S31580006330760A40AF49A2101AA0F414FF0420C60FB3
S3158000634024FFFC4C14AF40AF168049A2100A8B0F75
S315800063502002A0E414FF861F370F681009FF41044E
S3158000636016808B0F20F2A6F12421FC450CAF861FE8
S3158000637089AF1F08760B49AF100A49A2101AA0F4FC
S3158000638014FF0420C60F24FFFC4C8BF800F086CF48
S31580006390C2FF370F68908FF80081820A0290BF1083
S315800063A02400600FB0FF820049A2200A49A4300A67
S315800063B08F4A2010A0F51A010422370F68F0C21008
S315800063C010D6146FC6F22442FC573B00014049A503
S315800063D0300A49A6200A40C46D005E00C21A370AF8
S315800063E068A0FDF0E27FDF081780820040AF49A2F7
S315800063F0200A49A4300A8649A0F51A090421370FD4
S3158000640068F0C21010D6146FC6F104FFC6F124419D
S31580006410FC553C39028149AF200ADAFF49A2300A8D
S31580006420ABFFBFF142F16014820086491A0904F17C
S31580006430370F68F0C2103700680010D5145FC6F1B8
S315800064402421FC4501A800F609FF60088F0F88F11A
S3158000645089FF30089A1810AF8B0F01F149F2200A94
S3158000646049FF300A8EF660F4B0F4042F24FFFC4E08
S3158000647049AF300A49A2100AA0F414FF0420C60FBF
S3158000648024FFFC4C3B00014049A5300A40C440E64D
S309800064901D00020063
S3158000649420384047405C89A6B40991000067D966D4
S315800064A4503091000028D922BCC040A4A0F5042F06
S315800064B4244FFC5E406F4062A034147F8F8F0100AE
S315800064C40C718F0F01F0A6F00C728F8F00F0A6F07E
S315800064D40C73B047A6F06420FC41BB00F02F9100FA
S315800064E400287BF00F3091000078D922EC10D97700
S315800064F4ACD0A094483454F5370468F81075370442
S3158000650468F4145010758F8001001451B700180078
S315800065148FF40FF110758F01211026318F841EF0B0
S31580006524C610145110758F812010145F2621C61051
S31580006534C6F0442FC605C6F56845481FC6F5685596
S31580006544482FC6F56865483FC65F6CF749FF100A51
S31580006554FD40D27F40AFA03240F4B01FA03504CFB7
S31580006564894F0400FC5DFC29DA0049AF100AA03289
S3158000657490AC8B3F00014065863040F4B04FA03D1F
S315800065840202445132520F210010344114C1044294
S31580006594C62124C1FCD6C21FFD20EC7F910000F8E1
S315800065A43B800030D9FF9CC0F80C910000D8D9DD1F
S315800065B4ACC04966100A40AFA03240F4B04FA03553
S315800065C4144F107C14C02440FC5CFC28D80C49A2CF
S315800065D4100AA03444F06420FC4E820440AF49A2E1
S315800065E4100AA034081F14F08F0F0110082F8F8013
S315800065F40100A6108F8F0010083FA6108F3420202C
S31580006604A6F08B0202F1325F0F2000100FF000001B
S31580006614A6018F811EF034FF8F011FF02CF18F812C
S315800066241FF02CF2C21428316421B04FFD40DC7F68
S3158000663440DF49A2200AA0F404FF242FFC4E40AF79
S3158000664449A2100AA03440F5B04F402CB042A03E77
S31580006654045F24CFFCEEFC48823549A4200A40A579
S3158000666449AF100A404CB044405EB045A03314C0D4
S3158000667414F18202A0726F000300C6128F0108F122
S315800066848611370168106E038FB1811186F0FC2460
S3158000669409C0410808418204A0726F000300C61431
S315800066A48F0108F18611370168106E038FB181114D
S315800066B486F0FC24C64209C0420808818204A0727E
S315800066C46F000300C6148F0108F186113701681024
S315800066D46E038FB1811186F0FC24C64209C043083B
S315800066E408C1B01F8204A0726F000300C6148F0114
S315800066F408F18611370168106E038FB1811186F017
S31580006704FC24C64224E2FD30B47F9F05ABFFDA0049
S3158000671449AF100AA03290AC8B3F000140658630A9
S3158000672440F4B04FA03E0202445132520F21001071
S31580006734344114C10442C62124C1FCE6C21FFD2093
S31580006744EC7F9F0338FF40AFA03240F4B04FA035B2
S31580006754144F107C14CF244FFC5CFC28D80C49A21F
S31580006764100AA03444FF642FFC4E820240AF49A233
S31580006774100AA03414FF8F8F0100081F8F0F01F0B9
S31580006784A6F0082F8F8F00F0A6F0083FA6F08F3270
S3158000679420F00FF000108B0F02F1325F0FF0000033
S315800067A4A6018F811EF034FF8F011FF02CF18F819B
S315800067B41FF02CF2C21228316421B04FFD40DC7FD9
S315800067C4496F100ADA0049A2100AA03490A78B3FB9
S315800067D4000140F686304025B042A03C0202446166
S315800067E432520F210010345114710452C62124717F
S315800067F4FCC6C21FFD40EC7FD80D40A2A0344025C4
S31580006804B012A036095F440024FFFC6DFC49009059
S3158000681420086D00496BA0046D00DEB56D00D0B60E
S315800068246D00A68E6D002A6D6D00AE9D6D000C9771
S315800068346D00468D40A46D00339D6D00378D54AF39
S31180006844DF2FF67FDF22F47F1D004C6BF7
S30B80006850A0041D00D330F8
S30780006856FFFFBC
S31580006858A0046D00F51EA0046D004601A0046D001D
S31580006868ED07A0046D00961291000048D9447CF388
S309800068781D00F4A0E5
S3098000687C1D00146CF5
S31580006880144F5E231D00BA4C5E131D00D74CEE03D9
S30B800068901D00C44C0090BF
S30780006896FFFF7C
S31580006898910000F7D9FF406054FF20081E14DF2FAF
S315800068A83C00009091000027D9224460542FEE05C1
S315800068B8DA01742F6DFFE0FF820440A46D00B206F2
S315800068C8DF022A80821449A4010A6D00AB06DF0222
S315800068D8238091000027392F6FE0DE1D14AFEE1B51
S315800068E80CA1EE19820482256D00C20082148225CD
S315800068F86D00BE00820402456D00DA20820482257E
S315800069086D00E610821482256D00E2106DFF9EFFF1
S30F80006918DA0274FF00901D003B00B8
S30780006922FFFFEF
S31580006924DA0C7E47F656910000F7DA01E9FF6FE04C
S3078000693400904B
S30780006936FFFFDB
S31580006938025F820034506D00E96B6E06910000F7A5
S31380006948DA01E9FF6EE06D001D00820200900C
S30780006956FFFFBB
S31580006958910000F7DA0159FF40606D009FA96DFF2D
S3158000696857FF6D00899F6DFF75FF6D00599F8202E5
S30780006978009007
S3078000697AFFFF97
S3118000697C910000F7DA01E9FF70E000905E
S31180006988910000F7DA01E9FF71E0009051
S31580006994910000F7D9FF70E014FF2008DF1F2E80D6
S315800069A4910000C7D9CC72E014CFEE1A820440A4B9
S315800069B46D003A06DF022280820449A4010A6D0032
S315800069C43306DF021B8014AFDE280CA1DE26DA0133
S315800069D434CF91000047D94448601D0033A049A4B0
S315800069E4020A6D00D74F91000027392F71E01E13DC
S315800069F40CA25E24DA0034FF0090910000F719F4AB
S31580006A0448603B4001506D0007A0DF1204801D00E2
S30980006A14D15D00903A
S30F80006A186100060014FF16F00070FE
S30780006A22FFFFEE
S31380006A24911000F7D9FFA09901F400F60070DA
S30780006A32FFFFDE
S31580006A3461FFF2FF960134FF910000F899FFF82078
S30B80006A44BCF2DC0F00909D
S30780006A4AFFFFC6
S31580006A4C61FFECFF765A370568F0864F370F680082
S31580006A5C14FF160FA6F034F0910000F899FFFC2075
S30B80006A6CBCF2DC0F009075
S30780006A72FFFF9E
S31580006A74910000F799FFA4608218C8D2C89F0124A8
S31580006A840026142F9110002790FFD922A099012463
S31580006A9400C65F580700DF250E00DF3513003C2152
S31580006AA4081482256D00E600DF121C0014CF16F050
S31580006AB43C16081482056D00DD00DF1213003C10BD
S31580006AC414CF081416F086CFBA1F861F92156D0050
S31580006AD4D100DF12070014CF16F0960134CF820856
S30980006AE40282009014
S30980006AE81DFFB2FF57
S31580006AEC910000F8D9FFC03091000027B52FA46023
S31580006AFC82019100002748AF08A0D92230416E054B
S31580006B0C60F4B0F46421FC4FDA3091100027D9225E
S31580006B1CA09976056004B0F4242FFC4F09FFC808B1
S31580006B2C91000027D92220416E060210C2FF60FF19
S31580006B3C6420FCFF911000F7DA01E9FFA29900901E
S31580006B4C911000F7D9FFA09901F400F614FF00709C
S31580006B5C61FFF8FF8F0F0F018FC03FF01E2382124B
S31380006B6C0090370568F08202A6F034F00090A3
S30780006B7AFFFF95
S31580006B7C404F086F91100027D922A099102609FF43
S31580006B8CC40854F1910000F799FFA460B701024F35
S31580006B9C20188F211E50C854D4F282005044146F92
S31580006BAC0941C008C8148641012100268F0F0F1198
S31580006BBC404F86C10B001028DF212680160F1E122F
S31580006BCC5E328210DF002000542FEE1CDAFF092083
S31580006BDC06090922C408ABFFBFF042F060028F425F
S31580006BEC20F0104F086F8FFF000186CF265F7E0541
S31580006BFC482F7E4382133C07C21237027020FC203A
S31580006C0C3C028203DF031E00095FC808ACAAACA451
S31580006C1CD45289A28C09F4A214F0DA113E03DA104C
S31580006C2C7E0991000027D922204101220226DA0111
S31580006C3C742F09FF02096E0540A540F41D0004005F
S30780006C4C009030
S30780006C4EFFFFC0
S31580006C50910000F799FFA460C8EF094F020990FFE1
S31580006C60D4FF0944CE0840542D0F000082020090C4
S30980006C701DFF86FFF9
S30980006C741D00302029
S30980006C781D001E1F38
S31580006C7C910000F899FFF420A0027DF20300DC0F4E
S30780006C8C0090F0
S30780006C8EFFFF80
S31580006C90910000F799FFA460C8C2C87F012401262D
S31180006CA0092FC008538F22F010FF0070EF
S31580006CAC820261FFF1FF09FF6508EE08094FC808EB
S31580006CBC09F066080BF050F1EA12F6231D00040069
S30780006CCC0090B0
S30780006CCEFFFF40
S31580006CD020108212910000F8D9FFD48040A209F0DA
S31580006CE048018920480144FF642F820061FFD2FF5A
S31580006CF0D4F2D4220924C408D422142F9110002758
S31580006D00D922A0991022142F8FFF001116F086CF5A
S31580006D10DF2F2480DF3122804861BAF16A10094F63
S31580006D20C80809F166080B1F9011B70002FF7801A9
S31580006D30B70002FF09F00A098FE00100A60F78016B
S31580006D4009FFC408ACA4D44FF4AF89A10A0840A4B3
S30F80006D506D003A008B0220220090AD
S30780006D5AFFFFB3
S31580006D5C910000F799FFA460C8C2C87F0124012660
S31580006D6C092FC008538F22F010F4D44FD4FFD4FFD0
S31580006D7C14FF911000F7D9FFA09910FF094F5C08FA
S31580006D8C6E0991000027D922304101240226DA01AE
S31580006D9C742F09459409A0027D52070014FF160F23
S30D80006DAC5E331D000300009018
S31380006DB4CC450944C6082D0F000082020090CF
S30780006DC2FFFF4B
S30980006DC41D008E1F7B
S30D80006DC86100240074FF0070D5
S30F80006DD0910000F7D9FF06610070FC
S30780006DDAFFFF33
S30F80006DDC91000027D9222A51007089
S30780006DE6FFFF27
S31380006DE891100027D922B39901280026007049
S30780006DF6FFFF17
S30F80006DF891100027D922BD99007082
S30780006E02FFFF0A
S30F80006E0461001E0001F900F600701F
S30780006E0EFFFFFE
S31380006E1061002E0010FFDA00ACF2DA0200708C
S30780006E1EFFFFEE
S30D80006E20D4FF01FA00F60070B0
S30F80006E2891000027D9220661007050
S30780006E32FFFFDA
S30F80006E34536820F061001A00007018
S30780006E3EFFFFCE
S30F80006E40911000F7D9FFB199007098
S30780006E4AFFFFC2
S31580006E4C91000027D92208519022824074209110FB
S31380006E5C0027D92281A91022820534250070D4
S30780006E6AFFFFA2
S30F80006E6C910000F7D9FF2A5100704B
S30780006E76FFFF96
S31580006E7891000027D9221A5190228210742061FF2E
S30F80006E88D1FF9022742508F40070F3
S30780006E92FFFF7A
S31580006E94911000F7D9FFAD9910FF821034F0D4CF4A
S30D80006EA461FFBEFF08D00070FB
S31180006EAC910000F7D9FF384190FF00707C
S30D80006EB861FFBEFF10FF0070B0
S31180006EC061FFC0FF01F800F614FF0070AF
S31180006ECC61FFAAFF09F4CA088235007035
S30D80006ED8D4CF01F900F6007029
S31580006EE0024F910000C7D9CCAC60534F21A0D4CFBC
S31580006EF08209029801FA00F661FF80FF102D3C148A
S31580006F00D4F282250128002614246DFFB5FDDF12F8
S31580006F10068014D0C21034D03C0AC2193709689052
S31580006F20C2183708688008D03F08ECFF08D05F0990
S31580006F30238061FF4FFF90F261FF84FF10FF14F002
S31580006F40DF101780820034F034D0911000F7D9FF1B
S31580006F50A99910FF14F0D4CF01FA00F608EF7FF05C
S31580006F600580DA03742F0090DA06742F0090DA0514
S31580006F70742F009014D0911000273921B8993F10B2
S31580006F80098061FF65FF34D561FF78FF1D0076A516
S30780006F900090E9
S30780006F92FFFF79
S31580006F940249910000F7534921F099FFAC60820AB7
S31580006FA410FF61FF41FF012902C654C061FF24FF1F
S31580006FB4012900D69110002714D13922B8997F214E
S31580006FC445808241DF401A00DF50178061FF1AFF37
S31580006FD414F0DF103100536920F061FF47FF10FF82
S31580006FE49100002709FFC408B92010513F0F05807E
S31580006FF4DA0374FF74C1009002A83C14D4F282258B
S315800070040128002614246DFF35FDDF12068014DF67
S31580007014C21F34DF3C0AC21A370A68A0C21837086E
S31580007024688008DF3FF8ECFF08DF7EAE61FFEAFE8A
S3158000703414FF5E1402941D006F06DA0574CF53693B
S3158000704420F061FFC1FE009091000027D9220851EB
S3158000705401290226DA04742F91100027D92281A9E6
S31580007064012900268205342591100027D922A59965
S3158000707401290026536920F034D5342561FFAEFEFC
S315800070841022DA03742F91000027D9221A5101297C
S313800070940226DA01742F74C508F41D00EDA4DF
S307800070A2FFFF68
S315800070A4024F910000F7534F210099FFAC6082098B
S315800070B4029801F000F661FF9FFE102C3C14D4F276
S315800070C482350128002614246DFFD4FCDF12068045
S315800070D414C0C21034C03C0AC21937096890C21859
S315800070E43708688008D03F08ECFF08D05F0919800C
S315800070F461FFDCFE91100027D922B1991022142059
S31580007104DF100880DA00342F34CFDA0274FF00905F
S31580007114536F20F0821074F061FF56FE009014C005
S31580007124911000273921B8993F100F8061FF8EFE98
S3158000713491100027D922AB99102234C5342561FFDA
S30D800071449BFE1D0099A400903A
S3158000714C0248910000C753482190D9CCAC602010DE
S3158000715C61FFBEFEF80161FF37FE01F802F6F80208
S3158000716C910000E754FA910000F7D9FF384101F8F5
S3158000717C02D6D9EEA860D4EF54D0D4FF01F900F62C
S3158000718C08DFBF2F1480DF0012806DFF87FF54D07D
S3158000719CDF200D80D802824A74FA61FF89FE40F2A4
S315800071AC820189218404822174F1D4EFD4FF01F900
S315800071BC00F608DFBF2F5780911000F7D9FFBD99D5
S315800071CC01F80056911000F7145F39F1B8997F1FBA
S315800071DC2480DF10488061FF29FE10F24924040ABE
S315800071EC61FF6AFE5E1CDA0034FF822074D0345F45
S315800071FC8241D80274F1B44F74203C34092FC408F0
S3158000720C910000F7B9F010513F0F2D80DA03742FDF
S3158000721CDA0074DF3C27910000F7D9FF085101F89A
S3158000722C02F6DA0474FF911000F7D9FF81A901F8F0
S3158000723C00F6820534F5911000F7D9FFAB9901F869
S3158000724C00F6345534F5910000F7D9FF1A5101F840
S3158000725C02F6DA0174FFD80274F5D80108F46D00D1
S3158000726C07A4DF4A058002841DFF36FEDF5A308074
S3158000727C61FF22FEDE1EDA0034FF911000F7D9FF83
S3158000728CBD9901F800F634FF61FF22FE08EF9110DC
S3158000729C00F7D9FFA99901F800F614F07FF0068063
S315800072ACD802DA0374FF0090D802DA0674FF0090D5
S315800072BC61FFFEFD09FFC408910000F7B9F010517B
S315800072CC3F0F0580D802DA0474FF0090DF3A040081
S315800072DCDF6A6F8061FFFCFD91100027D922A99986
S315800072EC0128004608EF14407FF014805368201064
S315800072FC61FF70FD012100D609F1C40849DE040A3C
S3158000730C09D2C40861FF6CFD142342317F1215002B
S3158000731C3FF04E80536820F061FF5CFD102D09FF15
S3158000732CC60849DE040A09D1C40861FF59FD142236
S3158000733C422F3FF13D00DF3A0780DAFF7FF0048071
S3158000734CC2103440DA0374DF820A08DF6E14D4CF9D
S3158000735C823501F900F6D4FF01FA00F614F46DFFBC
S3158000736CF9FBD4CFC21A370A68A001F900F608DFF8
S3158000737C3FFAEFFF61FFACFD08F482256D0078A320
S3158000738C911000F7D9FFAD9901F800F6DA0234FFB7
S3158000739C8210D80274F034AF61FF9AFD08F440A4D1
S315800073AC6DFF6AFADA00B4EFDA0274DF00908208B5
S315800073BC910000C7D9CC00513C0FD4FF01F800F6E0
S315800073CC14F401C402F654FF1E2482256DFF4EFB75
S315800073DCC21837086880D80108DF3FF8F0FF0090A4
S315800073EC910000C7D9CCA860D4CF2008C81F01F45F
S315800073FC00F614FF910000F7534F21A0D9FFAC6023
S3158000740CF80161FF09FD91100027D922A799102D4B
S3158000741C91100027D922A399102214D8142061FF29
S3158000742CFFFC902E91000047D9440851904491104E
S3158000743C00275441D922AB99102254E9DF111880C8
S3158000744C8200342091100027D922A599102234D09D
S3158000745C82103420824074E0823509F4CA086D00AB
S3158000746C15A3536F20F061FFABFC00908211342181
S3158000747CDF10388002F46D006100DF023480DF1982
S3158000748C0400DF29288008F482356D00F1A261FFA3
S3158000749CFDFCBF20068061FF05FD82003C0C82400E
S315800074AC74E0536F200061FFDDFC01F000F6820072
S315800074BCA820822074F0821034A0D80161FFACFC25
S315800074CC08F440A46DFFD8F9D80161FFFBFC6D0070
S315800074DCDDA2911000F7D9FFB99910FFDA0134FFBC
S315800074EC0090DF082980821034D0DF190400DF2950
S315800074FC238008F482356D00BBA261FFC7FCBF20D8
S3158000750C068061FFCFFCDA003C07536F20F0824087
S3158000751C74E061FF79FC74FFDA0134AFD80161FF46
S3158000752C7BFC08F440A46DFFA7F9D80161FFCAFC67
S30B8000753C1D00ACA20090C8
S30780007542FFFFC3
S31580007544911000F7D9FFB99901F400F614FF5E157E
S31180007554DA0234FF82020090821200905E
S3118000756091000027D92200519022007073
S3158000756C910000F799FFA860024F91100057D955EA
S3158000757CAF99C81F1054820410FF024014F1910079
S3158000758C00F75341212099FFAC6001F200F682127C
S3158000759C3442DF35058061FFDFFF7422DF250680EC
S315800075AC61FFDAFF82227422DF15068061FFD4FF29
S315800075BCDA03742F08D2BF2229800243022FC2FF1E
S315800075CC60F2D4F401430046C213144F1054144F86
S315800075DCBA1F42F037006800FC255F201680911098
S315800075EC0027D922B19901210026DA01342F0240D5
S315800075FC3C08D4F201200026C210142F10523424D9
S3158000760C08DF3FF0F8FF0090911000F7D9FFB19991
S3118000761C01F100F6DA0134FF34440090DE
S31580007628404C82186D00FE03911000F7D9FFBB9974
S3158000763801F200F614FF911000F739F0B599DF10C2
S315800076480C806E0A911000F7D9FFAD9901F200F609
S30F80007658820814FF34CF02820090EE
S30780007662FFFFA2
S31580007664910000F799FFA860534821F0D4FF10FFDA
S31580007674DAFF08C03E03DA00345FDA03742F007041
S3158000768461003E0010FF91100027D922B19901288C
S30B800076940026142F007091
S3078000769AFFFF6A
S3158000769C6100320010F26100290001F80056145F77
S307800076AC0070E6
S307800076AEFFFF56
S315800076B0534821F0910000F799FFAC6010FFDAFF84
S309800076C008C0007008
S313800076C46100180001F800F6DA0134FF00704C
S307800076D2FFFF32
S313800076D409FFC40891000027B92010510070EC
S307800076E2FFFF22
S313800076E4092FC408910000F7B9F0105100700C
S307800076F2FFFF12
S30F800076F4911000F7D9FF83A90070FA
S307800076FEFFFF06
S31380007700536820F0910000F7D9FF2A510070DF
S3078000770EFFFFF5
S315800077100248910000F7D9FF1A5101F802C691106C
S3158000772000F7D9FFBD9901F80046911000F7144083
S3158000773039F1B89954C97F105680DF390B00DF794B
S315800077401A00DA0B5F9F2800DA0F5F9F37003C4FE5
S3158000775061FF9AFF5E17823074F0DA00342FDA0503
S315800077603C4261FFB9FF3F0F4380DA0374FFDA01C1
S315800077703C3661FF89FF5E17DA00342FDA0374FF27
S31580007780DA093C3161FFA8FF3F0F3280DA0374FFCC
S31580007790DA053C2561FF84FF5E1861FF65FFDA0D1F
S315800077A074CFDA00344F3C1C61FF9EFF3F0F208070
S315800077B0DA03742FDA093C1361FF72FF5E1961FFE9
S315800077C053FF8209344974C96D00D4043C1061FFAB
S315800077D08BFF3F0F0D80DA03742FDA0D74CF54C9F7
S315800077E03C06DA0102F974CFDA00344FDF190680DD
S315800077F002846D004F0654C9DF59068002846D00ED
S315800078002B0554C9DA097E9C61FF54FF7E0661FF11
S315800078105BFFDA0D74CF3C0402846D00170454C0FC
S31580007820DA0D7E0B61FF46FF7E0961FF4DFFDA00B0
S3158000783074CF02841D009E04009002841D005205B0
S31580007840910000F7D9FFA860206091000048D944D4
S31580007850E080F816F4F4910000F7D9FFAC60F815D3
S31580007860820B910000C7D442F4F2911000270C4A93
S31580007870E92FB89991000027094FC808F92F1051B0
S3158000788091000027D9222A51910000F7F4A2D9FF4E
S315800078900661F802911000F7D9FFA999F80102BF95
S315800078A0911000D709404B08911000E7D9CC0851B8
S315800078B0D9DDA399D9EE81A9DF00D7008238822944
S315800078C0911000F7D9FFA799F814911000F7D9FF06
S315800078D0B199F813911000F7D9FFBB99F812821A63
S315800078E0911000F7D9FFB999F811911000F7D9FFD7
S315800078F085A9F810910000F7D9FF1A51F80F910069
S3158000790000F7D9FF1251F80E910000F7D9FF3E51CA
S31580007910F80D910000F7D9FF2251F80C911000F76D
S31580007920D9FFB699F80B910000F7D9FF3651F80ABE
S31580007930911000F7D9FFBD99F809911000F7D9FF8A
S31580007940AB99F808910000F7D9FF3841F8079110F4
S3158000795000F7D9FFBF99F806911000F7D9FFB399C0
S31580007960F805911000F7D9FFA599F804824C61FFBC
S31580007970C3FEF80374C8534F2100D80264FBF80293
S31580007980D80124FBF80124D924EBD81410FF34FB4A
S31580007990D81310FF34FBD81210FF34FBD81110FF18
S315800079A034FAD81010FF34FBD80F90FF74FBD80E32
S315800079B090FF74FBD80D90FF74FBD80C90FF74FB7E
S315800079C0D80B10FF34FBD80A90FF74FBD80910FF40
S315800079D034FBD80810FF34FBD4AFA82B89FA0601F4
S315800079E0F4AFD80790FF74F9D80610FF34FBD8059A
S315800079F010FF34FBD80410FF34FBD815D4FF64CCB9
S31580007A0001F000F609A28C0908C010228BF00F0243
S31580007A103420820008D1DF011B000201910000277B
S31580007A20D922005191100047D944AF99D4F501501D
S31580007A300056C21014523700680001220256745153
S31580007A4001420056345B08D23F20F2FF09F4CA088F
S31580007A5002B56D0021A0D816C21F370F68F0D4FF7B
S31580007A6008B03F0F89FFDA01911000F7E9FFB59959
S30780007A700090FE
S30780007A72FFFF8E
S31580007A746100A8006100F00001280026142F007020
S31180007A846100AC0001FA02F654FF0070AD
S31180007A90910000C7D9CCAC60D4CF007048
S30F80007A9C91100027D922BD990070D1
S30780007AA6FFFF5A
S30F80007AA86100120101FA02F6007077
S30780007AB2FFFF4E
S31580007AB46100B40014F0911000273922B89900703F
S31380007AC409FFC40891000027B92010510070F8
S30780007AD2FFFF2E
S30D80007AD46100620008C4007025
S31580007ADC61009A0001F800F6DA0134FFDA030070CF
S30F80007AEC911000F739F1B899007087
S30780007AF6FFFF0A
S31180007AF8910000F799FFAC6010FF007051
S31580007B046100B000821174F16100B20001F800F6E0
S31380007B1434F16100950001F800F634F000703F
S30780007B22FFFFDD
S30F80007B2461004C003B9000100070D9
S30780007B2EFFFFD1
S30F80007B3061005000822074F000709E
S30780007B3AFFFFC5
S31380007B3C6100C80001F802F6DA0174FF0070DD
S30780007B4AFFFFB5
S30F80007B4C6100AC00DA0174FF0070DE
S30780007B56FFFFA9
S31180007B5861007A0001F800F614FF00704E
S31580007B64911000F7D9FFA99901F800F634FF007047
S30D80007B746100840034FF0070FB
S30F80007B7C6100300090FF54FF007096
S30780007B86FFFF79
S31380007B8891000027B92F105109F0C408007033
S30780007B96FFFF69
S31580007B98534F2100910000F799FFAC6001F000F681
S30780007BA80070E5
S30780007BAAFFFF55
S31380007BAC910000F7D9FF125190FF54F000703F
S30780007BBAFFFF45
S30D80007BBC6100740054F00070B2
S31180007BC4536820F06100620010FF007022
S30F80007BD06100640001F802F60070FF
S30780007BDAFFFF25
S30F80007BDC910000F7D9FF36510070C2
S30780007BE6FFFF19
S30F80007BE8911000F7D9FF81A9007003
S30780007BF2FFFF0D
S31380007BF461004C0010FFDA00ACF2DA0200707D
S30780007C02FFFFFC
S30F80007C04910000F7D9FF3E51007091
S30780007C0EFFFFF0
S30F80007C10911000F7D9FF83A90070D8
S30780007C1AFFFFE4
S30D80007C1C6100480010FF0070B2
S31380007C246100340001F100F6ACF274F00070DD
S30780007C32FFFFCC
S30F80007C3461FFE8FF90FF54F0007036
S30780007C3EFFFFC0
S30F80007C40911000F7D9FFAD9900708E
S30780007C4AFFFFB4
S30F80007C4C911000F7D9FFB19900707E
S30780007C56FFFFA8
S30F80007C5891100027D922B19900701F
S30780007C62FFFF9C
S30F80007C6461002E0001F802F60070A0
S30780007C6EFFFF90
S30F80007C70911000F7D9FFA399007068
S30780007C7AFFFF84
S31380007C7C911000F7D9FF85A901F800F6007077
S30780007C8AFFFF74
S30F80007C8C910000F7D9FF2A5100701D
S30780007C96FFFF68
S30F80007C98910000F7D9FF0851007033
S30780007CA2FFFF5C
S30D80007CA46100140090FF0070DE
S30F80007CAC911000F7D9FFBD99007012
S30780007CB6FFFF48
S30D80007CB861FF9EFF74FF00705E
S30F80007CC0910000F7D9FF06610070FD
S30780007CCAFFFF34
S30F80007CCC910000F7D9FF1A510070ED
S30780007CD6FFFF28
S31580007CD861FFC6FFDA0274FF61FF78FF74FF0070E8
S31580007CE861FF74FFDA0474FF61FF7CFF01F800F618
S30780007CF8007094
S30780007CFAFFFF04
S31580007CFC910000F7D9FF125101FA02F654FF007079
S31180007D0C61FF7CFF01FA02F654FF007054
S31580007D18024F2008534F218061FFB8FE01F800F614
S31580007D2861FF98FF10228200342061FFB5FE102281
S31580007D38536F201091100047342091100027D922C4
S31580007D48A5991022D94481A934209100002710448E
S31580007D58D9222A51012100268231742191000027D7
S31580007D681441D92206619022F61A61FF93FF90FF8B
S31580007D78824174F1742061FFE7FE009074208215B9
S31580007D8808F46D00779E61FF59FF10FFDA0134FF12
S31580007D9834AFD4CF01F800F608F440A41DFF6EF581
S31580007DA8200861FF63FF01F400F6DA0234FF61FF01
S31580007DB885FF01F402F6DA0074FF61FF75FF01F4AE
S31580007DC800F634FF61FF66FF01F402F6821574F54A
S31580007DD861FF34FF01F400F6534421F034F561FF66
S31580007DE855FE10FF08F46D00459E82083C0DD4CFE1
S31580007DF8821510FFD4FF01F800F614F46DFFACF677
S31580007E08C21837086880D4CF10FF08D03F08F1FF22
S31580007E18821034A0D4CF10FF08F440A41DFF2EF59D
S31580007E28910000F799F2A860820202200C2B8EFD41
S31580007E3860F49211B0F437016820D42F534021F0B2
S31580007E4810FF08FF7E4302020090C21037006800C8
S30980007E58FC450090CF
S31580007E5C024820085348219061FF16FE01F900D68E
S31580007E6C91000027D9221251012802E654EA61FFBB
S31580007E7C11FE012800F6F80114F061FF33FE7F1025
S31580007E8C8780DF2A0800DF4A2E00DF6A41001D004A
S31580007E9C88005368200061FFF5FE01F0004661FF03
S31580007EACB3FE01F800261420DF101180910000F734
S31580007EBC99FFA860D4FF01F900F608C0DAFF3E03EB
S31580007ECCDA00342FDA03744F3C150940C40891004C
S31580007EDC00F7B9FF10513FF06480DA03744FDA0172
S31580007EEC3C5361FFC3FD5E1CDA0374FFDA00342F4A
S31580007EFCDA0574EF02FAD801DA0034FF3C5161FFDF
S31580007F0CDDFD3F0F4E80DA0374FF3C3E61FF20FEA1
S31580007F1CDF1F3280820A34FA74EA8225D80134FA59
S31580007F2C09D44F086D00A49D61FFFEFDD801DA00CF
S31580007F3C34FF61FF13FE61FFE1FD3C0DD4CF82352A
S31580007F4C01F900F6D4FF10FF14F46DFF03F6C21F7F
S31580007F5C370F68F0D4CF01F900F608D03F0FF0FF49
S31580007F6CDA0234AF40A4D4CF01F900F608F46DFFE1
S31580007F7C83F43C1661FF22FE61FFA0FD3F0F11804A
S31580007F8CDA0374FFDA0574EF02FA3C0A820A74EAA1
S31580007F9CD80134FA61FFA4FE34FA61FFCBFDDF1AF7
S31580007FAC1080D4CF01F900F608C0DAFF7E0561FF98
S31580007FBC91FD74EF3C0402846D00420054EADF3A72
S31580007FCC068002846D00600254EADF5A3780028490
S31580007FDC6D00CC0154EFEE31D801DA00822534FFE6
S31580007FEC09D44F086D00449D61FF9EFD61FFB6FD6F
S31580007FFC5368201061FF12FE61FF80FD02F83C0E73
S3158000800CD4CF823501F900F6D4FF01F800F614F4CA
S3158000801C6DFFA0F5C21837086880D4CF01F900F639
S3158000802C08DF3FF8EFFFDA0234AFD4CF01F900F660
S30F8000803C08F440A41DFF20F4009014
S30780008046FFFFB4
S31580008048024F61FF27FE90FC910000F7D9FF22516D
S3158000805890FD911000F7D9FFB69910FE821054C88A
S3158000806874D034E061FF34FD82056DFF03F6DF02CC
S31580008078428061FFCBFD10FF14F0DF102080820064
S3158000808834F0DF48098061FF4BFD5F1005803BD0E7
S3158000809800003C0EDF68068061FF86FDDF10080061
S315800080A8DF58088061FFC4FDDF100480823074F0D9
S315800080B861FFB2FDDA0034FF0090DF48098061FF76
S315800080C82FFD5F1005803BB000003C0EDF68068000
S315800080D861FF6AFDDF100800DF58088061FFA8FD90
S315800080E8DF100480822074F0536F20F061FFE2FD78
S315800080F80090820174D134E161FFDAFC3F2032803E
S3158000810834F1DF480C8091000027D9221A51902239
S3158000811854203B9000105F102200DF680A8091008F
S315800081280027D922125190225420DF100C00DF58E4
S31580008138188091000027D9223E5190225420DF10C2
S3158000814810808200742034F0824174C161FF4AFD38
S3158000815810FF34F061FFB8FD90F2DA01742F0090B9
S30B80008168C21034F0009005
S3078000816EFFFF8B
S31580008170024F911000F7D9FFBB9910FF821034F09F
S3158000818061FF0CFD08F482056D00789C61FF86FD19
S3158000819091100027D92285A9102290FF1420DF1084
S315800081A00980825074F061FF2FFD90FFDA013C0256
S30B800081B0DA0074FF009066
S307800081B6FFFF43
S315800081B802492008534921A061FF68FC01FA00D6CC
S315800081C882080CDD6E14D4C28235012A0026D42F8B
S315800081D801F800F614F46DFFBFF4D4CFC21837083F
S315800081E8688001FA00F608DF3FF8EFFF61FF52FD6D
S315800081F801F902F6822074F0911000F7D9FFA99947
S3158000820801F900F6DA0034FF5369201061FF08FD92
S3158000821861FF54FD01F902F6DA0174FF61FF26FD5C
S3158000822801F900F634FF61FF09FD01F900F640A463
S3158000823834F034A0D4CF01FA00F608F46DFF1EF3AB
S30F8000824809D44F0882251D00159CFD
S30780008252FFFFA6
S31580008254024A534A21F0820861FF4EFC028961FF7B
S315800082641DFC012A00C63C14D4F28215012900267D
S3158000827414246DFFFFF3DF12068014C0C21034C0CD
S315800082843C04C21837086880C2193709689008DF29
S315800082943FF9ECFFFE8661FF07FC61FFDDFC012AE6
S315800082A40026142F5E1782003420DA0974FF34C046
S315800082B40090DA0774FF536A20F061FF9BFC3C0D43
S315800082C414CF911000F739F0B8993F0F0880DA007F
S311800082D434CF61FFE9FBDA0174FF0090F3
S315800082E0024F910000F7D9FF225190FC911000F7C0
S315800082F0D9FFB69910FD823074C0821034D061FFE8
S31580008300EBFB82256DFFBAF4DF022780536F2000D6
S3158000831061FFBEFC01F000F691100047D94483A9A5
S315800083201044910000271440D9221A519022DF1060
S315800083300D8082003440823174F161FF71FC02F459
S3158000834034F074201DFF16FFDA0F742FDA00ACF2BA
S31580008350DA0274FF0090820174C134D161FFACFBF4
S315800083603F20068034F161FFF3FB0090C21034F0A9
S307800083700090F5
S30780008372FFFF85
S31580008374024A534A21F0820961FFBEFB910000271D
S31580008384D9220851012A02C6029854CB61FF86FB82
S31580008394012A00D63C14D4F282250128002614240E
S315800083A46DFF68F3DF12068014D0C21034D03C040B
S315800083B4C21937096890C2183708688008DF3FF801
S315800083C4ECFF5F9F3C8061FF41FC01FA00F614FFDD
S315800083D4DE1B820034F034D0DF6B078061FF8EFCB5
S315800083E45E5374F00090DF5B088061FF8FFC5E54FF
S315800083F4020F74FF0090DA097EB661FF43FB5E3399
S31580008404020F74FF0090DF6B078061FF77FC5E5379
S31580008414DA063C0EDF5B078061FF78FC5E53DA0682
S315800084243C07DA097EB661FF2DFB5E33DA0474FFFE
S31580008434536A20F061FF40FC009014DF911000F72E
S3158000844439F0B8993F0F238054C0DF60058061FFFF
S3158000845455FC1E56DF50128061FF58FC5E5EDA00C2
S3158000846474FFDA0474CF61FFBFFB01FA00F6DA0009
S3158000847434FF61FF19FB3C06DA097E0661FF02FBC5
S311800084845E33DA0174FFDA0034DF00900A
S31580008490024F820961FF82FB91000027D922085191
S315800084A0902C029854CA61FFFBFA102D3C15D4F229
S315800084B082350128002614246DFFDEF2DF12068045
S315800084C014D0C21034D03C058B1900003700689058
S315800084D0C2183708688008D03F08EBFF5F095980CB
S315800084E061FFB6FB10FF14F0DF102A80820034F0A3
S315800084F034D0DF4A098061FF63FBDF100580DA052F
S3158000850074FF0090DF6A098061FF52FBDF300580CF
S31580008510DA0574FF0090DF5A098061FF8DFBDF303A
S315800085200580DA0574FF00903B9000005F0A0780A3
S3158000853061FF26FB5E13DA0374FF0090DF4A088032
S3158000854061FF3EFBDF10048082303C1CDF6A0880BE
S3158000855061FF2EFBDF30048082403C14DF5A0880A6
S3158000856061FF6AFBDF30048082403C0C3B90000058
S315800085705F0A0A8061FF34FB90FF54F0DF100480AD
S31580008580822074F0536F20F061FF98FB009014D026
S3158000859061FFAEFA3F102B80DF4A068061FF10FB39
S315800085A0DF102100DF6A068061FF02FBDF300800F2
S315800085B0DF5A128061FF40FBDF300E80820074F04C
S315800085C0824074C061FF12FB10FF820034F061FFAD
S315800085D06BFB3C083B9000005F0A078061FFD0FA86
S311800085E05E13DA0174FFDA0034DF0090CD
S315800085EC024861FFF7FA01F802C654C961FF5AFBCB
S315800085FC01F80046144061FF75FA7F104780DF2929
S3158000860C0500DF4914003C4561FF30FA5E1882395B
S3158000861C74F98200342074C934403C3B61FFB0FA53
S3158000862C3FF03880DA0374FF3C3261FF1FFADF1F9C
S3158000863C2680DA0374FF82093429029A74C9534856
S3158000864C21B03449910000D7D9DDAC603C0ED4DF23
S3158000865C823501FB00F6D4FF01FA00F614F46DFFA7
S3158000866C79F2C21A370A68A0D4DF01FB00F608DF5C
S3158000867C3FFAEFFF61FF2CFB3C0C61FF1FFA3F0FAB
S3158000868C0980823974F93C04DA00344F821974C932
S3158000869CDF19068002846DFFF7FE54C9DF3924800A
S315800086AC02846DFF63FE54CFEE1E8209910000C7D3
S315800086BC534821A0D9CCAC603C0ED4CF823501FA7C
S315800086CC00F6D4FF01F900F614F46DFF43F2C219DB
S315800086DC37096890D4CF01FA00F608DF3FF9EFFF2F
S30B800086EC61FFF6FA009022
S307800086F2FFFF02
S315800086F4024861FF87FA01F802C654C261FFD6FABE
S3158000870401F800D614D061FFF1F97F105E80DF2274
S315800087140700DF422D00DF6240003C61536820F091
S3158000872461FFB4FA10F261FF73FA01F80046144F40
S31580008734DE12910000F799FFA860534821F0D4FF18
S3158000874410FFDAFF08C03E03DA00344FDA03742FD1
S3158000875474CF3C2A0920C408910000F7B9F110515E
S315800087643F103E80DA03742FDA013C2B61FF82F9D5
S315800087745E18DA0374FFDA00342FDA0574CF3C14FA
S3158000878409F0C40891000027B92110513F102880B0
S31580008794DA0374FF3C1661FFDFF95E1ADA0034FFF0
S315800087A474CF61FFE7F954C2820034D03C1861FF6C
S315800087B409FA61FFE9F93FF01380DA0374FFDA05F9
S315800087C474CF02F23C0C820274C261FF57FA34F20F
S315800087D434D261FF89FA34F261FFB0F9DF12108076
S315800087E4534821F061FF88F908C0DAFF7E0561FFEE
S315800087F475F974CF3C036DFF27FC54C2DF320680C3
S3158000880402846DFF45FE54C2DF520B8002846DFFE5
S31580008814B1FD54CFEE05DA0034DF61FFABF9009089
S31580008824910000F7D9FF08512030F801910000F734
S31580008834D9FF3651F804911000F7D9FF81A9F803BE
S31580008844910000F7D9FFA860F805820B910000C754
S31580008854D4FF02BC911000D7910000E708BFD9CCA1
S315800088642A51D9DDA399D9EE0661DF0FC90091009B
S3158000887400F7D9FFAC60F802910000F7D9FF3E51AA
S31580008884F808911000F7D9FFA599F807911000F719
S31580008894822DD9FFBF99F806534C21F07809D80266
S315800088A4D4FF10FFF80AD80154E954F8D80444F0E8
S315800088B4F804D80304FAF80354CF14DE5E2509CFEE
S315800088C4C408C21FACC2760402C46DFF8FFE37088B
S315800088D468F03EA50BCA10486D00A000D80801FCBC
S315800088E402F654FF6E0402C46DFF04FFD80701FC30
S315800088F400F614FF5E1402C46DFF4CF314DFDF1F11
S315800089042D80DF192B80D80A09CFC40809F0C8083E
S315800089147FF02480D802580902B5D4FF10FF09F4E9
S31580008924CA086D00B798911000F7D9FFAB9901FC7E
S3158000893400F6DA0274EF34FB911000F7DA03D9FFFC
S31580008944A99901FC00F674CF34FB911000F7D9FF86
S31580008954BD9901FC00F634FBD80601FC00F614FF31
S31580008964DE1A34DD8208D80A08DF6E3BD4FF01F8AC
S3158000897400F614FF823502F46DFF7CF0820502F462
S315800089846DFFECF0C218D80A3708688008DF3FF814
S31580008994EFFF3C27DF1E1680911000F7D9FFAB99B5
S315800089A401FC00F614FF1E19911000F7D9FFA79950
S315800089B401FC00F614FF6E0502C46DFFC7F33C117B
S315800089C4D80154FFEE0E911000F7D9FFAD9901FC42
S315800089D400F640A434FB34ABD80A08F46DFF50EF9C
S315800089E4D801C21CB06C370C68C0B01DB04FF801FA
S313800089F4B04ED805D4FF08BF3FFC50FF009060
S30780008A02FFFFEE
S31580008A04910000F7D9FF125101F802F654FFEE03E4
S30B80008A14821074F0007070
S30780008A1AFFFFD6
S31580008A1C0248910000F7D9FF085101F802F654FF7D
S31580008A2C5E67DF25068061FFE9FF1DFF13FA5E2571
S31580008A3CDF1504801DFFB4F95E17DF25068061FF04
S31580008A4CDDFF1DFFB5FB5E2276535E1FF65E824010
S31580008A5C74F0534821F0910000F799FFAC6010FF39
S31580008A6C08F46D0005983C035E4FF65E910000F7A6
S31580008A7CD9FF1A5101F802F654FFEE03DA0174FF9E
S30D80008A8C02841DFF41F60090F3
S30D80008A946100180014F4007063
S30F80008A9C61000C00DA0034FF007060
S30780008AA6FFFF4A
S30F80008AA861000600DA0234FF007058
S30780008AB2FFFF3E
S31380008AB4911000F7D9FF81A901F200F600703B
S30780008AC2FFFF2E
S31380008AC4911000F7D9FFAB9901F200F6007011
S30780008AD2FFFF1E
S31580008AD4025982086DFFA8F9910000F7D9FF085161
S31580008AE401F20226910000F7D9FF066101F202F62F
S31580008AF4542054FF910000F7D9FF365101F202F653
S31580008B0454F1911000F7D9FFBB9901F200F614F3E2
S31580008B14DF130F80DF200D80F69B1E3A1E691E48E8
S31580008B241E5761FFB7FFDF140400DF013500DF1332
S31580008B341180DF200F80F69D1E3C1E6B1E4A1E5937
S31580008B4461FFA8FFDF140600F61461FFA7FF3C6FE0
S31580008B54DF131480DF201280DF1910801E3E1E6D05
S31580008B641E4C1E5B61FF96FFDF140800F61661FF3C
S31580008B74A1FFDA0134FF3C5BDF131380DF10118021
S31580008B84F69F1E3E1E6D1E4C1E5B61FF83FFDF1427
S31580008B940800F61661FF82FFDA04742F3C48DF135F
S31580008BA41280DF101080DF290E801E3C1E6B1E4A49
S31580008BB41E5961FF6FFFDF140600F61461FF74FF10
S31580008BC43C36DF130E80F60CDF290B801E391E68B7
S31580008BD41E471E5661FF5EFFDF140300761FDF13F8
S31580008BE41380DF501180910000F7D9FF3E5101F2C6
S31580008BF402F654F4F648DF29078061FF55FFDA064A
S31580008C04742F3C15DF131380DF601100DF400F00E3
S31580008C141E3D1E6C1E4B1E5A61FF54FF14FF1E160A
S31580008C24F61561FF47FF34F93C02821802820090F0
S31580008C34910000679966A86082009110002702015E
S31580008C44910000F702029100004791100057D92243
S31580008C54B69999FFAC60D9442251D95583A94966FE
S31580008C640B0A3C1A08CFFE42F65382103C07DF15E6
S31580008C74048082203C03BA25AA30544F7E06142FE2
S31580008C8482105E13345034220090C211B01249FF10
S31380008C94140AB044B015146F3FF1E6FF00904D
S30780008CA2FFFF4C
S31580008CA482190290610038001E143B0002703C0950
S31580008CB461002C00087F0BF83011DA30AB0FA071FD
S30780008CC40070B8
S30780008CC6FFFF28
S30F80008CC8910000F7D9FFB08000701C
S30780008CD2FFFF1C
S30F80008CD4911000F7D9FF8CA90070FB
S30780008CDEFFFF10
S30F80008CE091100047D94488A900705E
S30780008CEAFFFF04
S30F80008CEC911000C7D9CC88A900704A
S30780008CF6FFFFF8
S30F80008CF891000028D922E8D0007010
S30780008D02FFFFEB
S30D80008D043B300240820500703D
S30F80008D0C910000F799FFBC8000700B
S30780008D16FFFFD7
S30F80008D18911000F739FF87A900705B
S30780008D22FFFFCB
S31580008D24538F21F091000027D92280901022007061
S31580008D3461FFF2FF1E143B0002703C0A61FFE6FFEE
S31580008D4409FFC4080BF83011DA30AB0FA07100703C
S30F80008D54911000F7D9FF88A900707E
S30780008D5EFFFF8F
S31380008D6091000028D922C4C01022142F007062
S30780008D6EFFFF7F
S30F80008D7061FFCAFF3B20046000701B
S30780008D7AFFFF73
S30F80008D7C61FFECFF01F800F60070BD
S30780008D86FFFF67
S31380008D8853C820F061FFC0FFC83F10FF007087
S30780008D96FFFF57
S31580008D9891000028D922E490910000F7B5F2BC80B2
S31580008DA8DA0061FF8FFF2CF134FF142061FFD0FFBA
S31580008DB876056004B0F424FFFC4F092FC40861FFD0
S31580008DC887FF82408EF560F2B0F224F0FC2F911076
S30F80008DD800F7DA01E9FF87A9009091
S30780008DE2FFFF0B
S31580008DE461FF9AFF1E1861FF8DFF82663B00027049
S31580008DF41D00E446821061FF67FF14F1081FA21F5D
S31580008E046E08C21134F1820014FF160710FF08247D
S31580008E14911000D7D9DD88A9F60B01D400269100DC
S31580008E2400F8142FD9FFD4E090FFD4FFDC0F82081A
S31580008E34910000C7D9CCBC80910000E8D9EED4E07B
S31580008E443C0A04DF90EFD4FF02842D0F0000C21881
S31380008E5437086880D4CF14FF3FF8F5FF0090F2
S30780008E62FFFF8A
S31580008E642018404C89A48E08DA002CA42CAB8210DE
S31580008E7461FF52FF1E143B0002703C0861FF46FFEF
S31580008E8409FFC2080BF450718667767661FF70FF1E
S31580008E946D009446820076077CC761FF69FF82373E
S31580008EA41D008E460090910000D7D9DDBC80D4DFAA
S31580008EB4D4CE09AFCE08C82F8218D0FF7CE382387F
S31580008EC43C76DA002CA314F089A01508081F89AF14
S31580008ED41408481F6E0B04E489A40308C81F49A418
S31580008EE4140A49A5150A2D0F000014E08FC03F10FF
S31580008EF4FF415E8089A10408D4DFDF312F8009AF6A
S31580008F0454082CAC821009A15408087F7FF1118083
S31580008F1453C120F0C83210220C2591100027D92283
S31580008F2488A910221421DF31048082002CABDF0053
S31580008F343F8009AF5408C83F53CF20F010FF09FF84
S31580008F44CA08ACA8083F61FF0BFF2CA9081F1608A6
S31580008F548B0F20F22CA13C2A09AF55082CAC09A012
S31580008F645508086F7FF0248053C020F0C84F10FF47
S31580008F74085F2CAB09FFCA08ACA8082F61FFF0FE76
S31580008F842CA914FF16088B0F20F22CA114FF1601AE
S31580008F948B0F20F22CA214FF16048B0F20F234AF11
S31580008FA46E0576143B0009803C028208028776753A
S31580008FB461FFDEFE1D000446D4CF09A6490882055A
S31580008FC401F600F6025014FF3BF00F408FFF00714C
S31580008FD40CA40B5510283E09DF1F4300DF2F900099
S31580008FE4DF3FB5001D00C10061FF86FE09C0C808C9
S31580008FF4FF90158014200273426037006850DF07A3
S31580009004B4008B8500013F70B0800CA16E04DA0831
S315800090141D00A9001A751D00A6000C2108131261F3
S3158000902437016850DF07A1808B7600117F319D80E0
S31580009034A2503F309A000B360000DA3E3F0F9580EF
S315800090440B3500000CA16E08910000F8D9FFCCC046
S3158000905401F000F614F0370068401D00860009C050
S31580009064C808370068F03B800000BE063BC000009D
S31580009074BE033B000100BE003B4001003E0D3B8029
S3158000908401003E0A3B0002003E073B0003003E040B
S315800090943B0004007E0202F40B6480008B9FA012C6
S315800090A4A21037007080081F8F87002042F261FF6C
S315800090B423FEDF021A80082F8F8F0100083F8F0F4F
S315800090C40110084F42108F8F0020085F420242F23F
S315800090D40C2342F63BF0FFF0370668503F2F098099
S315800090E43BF00F403C050C2242F63706685014AF1D
S315800090F4EE037F823A803BF00F403C360CAB910006
S3158000910400F7538F21F0D9FF809010F20920CC0804
S3158000911489A706080CAB538F21F010FF0CA90814FD
S31580009124C21F370F68505A54370F68F07FF0058096
S315800091344250370068400CA16E17910000F8D9FFA1
S31580009144CCC001F400F614F43C0F89A705080CA9D9
S3158000915492103700685009A041087603DA083C0269
S31580009164C23F370F684089A40A0889A507080CA45A
S315800091742A2309CFC80889A392087F4F30800CA17F
S315800091846E1D0CA48B3F200261FFB0FD0CAB10CF8B
S3158000919414F1DF310400DA08FE11910000F8D9FFDA
S315800091A4F0D001F002F6D4FF09A4D00882152D0F61
S315800091B400000CAB10CFDA0034FF0CA16E090CA4AE
S315800091C41E1761FFD5FD3B0007701D00F74461FF44
S315800091D4CFFD3B000B701D00F3440CA4910000F8F6
S315800091E4D9FFF8D090FFD4FF40A440C52D0F0000CE
S30F800091F409A44B0882151D005702DE
S307800091FEFFFFEB
S315800092000248404C61FF50FD767761FF7DFD8236D6
S315800092106D00D6448200DF006E0061FFB7FD085FF7
S3158000922061FF82FD7CC3DA033C3B09C2C808F62392
S31580009230DAB03C3691000048083FD944C4C0104596
S3158000924014F114501A0282703FF0040082033C111C
S31580009250BF91078092203F01048082133C0ABF9110
S3158000926008803BF0FF007F20048082333C0282230B
S315800092700210081F2E2B083F10441441A210C2F082
S3158000928037006800AB1020033C058B9060028FC0CE
S3158000929000009AF00B2F5001DA90AB0FA0F06E0809
S315800092A061FF32FD823602F76D008C443C2385F0E7
S315800092B0100161FF17FD085F1045145F910000588B
S315800092C0D955C8E01055145FEE15892806088923FC
S315800092D00208820909CFC808AC273B1078F089209C
S315800092E010099BBF09F034296C25085F104FDA01FD
S30B800092F034FF029200909B
S307800092F6FFFFF2
S315800092F80248821061FF1CFD767861FF01FD3B0004
S3158000930804606D0059448200DF00180085F0100162
S3158000931861FFDEFC01F800C6910000F799F2BC8077
S3158000932814C8910000571421D95580907F1807805A
S31580009338538821F0105F3C030090405F7F180880B7
S3158000934861FFCCFC0148004614413C02820182221E
S31580009358DF212E00DF717580538821F06840105F09
S3158000936809229009086F53CF20F01022083F6E0417
S315800093781E183E2F3C6361FFFFFCDA0834FF3C5E13
S3158000938809FFCC088260EA0061FFF6FC34F03C569F
S31580009398910000F899FFF4D00924CA0882152D0F88
S315800093A8000061FFE9FCDA0034FF3C486840086F3A
S315800093B809228C0953CF20F010240C43144061FFF6
S315800093C8CDFCA2F0082F61FF95FC1022142FA2F085
S315800093D83700680009FFCC087F0F0480DA003C025A
S315800093E8A20FACF6082F5E49084FC21F160F2CF441
S315800093F809FFCA08C2FFACF509FFCC0891100027FF
S31580009408D92288A901280026EE0C820534259100E8
S3158000941800F899FFF0D00944CA082D0F00003C0EC9
S3158000942809FFCA086E04DA04342F3C08DA03342F9D
S31580009438538821F0105FDA052CF2DA0434CF8205DE
S30B8000944802841D002F01C5
S3078000944EFFFF98
S30D800094506100920014CF007048
S315800094583B30024082053BC000603B000B700070C9
S3158000946809FFC608911000F7D9FF8CA910FFDA0406
S30D8000947834FFDA0034CF0070E6
S3138000948014FF6100AB0009F4C8088215007065
S3078000948EFFFF58
S3158000949053C020106100CC0009229009012100E60A
S307800094A00070D4
S307800094A2FFFF44
S313800094A491000028D922C4C010221420007026
S307800094B2FFFF34
S311800094B46100A000C85F10FF482F007008
S30D800094C061007C00102200709F
S313800094C80CD3D4CF6E041E430CD224FF00704A
S307800094D6FFFF10
S30D800094D861009E00CC230070A8
S315800094E091100047D94488A9014400F614FF007002
S30D800094F061008200C83F007094
S315800094F891100027D92288A901240026142F0070EC
S30D8000950861007E0010CD0070A9
S3138000951008BF10D2DA00342F09F4D00800709C
S3078000951EFFFFC7
S30F8000952009C04B08538021F000704B
S3078000952AFFFFBB
S3138000952C910000F8D9FFC4C010FF14FF007034
S3078000953AFFFFAB
S3138000953C911000E7D9EE88A901E400F60070D0
S3078000954AFFFF9B
S30F8000954C911000C7D9CC8CA90070DD
S30780009556FFFF8F
S30F80009558610036003B000D700070C4
S30780009562FFFF83
S3138000956453CF20F0092294091022542F007054
S30780009572FFFF73
S31580009574538421F061005400484F85F01001911006
S313800095840027D92288A9012400C6A2F0007013
S30780009592FFFF53
S31580009594538421F010CF082F910000F8D9FFE0D032
S315800095A410FF14FF910000F8D9FFD0D090FFD4FFAC
S307800095B40070BF
S307800095B6FFFF2F
S30F800095B891000027D92280900070F0
S307800095C2FFFF23
S30F800095C43B3002408205826600708B
S307800095CEFFFF17
S30D800095D061002200CC2400702A
S313800095D891000028D922F0D09022D422007073
S307800095E6FFFFFF
S30F800095E891100027D9228CA900708B
S307800095F2FFFFF3
S313800095F453CF20F0910000F799FFBC800070E5
S30780009602FFFFE2
S31380009604538421F0910000C7D9CC809000706D
S30780009612FFFFD2
S3118000961461000C00086F53CF20F000703E
S31180009620910000F7D9FF809010FF0070C9
S30F8000962C910000279922BC8000708F
S30780009636FFFFAE
S31380009638910000F8D9FFF0D090FFD4FF0070AB
S30780009646FFFF9E
S30F8000964861FFBEFF3B000B7000704F
S30780009652FFFF92
S3158000965461FFBEFF10F4CC250C4353CF20F010FFDE
S3078000966400700E
S30780009666FFFF7E
S30F8000966861FFAEFF3B000C7000703E
S30780009672FFFF72
S31580009674911000D7D9DD88A901D00026142F910036
S311800096840028D922C8E01022142F0070A4
S3158000969010D2142F5E7809EFC60861FFA7FF10224B
S30B800096A0DA04342F00708D
S307800096A6FFFF3E
S315800096A8910000F799FFBC8014FF7FF427805384CC
S315800096B821F061FFB3FF485FEE20911000F7D9FFD4
S315800096C888A901F400F614FFDE48910000F7D9FF57
S315800096D8B08040F214FF0921410482100BF18020EA
S315800096E8DA083E28C21134218200142F160710FF8B
S30F800096F82824F6031DFF74FB009082
S30780009702FFFFE1
S31580009704538421F0404C201061FFDAFE821861FFF9
S31580009714E7FEDF2F5A800C2661FFEAFE10FD092A38
S315800097244408092BCC080CD391000028D922C4C044
S31580009734102F14DD14F0D4CFC210370068C00BCDBF
S31580009744800001FC00F637006890F8017FB9048038
S31580009754029F3C03370B68F0ACA6DA00ACC449A47C
S31580009764040A09D4CA0840A6A0056D00BB897626DA
S3158000977461FF72FE6D0024423C277F9B1E8009AFE9
S31580009784CC0842FC0CD1370C68006F3F1500910061
S3158000979400F8D9FFCCC001FC00F614FDD4CF5A0DD5
S315800097A401F000F63BF00F006E0760F2B0F224F091
S315800097B4FC2F3C02020D61FF87FE8F0A42F134FFC3
S30F800097C4820889CD88080282009091
S307800097CEFFFF15
S315800097D02010404C538421F061FFF0FE1024821843
S315800097E061FF8CFEDF2F4C8091000027992FBC8073
S315800097F00C460949420853CF20F0C832102D0CD3AD
S3158000980061FF52FE910000F8D9FFE8D001F900F619
S3158000981014DA14F1D4CF4210094BCE08370068F021
S3158000982040A4A00549A60C0A10FF5AFAF4AFACA4CE
S31580009830DA00ACC409D4CA086D005689762661FF61
S315800098400DFE6D00BF413C1B61FF40FEDF29098094
S315800098508F8B1FF08B0F01F034FF281B3C0DDF39F7
S315800098600C80DA1034FFDA002CF12CF22CF38F8B7B
S315800098701FF02CF4285B820889CA8808028200902F
S3158000988082304045538421F0D45661FF97FE1027DD
S315800098908212DA00AC5461FF31FEDF7F378061FFD0
S315800098A0C7FE0C760924900953CF20F00922980927
S315800098B009724308104F09734508084F9022082FF4
S315800098C014216E051E448240081F246F8F0243F1C7
S315800098D0346F4962010A2423242114FF6F3F130049
S315800098E0082F61FF25FEC23F370F68F03BF00F005F
S315800098F08B8F00F16E0560FFB0FF2420FCFF3B805C
S30F80009900000082028950880800905A
S3078000990AFFFFD7
S3158000990C538421F0404C8218201061FFD5FD61FFF5
S3158000991CE3FDDF2F5E800C2661FFE6FD10FF092933
S3158000992C4208083F092ACE080921CC0861FFB6FDFA
S3158000993C91000028D922E8D001290026370168F049
S3158000994C40A41422D4C24220A005370068B049A690
S3158000995C0C0A012B0026F4A2ACA4DA00ACC409F4E0
S3158000996CCA086D00BB88762661FF72FD6D002441A6
S3158000997C3C2F09AFC80842FB081F370B68006F3FA6
S3158000998C150091000028D922CCC0012B0026142169
S3158000999CD4C25A01012000263BF00F006E0760F4FA
S315800099ACB0F42420FC4F3C020201083FD4C26E0462
S315800099BC1E43082F242FF693342A3C07DF19068082
S315800099CCDA00342F892A0108820889C18808028224
S307800099DC009073
S307800099DEFFFF03
S315800099E0404F083F2008538F21F061FF6BFD484FA1
S315800099F0485114207F1F2280DF20340009F4C808D4
S31580009A00A00240A6405440256D006E88762ADF224B
S31580009A10290061FF37FD2D0200003B000B703C15CD
S31580009A2009A0C008081F3FF01D80083F538F21F012
S31580009A3061FFF8FDDA023C14DF20140061FF22FD8D
S31580009A402D0200003B000D7061FFBEFD6D00BA4027
S31580009A50083F911000F7D9FF88A910FFDA0034FF7C
S30780009A600090EE
S30780009A62FFFF7E
S30780009A640090EA
S30780009A66FFFF7A
S31580009A682010404C910000D7D9DD809061FF56FDCB
S31580009A7810DF85F11001D45209C24708911000E71A
S31580009A8801220026D9EE88A9F4A201E000260CCA94
S31580009A981420A22F370F6830DA085F0F4D8009C06F
S31580009AA84C08086F5F0F488009FFCA086E4409C0D2
S31580009AB84608084F82185F0F3480684109FFCC0832
S31580009AC83FF30480370F683089A3880809C4D00813
S31580009AD840A449A50C0A6D00F987DF022280084F49
S31580009AE8C21F160F2CF409FFCC0809A0C808A20FBC
S31580009AF8ACF609FFCA08C2FFACF561FF0FFD10D2AC
S31580009B08092FCA08EE08AC24DA012C2301E00026C6
S31580009B18DA06342F09FFCC083BF00F80EA08DAFF13
S31580009B283E8A0CCB10EFDA0034FF09C4D0080285D0
S30B80009B381D00E08700908D
S30780009B3EFFFFA1
S31580009B402018404C89A59409910000F7D9FF809090
S31580009B50F80461FFE7FC10FF821985F81001D452E2
S31580009B600CC70951C8081022A2F1F4A2370168B0C7
S31580009B7089AB8808029A820C61FF7EFD086061FFCE
S31580009B8089FCEE03825C3C0D5E2C0CCC7E0A825CEA
S31580009B9009C4D00802956D00B1870CCB61FF7AFDB0
S31580009BA0DF5C07800CCB820A10D2DA05342F02AF35
S31580009BB0EE5D0CCC2CF649A50C0A09CFD208ACF781
S31580009BC00CCB09A29009538F21F009A49409102285
S31580009BD0094FC8082C21684840A409C4D00809C583
S31580009BE0D2086D0095877624DF3233003C3609AF84
S31580009BF0CC0809C4D0083FBF288040A449A50C0AD8
S31580009C006D006887DF02110009C4D00882156D00D7
S31580009C1075873B30024082053B2004603B000B7019
S31580009C206D00D03F3C1A09CFD2083B107810A2BFF6
S31580009C30ACF6DA002CF59BB1091068518260ACF461
S31580009C40DA012CF43C0B82156D0058873C0682297C
S31580009C508260DA002CF53C0282000CCB10D2142FE5
S31180009C605E5528390CCB10DF34F00090E4
S31580009C6C404D61FFA5FC0CDB538F2100012000F6D3
S31580009C7C85F01001911000C7D9CC88A910C4144F57
S31580009C8C5E3868400CD56E068210DF1F5D802830EA
S31580009C9C00902CF33B1078000CDBD454538F21F0BE
S31580009CAC9BB00900102F0CD71044485FFE0E044F52
S31580009CBC2CF51440DA7F3F0F08803B1027F0067F87
S31580009CCCE2F068503C12DAF13FF00580DAF97F0F4A
S31580009CDC07803B0078F09BBF09F03C068FF000F1C3
S31580009CEC3B00F401E20F6CF50CDB91000047538FBF
S31580009CFC21F09944BC80102209448C090C26092138
S31580009D0CCC0853CF20F010440C43144091000048EB
S31580009D1CD944C4C01044144FA2F0C2F0370068F086
S31580009D2C4BF11102ABF03FF1C21F370F7000085F89
S31580009D3C6E037FF00480A8503C02ACF50CDB10CF90
S31580009D4CDA043C0909D4D00802056D00E5860CDBE3
S30D80009D5C10CFDA0034FF0090FD
S31580009D642018404F89A5940961FF26FC08B089A272
S31580009D749009538021F0102C85F81001D452087F65
S31580009D848219102209FFD208820AF4A2ACA461FFC8
S31580009D9471FC09C0460861FF7BFBEE03825A3C0DC9
S31580009DA45E2C08CF7E0A825A09F4D00802956D008B
S31580009DB4A38608BF61FF6CFCDF5A078008BF82094F
S31580009DC410D2DA05342F029FEE3F08CF2CC649A560
S31580009DD40C0A09FFD208ACC709FFD208ACC608BF73
S31580009DE409A29009538F21F009A494091022094FDE
S31580009DF4C8082C2189C8100940A409F4D00809F59B
S31580009E04D2086D0083867624DF3216003C1909AFAA
S31580009E14CC0809F0D2083F0F0F8009F4D00840A47B
S31580009E2449A50C0A6D00548661FF72FB8B02205291
S31580009E341D00628661FF6CFB82151D005D8608BF6E
S30D80009E4410DFDA0034FF009004
S31580009E4C61FF02FBDE5161FF01FC481F7F0F0D8015
S31580009E5C0944CA0882156D004B8661FF01FC6D00B2
S30D80009E6CAB3EDA0034CF009012
S31580009E74208061FFC7FB10CF82114840083F89A428
S31580009E841B0889A118088B2FA08285F91001DA0096
S31580009E94ACAADA08A00289A28C09911000D7ACA4D6
S31580009EA4D9DD88A9F4A201D400260B0980A0142F39
S31580009EB45E6761FFAFFB09229009102E3C02A00E5B
S31580009EC4BCE861FF91FB09EFC6081022142F3C02FF
S31580009ED4DA00DF4F1181DA00ACF509E4CA0889A4F7
S31580009EE4A00809EFC808ACAF09EFC608ACAE14EFFA
S31580009EF489AF1A08083FDF2FB10049A40C0A49A587
S31580009F04220A6D00E585DF02150009AF580861FF56
S31580009F1463FB09A4E00882152D02000061FF94FB0F
S31580009F246D004E3E09AF5B0810D2820834283C5D32
S31580009F34083F6E5B09A2E2080854086F61FF76FB4E
S31580009F4453CF20F00926900991000078D977C4C0B0
S31580009F54106408130C423B10781010759BB10910DD
S31580009F64485F14500B038000C2F037007000FE1265
S31580009F74092298090C4409F1CC0890220C217F12FD
S31580009F8409804B020142370468406E047F4F038088
S31580009F9402F4F64509FFCC083FF20A80764BE2408C
S31580009FA47F02090009FFCC087FF20580DA012CF3D1
S31580009FB43C19086F53CF20F010620C221072142FB4
S31580009FC409F0CC08A2F3C2F3370368F04BF0110210
S31580009FD4ABF03FF1C21F2B4F50F4ACF5DA002CF3F3
S31580009FE46CF52854083FEA18083FDF1F378061FF65
S31580009FF41DFB0CE30924940953CF20F010444C41F3
S3158000A0047FFA058009FFC808EE28086F0924980995
S3158000A01453CF20F00922900909F0C80810220C2495
S3158000A0249042092FC2087FF007809A10ACF46849E1
S3158000A03482183C1309AF580861FFFEFA09A4E008A8
S3158000A04482152D0F000061FF0FFB6D00B93D09AF2E
S3158000A0545B0810DFDA0034FFDF084E0009AF5B08C7
S3158000A06410D21420DF604880538F21F010CFDA0598
S3158000A07468492CF2DA07342F09AFC80889AFB808C3
S3158000A08409AF5A082E55D4AFF80CDA003C0C49AF08
S3158000A0943C0AF80C49A4300A09A45B086DFFF0FB5E
S3158000A0A48B0220F2EE2861FF51FA09AFDC0849A43D
S3158000A0B4300A10CF09AF5B0834FF09A4DE086DFFB0
S3158000A0C4F5E5DF02190009AF580861FFB5FA09A45E
S3158000A0D4E00882152D0F000061FFB6FA6D00703D11
S3158000A0E409AF5B0810DFDA0034FF09AFDC0810CF54
S30B8000A0F4DA0434FF00903F
S3078000A0FAFFFFE0
S3158000A0FC61FF3CFA14C1DA08FE1161FFA7FA482FFA
S3158000A10C7F0F0D800944CA0882156D00F18461FFAA
S3118000A11CA7FA6D00513DDA0034CF0090A8
S3158000A12861FF94F9DE7461FF51FA10FF083F61FF01
S3158000A13817FA7F0F0D8009F4CA0882156D00DA8434
S3138000A14861FF90FA6D003A3D61FF8CF9009040
S3078000A156FFFF83
S3158000A158208061FFD7F989A41B08820089A0180886
S3158000A1684CD4780902F185FF10017809A21F780A74
S3158000A17889A08808A00FF4AFF80361FFDDF9F81FFE
S3158000A18814FF5E460CD661FFB1F910F23C02A002BC
S3158000A198BC2A092FC608911000F7D9FF8CA910FF91
S3158000A1A814FF3C02020FDF4F7E80092FCA0889AF51
S3158000A1B8A008092FC808ACAF092FC608ACAE142072
S3158000A1C889A094080C2461FF73F9780B0C2189AF58
S3158000A1D81A080C2361FFA8F9A2F0C2F0370068F0CC
S3158000A1E809D0CC087FF00480370068F089AF190859
S3158000A1F849A4180A40A56DFFF1FB14DFDF2F5380B1
S3158000A208580A09D014097F0F05800CD2DF4F4B00FE
S3158000A218DA042CD258096CD4DA02D81F34FF09AF75
S3158000A228D40889AFB80809AF5A082E55D803F80C50
S3158000A238DA003C0E49AF3C0AF80C09A45B0861FFBA
S3158000A248A7F949A4300A2D0F00008B0220F2EE28C8
S3158000A25861FF7AF909AFDC0849A4300A10CF09AF43
S3158000A2685B0834FF09A4DE086DFF1EE5DF021900CE
S3158000A27809AF580861FFDEF909A4E00882152D0F99
S3158000A288000061FFDFF96D00993C09AF5B0810EFAC
S3158000A298DA0034FF09AFDC0810CFDA0434FFDA00BD
S3098000A2A834DF009089
S3158000A2AC208061FF2DF989A41B08820089A01808DB
S3158000A2BC4CD4780902F185FF10017809A21F780A1F
S3158000A2CC89A08808A00FF4AFF80361FF33F9F81F53
S3158000A2DC14FF5E160CD661FF07F910F43C02A0043D
S3158000A2ECBC4861FF7DF9094FC6081022142F3C0229
S3158000A2FC020FDF4F8280094FCA0889AFA008094F29
S3158000A30CC808ACAF094FC608ACAE020FACD509DF96
S3158000A31CCE08ACD6DA012CD40C4361FFBFF80CD234
S3158000A32C91000028D922E8D01022142F42F0144F25
S3158000A33CACAA3700680009D14208BF210480A20F5D
S3158000A34C3C0309DFCE0889AF19080C4461FFAEF8CF
S3158000A35C780B40A50C4189AF1A0849A4180A6DFFE1
S3158000A36C3BFB14DFDF2F498058096CD4DA02D81FE7
S3158000A37C34FF09AFD40889AFB80809AF5A082E55EF
S3158000A38CD803F80CDA003C0E49AF3C0AF80C09A449
S3158000A39C5B0861FFFBF849A4300A2D0F00008B0285
S3158000A3AC20F2EE2861FFCEF809AFDC0849A4300A0A
S3158000A3BC10CF09AF5B0834FF09A4DE086DFF72E489
S3158000A3CCDF02190009AF580861FF32F909A4E008C9
S3158000A3DC82152D0F000061FF33F96D00ED3B09AF3F
S3158000A3EC5B0810EFDA0034FF09AFDC0810CFDA0413
S30D8000A3FC34FFDA0034DF009023
S3158000A40461FF26F8DE3761FF67F810F4CC250C442B
S3158000A41453CF20F010FF481F7F0F0D800944CA08D0
S3158000A42482156D007D8361FF97F86D00C93BDA0064
S3098000A43434CF00900B
S3158000A43861FF0CF8DE2461FF4DF810FF084F61FFBD
S3158000A4488FF87F0F0D8009F4CA0882156D00668320
S3138000A45861FF80F86D00B23B61FF04F8009052
S3078000A466FFFF70
S3158000A46814F0910000F88640D9FF380101F000F613
S3078000A4780070EC
S3078000A47AFFFF5C
S3158000A47CACF509FFC808BBC0EF0F260FACF4007013
S30F8000A48C61002E0001F401F6007055
S3078000A496FFFF40
S3118000A498536422F06100360010FF007053
S30F8000A4A4910000F8D9FF081100703E
S3078000A4AEFFFF28
S30F8000A4B06100160001F500F6007049
S3078000A4BAFFFF1C
S30F8000A4BC6100260001F200F6007030
S3078000A4C6FFFF10
S30D8000A4C86100100050FF0070D6
S30F8000A4D0910000F7D9FF12610070B9
S3078000A4DAFFFFFC
S30F8000A4DC910000F8D9FF1801007006
S3078000A4E6FFFFF0
S30F8000A4E8910000F7D9FF188100707B
S3078000A4F2FFFFE4
S3158000A4F414FF910000F8864FD9FF380110FF14FF2E
S3078000A50400705F
S3078000A506FFFFCF
S30F8000A508910000F7D9FF386100705A
S3078000A512FFFFC3
S3118000A5148218910000F739FF73E0007098
S3138000A520BBF0EF0F61FFCCFF09FFC60800708D
S3078000A52EFFFFA7
S30F8000A53061FFB4FF09FFCA0800703E
S3078000A53AFFFF9B
S3138000A53C61FFCAFF10FF09FFCA0816070070EC
S3078000A54AFFFF8B
S3118000A54C61FFACFF01F500F614FF007003
S30F8000A55861FFB8FF09F0C00800702B
S3078000A562FFFF73
S3158000A564910000F7D9FF0E6101F402F654FF0070E2
S3158000A57402458218820061FFE9FFDF1F2A8061FF9E
S3158000A58497FF61FFB7FF081161FF9EFF09F2C008BC
S3158000A5946F122580536F22F061FF9AFF10FF09FF27
S3158000A5A4C6081601AA10DF11078009FFD2082E13E8
S3158000A5B48F204001DF100500DF2005003C05DA020C
S3158000A5C43C04DA063C02028F8208744F3C073B60E7
S3138000A5D40440823682176D00F13A02820090B2
S3078000A5E2FFFFF3
S3158000A5E4024561FFB3FFDF1F248061FF61FF61FFC6
S3158000A5F481FF61FFB1FF6F102280536F22F08208C2
S3158000A60461FF9CFF1E181E445E7874483C07DA027C
S3158000A614744F3C04744F3C028218DF0811003B607F
S3158000A624044082263B0003706D00C83A3C083B60B8
S3158000A6340440822682176D00C13A821802820090F5
S3158000A644910000F7DA01E9FF73E0910000F899FFC1
S30F8000A6541C01BCF38204DC0F0090A9
S3078000A65EFFFF76
S3158000A6600248820961FF20FF01F800F614F0DF102E
S3158000A670538061FF35FF01F800F661FFF7FE14FB9A
S3158000A68091000027D9221881012B01268230910062
S3158000A69000C8B420D9CCF8E009F0CA0809FFC80878
S3158000A6A09100002750C4A2F0D9221E7153AB23F02B
S3158000A6B0083A37007050082410256D008586762A62
S3158000A6C082193B60044082063B10037002856D0050
S3158000A6D0773ADF091D8002A46D009886DF02198013
S3158000A6E009FFCA0809F0CC08A2F03700700050CFE5
S3158000A6F0536B22F091000027D922386110228E07F1
S3158000A7006004B0F409FFC200A42FFC4D00903B000A
S3158000A71003703C0282173B600440820602851D005E
S3078000A7204F3A28
S3078000A722FFFFB1
S3158000A72461FFE2FE01F40156095FC0086F2F300015
S3158000A734BBB0FF0F260FB45FBBF0EF0F61FFACFE1B
S3158000A74409FFC20840F29608260F892F820440F238
S3158000A75409FFC4089610260F892F840440F209FF46
S3158000A764C6089621260F892F8604DF15078009FFE0
S3158000A774D4089603260FACFA911000F7D9FF8EA958
S3158000A78401F400F6DA0034FFDA01344F0950C008C8
S3158000A794536422206F300E00BB70FF1F2610B45006
S3158000A7A461FFBEFE961026F089F08604821034403E
S3158000A7B40950C0086F401000BBF0FE1F2610B4502D
S3158000A7C461FF7CFE09F0C808BBF0EE1F2610A84086
S3158000A7D482103440095FC0086F5F1100BBF0FD0F23
S3158000A7E4260FB45FBBF0EF0F61FF68FE09FFC80850
S3158000A7F49610260FACF4DA01344F61FF69FE01F23C
S3158000A80400F609FFC6082E5961FF8AFE9620260F98
S30F8000A81489FF8604DA01344F0090B4
S3078000A81EFFFFB4
S3158000A820910000F739FF73E05E1A910000F839FF56
S3158000A83008115E1482041D00A90000903B6004404C
S3118000A840820582663B1001701D00BA394B
S3078000A84C0090F4
S3078000A84EFFFF84
S3158000A850536422F061FF74FE09F0D0088F0008016E
S3158000A8605E757605DA00744F00905E44DA02744FA6
S3158000A87000905E13744F009061FF76FE3B6004404B
S3138000A880744F820582663B1003701D00993965
S3078000A88EFFFF44
S3158000A89061FF10FE14F061FFFBFD09FFC0086F8F9A
S3158000A8A04E00BBF0EF1F261FB4FF61FF5DFE1E1337
S3158000A8B09E2D3C2C61FFF2FDBBD000FCACF1BB6051
S3158000A8C021FCACF240F2BB3063FC892F8604DF1694
S3158000A8D00580BB3080FCACFA09FFCA08BB80EF0F4D
S3158000A8E0260F960161FFCCFD3C2761FF23FEBB80CE
S3158000A8F0EF0F260F960461FFC3FD09FFC608BB0054
S3158000A900620CA60F89FF86043C1761FF13FEBB808D
S3158000A910EF1F91000028261FD92238019607ACF533
S3158000A920864009F1C80801200026BBC0EFFF26F14A
S3118000A9300C2EA6F1A841DA01344F0090ED
S3158000A93C024F2008025840A46DFF86FF02F454A5EE
S3158000A94C02866D00070002F454A502861DFF7AFF6D
S3158000A95C61FF98FD09F0C0086F6011009100002717
S3158000A96CD9220E6101240226542F7E58BBF0FBFFA0
S3118000A97C26F0B4F002641DFF7DE100901F
S3158000A98802452008DA01820034A0DF05888091001C
S3158000A99800C8D9CC180114C0910000D88640D9DDEA
S3158000A9A8380101D000F6083814F90284081A6D00B7
S3158000A9B8C584DF027080536922F061FFA3FD10FF12
S3158000A9C891000027D9221261102E91000027BB0022
S3158000A9D8700CD922188101290126A830092FC008B0
S3158000A9E82E06BBE0FF0F260FB42F3C19BBD0FF0FF6
S3158000A9F8260FB42F09EFC608AE06DF1A0D8009EFB9
S3158000AA08D2082E1991100027D9228EA9012900264D
S3158000AA18DA01342F820502946DFF8EFF40A40B9ACB
S3158000AA2810486DFF7DFE820540A4029402A66DFF44
S3158000AA382DFF14AFEE0A40F2A0B4092FC0088F0F7D
S3158000AA4850F1A42FFC4B3C0BBBF0EFFF09F0C0087C
S3158000AA5826F0B4F009F0D60826F0A8B014CF40F452
S3158000AA68864F40E510D2092FCC080920CA08092448
S3158000AA784208A20F370F70506D00A284022FEE068F
S3158000AA8802846D00BF84022F6E0F82053B1003700F
S3158000AA983C0682053B0003703C0282173B600440FB
S30F8000AAA882666D00893802F2009084
S3078000AAB2FFFF1E
S3158000AAB461FF30FDDE1ADF0415807655DF2504003C
S3158000AAC4DF150C80910000F899FF2001BD0F160058
S3158000AAD42D0F000002283C1182053B4002703C0881
S3158000AAE48216026702453C053B10017002458216B8
S3118000AAF43B6004406D00623802820090D6
S3158000AB00024F821861FFD0FC10FF14F0DF10168010
S3158000AB1061FFE6FC10FF61FFEFFC910000F7D9FFB3
S3158000AB200E6190FF74F561FFD1FC09FFC0088208B1
S3158000AB308F0F54F1B4FF3C083B60044082160267D5
S30F8000AB4002F56D003D380282009098
S3078000AB4AFFFF85
S3158000AB4C02486D00815F3702680061FFDBD701F038
S3158000AB5C0226C88FD42201F802F60811CC22538122
S3158000AB6C23F010F2910000F8D9FF082101F002F6CB
S3158000AB7CD424D4FFC83501510056145FEE0A094F10
S3158000AB8C14590920320982F2C620260F894F14598E
S3138000AB9CC83F01F100F614FFC21F34FF00907F
S3078000ABAAFFFF25
S3158000ABAC404F82086D00505F370268F0EE099100C5
S3158000ABBC0027B52FACA040F46D0038010228F6882A
S3158000ABCC90FFD4F461FF08DA6D001A010228F68B27
S3158000ABDC8210910000F7861FD9FFA8A05700222F5C
S30B8000ABEC49F240080090CA
S3078000ABF2FFFFDD
S3158000ABF46D002E5F61FF18D7DF00190061FFD4D87E
S3158000AC04D4FD61FF85D93C0FCCD48F4820F010FF4A
S3158000AC14482FEE06028440C440D56D006900C218F0
S3118000AC243708688014DF3FF8F1FF0090CD
S3158000AC306D00105F61FFFAD6DF00230061FFB6D892
S3158000AC40D4FC61FFADD7D42D82083C1709C2900988
S3158000AC508F4820F0102F481F1E1DCCD201F802F617
S3158000AC6054FF5E28028440D4823540C582066D003A
S3158000AC708102C2183708688014CF3FF8E9FF009038
S3158000AC806D00E85E61FFD2D6DF00240061FF8ED8BA
S3158000AC90D4FF61FF3FD9A00D3C19C8428F4820F0F0
S3158000ACA01022542F9E1009C2880901280226542F8B
S3158000ACB05E2AC8627D2D0800028440C4820540F564
S3158000ACC06D005A04C2183708688014FF3FF8E7FF02
S3078000ACD000906C
S3078000ACD2FFFFFC
S30F8000ACD46D0088038B022022009099
S3078000ACDEFFFFF0
S3158000ACE06D00AE04F62200908B122022C2120090D4
S3158000ACF00248404F405C538823F009C288091022DD
S3158000AD00D422092F58481601092044586F70130021
S3158000AD106E11C82201280226542F5E2C6D000C006D
S3158000AD20C82F61FF7DD9CCC101F800F614F41DFF50
S3098000AD3083DE0090A8
S3158000AD34538423F0CC5209559809A00210FFD4FFFE
S3158000AD447D521F00820002018F540020C5021F001D
S3158000AD54094590091A12C2115055B450FC2A09FFAC
S3158000AD640C796E0509FF0C7989FF147909428409E7
S3158000AD74D44F0124022601F402F6542F74FF009066
S3158000AD84820061FFA9D75344221061FFDFD8484F60
S3158000AD946E0D492F186A54FF6E0382FF74FF492F84
S3158000ADA41C6A54FF6E0382FF74FF61FFCFD8482F5D
S3158000ADB46E1209F25E083C09C21037006800092F3A
S3158000ADC46568163F892F2869092F6468167F6E0384
S3158000ADD43F20F4FF61FFBAD8483F6E1309F160083B
S3158000ADE482003C09C21037006800092F7568163F37
S3158000ADF4892F3869092F7468167F6E033F10F4FF14
S3078000AE04009036
S3078000AE06FFFFC6
S3158000AE08404F405CDA006D00590182083C0A028492
S3158000AE1840F440C56D008A00022FC2183708688042
S3118000AE2814F07F0803806EF402F20090A4
S3158000AE348212404FDA003C0940F402F46D000C00A3
S3158000AE44F628C21F370F68F009F050083F0FF6FF47
S3078000AE540090E6
S3078000AE56FFFF76
S3158000AE58404FC862024F9110003082042008D022E9
S3158000AE68D42D30D3D93C000840C46D00915E82242D
S3158000AE7840C482156D004203DF025780911000306E
S3158000AE8830D3D93C300854C074A0C86F8200A03231
S3158000AE980201D0FF8232B04F14FF5E168F1100F088
S3158000AEA80FF200F0A6F0C211B01FFC277B00004C01
S3158000AEB854AFB730020FA60F74AF54AF74CF54AFE8
S3158000AEC8B70F02FF74AF54AF74CF54CF74AF54CF5B
S3158000AED8B73F02FF74CF820540C46D000F03DF02BF
S3158000AEE82480821540C47B0000416D000703DF0281
S3158000AEF81C809110003030D3393F3308B70F81F268
S3158000AF08E93F3308393F33089620E93F330854CF61
S3158000AF1874AF821540C47B0000416D00EF0254CFA8
S30D8000AF28B70F02FF74CF009001
S3158000AF300248404F405C53882390C822012900264E
S3158000AF4009205B08862037006800D42E09E157085F
S3158000AF509A2037F1041089E1170809E154089A10FC
S3158000AF6037F104F089EF14089A3009E1550837F172
S3158000AF70041089E1150809E158083701040089E0C1
S3158000AF80180809E0590837F0040089E0190809E033
S3158000AF90580837F004F289EF180849ED184A14DF8B
S3158000AFA0AE0B14DF821440D48205960134DF6D0027
S3158000AFB0A902022A3C02820ADF0A818014DF8234D7
S3158000AFC040D48205960234DF6D009C02022ADF0A95
S3158000AFD07680C822012900264C2189EF0019C822D3
S3158000AFE001290026092FD408536F20F0C852102259
S3158000AFF0542F89EF1C49BBF0FFFF9BFFFCF389EFC1
S3158000B0001059A002C8747D420600028440F46D0087
S3158000B010BF01C884A0027D420600028440F46D0010
S3158000B020B103028440F46D006D00C864A0027D42C5
S3158000B0304300534822F0C822C83F820301290026D4
S3158000B04010FF0B331048D422486F6E3506EF4850F8
S3158000B05037F40E4109FF5C0809F15D08D4CF371338
S3158000B060063806E001F802F637030E3137F4064853
S3158000B070DA0074FF82113C0AD4CF0FF10020C21F80
S3158000B08001F802F654F0A62074F0370466083704F7
S3158000B090662C42203F0FF2FFD4C4CCC10148024641
S3158000B0A001F802F6544F74FF892330798924007998
S3138000B0B089250879CCC261FFB3D702A2009031
S3078000B0BEFFFF0C
S3158000B0C08200144F02016E1BCC5382028F510030D6
S3158000B0D001F100F634F0CC5201F102F674F0C50F9E
S3158000B0E01F00095290091A23C2125022B420FCFA7A
S3138000B0F0C21137016810144F3FF1E8FF00903F
S3078000B0FEFFFFCC
S3158000B1008200020361FFEAD5DA3F892F0069534442
S3158000B110221061FF1DD7484F6E080922EC6806EFA2
S3158000B12037F20EF1892FAC6861FF12D7482F6E0E69
S3158000B13006EF37F00E0109FF5E0837F0070809FFB2
S3158000B1405F0837F0070C8920206961FF01D7483FE7
S3158000B1506E0E06EF37F30E3109FF600837F30738B6
S3138000B16009FF610837F3073C892330690090A8
S3078000B16EFFFF5B
S3158000B170024F404F405C820540C440F56D000E0092
S3158000B18002F440C4820540F56D00A20002F440C47A
S30D8000B190820540F51D00CC008C
S3158000B198024D404F538D23F0C8222008F4A5102273
S3158000B1A8D424494C186A54CE494D1C6A54DF820906
S3158000B1B8A01E7801029B09282A0982FC092A2609E9
S3158000B1C8DA013C1726AE0FFE8000760F0BD91048A1
S3158000B1D8D4A4820640F56D0019000FCFC000260E54
S3158000B1E8F6B374CF3C0274DF061FC219370968901C
S3158000B1F8DF0EEAFF028A09AE04093B000290C21BF1
S30B8000B208FDE0E07F0090EE
S3078000B20EFFFFBA
S3158000B210534422F0CC53202810FFDF160480482F99
S3158000B2203C06DF260480483F3C02484F6E1F064599
S3158000B23042F5605F086F8FFF0031087F8FFF07013F
S3158000B24053842310083F6F6F138054F2CC52370219
S3158000B2506B2901F100F609F1CC08CC57421053C096
S3158000B26020F010FF09FFC4083C13009054F2CC5222
S3158000B27037027D2001F100F609F1D008CC58420151
S3158000B280864101F100F6B712812F09FFC80801A493
S3158000B29003F6ACA28B8500F049FF140A60F440F2F5
S3158000B2A08E366036B0F6044F242FFC6E74A289A4C5
S3158000B2B0060889A39008F802CC5140A449A5080A3B
S3118000B2C001F400F614FF2CA61DFFD4DC60
S3158000B2CC61FFD6D5538923F0092A5E08C82210223D
S3158000B2DC092F1E09D42D370F68F0EE2209DF50583E
S3158000B2EC6F3F190061FFE8D36D006634DA0889DF99
S3158000B2FC10593C10C2183708688009DF65688216B9
S3158000B30C40C440F5163F0B9F10486DFF7DFF89DFCB
S3158000B31C286909DF6468167F6E033FA8EDFF0090ED
S3158000B32C61FFA6D5538923F0092A6008C82210220A
S3158000B33C092F2209D42D370F68F0EE2209DF5058D9
S3158000B34C6F7F190061FFB8D36D003634DA8089DFE0
S3158000B35C10593C10C2183708688009DF7568822638
S3158000B36C40C440F5163F0B9F10486DFF4DFF89DF9B
S3158000B37C386909DF7468167F6E033FA8EDFF00906D
S3158000B38C61FFA6D409F0CC0809FFCE08CC43420F46
S3158000B39C09459C09370F7010534422F010FF54F264
S3158000B3AC092FC4688FE21F30A201373F0EF1892F17
S3158000B3BC84688921066853C020F08203105F8E1C36
S3158000B3CC6012B0F28F2300F0422F60F409FF0C015B
S30D8000B3DC744FC213FC28009097
S3158000B3E40B4510886D00345B61FFCCD5D42561FF95
S3158000B3F4A7D3C88F40C401F802F6081F0BF910487A
S3158000B4046D00A4000229F697CCC2028490FF54F5FD
S30D8000B4146DFF6ADB02920090D5
S3158000B41C0248405C5388239009C28809404F40C437
S3158000B42C01290026D42D6DFFA9FC09DF584882140A
S3158000B43C49D4184A0245B70F01F089DF18486D00C8
S3158000B44C5B00022ADF0A278009DF105989DF105931
S3158000B45C49D4045A3B80014082256D004D00022A56
S3158000B46CDF0A1980C83201280026142FEE0909C27A
S3158000B47C880901290026092F320989DF145902848B
S3158000B48C40F440C56DFF52FCC82F01F802F6DA0273
S30B8000B49C74FF02A200907D
S3078000B4A2FFFF24
S3158000B4A4024809528809538823F0404F1022D42C2D
S3158000B4B46DFF40FC09CF5848821449C4184A820556
S3158000B4C4960189CF18486D001B00DF02188009CFCA
S3158000B4D45848823449C4184A8205960289CF184846
S3158000B4E46D000E00F62BC83201280026142FEE03B9
S3118000B4F489CF1459C82F61FF91D50090B4
S3158000B500024F404F025882196D009E5A3B007102CD
S3158000B5104B2011A26D00425A022C534A26A06D0080
S3158000B5203D5AA2C2F68554F026F07E0C3C0ADF18FE
S3158000B530068054F026F03E063C0454F026F076024F
S3118000B540820976937F2AEDFF029200902C
S3158000B54C7656DF250700DF3507003C0C1DFF62FFB2
S3158000B55CDA013C02DA03CC42820201F402F674FF71
S30B8000B56C00901DFF9BFF0D
S3078000B572FFFF53
S3158000B5740248404C405F538823F0C8221022D42DC1
S3158000B58409DF51582E7D3B00054082053B600660ED
S3158000B59482176D001533BB0000FC89DF10590284C5
S30D8000B5A440C440F51D000200C1
S3158000B5AC024909528809538923F0404C820810229B
S3158000B5BC534922F0D42D09528C09821A49DE347AE9
S3158000B5CC102F3B0002C0485B3C2D09DF75788FFF3E
S3158000B5DC01D18F3D000042B0600F0870CCC48F59EA
S3158000B5EC00F0420F50FF09FEC0080F0A00F0CCC1D4
S3158000B5FC01F902F654F026F07E0B6D00AF7DD4CFA8
S3158000B60C01F902F654F0A6F074F06D00A97D09DFFD
S3158000B61C787837DF05F089DF387802E46DFF9ADBBE
S3138000B62CC21814EF163F6E033FC8D1FF009080
S3078000B63AFFFF8A
S3158000B63C0248404C6D00085A61FFA0D4D42661FFA5
S3158000B64CA9D2D425C89209FFD208A2F8012802F6FD
S30F8000B65C09F4C20840C41D00030073
S3078000B666FFFF5E
S3158000B668096298098644404C8218201001240046B5
S3158000B67891000027992FACA00C43820B405DC882AD
S3158000B688902F096288090819538923F0102F534986
S3158000B69822F0D4FECC6310FF486A404F09F042047A
S3158000B6A80F0800806D005C7DD4D2012902265420C3
S3158000B6B826805F800500822B82033C0214F3D4CF58
S3158000B6C8F4AF0CCA2CAADF0B5480D4DF82110F3159
S3158000B6D8001001F902F682F254F0C621261074F0A1
S3158000B6E88F430000420A60AF820074F0083FB70FAC
S3158000B6F881F22CF34CC1EFFF0B00083F96402CF3E8
S3158000B70854F04CC137F01DF074FF3C0D54F0B70F60
S3158000B71895F58F2F01F037F01DF074FF083FB70FAE
S3158000B72801F32CF38200681009A14A08086F371FB5
S3158000B73804F02CF6086F96802CF609D290090659E3
S3158000B7481A93502209CFC808B42F2873020F8B8A00
S3158000B7580000600F8E1B6012B0F2D4A41044C21F82
S3158000B7681440370F68F024F0FC2989E810796D00B9
S30B8000B778F97C02B200908C
S3078000B77EFFFF45
S3158000B78061FFACD209F0D00809FFD208CC43420F42
S3158000B7900945A009370F7010534422F010FF481254
S3158000B7A0092FC8688FE21F30373F0EF1892F8868CE
S3158000B7B0092F4A68A2018640015000F6371F07F01C
S3158000B7C0892F0A688203BF1112006012B0F28F338C
S3158000B7D000F0422F54F060F47440481F49FF100A6D
S3118000B7E06C41C21337036830FC230090D4
S3158000B7EC914000FF19FF706859FF7068820059F00C
S3158000B7FC706819FF746859FF746859F0746819FF7A
S3158000B80C786859FF786859F0786819FF7C6859FF11
S3158000B81C7C6859F07C6819FF407859FF407859F05C
S3158000B82C407819FF447859FF447859F0447819FFC9
S3158000B83C487859FF487859F0487819FF4C7859FF61
S3158000B84C4C7859F04C7819FF507859FF507859F04C
S3158000B85C507819FF547859FF547859F0547819FF59
S3158000B86C587859FF587859F0587819FF5C7859FFF1
S3158000B87C5C7859F05C7819FF607859FF607859F0DC
S3158000B88C607819FF647859FF647859F0647819FFE9
S3158000B89C687859FF687859F0687819FF6C7859FF81
S3158000B8AC6C7859F06C7819FF707859FF707859F06C
S3158000B8BC707819FF747859FF747859F0747819FF79
S3158000B8CC787859FF787859F0787819FF7C7859FF11
S3158000B8DC7C7859F07C7819FF408859FF408859F05C
S3158000B8EC408819FF448859FF448859F0448819FFC9
S3158000B8FC488859FF488859F0488819FF4C8859FF61
S3158000B90C4C8859F04C8819FF508859FF508859F04B
S3158000B91C508819FF548859FF548859F0548819FF58
S3158000B92C588859FF588859F0588819FF5C8859FFF0
S3158000B93C5C8859F05C8819FF608859FF608859F0DB
S3158000B94C608819FF648859FF648859F0648819FFE8
S3158000B95C688859FF688859F0688819FF6C8859FF80
S3158000B96C6C8859F06C8819FF708859FF708859F06B
S3158000B97C708819FF748859FF748859F0748819FF78
S3158000B98C788859FF788859F0788819FF7C8859FF10
S3158000B99C7C8859F07C8819FF409859FF409859F05B
S3158000B9AC409819FF449859FF449859F0449819FFC8
S3158000B9BC489859FF489859F0489819FF4C9859FF60
S3158000B9CC4C9859F04C9819FF509859FF509859F04B
S3158000B9DC509819FF549859FF549859F0549819FF58
S3158000B9EC589859FF589859F0589819FF5C9859FFF0
S3158000B9FC5C9859F05C9819FF609859FF609859F0DB
S3158000BA0C609819FF649859FF649859F0649819FFE7
S3158000BA1C689859FF689859F0689819FF6C9859FF7F
S30D8000BA2C6C9859F06C980090AB
S3158000BA342008DA01B4AF0D000003913000FFD9FF6E
S3158000BA440C9640F46D00EC55022F6D00EF550228DC
S3158000BA5440F402F46D00AA5502846D00B5556DFF5D
S3118000BA647BD709AFC008DF1FFE7F009073
S3158000BA70BD041C00BBF0FFFF910000F82BF550566B
S3158000BA80D9FF1891DF0412006042B0F2044F8F8F05
S3158000BA9020F0C65F8F8F2000868F50F5370070505C
S3118000BAA0095FC008C6F5FC230252009026
S3158000BAACBD041900766382F03C0382F0C650910087
S3158000BABC00F8D9FF5811764C6042B0F2044FC60F8D
S3158000BACC8F8F1F0016FF90F5545FC6F0FC2882F509
S30B8000BADCC605025200902F
S3078000BAE2FFFFDE
S3098000BAE482020090C4
S3078000BAE8009046
S3078000BAEAFFFFD6
S30D8000BAECDA00344F820200905B
S3098000BAF482020090B4
S3098000BAF882020090B0
S3078000BAFC009032
S3078000BAFEFFFFC2
S3098000BB0082020090A7
S3078000BB04009029
S3078000BB06FFFFB9
S3078000BB08009025
S3078000BB0AFFFFB5
S3078000BB0C009021
S3078000BB0EFFFFB1
S3078000BB1000901D
S3078000BB12FFFFAD
S30D8000BB14DA00344F8202009032
S30B8000BB1CDA00344F0090B0
S3078000BB22FFFF9D
S3098000BB248202009083
S3158000BB28D44F820214F0DF250F80910000F7D9FFE9
S3158000BB380000A0B214FF7E08C81FD4442D0F000051
S3138000BB488B122022009049FF080AFC250090EF
S3078000BB56FFFF69
S3098000BB58821200903F
S3098000BB5C821200903B
S3098000BB608212009037
S3098000BB648212009033
S3098000BB68820200903F
S3098000BB6C820200903B
S3098000BB708202009037
S3138000BB740C4282025E240C43BA3FAA12009055
S3078000BB82FFFF3D
S3098000BB848202009023
S3098000BB88821200900F
S3098000BB8C820200901B
S3098000BB908202009017
S3158000BB9482023442DF251D80910000F739FFA6001A
S3158000BBA49E22910000F7D9FFA75014FFEE0691005C
S3158000BBB40027392FAC506E08022F34FF910000F70E
S3158000BBC4E9FFAC5000908212DA22344F0090DF15E0
S3158000BBD41180910000F739FFA6001E225E1ADA78DA
S3158000BBE4344FDA01910000F73BC00020E9FFA7003B
S3078000BBF4009039
S3078000BBF6FFFFC9
S3098000BBF882020090AF
S3098000BBFC02620090CB
S3098000BC0002620090C6
S3078000BC04009028
S3078000BC06FFFFB8
S3098000BC08821200908E
S30B8000BC0CDA00344F0090BF
S3078000BC12FFFFAC
S30B8000BC14DA00745F009067
S3078000BC1AFFFFA4
S3098000BC1C820200908A
S3078000BC2000900C
S3078000BC22FFFF9C
S3098000BC248202009082
S3098000BC28820200907E
S3078000BC2C009000
S3078000BC2EFFFF90
S3078000BC300090FC
S3078000BC32FFFF8C
S3078000BC340090F8
S3078000BC36FFFF88
S3098000BC38820200906E
S3098000BC3C820200906A
S3078000BC400090EC
S3078000BC42FFFF7C
S3078000BC440090E8
S3078000BC46FFFF78
S3098000BC48820200905E
S3078000BC4C0090E0
S3078000BC4EFFFF70
S3098000BC508202009056
S3098000BC548202009052
S30B8000BC58DA00344F009073
S3078000BC5EFFFF60
S3078000BC600090CC
S3078000BC62FFFF5C
S3078000BC640090C8
S3078000BC66FFFF58
S3078000BC680090C4
S3078000BC6AFFFF54
S3078000BC6C0090C0
S3078000BC6EFFFF50
S3078000BC700090BC
S3078000BC72FFFF4C
S3078000BC740090B8
S3078000BC76FFFF48
S3078000BC780090B4
S3078000BC7AFFFF44
S3098000BC7C820200902A
S30D8000BC80DA00344F82020090C5
S3098000BC88820200901E
S30D8000BC8CDA00344F82020090B9
S30D8000BC94DA00344F82020090B1
S3158000BC9C91100027392FA1A92CF2DA0234EF00700B
S30F8000BCAC910000F7D9FFB0A00070E8
S3078000BCB6FFFF08
S30F8000BCB891000027192F3C810070CF
S3078000BCC2FFFFFC
S30F8000BCC491000027192F00910070EF
S3078000BCCEFFFFF0
S3138000BCD04B0F1102370070008F803FF000701E
S3078000BCDEFFFFE0
S3158000BCE0404F405C911000D7D9DD90A914D49100C3
S3158000BCF00047D944B0A06DFFAFFFF62E9100002714
S3158000BD00D9221A81542F1E425E63DA0A742FDE56B8
S3158000BD10DA0134FF3C13DA0A7E23DA013C10DA0CAE
S3158000BD20910000F7D9FF1A817E25DA0274FFDA03C3
S3158000BD303C06DA0774FFDA2234CFDA0034DF00906B
S3158000BD402018DA0089A48809911000F72CA3D9FF5E
S3158000BD508FA9F80434FF910000F7D9FF94B0F80357
S3158000BD60910000D7D9DD1A8154DF024849FC140AB4
S3158000BD7014C5EE41910000E7D9EEB0A06DFF3EFFFD
S3158000BD8089E2030414EF1E141E33DF2F3380F684FA
S3158000BD906DFF6AFF3C11DF1805806DFF6FFF3C0C5D
S3158000BDA0DF280B805E346DFF61FF3C06827074D0A5
S3158000BDB0DA22D80234FF54D0DF701E00910000F8DA
S3158000BDC099F28441D803085F865F102F09FF5E08C9
S3158000BDD06E04DA0274DF3C0F14EF5E14DA0474DF4B
S3158000BDE03C0A5E34DA0674DF3C06DA0574DF3C030F
S3158000BDF0DA012CA354DF1E441E63DF5FEC809110B2
S3158000BE0000F739FF90A9DF0FE08040A46D00E8239A
S3158000BE10022914A0DA0C5F0FCE0049A4010A6D0036
S3158000BE20BB250229DF09C78049A4020A6D00862541
S3158000BE300229DF09C08014C161FF3AFF40F58951AC
S3158000BE40010440F20CA2892F050489A2840940FCD2
S3158000BE500CA189CF04049100004714A034F091000E
S3158000BE60006799449CC0B96F96C091000027104422
S3158000BE70992290B0144040FE864001200026821010
S3158000BE80092FC808ACF889E0060409A28C090C2A97
S3158000BE902CF79100002719202E8149F2180A535059
S3158000BEA0200089F0120954D21420DF620400DF4298
S3158000BEB0048082103C03BA52AA0034201450DA104F
S3158000BEC07E0761FFFBFE5E24821089F016081450FF
S3158000BED0DA117E0B61FFF8FE5E35DF2804008210E2
S3158000BEE03C02820089F01608DF42118061FFE6FE7F
S3158000BEF05E2361FFD5FE61FFE7FE5E389110002765
S3158000BF00392FA4A92CF2DA0234EFDF623E808F014A
S3158000BF1044F1345F61FFD2FEDE2D61FFC1FE9110D8
S3158000BF200027392FA2A991000028864FD9224832AE
S3158000BF3010223B803E00542F61FFCCFE2CF82890C7
S3158000BF404C213B00710261FFC5FE2CFA28B0DA064F
S3158000BF5034EF61FFB9FEDE3591100027392FA4A991
S3158000BF602CF2822034E05E45DAFF2CF8DA0334EFD7
S3158000BF70DF280880DA0134CFDA0009A28409342F59
S3158000BF8040F46DFF5FFE54DF5E5F910000F719FF9E
S3158000BF903C815E2A911000F739FFA1A934CFDA00DF
S3158000BFA0D80134FF34EF49A4030A09A588096DFF37
S3158000BFB099FE14A0DA0C3E02769DDA0774DFDA2247
S3158000BFC0D80234FF3C0749A4030A09A588096DFFF6
S3158000BFD089FE54DFDE2E911000C7D9CC92B914CFDA
S3158000BFE09E48DA0374DF6D0049017626DA0774DF2E
S3158000BFF0DA22D80234FF14CF5E3C911000F739F074
S3158000C00093B9DA087E06DA0774DFDA10D80234FFCD
S3158000C01054D0DA0AFE0E911000F739FF93B9DE6923
S3158000C020DA0874DFD80309A490094884910000F7E0
S3158000C03019F532816D00CA00762A6D006F00762967
S3158000C040DA0774DFDA22D80234FF3C03DA0974DFB8
S3158000C05054D0DA09FE0B910000F719FF00915E3784
S3158000C060911000F739F4A4A96D005E43910000F7A2
S3158000C07019FF3C815E27911000F739F4A1A96DFF65
S3158000C080F9FD6DFFF9FDDA0874DF54DFDE7A910081
S3158000C09000F7D9FF3C8154FF5E23DA0574FF9100D7
S3158000C0A000F7D9FF009154FF5E33DA0574FF61FF14
S3158000C0B0FFFDDA0089FF160889FF18086D001C004D
S3158000C0C00CA36E18910000F7D9FF3C8154FF5E23C4
S3158000C0D0DA0474FF910000F7D9FF009154FF5E33B4
S3158000C0E0DA0474FF61FFE4FD09FF43045E231DFF4C
S3098000C0F099FD0090A0
S3158000C0F4910000F7D9FF1A8154FF1E325E258224EF
S3158000C104A0046DFFA7FDDA0074FF911000F7E9FF24
S3098000C11490A90090D8
S3158000C118910000F719FF28A1910000F739F086C031
S3158000C1288212DF104E00DF204C00DF2F4A809100FC
S3158000C13800F7D9FFA0F049F2080A142FEE413422FD
S3158000C148A002F4F26CF191000027D92294B0492517
S3158000C1580A0A1450DA323FF00880910000F7DA07AD
S3158000C16859FF1A813C2C911000F739FF93B9DF6F7C
S3158000C1782780911000F7DA7FD9FF94B934FF9100B0
S3158000C1880047092F54082CF1DA782CF2D94488E034
S3158000C198DA03F44FC210AC44DA043450911000F735
S3158000C1A8E9FF92B9DA02911000F7E9FF90B9DA0649
S3158000C1B8911000F7E9FF91B96D00342A8202009048
S3158000C1C8144F8202EE1285FF10013442A25F0BF0F3
S3158000C1D8C0017B0000F83FF003803250DA644BF0F0
S3138000C1E811023F4005803C02F6428212009012
S3078000C1F6FFFFC3
S3158000C1F8910000F7D9FF1A8154FFDF241C805E3D29
S3158000C20891000027392FB3A05E13DA043C185E33F9
S3158000C218DA063C15DA053C133B800000FE009100E7
S3158000C22800273920B3A0DF100400DF300980DA093F
S3158000C2383C061E343B8000007E02DA0774FF0090BD
S3158000C2488212910000F739FFA4B00FF20020009007
S3158000C2588212910000F739FF97B00FF20020009004
S3138000C268910000F7D9FF98F0681574F40090E5
S3078000C276FFFF42
S3158000C278910000F719F028A1910000F739FF86C0D0
S3158000C28882129E139E22DF201180910000F7D9FF2B
S3158000C298A0F049F2080A142FEE083422A002F4F21C
S30F8000C2A86CF16D00412B82020090BC
S3078000C2B2FFFF06
S30F8000C2B48F0408F18B0F2022009002
S3078000C2BEFFFFFA
S3158000C2C0530023F0910000F8D9FF681210FF007028
S3158000C2D0910000F739FFB3A06E031D0067001D00B3
S3078000C2E0591865
S3078000C2E2FFFFD6
S3158000C2E4911000D7D9DD91A914D0910000C753606D
S3158000C2F420F0D9CC0EA110CF084561FFE1FF09FFDC
S3158000C30462083FF51A80481F6E1709F45808535F70
S3158000C31420606DFF75FCDA054BF21102910000F77F
S3158000C32419F21E817F02098014DF536F20F010CF2B
S3158000C334A22074F0009014DF536F20F010CFDA003F
S3098000C34474FF00906C
S3158000C348910000C719CF2281911000D7535F2060D2
S3158000C35859C62281910000E739D091A9D9EE0EA15C
S3158000C36861FFACFF536020F009F4580810EF0845C8
S3158000C3786DFF44FCDA05910000274BF2110239DF84
S3158000C38891A959C02281536F20F010EF192F1E8171
S3158000C3987F0F0580A2F074F00090DA0074FF009099
S3158000C3A8910000F7D9FF1E812008F4AF910000F7AD
S3158000C3B83B803E0019FF82B0D4AFE20F3B80380144
S3158000C3C84B0F110274F0910000F719FF2E819EFE23
S3158000C3D8DA00910000F8D9FF6812911000C7D9CC0D
S3158000C3E891A9910000D7D9DD2281A01E34CF09F00A
S3158000C3F8300174D0D4A254213F0105806DFF70FFAF
S3118000C4083C036DFF9FFFC21FFCE200900A
S3158000C4148FD51FF08208764EDF141600DF241700AE
S3158000C424DF342A00DF441000DF541100DF64240067
S3158000C4343C45104F8F7500F114F882100FF0000000
S3158000C44426083C3C104F14F83C39104F0264081FF0
S3158000C4548F8F208014FFA6F86D003400DF022F0032
S3158000C4648FF80FF18F8F2000BB00F0FF26F88688A7
S3158000C474A6083C24104F0264081F14F08F8F00F026
S3158000C484A6F0082F8F0F01F0A6F0083F8F8F01804A
S3158000C494A6086D001700DF021200BB00F0FF8F882C
S3158000C4A401000FF880108F810010A6108F881F104E
S3138000C4B426F1A6108F881E80A60802820090B0
S3078000C4C2FFFFF4
S30B8000C4C48B14002200909B
S3078000C4CAFFFFEC
S3158000C4CC024F0258404F026A8FD81F9002746DFF3C
S3158000C4DCF5FF6E0A9E159E28DF3F29009E419E54CD
S3158000C4ECDF6F2500009076AB01F900F68F7800F1AE
S3158000C4FC14F082110FF10010A61034F0009001F99F
S3158000C50C00F634FA0090370A7000762A8FF00FF115
S3158000C51C8F8F2020BB00F01F26108680A62001F965
S3158000C52C00F634F0868028100090DF021200BB00E3
S3158000C53CF00F8F8A01100F0A80208F820020A6218F
S3158000C54C8F8A1FF0260FA6F18F8A1EA0A61A01F9D4
S3158000C55C00F68F8A1FF034FA2CF18F0A1FF02CF21A
S30D8000C56C8F8A1EF02CF300906B
S30F8000C574910000F799FFA0C0007047
S3078000C57EFFFF37
S3158000C5802018911000F7D9FF92A9F804DA0034FF39
S3158000C590910000C7D9CCB0A040CF09FF4304F8036F
S3158000C5A0DF0F6A01910000F7D9FF98C009C84608D5
S3158000C5B0F801D4F214C0092F58083E0F910000F7F5
S3158000C5C099FF90B0A01214FFEE0509FFC808ACC809
S3158000C5D03C0449FF100AFC2840CFDA1109F44104D3
S3158000C5E0F4AF3E43DA517E4382003C0D820061FF08
S3158000C5F0C3FF49C2040AA024142114FF3E14C210AA
S3158000C600B01FFC4BFF302881910000D7D9DD94B054
S3158000C61040DF820189F10504F80291000027992FF5
S3158000C6209CC091000027992290B0A03414F28F42CA
S3158000C63020F01025145FEE090953C80809CFD008E9
S3158000C6407E3489D202083C04C211B01FFC40BF412F
S3158000C6500D808201A01F142FEE0489D102083C05AB
S3158000C660C2114922100AFCF8DA11910000F7D9FFAD
S3158000C67098F0F80549D2030A49FE040A3E43DA5186
S3158000C6807E4EDA00342FBB00350C74E03B00B404D8
S3158000C6909BC0040074F089DF10083C0E342040CF24
S3158000C6A009F4440440E409A594096D00910709C47E
S3158000C6B045086D005121D80314FFDF1F5480DF0821
S3158000C6C0520009CF58086E4E89D89608C2F8D8010C
S3158000C6D0D4A4D4FF144FC812342F7687C81440C20E
S3158000C6E0C2F8092F42042C41C814028449C5080A9D
S3158000C6F0B0246D0009800CC72CDADA02911000F79D
S3158000C700E9FF92B9DA05911000F7E9FF93B9910034
S3158000C71000270CDA91100047C5FF1001D92232811B
S3158000C720D9449CB949D5200A6E0F54FF742FDA007C
S3158000C730344FD80554F0D801D4F2D80214FF865F5E
S3158000C740102F485F3C0D54FF742FDA00344F54E0AD
S3158000C750D801D4F2D80214FF865F102F484FA2F07A
S3158000C7607450D80314FFDE2185FF1001910000F775
S3158000C77059FF3281911000F7DA00E9FF9CB93B003E
S3158000C780B4F49BCF04F06CD8D80314FFDF3F4B8002
S3158000C790DF08490009CF58086E45910000F7D9FF98
S3158000C7A0A0F068189AF849C2080A10223C06C2FF0F
S3158000C7B009207EF889203FF0FF2FFBFFD4A449C2D1
S3158000C7C0080A144F342F40C4094F42042CC9F4F28E
S3158000C7D0DA50D4AF14F0FE04820061FFCDFEA022B1
S3158000C7E0144F14F13E14C210B01FFC2BFF30098089
S3158000C7F0911000F7E9F0A2A9D804DA0134FF91007C
S3158000C80000F7DA0359FF28A1911000F7E9FF92B9E2
S3158000C810911000F7DA09E9FF93B96D00D97E89D2C4
S3158000C8208608DA012CD9D801D4F2D80214FF865FA3
S3158000C830102F9100002809F4590889D4080891001E
S3158000C84000F79922884101240326D422B5F294F078
S3158000C8506D003C1A49CF170A14FF6E03DA0034FFC5
S3158000C86049CF160A14FF6E03DA0034FF89CF180801
S30B8000C870D80334FF00909E
S3078000C876FFFF3C
S3158000C878910000F799FF98C091000057D955B0A04C
S3158000C888145F09F0580882023E0B910000F799FF61
S3158000C89890B0A01214FF6E0449FF100AFC2C0220E7
S3158000C8A861FF66FE4952040AA024142F14F13E142F
S3158000C8B8C210B01FFC4BFF302780910000F7022082
S3158000C8C8E9F099B0910000F799FF9CC09100002784
S3158000C8D8992290B0A03414F18F4120F01026146F5D
S3158000C8E8EE08096FC8080953D0087E3302123C0443
S3158000C8F8C210B01FFC41BF4007808200A01F142FC2
S3158000C908EE0302020090C2104922100AFCF9009038
S3158000C918911000F739FF96A96E29910000F7D9FF83
S3158000C9282E8154FF82F07F0F0680C21F74FF6D0030
S3158000C9385711911000F739F0BCA9DA643F0F0480CB
S3158000C9486D001014911000F7D9FF95A914FF6E0396
S3158000C9586D001A0014FFEE06911000F7DA01E9FF60
S3118000C96898A96D003F001D004100009062
S3158000C974910000F719FF28A15E436D00B9196D0077
S30B8000C9841B201D008B2222
S3078000C98AFFFF27
S3158000C98C910000C7D9CCB0A009CF43046E219E2B51
S3158000C99C910000F799FF90B06DFF6AFF864201F215
S3158000C9AC00F608AF536F20F0910000F7D9FF4C606A
S3158000C9BC10FF09FF0209DE216DFFB0F87624DA0A32
S3158000C9CC3E2C3C046DFFD8FD3C03DA0034CF91102D
S30F8000C9DC00F7DA00E9FF95A9009044
S3078000C9E6FFFFCB
S30D8000C9E86DFFC6FF1D00081A51
S30D8000C9F06D007A031D00600151
S3158000C9F8910000F8D9FFB83191000027C834B524D2
S3158000CA0898C091000027D4F4B5249CC091000027D3
S3158000CA18C824B52490B091000027C854B524A0C076
S3158000CA286D006400DA0091000027D9224C609100DD
S3158000CA380048D944B431A015892F020904408920B9
S3158000CA480600FC5BC84F910000273BF00F00D4FF1F
S3158000CA58B52F94F0910000F7D9FF94E0A03228C052
S3158000CA682CFD49FF100AFC2C910000F702F059F0C2
S3158000CA7828A1911000F7E9FF92B9911000F7E9FF14
S3158000CA8893B9910000F7D9FF94B02CF92CF52CF2C4
S3158000CA98910000F7E9FFA8F0911000F7E9FF89B93E
S3158000CAA8911000F7E9FF88B9910000F759F03281B3
S3158000CAB8910000F759F02A81910000F759F03681E4
S3158000CAC86D004C006D000800911000F7DA01E9FF4F
S3098000CAD896A9009005
S3158000CADC910000F7DA0059FF2E816D0041131DFF7E
S3078000CAECF3FBD4
S3078000CAEEFFFFC2
S3158000CAF0910000F7D9FF94B082002830911000276A
S3158000CB00DA01E92F93A989F01008910000F7D9FF7F
S3158000CB1098F0BB0035FC6CF13B00B4F49BCF04F07D
S3158000CB2074FF910000F759F026816DFF91F89110FE
S3158000CB3000F78200E9F098A9911000F7DA0CE9FF76
S3158000CB4094A9911000F7E9F099A96D006D1F9100E5
S3158000CB5000F7D9FF14B1DA00A0A264FFFC2F009081
S3158000CB60910000F7D9FFB0A040F46D00F13A911022
S3158000CB700027D92295A9B03FDF121B80DA01342F16
S3158000CB8014FF1E12DE38910000F799FF90B06DFFFA
S3158000CB9075FE864201F200F608AF536F20F09100D1
S3158000CBA000F7D9FF4C6010FF14F41D001F1BDA003C
S30B8000CBB0342F34FF0090D3
S3078000CBB6FFFFF9
S3158000CBB8404F82023452DF240B006D001D00F62898
S3158000CBC8DA016CF3D4F2C81F14FF342F00903BA00F
S3118000CBD800008BA200F2AB10802F0090B2
S3158000CBE4910000F799FF2010DA01BCF52D0F0000A3
S30D8000CBF4AB0FA0F202F20090E3
S3158000CBFC404FC8148206405D14498B49A0F2EA2640
S3158000CC0C484F5F6F4D800C418FFF00819AF8370F2C
S3158000CC1C68F0FF3F4380FF4941800B9810486DFFB9
S3158000CC2C6BF7022ADF0A3280820034D0911000C75B
S3158000CC3C0B9810486D00C400E9C29CA9911000277E
S3158000CC4CC81F081F16F08FCF3F00E9209BA9DF0075
S3158000CC5C2A00DA0F5F0F2280910000F791000047BF
S3158000CC6C99FF90B0394F96B091100027864F10FFE0
S3158000CC7C08AF910000F7536F20F0D9FF4C6010FF7E
S3158000CC8C14FFE92F9AA93C0EDA0A7EA3DA003C0936
S3158000CC9C14DFEE08DA223C05DA313C02DA13821A0A
S30B8000CCAC34DF02A20090B5
S3078000CCB2FFFFFC
S3158000CCB42008DA016DFF96FF022840A46D006A1EE3
S3158000CCC4DF024980911000F7D9FF93A914F014A1CB
S3158000CCD45F10410034F114A0DF103C00910000F78E
S3158000CCE499FFA0C08219A0120291B01F14FF3E04BE
S3158000CCF4C211B01FFC2CDF312B00910000F899FF84
S3158000CD04884191000027392F9CB0D0FF084A820BB6
S3158000CD14DF0A120060A23B800200B0F2534B22F07D
S3158000CD24D4F41044094F50087E04094F5208EE0388
S3158000CD34C21BFC25534B22F0D4FF10FF54FF6DFF1A
S3158000CD448BFA26F27FAB0380F6228209029F3C028D
S3118000CD54DA006E02F6831D00530000908A
S3158000CD600B451088026A027F6E025E136D00080012
S3118000CD700B8910480BAF10681DFFC6F63B
S3158000CD7C911000F739FF9BA9910000D8D9DD2C02C0
S3158000CD8CEE0C911000F7D9FF9CA9A01C04D414F5C5
S3158000CD9C6DFF54F7FCCC0090911000F7D9FF9AA93F
S3158000CDACA01214D414FF7E47911000F739F59CA974
S30F8000CDBC1DFF44F7B01DFC26009011
S3078000CDC6FFFFE7
S3158000CDC82018910000F8D9FF981140A2A03404FFDA
S3158000CDD8242FFC4E910000F8D9FF9C1149A2040A21
S3158000CDE8C504110004FF242FFC4E01A500F614FF8C
S30D8000CDF8424F10AF0842009083
S3158000CE00910000F8D9FF2C02A01C14F46DFFFEF6E9
S3158000CE10F62614F43B8000506DFF16F7B01FFCC653
S3078000CE200090FA
S3078000CE22FFFF8A
S30F8000CE2491100027392F9EA9007097
S3078000CE2EFFFF7E
S30F8000CE30911000F739FF9EA90070EB
S3078000CE3AFFFF72
S3158000CE3C61FFFAFF5E278204910000F7E9F474E043
S3158000CE4C3C028214910000F7E9F478E01DFF5AF653
S3158000CE5CDA002008910000F734AF39FF78E08218A9
S3158000CE6C6E06910000F739FF74E06E0D40A46D00DC
S3158000CE7CDD25762314AF6E07DA01911000F7820850
S30D8000CE8CE9FF9EA902820090D5
S3158000CE944C4482125E1382020090DA13345F00904F
S3158000CEA4404F821861FFBEFF3E831E2D3C149110B5
S3158000CEB4002739249DA96D00EB75022802846DFF35
S3158000CEC4CFF63C0B9110002739249DA96D00DE75A1
S3158000CED402283C03DA1234FF14FFEE06028440F47F
S30F8000CEE46D005400022802820090BF
S3078000CEEEFFFFBE
S3158000CEF0CC41820814FF5E286D0086006DFFB0FF6E
S3118000CF0061FF98FF5E228218028200907A
S3158000CF0C404C8218910000F7D9FF74E034F861FF29
S3158000CF1C85FFDF2F25806DFF9BF614C0DF00118007
S3158000CF2C910000F7DA00E9FF75E0911000F7DA0559
S3158000CF3CE9FF89B940C46DFFB1FF02283C14DA7849
S3158000CF4CFE02910000F7DA01E9FF75E0911000F717
S3158000CF5CDA04E9FF89B93BA000803C05DA0034FF8E
S30D8000CF6CDA2234CF0282009024
S3158000CF7461FF5EFF5E231DFFC9FF911000F7DA058E
S30D8000CF84E9FF89B91DFF8EFF4C
S3158000CF8C821276445F4207003C086DFF53FF820293
S3138000CF9C0090DA31344F00903BA000200090C8
S3078000CFAAFFFF01
S3158000CFAC91000027392F76E08218404F405CEE20A6
S3158000CFBC6DFF6CFFDF021F809100004891000057C7
S3158000CFCC99448441395F99B091100027865F10444B
S3158000CFDC094F5C08E92F9DA991100027C81F40C4F2
S3158000CFEC14FFE92F9EA96DFFC1FF02283C03DA21AD
S30B8000CFFC34CF0282009092
S3078000D002FFFFA8
S3158000D004910000F7D9FF94B09100002899228841B5
S3158000D014088FD0220C263BF00F003E07534F22F098
S3158000D024D422102254203C0282F08211083F0FF150
S3158000D03400F01E1326F0BE04910000F739FF78E055
S3158000D0446E06910000F739FF74E06E0A911000F7BE
S3158000D054021FE9FF9EA9910000F7E9FF76E00090A0
S3158000D064024F404F8218405C6E171E249E499E5D77
S3158000D0743C2791000027392075E0F60791000027A8
S3158000D0840280E92076E03C06910000270280E920B0
S3158000D09477E082083C156DFF89FF02283C1140C465
S3158000D0A46DFF34FF02283C0C6DFF22FF762640C4B8
S3158000D0B46DFFF8FE02283C043B20020034C0F6884B
S3158000D0C41E27DA016CF3D4FF61FFACFE34FF0282C3
S3078000D0D4009044
S3078000D0D6FFFFD4
S3118000D0D8910000F7DA01E9FF78E0009093
S3158000D0E42008DA0034AF6DFFB9FE0228910000F7FC
S3158000D0F4D9FF77E014FF6E1240A46DFFADF514AF2F
S3158000D10414F0EE07DA01910000278200E92F76E019
S3158000D11414AF8B8F07F2EA0034F0910000F739FFE1
S3158000D12476E0EE02F68A40A46DFFBCFE8BA200F286
S30F8000D134910000F7E9FF76E0009015
S3078000D13EFFFF6B
S3158000D1408212BD051500820074500C49EE10094FFD
S3158000D150C608538F21F0910000F8D9FF300210FFE6
S3138000D160088F6E05020209FFC608745F0090F4
S3078000D16EFFFF3B
S3158000D170404F09F0C608910000F8538021F0D9FF8E
S3158000D18030020249201010FD820A89A4840902AC6B
S3158000D190405CCCD509DBC00834CC34ACF69454F86A
S3158000D1A0481F3C034838484F6DFF58F82682DF02F7
S3158000D1B0C0006DFF4BF826F2DF02B8008208DA0164
S3158000D1C0DF098280C822BC2740A40BB810482D02F4
S3158000D1D000003C0602B440A482056DFF53F5762715
S3158000D1E014AFEE03DA2234AFDA003C0234ACDF0F40
S3158000D1F08300D801089FDF0F81803BC0009091009B
S3158000D20000E73B8000B0D9EE3A813B1003D03C5416
S3158000D21009E0C008CCD353C020F010F2910000F88A
S3158000D220092FC208D9FF2072534F21F010FFF80250
S3158000D23009FFCE08910000F8534F21F0D9FF08D29C
S3158000D24010F4D80209FF51086E3309D042085F9066
S3158000D250308054F0F60909D04308DF102980092070
S3158000D2600409DF002500D44FBD0F23001E625E46F1
S3158000D27040C42D0F000002283C0C3EB25E1AD80135
S3158000D280D44240C408B42D0200000228F68228BC8D
S3158000D29002846DFF11F87627D80209FF51081E1205
S3158000D2A05E4234CCDF082A8034CC3C0234CD09EF90
S3158000D2B0C008C21FB4EF09EFC00809D0C4087F0FA9
S3158000D2C01D803CA7DF191A80C85FBCF702B440A452
S3158000D2D082152D0F00003C0602B440A482156DFF16
S3158000D2E0D1F4762714AFEE03DA2234AFDA003C02AB
S3158000D2F034ACEE0314AF34CFF68314CF6E0EDA0A55
S3158000D3007E87D80134CC824ADA012CFB3C1414CFB8
S3158000D310EE03DA1034CF823A910000F7DA00F9FF93
S3158000D3203A81D80128BC3C07DA33822A3C03DA31B9
S30D8000D330821A34CF02A200909C
S3158000D3380248404F3B8000906D0080239100002872
S3158000D348D9223002C2F2092FC0088FF21F1082003C
S3158000D3587E84020FACF33C12538221F010240943D9
S3158000D368C0085F831980A8323C094201538121F0A5
S3158000D3781024094FC0087E87A83182092899A829D0
S3158000D38874F93C0B7FF8048002123C0202100B02EF
S3118000D398801006F1DF01EBFF029200908E
S3158000D3A4DA002C482C49AC43AC42744F2C4B2C4AA3
S3078000D3B4009061
S3078000D3B6FFFFF1
S30F8000D3B8910000F8D9FF483200709A
S3078000D3C2FFFFE5
S3158000D3C4DA00405C821234CF200889A48409DF24E1
S3158000D3D406806D00F30082020090910000F7D9FF69
S3158000D3E43C81F4AF54FFDF1F3280D801820891104C
S3158000D3F40027C81F14F0E920A1A961FFDDFFA02240
S3158000D404088F3E05C21849FF100AFC2BFF38188086
S3158000D414D801484FDE1291100047D944A3A96D0064
S3158000D424B91AF629911000F7E9F8A2A9D4AFDA035C
S3158000D43474FF3C07DA223C04DA133C02DA1234CF56
S3158000D44414CF6E04D4AFDA0574FFD4AF54FFDF3F34
S3158000D4543580911000D7D9DDA2A914DF910000E8A8
S3158000D464864FD9EE4832911000F739F4A3A910EF0C
S3158000D47440C408856DFF8EF3DF021380DA0034CF53
S3158000D48414DF864F10EF09FF0A091E125E25D4AFFA
S3158000D494DA0274FF3C0DD4AFDA0474FF3C09DA0A6D
S3158000D4A47E23DA003C0414CFEE03DA2234CF14CF81
S3158000D4B46E04D4AFDA0574FFD4AF54FFDE2F911017
S3158000D4C400F7D9FFA2A914FF910000D8864FD9DDB1
S3158000D4D4483210D2092F0A095E15820440C46DFFB2
S3158000D4E42FF414FF864F10DF09FF0A095E25821484
S3158000D4F440C46DFF25F43BA00020D4AF54FFDF4F1A
S3158000D5043880D801DA0591100027910000486CF321
S3158000D514D9444832D4FF392FA1A99110002734FF6A
S3158000D5243B803E00392FA2A98202864F104F54FFBA
S3158000D534D8014B0F1102D4FF370070F08F8F3F0054
S3158000D54428103B007102D801D4FF2CF2392FA2A9EE
S3158000D554864F104F481FD8014B0F1102D4FF370056
S3158000D56470F08F8F3F002830D801D4FF2CF4D4AFCD
S3158000D57454FF5E5714CFEE03DA2234CF821274F24C
S3078000D58400908F
S3078000D586FFFF1F
S3158000D5887643DF141780910000F719FF3C81DE414E
S3158000D598911000F739FFA2A9864F61FF0BFF10FF94
S3158000D5A8088F481454F56DFF5DF602F46D00701A05
S3098000D5B81D000200CA
S3138000D5BC910000F7DA0159FF3C811DFF97F5BB
S3078000D5CAFFFFDB
S3158000D5CC61FFF6FEA022088F7E4654FF744F481FDB
S3118000D5DC745F009049FF100AFC27009045
S3158000D5E80B6710A80B45108876B3DF1B2480911033
S3158000D5F800C7D9CCA2A914C0910000D88640D9DD2D
S3158000D608483201D000F608846D005834910000F73E
S3158000D61819FF1A815E5F14C0864001D000F608841F
S3158000D6286DFF24F36DFF24F3911000F7DA00E9FF0C
S3158000D63896A902B46DFFA6FF0B8910480BAB10683C
S3098000D6481DFF5EF2EC
S3158000D64C91100027392FA5A9536F20F0910000283F
S3118000D65CD92204E21022092F0209007076
S3158000D668404F405C820234C2DF2406806D007C0015
S3158000D67882020090910000D7D9DD009154DFDE1F29
S3158000D688C81491100027144FE92FA4A991000028E7
S3158000D698392004E27E0D484F5E1991100027DA0082
S3158000D6A8E92FA5A9DA0274DF3C05DA133C02DA12FF
S3158000D6B834CF14CF6E04DA0574DF821254DFDF2F7D
S3158000D6C82180911000273924A4A940C46DFF20F237
S3158000D6D8F62CDA0034CF61FFB7FF1E131E225E33A5
S3158000D6E8DA033C0EDA043C0CDA0A7E24DA0034CFFC
S3158000D6F83C0814CFEE03DA1034CFDA05821274DFD1
S3158000D70854DF5E3F61FFA0FF5E1382043C055E2303
S3158000D71882143C02822440C46DFF10F33BA0002093
S3158000D72854DFDE48911000E739E4A4A96DFF9CF226
S3158000D738D4F239EFA4A9342F39EFA4A91E43DA010C
S3158000D7483C05D4F2DAFF2C21DA0282026CF3DA0184
S3158000D75874DF5E5714CFEE03DA2234CF821274D286
S3078000D7680090A9
S3078000D76AFFFF39
S3158000D76C910000F7DA0159FF0091911000F7DA0069
S30D8000D77CE9FFA4A91DFFBAF420
S3158000D7847673DF171180910000F719FF1A815E53B3
S3158000D7946DFFB0F4911000F739F4A4A96D00C23777
S30B8000D7A41DFF68F20090F3
S3078000D7AAFFFFF9
S3158000D7ACDA0002F0104FC2F414F18F3400203704E3
S3158000D7BC68400F210010C21FA610370F68F0DF04D7
S30B8000D7CCF3FF745000908B
S3078000D7D2FFFFD1
S3158000D7D4910000F7D9FF88D009FF5108EE0409FFAC
S3158000D7E452086E09482F92E0481F4B0F1102AB1066
S30B8000D7F400F16CF30090C9
S3078000D7FAFFFFA9
S3158000D7FCB4F09100002709C48409104FB03FB52FAF
S30F8000D80CA4C0910000F7D4C200709A
S3078000D816FFFF8C
S3158000D81891000027B92F0A9191000027D92214B1C7
S30B8000D8289022542F0070CF
S3078000D82EFFFF74
S3158000D8306CF3910000F7B9FF0A91910000F7D9FFC8
S30B8000D84014B190FF007098
S3078000D846FFFF5C
S3158000D848DA00405D3BA00090200834DFBBF0FFFF84
S3158000D858B4AF404CDF2406806D004E0082093C2C14
S3158000D868910000E7D9EE069154E0DF101B804CC486
S3158000D878BF3F1680CCC140A4081F8F8F2080082FF9
S3158000D888A6F802846D000601762C14DFEE0A40C4E1
S3158000D89840D502846D00CA0102293C03DA1334DFBD
S3158000D8A854EF5E2640C440D56D000E01022914DF70
S30F8000D8B86E03821974E90292009053
S3078000D8C2FFFFE0
S3158000D8C48210910000F799FFB0C0911000C7E9C09B
S3158000D8D4A9A9024FC82F82242D0F00008200E9C017
S3158000D8E4A9A9910000F7D9FF14B190FF8BA200F289
S30D8000D8F4861FC21F74FF00901D
S3158000D8FC2010911000F7D9FFA7A9F802DA0234FF9D
S3158000D90C910000F7D9FF0691F80154FFDE24DA0165
S3158000D91C910000F799FFACC0911000C7E9CFA9A977
S3158000D92C91100027C82F3924A8A92D0F0000DA00E2
S3158000D93CE9CFA9A98208910000F78219D9FF9EB078
S3158000D94C3B2003A0910000C7820B910000D8910068
S3158000D95C00E7F4AFD9CC14B1D9DD0CE2D9EEB0C066
S3158000D96CA0AFF4ED49DD140AD4E20C2D6E120C2E08
S3158000D97C6E1054CF5E3E91100047E949A9A98224C6
S3158000D98C092288092D02000091100027E928A9A9EF
S3158000D99CD4A2142F7FAF038074CBB04CFDF0E37F01
S3118000D9ACD80234F8DA01D80174FF00902C
S3158000D9B80B4510880B6710A8DA317E8482146D00B7
S3158000D9C8C1020B8910480BAB10686DFF99F07E84F5
S30D8000D9D882041D00B7020090D5
S3158000D9E08210405C0208910000F8DA00B4CF910002
S3158000D9F00027406DD9FF0CE2D922B0C009C1C0080A
S3158000DA00534121F010F5F425095FC0085F4F368039
S3158000DA103440820814DFEE24D42F08DF6E2108EF0D
S3158000DA206E1F09CFC008910000E7D9EE14B190E2CD
S3158000DA30542FDE36822491100027E924A7A991105D
S3158000DA400027E920A9A9C82F2D0F0000911000F703
S3158000DA50E9F8A9A909CFC00890EFDA0174FF9110FF
S3158000DA6000F7E9F8A7A914DFEE0E910000F709CFB9
S3158000DA70C008F9FF0A913C07C211B4C109CFC0089A
S3158000DA80BFBFBEFF09C0C008DA0B7E0514DFEE03F8
S30D8000DA90DA3134DF02820090D6
S3158000DA982008404F405C91000027BBF0FFFFF92F1C
S3158000DAA80A91DA0034AF40A440F540C66DFF96FF70
S3158000DAB814A0F606762514CFEE03DA3134CF0202A7
S3078000DAC8009046
S3078000DACAFFFFD6
S3158000DACC2008DA01F4A4911000C7E9CFA9A989A589
S3158000DADC8409910000E7D9EEACC0D4EF911000D741
S3158000DAECD9DDA8A9C82F14D42D0F000002288200D6
S3158000DAFCE9C0A9A902846DFFD9F37625D4EF083F36
S3158000DB0CAB08A88FDF086680D4EF14DFC81F5E1DB4
S3158000DB1CC86C09F97F0809F0F608D4AF9A3061FF12
S3158000DB2C83FE822074F03C165E2DC87C09F9401861
S3158000DB3C09F0F808D4AF9A3061FF76FEDA0174FFEB
S3158000DB4C3C09C88C09F9411809FFFA08D4AFC23FC1
S3158000DB5C6CF3820A3C1809C4470809C5C4086D00D1
S3158000DB6C1320D4AF022609C4470809C5C008D4F4CB
S3158000DB7C09C74608B0346DFFA5F4C21A49CC080A09
S3158000DB8C370A70A07F9A05800CC7DF7FE6FF5F9A05
S3158000DB9C0B00D4AF483F910000F7B9F00491D4AF95
S3158000DBAC420F6CF3D4AF14DFD4FF34FFD4AFD4E27E
S3158000DBBCD4FF092FC008868F2CF1D4AF092FC0084B
S3158000DBCCD4FF2CF2DA01910000F759FF06913C281C
S3158000DBDCDF180880911000F739FFA6A96E1E3C1E2F
S3158000DBECDA0A7E87911000F7DA01E9FFA7A93C18BB
S3158000DBFCDA0C7E87911000F7DA03E9FFA7A93C10AF
S3158000DC0CDA807E86D4EF083F6E03DA103C079110DB
S3158000DC1C00F739FFA6A9EE02DA22D80134FF028278
S3078000DC2C0090E0
S3078000DC2EFFFF70
S3158000DC30404C09C28409910000F7D9FFB0C020107A
S3158000DC40142CF8014CC4D4FF92D0405D0248A00E3B
S3158000DC50C81F8209821A481F3BA000B0370070D0C7
S3158000DC606DFFFCF226F2DF023201D801D4FFC81F15
S3158000DC7054FF6DFFEBF226F2DF022701DF1C0680E0
S3158000DC80D801D4FF08CFEE0FDF2C0680D801D4FF51
S3158000DC9008DFEE09DF3C1781D801D4FF09FF500861
S3158000DCA0DF0F110191000027B52FACC0911000271E
S3158000DCB0820EE92CA8A991100027E92EA7A9911018
S3158000DCC00027E92EA6A991000027D9220491822156
S3158000DCD089A28809B42EDF1C2B80C8150950E40858
S3158000DCE05F0D0A00082FEE233FD02280095FF008DF
S3158000DCF03FFD1E80D802095FF008095E8C090BFD86
S3158000DD008000095E7C08B4F09100002709C484096C
S3158000DD101044B034B524A4C091000027D4C4095F50
S3158000DD20F608104FB03FB52FA8C03C5DDF2C2D8084
S3158000DD30C8150950E6085F0D0A00082FEE253FD06A
S3158000DD402480095FF2083FFD208061FF67FDEE03B6
S3158000DD5008C076086E025E1308F076046E3FDF1FF9
S3158000DD603E00D802095FF208095E90090BFD80002B
S3158000DD70095E7D0861FF44FD095FF8081022B03214
S3158000DD80B5F2A8C03C30DF3C2C80C8150950E808A5
S3158000DD905F0D0A00082FEE243FD02380095FF40828
S3158000DDA03FFD1F8061FF3AFDEE0308C07605EE0356
S3158000DDB008F076026E13D802095FF408095E9409AA
S3158000DDC00BFD8000095E7E0861FF1AFD095FFA0877
S3158000DDD01022B032B5F2A8C03C0682193C04DA1390
S3158000DDE034DF8211910000F7D9FF0691F4AF74F108
S3158000DDF014DFEE6E76DF09C484090B8C104802D6D8
S3158000DE00B0346DFF79EE022B76B5DA3134DFDA0184
S3158000DE1074FF14DFEE5DD801D4FFC81FC82FBCF78E
S3158000DE2040D40B8C10482D0F00003C0640D40B8C40
S3158000DE3010486DFF2DEF022B76B714DFEE03DA2242
S3158000DE4034DF820A3C0234DF76A47697DA2434DF24
S3158000DE50D4AFDA0174FF3C3C82083C1809C48409BB
S3158000DE6009E4470809E5C008B03409E646086DFFAD
S3158000DE70D3F209E4470809E5C40802266D00961E18
S3158000DE80C21849EE080A370870807FE8088014DFD8
S3158000DE90EE05BCE40CE7DF7FE3FFBD0E1A000CE75E
S3158000DEA0DE77D80209F4C008DF041300911000471A
S3158000DEB0D944A5BA910000F799F5A4C06D002474E1
S3158000DEC03C07DA123C04DA333C02DA3134DF02B240
S3078000DED000903A
S3078000DED2FFFFCA
S3158000DED40249910000F8820AD9FF0CE22008F4AFC7
S3158000DEE4910000C7910000D7D9CC14B1D9DDB0C058
S3158000DEF4A0AED4AFF4DF49FF140AF4AFD4DF08DF51
S3158000DF046E1C08EF6E1A54CFDE28910000279922E2
S3158000DF14A0C0142F3E9F6DFF9FF1C81F481F0FF2AC
S3158000DF2480806DFF91F1D4DFC81F54FF26F276827C
S3158000DF34F62402A46DFFC6FCC21AB04CFDE0DB7F5A
S3078000DF440090C5
S3078000DF46FFFF55
S30F8000DF48911000F7E9F4A9A90090F2
S3078000DF52FFFF49
S3158000DF54DA00405C3BA0008034CF201089A4840979
S3158000DF64DF2407806D00A80182081D00B30091009C
S3158000DF7400D7D9DD2A9154DFEE16D801484FBF2F3A
S3158000DF840D80AE0B910000F78FFF1F00F9F02091F2
S3158000DF94B9F02091BF500680DA1334CF82103C0248
S3158000DFA4825074D054DFDF5F5680910000F7D9FF2A
S3158000DFB42091F4AF910000F7D9FF1691F8029100F1
S3158000DFC400E7D801D9EE269140E6C814D4AF09A556
S3158000DFD4880940C709F4C0086D007E007626DF12E2
S3158000DFE43300DF222D003C2DD80254E009FFC008FF
S3158000DFF4061F42F074E0D8016830485F3F0F048002
S3158000E004DA063C04DA1434CFDA0174DFD4AF09FFBC
S3158000E014C008BF2F1B80D80209F5C008DF0516008B
S3158000E02454DFDE6354E440C46DFF60ED14CFEE0428
S3158000E0347623DA143C076E0976283C05DA013C0619
S3158000E044DA1034CFDA0174DFDA00911000F7E9FFD1
S3158000E054AAA954DFDF6F3580910000F7B9F41691D1
S3158000E064F646DA3134CFDA0174DF3C2AD8019100DE
S3158000E07400E7D9EE269154E540C6C814D4F56D0060
S3158000E0848B017626DF220E00DF320E003C0E54EF23
S3158000E0946CF3910000F78208F9F83A8174D83C0B46
S3158000E0A4DA013C0ADA223C0414CFEE03DA1034CFC8
S3158000E0B4DA0174DFDA00911000F7E9FFAAA954DFC8
S3158000E0C45E18910000F7DA00F9FF3A81821874DF4E
S3098000E0D402820090AE
S3158000E0D8201089A4840989A58C0989A688099100B4
S3158000E0E800D7D9DD2291820A54D00248407C02A901
S3158000E0F8DF00BD80910000F702AF59FF1A919100A9
S3158000E10800F7F9FF1E91910000F7F9FF1891910029
S3158000E1180027D801B52FB4C0910000F7F9FF3A81DE
S3158000E128821074D01D00A30054D0822BDF10268065
S3158000E138D80109EFC0089100002750FF91000047D9
S3158000E14814F0081F8F802040D944B8C042F4F924BF
S3158000E15832916DFFEFF8F629DA0374DFDA00910061
S3158000E16800F7F9FF3A813C09DA0A7E23822A3C05C0
S3158000E17809EFC008C21FB4EF54DFDF3F2C8091003F
S3158000E1880047D944B8C0820440C56DFFEFF7762AA8
S3158000E198DF121300DF221700DF320C00DF42150082
S3158000E1A83C1574DBDA00910000F7F9FF3A813C12DE
S3158000E1B814C0DA317E0709EFC008C21FB4EF74DCD9
S3158000E1C83C0974D93C06822A3C0574D9DA1034CFC6
S3158000E1D8821A54DFDF2F4B80910000F7D9FF3291E6
S3158000E1E891000047D944B8C040A509F4C0086DFF1E
S3158000E1F8A5F7DF022E8009E0C00854AFC2106E254D
S3158000E2089100002719211A9142F159211A919100FA
S3158000E2180027B92F1891C21FF92F1891B4E009FF6A
S3158000E228C008910000F799F2B4C08F8F3F00342060
S3158000E23899F2B4C0B012B5F2B4C0342F99F2B4C012
S3158000E248B012B5F2B4C03C02B4E074DC3C0FDA809C
S3158000E2583E29DF120800DA0A7E23822A3C0714CF79
S3158000E268EE03DA1034CF821A74D9DF0A128091004D
S3158000E27800E7D9EE1E9109EFC0087F8F0A8054DF28
S3158000E288821CDF1F537FDF2F517FDF3F4F7FF6AE24
S3158000E298910000F719FF1A91D80274FF910000F7D0
S3138000E2A8B9FF1891D803B4FF74D902A2009072
S3078000E2B6FFFFE2
S3158000E2B8DA00200834AF910000C7D9CCB8C009CF9E
S3158000E2C8C608910000F8538F21F0D9FF30029100DB
S3158000E2D800D710FFD9DD3A8109DFC008C83F53CF80
S3158000E2E820F010FF09FFC208910000F8534F21F073
S3158000E2F8D9FF207210FE910000F809EFCE08D9FFE9
S3158000E30808D2534F21F010F2911000F7D9FFAAA92D
S3158000E31814FFDF1F238091100047394FA0A9EE1DF7
S3158000E32809EF51081E143B800000FE079100004744
S3158000E338194F2A915E57D422BC25822440A42D02E7
S3158000E348000091000027192F2A915E67D4E2BC2528
S3158000E3588224A0042D02000091000027DA00592F9C
S3158000E3682A9191000027592F229191000027592F31
S3158000E3780E91B4DF34FF911000F7E9FFA0A940C4DD
S3138000E3886DFF0EF8911000F7E9FF9FA9009037
S3078000E396FFFF01
S3158000E398202089A4980989A58409820C89A69009D0
S3158000E3A802C9910000F789AC1C09D9FF0E9134691E
S3158000E3B8F80302CA54FF8218EE18910000F7F9F4A0
S3158000E3C80C91910000F759F51291D80302C074F8A0
S3158000E3D8911000F7E9F9ABA9911000F7E9F9ACA912
S3158000E3E8910000F759F03691910000F73BA000B0F4
S3158000E3F8D9FF0C913B8000D0F8051D00370154F0F9
S3158000E408DF104180D805910000C7D9CC349109FF27
S3158000E418C008D80650FFC2FF09F47FF8D80650FF17
S3158000E42814FF910000F78F8F20F0D9FFB8C042F40F
S3158000E438B4C440F46DFF7EF7F62A91000057D9558B
S3158000E4482E9109C4C00840F46DFF78F6D80354F0BD
S3158000E4587624DA0ABE213C12DA00910000F7F9FF29
S3158000E4683A81910000F7822059FF3691911000F782
S3158000E478E9F9AAA93C05822C3C03821C8200D803B0
S3158000E48874F054FFDF2FF280910000F7D9FF2E91A8
S3158000E498F802910000D754F5910000F7D9FF129140
S3158000E4A8F4AFD9DDB8C054FF09D0C608525E9110C2
S3158000E4B800E7538021F0D9EEABA99100002814E03B
S3158000E4C8D9223002102CDA0A3E07D801820401FECE
S3158000E4D800466D003F710CD9DF0FC880910000D7C8
S3158000E4E8D9DD3A813C5A09D2C008CCC353C220F040
S3158000E4F891100047D944ACA910FF9100002809F073
S3158000E508C208D9222072534021F014401022F60303
S3158000E51814EF6E035FB02280DF08200009F0C00880
S3158000E528910000571A0E595F3A91910000570923B6
S3158000E5385008D95536915451F63A09CFC408C2FFC6
S3158000E5483E2409FFCC083E03C2113C0576340921D6
S3158000E558CC08420174513449542F6E1B092F510837
S3158000E5689E629E413ED25E1F911000F739F4AAA999
S3158000E578910000F719FF3A91D801D42210F42D02A0
S3158000E588000034E214EFEE14911000F7E9F9AAA915
S3158000E59809DFC008C21FB4DF09DFC00809C0C40884
S3158000E5A87F0F078009C04208DA0C5F0F9E7F14E050
S3158000E5B87609DF103F00DA095F0F2400DA0ABE0DFC
S3158000E5C83C4E9AEED80110FF09CFC008868F34FFDB
S3158000E5D809CFC0082CF1D4AF54FFD80254F0D4AF79
S3158000E5E8A20FC2EF74FFD80509FFC008C2FFB4FFA7
S3158000E5F8DA01D80374FF3C39D804822C34F93C35C7
S3158000E608911000F739FFACA9EE0E910000F7B9F426
S3158000E6183491910000F719F53A9109A490096DFF94
S3158000E628FBEA022A76A4D804DA1034FF823C3C1826
S3158000E638911000F739FFACA9EE0E910000F7B9F4F6
S3158000E6483491910000F719F53A9109A490096DFF64
S3158000E658E3EA022A76A4D804DA1034FF821CD803A7
S3158000E668580774FFDA00B4DFD80509FFC0086E07BB
S3158000E678D80354FF1E225E13DF0CC37EF6C4D8036C
S30D8000E688580774FF02C20090DE
S3098000E6901DFF3AEAC0
S30F8000E694910000F7D9FF88D00070CE
S3078000E69EFFFFF6
S3158000E6A0201889A48809DA0089A58C09B4AF91104D
S3158000E6B000F789AF0209D9FFB1A93BA00080345F7A
S3158000E6C0F80434FFDF2407806D005C0182081D009A
S3158000E6D04701910000F7D9FF06A1F80554F0DF0045
S3158000E6E08980D802484FBF4F7C80C81F9110002771
S3158000E6F03B40034014FFD8048FFF0061E92FADA98A
S3158000E70016F08FCF3F5034F56DFFEEE90228DF0813
S3158000E7106480D802911000D7D9DDAEA9C8149110B3
S3158000E72000E7D9EEAFA90C418FFF000134D016F077
S3158000E73086CF34EF14D4DF04520092F0370068009D
S3158000E740FF404D80FF544B80424F4840C22F5F0FA1
S3158000E7504880910000C7D9CC3E91B02440C56DFF5A
S3158000E76027F809A2880914DF910000F70922840995
S3158000E770D9FF02A114E4102240F54924020A6DFF54
S3158000E78017F854C454F540A46D001E010228DF0812
S3158000E79026806DFF5BED09AFC008910000F8864FBB
S3158000E7A0D9FF783210FF482F26F2DF02140061FF6E
S3158000E7B073FF09FF5208EE0409FF51086E03DA223F
S3158000E7C03C10911000F7E9FFB0A9D805DA0174FF73
S3158000E7D03C0ADA333C06DA0A3E86DA313C02DA1340
S3158000E7E0D80334FFD80314FF6E04D805DA0274FF09
S3158000E7F0D80554FFDF1FAA80910000C7D9CC02A19B
S3158000E800910000D7D9DD3E91911000E7D9EEB0A9ED
S3158000E810911000F714E439F5ADA954D654C749A42C
S3158000E820020A09A58C096D00492FD805022814E231
S3158000E83054F1DF087880D803820134F161FF2CFF20
S3158000E84009AF02096CF2021254DF74FF54CF6CF1E7
S3158000E85009A29009142F89FF1308DAFFD80209A0AC
S3158000E8600209D4FF3F0F0D80DA1034FFD802D4FF9F
S3158000E87009AF02092CF1DA02D8026CF33C5E09AFCB
S3158000E8800209BBF0FF0F3FF01380DA2034FFD80275
S3158000E89009AF0209D4FF068F2CF1D80209AF02090D
S3158000E8A0D4FF2CF2DA03D8026CF33C479BF00F00BE
S3158000E8B03FF01A80DA3034FFD80209AF0209D4FF5C
S3158000E8C08F0F1FF02CF1D80209AF0209D4FF068FF3
S3158000E8D02CF2D80209AF0209D4FF2CF3DA04D8024D
S3158000E8E06CF33C2BDA4034FFD80209AF0209D4FF1F
S3158000E8F08F8F1EF02CF1D80209AF0209D4FF8F0F3B
S3158000E9001FF02CF2D80209AF0209D4FF068F2CF330
S3158000E910D80209AF0209D4FF2CF4DA05D8026CF3C9
S3158000E9203C0CDA0A7E85DA00D80382123C05D803CD
S3158000E93014FFEE03DA2234FF34E2D80314FF6E03A9
S3158000E94082218218D80574F154FF5E29DA0091106D
S3158000E95000F7E9FFB0A9D805821874FF02820090FB
S3158000E96061FF9AFEDA0189FF1208DA0089FF110831
S3158000E970910000F7D9FF9CD06CF26CF31DFF2CF749
S3158000E980911000F7D9FFB0A914FF2008DE13822466
S3158000E990911000273925ADA99100002719263E91AF
S3158000E9A091000027192702A149A4020A40A56D00FB
S3158000E9B0852EDA0034FF910000F759FF06A11D006D
S3078000E9C0F506D4
S3078000E9C2FFFFCF
S3158000E9C40B541088404C3B8000A06D00F518C2F8AB
S3158000E9D48BF91F017F0822808200910000F8D9FFFD
S3158000E9E47832BF121B006022B0F254F13F190F80B7
S3158000E9F40B890010481F3F1F0A80B4C0820A910009
S3158000EA04002708CFE92F98D03C08C21049FF100A86
S3118000EA1437007000FD20EB7F02A200900E
S3158000EA200B451088026A027FEE036DFF9BFF0B8900
S30F8000EA3010480BAF10681DFF67E861
S3078000EA3AFFFF56
S3158000EA3CDA00405C3BA00080200834CF74AF404F96
S3158000EA4CDF2406806D00540082083C4E6D00E6067D
S3158000EA5C022F6D00DD06EE03DF023B0091000027DE
S3158000EA6CD92288D0092F5308EE0891000047194007
S3158000EA7CA8D04C215F0F2D8014CFEE2C4845D4F5B1
S3158000EA8C911000D7D9DDB2A914D47653C8143C039F
S3158000EA9C8205A00440A640C76D001C2E0228F68D68
S3158000EAAC820034C034D054A0485F7F0F0480DA14BF
S3158000EABC3C10020F6CF33C0EDA0A7E86DA0034CFF9
S3158000EACCDA0134DF3C0714CFEE05DA313C02DA2466
S3158000EADC34CF14CF6E09911000F7DA00E9FFB2A992
S30F8000EAEC6D005E068218028200901B
S3078000EAF6FFFF9A
S3158000EAF8911000F7D9FFB2A914FF20085E1A822464
S3158000EB08A0048205404549A6020A40A76D00E42D67
S30D8000EB18DA0034FF1D004606F9
S3158000EB20404C911000D7D9DDB8A914D0910000E7E8
S3158000EB30D9EE84D061001C00F4EFDA3534CF910031
S30D8000EB4000F7D9FF0EA1007059
S30F8000EB4861001200B52F84D0007022
S3078000EB52FFFF3D
S3118000EB54910000F7D9FF0EA110FF0070A1
S30F8000EB60911000F739F0B8A9007093
S3078000EB6AFFFF25
S3158000EB6C530023F0910000F8D9FF681210FF007053
S3158000EB7C404F405C911000E7D9EEB7A9DA0134EF2B
S3158000EB8CDA0034CFDF2405806D00BC033C22911063
S3158000EB9C00D7D9DD89B914DFEE036D00ED0114DFE2
S3158000EBAC5E4540F440C56D00FF0114DF5E5540F4B0
S3158000EBBC40C56D00F90014CF6E0DDA0034DF91106C
S3158000EBCC00F7E9FFB4A9911000F7E9FFB5A9DA01BE
S30B8000EBDC34EF14E2009004
S3078000EBE2FFFFAD
S3158000EBE49100002761FFBCFF61FFAEFF536020F0F8
S3158000EBF491000027D9220EA1102209FF6208402421
S3158000EC04094044043FF01580481F6E12542F91002A
S3158000EC14002719212E813FF10C80C2F03440C85F51
S3158000EC24BCF791100027392483B91445DC0F009072
S3158000EC3461FF96FF8B20A0F28201AB21A1FF345F96
S3158000EC44EE34910000F7D9FF84D0530023F091006D
S3158000EC540028D92268121022F4F291100027392F45
S3158000EC64B4A991100027C21F8FFF3F00E920B6A9DF
S3158000EC740942840914203E03DA243C16D4FF09FF92
S3158000EC846C085E1809F11E0909401009C2113F017A
S3158000EC940980EE0909FF1E0909401009C21F3E03B7
S30F8000ECA4DA133C02DA00345F0090B8
S3078000ECAEFFFFE0
S3158000ECB0DA00345F345F911000F739F0BCA9DA646A
S3158000ECC03F0F0480DA22345F145FEE0B911000F759
S3158000ECD039FFB8A982008B2FA0F2AB20A1FF345F49
S3158000ECE0145FEE0E61FF3EFF9100002761FF2EFF4D
S3158000ECF0489F09411009C21F3E14DA13345F009001
S3158000ED0009F16308761B536020F061FF25FF084FE9
S3158000ED103F1F0580DA36345F0090536020F061FF34
S3158000ED201BFF54FF910000F719F02E817FF00580BC
S3158000ED30DA37345F009091100047D944B3A91D009B
S3078000ED40FD0D41
S3078000ED42FFFF4B
S3158000ED4461FFEEFE536020F0D4E410F2094F6208AE
S3158000ED54092544083FF51D804C416E160944580820
S3158000ED64535F20606DFF4CE714DF825091000047AB
S3158000ED74536F20F04B02110210F2194F2E81420F6D
S3158000ED84742FD4E43C03DA00742FDA3634CF094086
S3158000ED946308760B14D4536420F010FF084F7E0565
S30F8000EDA46DFF44E7DA3634CF0090A5
S3078000EDAEFFFFDF
S3158000EDB020089110002789A58409D922B7A9821233
S3158000EDC0F4A23422911000E7D9EEB9A914EF91008C
S3158000EDD00027404D992F84D0EE5348AFDE1109D4D9
S3158000EDE0840991100027911000C7B014C83609F421
S3158000EDF01E09392583B92D060000E9C2BBA99110E9
S3158000EE000047DA0A3942BBA991100027D92283B973
S3158000EE103E23DA0134EFDF021B808200342091101A
S3158000EE200027392FB5A991000027536F20F0D922EA
S3158000EE300EA191100047102289200404D4D2394FA4
S3158000EE40B4A9C21F342FDA016CD33C1ADA0BFE2523
S3158000EE5091100047394FB5A991000047536F20F0B4
S3158000EE60D9440EA182001044DAFF094144047FF19F
S3158000EE700780C21134413C038BA20002342014EF78
S3158000EE80DE14911000273924B5A991100027392F57
S3158000EE90BBA9EE046DFFCAE63C036DFFC5E6DA0A40
S3158000EEA03E248202DA0234EF14EFDE2F911000271F
S3158000EEB0392FBBA96E043BB00000FE07C852820200
S3158000EEC0BD021100911000F739F483B9911000F753
S3158000EED039FFB5A9536F20F061FF3EFE08452D022C
S3158000EEE000008BA200F2EA02DA0A3E29DA0034EF49
S3158000EEF0911000F739FFBBA90BF2B0217626DA0A0A
S3158000EF003E2FDA0B3E293C11911000F7DA01E9FF1A
S3158000EF1082B9DA003C0509A484091DFF15FFD4AF28
S3158000EF2034FFDA00D8013C05D80114FFEE03DA225B
S3098000EF3034FF009094
S3158000EF34405C820034C0911000F739F1B6A93C02D6
S3158000EF44C210FF200D80530023F0910000F8D9FFF2
S3158000EF54681210FF09FF58085F1FF4FF911000F72D
S3158000EF64E9F0B8A940C56DFF65FE14CFEE06911091
S30F8000EF7400F7DA05E9FF89B900907D
S3078000EF7EFFFF0D
S3158000EF80CC41820014FF34502E09C21F911000F725
S3158000EF9006FFE9FFB6A91D0059006E08911000F71B
S3158000EFA086FFE9FFB6A91DFFC7FFDA12345F00901E
S3158000EFB0911000E78212D9EEB7A934E291000027BA
S3158000EFC0992F84D0404C405D48AF09F81A09DE1964
S3158000EFD0D4C50285911000274896392783B99110A8
S3158000EFE00027B0153924B6A9C82276669110004745
S3158000EFF0D944A5BA3C038206A00440D62D0200005F
S3158000F000911000F7D9FF83B914E07624DA0A3E2EF0
S3158000F0103C14820034D0D4C291100047394FB4A931
S3158000F020342F9A186CC334F03C0EDA0134FFDA00C0
S3158000F03034DF3BA000003C0714DFEE03DA1034DF38
S30D8000F040DA0034FF34E0009091
S3158000F048404F405C820834C80280911000D7D9DDD1
S3158000F058B6A914D13C02C210FF200D80530023F0BC
S3158000F06891000028D92268121022092F58085F1F9C
S3158000F078F4FF911000E7D9EEB8A934E040F440C512
S3158000F0886DFF14FE14CFEE2DC81291100057D95576
S3158000F098B4A9142F345F9110006714EFD966B5A907
S3158000F0A8346F9110004714DF3940B3A991000027C7
S3158000F0B8992284D0FE0709201A09D4F2145F342FC6
S3158000F0C8DA0176086002B0F2D4F41044C21F3448DC
S3158000F0D8FC2C6CF3911000F7E9F8B7A9346834581A
S3158000F0E80090092424097649C81591100047D94407
S3158000F0F8A5BAB0156D00046B911000F7DA04E9FF24
S3098000F10889B90090AB
S3118000F10C911000F7DA00E9FFB4A900902A
S3158000F1180B451088026A027F6E02DE17911000F78F
S3158000F12839F082B9DF001200911000F739F0B4A9DE
S3158000F138C2108FF01F406D000B0C8200E9F0B4A955
S3158000F148911000F7E9F0B5A90B891048911000F7DE
S3138000F1580BAF10688200E9F082B91DFFD1E48A
S3078000F166FFFF23
S3158000F168911000F7DA01E9FFBEA9911000F7DA00DD
S3158000F178E9FF81B9911000F7D9FFBCA914F0DA64C8
S3158000F1887FF006806D0034001D00AC006D0008001D
S3118000F1986D00FC0014FFC21F34FF0090C5
S3158000F1A4910000F8D9FF6812911000C7D9CCBFA985
S3158000F1B4910000D7D9DD0EA1A01EC842BD0212005F
S3158000F1C414CF6E0F09FF62082CD482249110004755
S3158000F1D4D944BDA92D02000091100027E922BEA9B9
S3138000F1E449FF300AB01CB06DFDE0E97F009057
S3078000F1F2FFFF97
S3158000F1F4910000C78208D9CC0AA13BA0009074C8AC
S3158000F204821A911000D73BA000B0910000E8D9DDA6
S3158000F214BFA9D9EE681254C0530023F010E2092521
S3158000F2249009BD054C0001D00026911000F7142FDB
S3158000F234D9FFBDA9AB18A04F40F42D05000091104D
S3158000F2440027E922BEA97626DF1218005F290E0060
S3158000F2543C2554C0536020F091000027D9220EA18A
S3158000F264102214FF2C243C17911000F7E9FA81B977
S3158000F27454CF10DF34FA3C1254C0536020F091000E
S3158000F28400F7D9FF0EA110FF530023F010E2092FD7
S3158000F29462082CF401D000F634F8DF021E005FB257
S3158000F2A41C00DF121A0054CF536F20F0910000F730
S3158000F2B4D9FF0EA110FF28483C0C54CF536F20F081
S3158000F2C4910000F7D9FF0EA110FF092F62082CF4D4
S3158000F2D454CF10DF34F854CFC21F74CFBF2F9DFF95
S3078000F2E4009012
S3078000F2E6FFFFA2
S3158000F2E891100027392F81B9911000F7D9FFBCA951
S3158000F2F86E0514FFC21F34FF00906D004700DA6563
S3098000F30834FF0090B8
S3158000F30C2008DA0034AF911000C7D9CC83B914CF5A
S3158000F31CDF1F3280911000F739FFB5A9910000F8F4
S3158000F32C530F23F0911000D7D9FF681210FFD9DD47
S3158000F33C89B914DFDE4448AFDE1291100047394F8D
S3158000F34CB4A98227A004C21F40A68FFF1F40C822E3
S3158000F35C09F51A09489640452D02000014DF5E5BBC
S3158000F36C48AF5E19C83209F41E09A004822540A54F
S3158000F37C2D020000DA0034CF911000F7E9FFBAA90C
S3098000F38C1D003A00A0
S3158000F3908208910000F88259910000C7825AD9FFED
S3158000F3A06812D9CC0EA1A01D910000E709C54408BA
S3158000F3B009FF620854F03FF51380481F0B0FB0F128
S3158000F3C06E19535F206009F458086DFF1BE44B9259
S3158000F3D0110219EF2E81420F74CF3C0D760B09F482
S3158000F3E05808535020606DFF0BE44BA2110274C085
S3158000F3F03C0274C849FF300AB06CFDD0D97F0090BA
S3158000F400911000F7DA00E9FF89B9911000F7E9FF5A
S3158000F41082B9911000F7E9FFB4A9911000F7E9FFCE
S3098000F420B5A9009074
S3158000F4248200345082124C446E0DCC4114F1F6188D
S3158000F4345E1989420C090202D44F34F03C05DA1273
S3118000F4443C02DA13345F145FAA120090B9
S30F8000F450910000F7D9FF9CD00070F0
S3078000F45AFFFF2C
S3158000F45C822409F5500854F6910000F719F71AA181
S30B8000F46CA004404500707B
S3078000F472FFFF14
S30F8000F474910000F7D9FF88D00070E0
S3078000F47EFFFF08
S3158000F48091100027392484B909F5500854F6007084
S3158000F49091000027D92288D00246092F5108822759
S3158000F4A0404F82086E0302873C04092F5208AA1730
S3158000F4B009245308092550086DFFAAE314FFAB18E9
S3098000F4C0A02F009063
S3158000F4C4910000C7D9CC88D0CC414C4409C051089E
S3158000F4D492F9405D14F876026E0609C152087615D3
S3158000F4E4FF2F0480DA133C35F602761DF602761D6C
S3158000F4F409CF5308EE0A61FFABFF48304CC17E0545
S3158000F504482F3E83DA243C25029440D46DFFC0FF05
S3158000F514762409CF5308EE1E029440D46DFFB8FFBB
S3158000F524762409CF53086E1661FF92FF483FEE0397
S3158000F534DF180D80482F3BF00F007E0476835F082A
S3158000F54406803E063E85C21F3E83DA733C02DA009D
S3098000F55434DF00908A
S3158000F558824A405D02AB404C82292008820034D022
S3158000F568DF2407806D00300182081D001801910094
S3158000F57800E709C28409D9EE1EA154EF8218142C1B
S3158000F588EE31823074E06DFF9BFF14DFEE2B61FF56
S3158000F5985DFF482F3BF00F007E0276C55F0F210086
S3158000F5A8C21FFECE91000047D94488D0094F530820
S3158000F5B891000027D9221AA15420EE06483F6E04EE
S3158000F5C8544F420F744F094F51086E044C4292E0D3
S3158000F5D83C06094F52086E034CC492F07420DA0137
S3158000F5E874EF54EFDF1F308061FF42FF09FF510837
S3158000F5F86E0382093C0409FF5208AA194CC491007B
S3158000F6080047D9441AA154F609F55008BF2F088037
S3158000F61809C5840992F774A9B0153C04820774A9B0
S3158000F628A00502C440D66DFF0DE3DA0A7E2302F8F0
S3158000F6383C0AF623DA023C0614DFEE03DA2234DFCC
S3158000F648DA0374EF54EFDF2F9B8061FF11FF49F2D5
S3158000F658110A89A2840909F25108762C910000279B
S3158000F66819201AA109C114097F010580DA1434DF2B
S3158000F6783C30DF021A009100002719271AA109C019
S3158000F68814093F70128091000027192FA4D03ECA12
S3158000F69861FFF4FED4C440D5B0146DFFD7E2022AC8
S3158000F6A83C18820A3C1B09FF52086E1891000027F5
S3158000F6B8192FA4D0BEC29100002719271AA161FF6D
S3158000F6C8DDFE09C4840940D5B0146D000F28022BCD
S3158000F6D809A2840914223C02820B7623DF2A0700BA
S3158000F6E809F052087607DF2B068082113BA000803E
S3158000F6F83C427623DF3A05007607DF3B0680823177
S3158000F7083BC000803C38762276A5DF002A00DF0BD6
S3158000F718288061FF9BFE49F2080A5421DAFF7E148D
S3158000F728F6C382013C053E1B9A117EC902F19100FF
S3158000F738004719431AA1483F423F6CF37421762744
S3158000F748910000F719FF1AA1C21F3C037603DA015C
S3158000F7586CC3D4CFDA0002F134FC02F83C0B820188
S3158000F76814DF7604EE06DA723C03EE03DA1034DF31
S3158000F778DA0374EF911000F7E9F184B954EF5E3E2D
S3158000F78814DFEE03DA2234DF6D000C00DA0074EF42
S3138000F7988218911000F7E9FF84B90282009072
S3078000F7A6FFFFDD
S3158000F7A891000027D92288D0DA00892F1208892F5C
S3158000F7B811086C2361FF4AFE6CF26CF3892F1308DB
S3078000F7C8009029
S3078000F7CAFFFFB9
S3158000F7CC911000C7D9CC84B914CF5E1B61FF4EFE55
S3158000F7DC09F05108760661FF3DFE6DFF35E23C0B64
S3158000F7EC5E1A61FF43FE09FF52086E0561FF32FE09
S3158000F7FC6D007A2761FF28FEDA006CF26CF334CF49
S3118000F80C910000F759FF1EA11DFFCAFFE6
S30F8000F818910000F739F29AD00090B3
S3078000F822FFFF60
S30F8000F824910000F739F299D00090A8
S3078000F82EFFFF54
S3158000F8300B451088026A027FEE036DFFB7FF0B89C6
S30F8000F84010480BAF10681DFF5FE152
S3078000F84AFFFF38
S30D8000F84C61001E0010FF007030
S30F8000F854911000F7E9FF86B90070F5
S3078000F85EFFFF24
S3138000F860E9F089B9910000F7F9F03A8100705D
S3078000F86EFFFF14
S30F8000F8706100060061000A000070C6
S3078000F87AFFFF08
S30F8000F87C910000F7B9FFB2D00070CA
S3078000F886FFFFFC
S3138000F888538F21F0910000F8D9FF30020070F6
S3078000F896FFFFEC
S3158000F898404C405D911000F7DA00E9FF87B934DF04
S3158000F8A861FFD6FF910000F759FF22A1DF24068069
S3158000F8B86D000C008202009040D440C56D00F800AF
S30D8000F8C840D440C51D0030014B
S3158000F8D0911000F7DA00E9FF86B9911000F7D9FF99
S3158000F8E085B914FF5E1891000027392FB5D0EE0335
S3158000F8F06D00B20091100027DA00E92F89B99100D6
S3158000F9000027F92F3A8134FF91000047D944ACD0C3
S3098000F9101DFF4AED1A
S3158000F9144047821261FFB2FF61FF98FF083F5E187D
S3158000F9240820DA0A5F0F4300DA0B5F0F4000C852E3
S3158000F93409F0C408820391000048910000680921F7
S3158000F9440C09D94408D249F50C0AD9662072BF102D
S3158000F9542B00600C3BC00040A00DB0FCD45253C3B6
S3158000F96420F01022092FC208534F21F01062092F6C
S3158000F974CE0809255108534F21F0104209228809DF
S3158000F984765D761C7D2D0B80082F7E48083F6E0B96
S3158000F9945E15DF250400DF350780C2133703703018
S3158000F9A4FDC0DE7F5F03048082020090DA31347FFB
S3078000F9B400903B
S3078000F9B6FFFFCB
S3158000F9B8910000E7D9EEACD009EFC608404C405D0F
S3158000F9C861FF42FFC85F483F6DFF44E426F2762612
S3158000F9D840C440D56D00E2003C03DA3134CF14CF01
S3158000F9E8EE16910000F7821440E440C56DFFBEEB29
S3158000F9F859F222A1F62C911000F7E9FF85B99110EA
S3138000FA0800F78250E9F089B961FF22FF009075
S3078000FA16FFFF6A
S3158000FA18404F91000027B92426A191000047D94478
S3158000FA28ACD06DFF87ECF62B40F46DFF71FFF626A0
S3158000FA38911000F7DA04E9FF89B90090DA0A7E2482
S3118000FA4861FF06FF0090DA3134FF009069
S3158000FA542008DA0034AF61FF0BFF10F2910000F743
S3158000FA64B9FF3A81CC2353CF20F010FF09FFC20897
S3158000FA74910000F8534F21F0D9FF207210F49100C1
S3158000FA8400F8094FCE08D9FF08D2534F210001F060
S3158000FA9400F66E0E482F6E0C09405108DA087E086F
S3158000FAA40C286E06C82FA004822440A5DC0F009083
S3158000FAB4911000D7D9DD89B914DF404C405FEE142C
S3158000FAC4484FBF3F1080C81291000047142F8F8F74
S3158000FAD420000C21A6F0F94026A140C46DFF9CFFAE
S3158000FAE43C03DA1334CF14DF5E4540C440F56DFF22
S3158000FAF463FF14DF5E5540C440F51D008900009005
S3158000FB0460420C68404F6E10095484099110005766
S3158000FB14911000C701450046395485B940F52D0238
S30D8000FB240000E9C286B90090D9
S3158000FB2C911000F739F086B9DF001680144FEE136A
S3158000FB3C09528409D45F142F34FF09528409D45F87
S3158000FB4C0C212CF1DA02911000F76C5361FF84FEC4
S3158000FB5C02023C14DA0A3E06910000F719FF22A134
S3158000FB6C5E478210DA00344F3BA000203C07144FCE
S3158000FB7CEE03DA10344F82008212144F6E07821213
S3158000FB8C911000F7820061FF67FE911000F7E9F093
S3098000FB9C85B9009011
S3158000FBA0404C61FF6DFE61FF53FE09FFC608088168
S3158000FBB0C22F370F70004C5476133E0E3C0B3FF02D
S3158000FBC00A80910000F7B9F426A192E56DFF96DFD1
S30D8000FBD07623DA1334CF00908E
S3158000FBD891000027B92F3A8109628C0953CF20F00A
S3158000FBE8604F1022092FC20891000028534F21F038
S3158000FBF8D92220721022BCF709205108DA087E0320
S30B8000FC081DFF7EFF009047
S3078000FC0EFFFF70
S3158000FC102008404C89A5840961FF2CFE10FD9100C7
S3158000FC200027D9223A81F4A282190928C008820ABB
S3158000FC303C41D4A253C820F0B428CCD310F2910012
S3158000FC4000F8092FC208D9FF2072534F21F010FF08
S3158000FC5009F0CE08910000F8534021F0D9FF08D270
S3158000FC6010FF092FC008C22F370F7050DF00180011
S3158000FC70482440C409A5840940D66DFFAFFF14E42B
S3158000FC80911000F7D9FF87B976456DFF15E334F9F2
S3158000FC903C0634CA911000F7E9FA85B9911000F74D
S3158000FCA0D9FF87B914FF5E1334FA0090C21837085B
S3158000FCB0708009DFC4087FF80880911000E7D9EECC
S30D8000FCC086B914EF6EB70090BF
S3158000FCC8910000F899FF884101F403F6084FD4FCA7
S3158000FCD88EFB60FFB0FF09C28C09BC232D02000091
S30D8000FCE849CC240AFCF90090C6
S3158000FCF0910000F7D9FF94B0483F910000C78B0F61
S3158000FD00200209FF51080610D9CCBCB0CAF00CCA33
S3158000FD10C21037006880EE5309FF5308EE2809F0B9
S3158000FD20520891000027534022F0992294F0102F18
S3158000FD3009FF52086E2E9100004799449CC009C560
S3158000FD40DA089100002701450046992290B01440B8
S3158000FD50C88F864009C45808012000260926C8088D
S3158000FD60BD0F2E0002872D0F00003C29911000F751
S3158000FD70D9FF9DB914FF6E0A09C5DA0809C4580867
S3158000FD8002866DFFC3DEDA0034FF7683DF181880C3
S3158000FD909100002799229CC009C5DA08910000F7D6
S3158000FDA00125002699FF90B0142F028709C45808B0
S3158000FDB0864F10FF09F6C8086DFFA6DE910000F792
S30D8000FDC0DA0059FF28A100902A
S30F8000FDC8910000C7D9CC94B00070FA
S3078000FDD2FFFFAB
S30F8000FDD4910000F7D9FFBCB0007063
S3078000FDDEFFFF9F
S3138000FDE009CF50080FF00000481F260F007054
S3078000FDEEFFFF8F
S30F8000FDF0534F22F0D4DF10FF00709D
S3078000FDFAFFFF83
S3158000FDFC2018910000F7D9FF28A1F80354FF1E168E
S3158000FE0CDF2F8001DF4FCC010090910000F7D9FFE6
S3158000FE1C79E0F802820814FF1E17DF3F4000DF5F8F
S3158000FE2CAD001D00640161FFCBFF91000027992274
S3158000FE3C98C00CC58F5F200001200026D42FECC7FC
S3158000FE4C61FFC4FF4C22C2FF6CF5028F2CFA6D0049
S3158000FE5C1508820089C0130891000047042F89CFAA
S3158000FE6C140889C0120889C00C0968305940A4F05E
S3158000FE7C40F409CFC008ACFD8B2FA0F22CF809CF2B
S3158000FE8CD608C2FF6CF489428405DA0309C29C0940
S3158000FE9CB032F4F22890D80234FF61FF91FF8200D1
S3158000FEAC34A091000028992288410CC8910000F753
S3158000FEBCD02299FF94F00C240201910000D782196C
S3158000FECCD9DDBCB009C4540840F48EFE60F5B0F59B
S3158000FEDC094F50087E4382103C07C2114944240ABC
S3158000FEEC37016810FC56DF002B0089C1120889D4B3
S3158000FEFC1808029009CF5208534F22F010FF0CC3FA
S3158000FF0C54F10FF000F026F17E1C61FF65FF7E0731
S3158000FF1CC87F40A42D0F000002293C05DA333C0231
S3158000FF2C0C2534AFDF09250014A4DA0189CF130818
S3158000FF3CAB24824440D46D00210D3C17DA4049CF66
S3158000FF4C130A3FF408808B041800370068007FF092
S3158000FF5C0A80DA0134FF3B10014040D46D000E0D4F
S3158000FF6C3C04DA012CD934FF40D46D00450ADF09F4
S3158000FF7CBE80D802DA0534FF61FF22FF49CF120A10
S3158000FF8CF801910000D7D9DD94F009CF5208D4D26C
S3158000FF9C534F22F0102E09EF5108DF0F960034A82C
S3158000FFAC821934A861FF12FFF804484F6E3349F466
S3158000FFBC090A09F5840509E29409145F2E773449F8
S3158000FFCCD4F4144F167F344F3C0302803440D4FF54
S3158000FFDCDA8609C1540814F07E138FF00B0109E1FF
S3158000FFEC5808DF0112000B818020DAFFABFFBFF2CD
S3158000FFFC42F2602F092F50083E07C2184922140A74
S3158001000C37086880FCF87F18048082093C18DA125C
S3158001001C3C1509EF5208EE0F910000F799FF98C035
S3158001002C0CC509E55008865F40A410FF09F45808F1
S3158001003C6DFF70DD14AFEE03DA1334AFD80114FF04
S3158001004C61FFD2FEC85FDF09248082190CC30FF9C8
S3158001005C0000534821F010FF54FF260FFE07029033
S3158001006C61FFBAFEFE01C82240A409C4540809F5F1
S3158001007C50082D0200000229769514AFEE03DA2280
S3158001008C3C0614AF3C04DA333C02DA7E34AF14AF4F
S3158001009C6E0A09E05008DA277E0609EF52086E03CC
S315800100AC6DFF30F8769FDA0114A489CF1308AB243F
S315800100BC824409A490096D00610C09A490096D0014
S315800100CC9B0902983C1409C05408DA31FE0061FF81
S315800100DC7DFE40F209248405144F2E79DA012CF920
S315800100ECD42F14FF167F34FF3C028218DA0A3E8421
S315800100FCD802DA0134FF028FEE54D803DA0274FF88
S3158001010CDA0034AF910000F7D9FCA6B014CF910078
S3158001011C00D7D9DD94F061FF67FE09FF5208910083
S3158001012C00E7C822D9EEBCB06E06911000F739F4FF
S3158001013C89B93C05911000F739F488B940A540E49A
S3158001014C2D02000014CF14A461FF4EFE09FF520844
S3158001015C6E0BDA0ABE25DA0CBE23911000F7DA0093
S3158001016CE9FF89B93C0DDA0A7E2382103C058BC2E4
S3158001017C00F28230EA00911000F7E9F088B9762C0A
S3158001018CDA0A3E2FDA0C7E231DFF72E0AB24824401
S3158001019C40E46D00F30B40E41D002E091DFFA4FD08
S307800101AC00903A
S307800101AEFFFFCA
S315800101B0910000F719FF28A182025E17910000F7CE
S30F800101C039FF79E0BA1FAA120090F8
S307800101CAFFFFAE
S311800101CC910000F7DA01E9FF79E000906C
S315800101D88200910000F7D9FF4C6040F2A0140070AC
S315800101E8910000F719FF2681EE031D00455C0090FA
S315800101F861FFF0FF142F3E44C210B062FC4CFF2011
S315800102080880536020F010FFDA0289FF0209009006
S3158001021861FFE0FF142F3E44C210B062FC4CFF2000
S315800102280880536020F010FFDA0089FF02090090E8
S3158001023861FFD0FF142F3E44C210B062FC4CFF20F0
S315800102480880536020F010FFDA0189FF02090090C7
S3158001025891000027992298C014FF865F1022092FE2
S315800102685D086E0D08AF536F20F0910000F7D9FF36
S313800102784C6010FF09FF0209BA2FAA10007010
S30780010286FFFFF1
S30F80010288910000F7D9FF94E00070A1
S30780010292FFFFE5
S31580010294910000F799FF90B09100002799229CC0A4
S307800102A4007061
S307800102A6FFFFD1
S315800102A80248404C405D82196D005200DF022C00E5
S315800102B809C0C808F606028440D46D008B003C0C40
S315800102C882018F4820F061FFDDFF10FF08DF6E0392
S315800102D808EFEA11761382093C1609F1C8087F01ED
S315800102E80D80820061FFD4FF01280026142F864FD6
S315800102F810FF61FFAFFF7607028440C440D56D00C9
S30D800103083300022902920090E4
S315800103100248404C405D8F4820F061FFB7FF10FFD7
S31580010320D4C5D4F409C4C8086D00EE61D4F209CFEE
S31580010330C80802841022F4F209FFC80809C0C80857
S31580010340A20FACF409C5C8086DFFE4DB09FFC80834
S30980010350B4DF0090FF
S315800103548202FF440A80BC48BC57094FC8086E0311
S30D80010364544F6E0282120090D3
S3158001036C821240468F4420F061FF8AFF10F70C7E83
S3158001037C6E056DFFC9FF820200909100004799447A
S3158001038C9CC091000027992290B0014400468200BE
S3158001039C144F864F102F61FF5BFF760F910000F78C
S315800103AC39FF7AE01E1A497F0C0A14F0DAFF7E04B3
S315800103BCD462142F34FF8202910000F7D9FF7AE0C0
S311800103CC14FF5E148212DA0034FF0090E8
S315800103D861FF5EFF012400268644142F864F10FF95
S315800103E814F061FF4FFF01F400F608EF6E0509FF6F
S315800103F8C808B44F0090910000F799FF98C08650BD
S30F8001040801F000F6483FB44F009062
S30780010412FFFF63
S315800104140248404C405D406E82196D005100DF02F6
S315800104244C00028440C440D56D00560002299110C7
S3158001043400F739F88AB9910000F799FFB8D0DF0936
S315800104443C80BD0F3A0009CFC8086E338200BCDBFD
S3158001045454DF5E1954CF6E0609DFC4086E03821019
S315800104643C028219760C54F009DFC408A2F074F0B8
S3158001047409FFC80809D0C408420FACF409C4C808E6
S3158001048409FFC8083F4F1980DF091780D4C4D4F502
S315800104946D003861D4F209CFC8081022F4F276834C
S315800104A482003C0309C0C80809FFC808A20FACF43E
S30F800104B409FFC808B4EF0292009018
S307800104BEFFFFB7
S315800104C08202BC49544FEE04094FC808EE048B24BE
S30B800104D0A0F2EA12009081
S307800104D6FFFF9F
S315800104D882002008911000C7B4A0D9CC8AB934C04B
S315800104E8910000F899FFBC31821801F401F609F1EF
S315800104F8C008910000F7B9FF9AB07E18911000F7ED
S3158001050839FF92B91E425E52028076079100002712
S31580010518D92288E082083C1B40A46D001F00DF02B7
S315800105281B00DA01911000F734CFDA7FD9FF8BB936
S3158001053834FF9100002709AFC0082CF1DA212CF28B
S31580010548DA03D922BCD08208AC24F42F910000F7B3
S30D80010558B5F2B8D002820090D1
S3158001056040478202910000F7D9FF94E0910000276D
S31580010570992C9CC091000027992498C0A0353BF006
S315800105800F0091000067910000D808CFBE09B47FA3
S3158001059014CF996290B0864F102214210923C20884
S315800105A099D2BC3101240126092FC0087E39865192
S315800105B001410026092F5D086E038212009049FFD2
S30F800105C0100AB01CFD50E37F009085
S307800105CAFFFFAA
S315800105CC91000027992298C0085F865F102F0070D2
S315800105DCBC4E910000F7D9FF94B0089F6E0661FF5F
S315800105ECF1FF09FF58083C02DA0C344F8202009065
S315800105FC910000F799FF90B09100002799229CC039
S3078001060C0070F5
S3078001060EFFFF65
S311800106108F4820F06100200008EF007088
S3158001061C85FF100191000027592F328191100027F7
S3078001062C0070D5
S3078001062EFFFF45
S30F80010630910000F7D9FF94B0007025
S3078001063AFFFF39
S30F8001063C3B00B4F49BCF04F000707C
S30780010646FFFF2D
S30F800106481420864001F000F60070D0
S30780010652FFFF21
S30D800106546100040010FF007033
S30F8001065C910000F7D9FF94E00070C9
S30780010666FFFF0D
S315800106688F4420F061FFF4FF08DFEE209100002718
S31580010678D92294B00C257E560C23EE18BD0417009A
S315800106883C0308EF6E1361FFB7FF01240026142F80
S31580010698864F10FF08AF536F20F0910000F7D9FFFE
S311800106A84C6010FF14F41DFF9DFD0090B6
S315800106B4024861FFADFF6E036D00E459820028D0C4
S315800106C4DAFF2CFC61FFB4FF09FFC008FE83911099
S315800106D40027D92292B9142F5E1D34209110002748
S315800106E4E92093B961FF9AFFE9209CB961FFA6FFCE
S309800106F46CF8009087
S315800106F8024F61FF81FF102261FFA4FF14F56D008F
S31580010708690061FF93FF09F0C008FE0E911000276A
S31580010718DA02E92F92B991100027DA05E92F93B900
S3158001072861FF7AFFDA00E92F9CB991000027192029
S315800107389CF091000027992298C0085F865F102255
S30D800107484C24A2F068800090A8
S315800107500248910000C7D9CC9CC0910000D7D9DD51
S3158001076090B0D4DFD4C20128002661FF6FFF14F553
S31580010770910000E7D9EE98C0D4EF8F5520F010FF95
S31580010780C8146DFF73FF61FF45FFEE1802846D008B
S315800107908D00DF022180D4C4D4D2D4EF0148004633
S315800107A01440864001200026142F865F10FF09FF22
S315800107B05D086E1102841D002300820502846D008E
S315800107C06359DAFF2CFC02846D007000F6240284E2
S30B800107D01DFF94FF00905D
S307800107D6FFFF9C
S307800107D8009008
S307800107DAFFFF98
S315800107DC820061FF3FFF0201A0325F40050008EFF6
S313800107EC6E0228E1C21049FF100AFC28009017
S307800107FAFFFF78
S315800107FC910000F8D9FFB011201040A209F04801F0
S3158001080C89204801024844F0642061FFF3FE0128E7
S3158001081C002661FF15FF08AF536F20F0910000276A
S3158001082CD9224C601022092F02095E2E09F4C208C6
S3158001083C40A46D0089517628864861FF0BFF01F82B
S30D8001084C00F6DAFF2CFC009096
S3158001085461FFEEFE9100004799449CC091000027F8
S31580010864992290B001440046144F864F1022085FA6
S315800108741420FE0791100027DA00E92F92B991100E
S315800108840027E92F93B985F010019100002759209B
S31580010894328191100027E92F9CB961FFCFFE6CF854
S307800108A400903B
S307800108A6FFFFCB
S315800108A802488F4820F0820961FFD2FE49FC0D0A71
S315800108B814CF6E3408EFEE2582196DFFA1D934CF96
S315800108C8DAFF2CFC911000F739FF92B9EE069110E8
S315800108D800F739F08FB97603DF5F218085FF100134
S315800108E8910000F759FF3281911000F7DA00E9FF8C
S315800108F89CB9910000F761FF9FFE59FFB4B03C0E89
S31580010908910000F7B9FFAAB05E2982196DFF78D9DF
S31380010918DA0034CF02846DFF9BFF02920090BD
S30780010926FFFF4A
S31580010928FF440580F6541DFF11FF00901DFFC0FE90
S31580010938BC4C910000F899FF904191000027392F0E
S31180010948A4B010FF14FF344F820200900F
S315800109548200910000F899FF9041A02214FF3E4441
S31580010964C210B01FFC2CFF300680910000F7E9F01D
S30980010974A4B0009014
S3138001097861000800910000279922A0C000703E
S30780010986FFFFEA
S30F80010988910000F7D9FF94B00070CA
S30780010992FFFFDE
S31580010994BC4F61FFF1FF91100057395F9EB96E0418
S315800109A409FF64083C02083F102F14FF344F82026A
S307800109B400902A
S307800109B6FFFFBA
S315800109B8911000C7D9CC8EB914CF6E2F910000F74C
S315800109C819FF28A1911000F739F092B9DF00268026
S315800109D8EE24910000F799FF90B091000027392FF6
S315800109E896B0864F10FF08AF536F20F0910000F73D
S315800109F8D9FF4C6010FF14F46D004058910000F740
S31580010A0899F2A0C014246D00430099FFA0C014F484
S30F80010A186D00541ADA0034CF009005
S30780010A22FFFF4D
S31180010A24911000F7DA00E9FF8EB900900E
S31580010A30910000F7D9FF98F0BB0035FC6CF13B00C3
S31580010A40B4F49BCF04F074FF61FFA0FFDA0089FF45
S30F80010A50100802542CF31DFF3FEA43
S30780010A5AFFFF15
S31580010A5C910000F799FFA0C08208A012DA01B01F9D
S31580010A6C14F05F400500C21FB01FFC2B1E3C821880
S31580010A7C61FF86FF2CF3DA0089FF10086DFF26EAE9
S30D80010A8C6DFFE6DB028200909A
S31580010A94024861FF71FF91100047D9449EB9144FF2
S31580010AA46E0809FF6408102FDA0014F9344F3C04E8
S31580010AB4083F102F14F9142F7E860B9810486DFF6A
S31580010AC4B7FF3C056DFFCAFF2B9840826DFF98F4F2
S31580010AD46DFF98E26DFF68F60B9810481DFFA8D844
S31380010AE414FF61002B00864F10FF14F0007086
S30780010AF2FFFF7D
S31180010AF48F4420F06100160008DF0070BE
S31180010B0061002400865001F000F60070B0
S31180010B0C14F0610017008F4020F000708B
S30F80010B1861000C0001F400F6007084
S30780010B22FFFF4C
S31180010B24910000F7D9FF94E010FF0070EB
S30F80010B30910000F799FF9CC0007048
S30780010B3AFFFF34
S30F80010B3C910000F799FF90B0007058
S30780010B46FFFF28
S30F80010B48910000F799FF98C0007034
S30780010B52FFFF1C
S31580010B548202BC4DBF240C80DF250A80D44F14F059
S31380010B64DA3E7E05081F8B0F08F2AA1200905A
S30780010B72FFFFFC
S31580010B7402460945C008821861FFDAFF01F500F6CD
S31580010B8461FFB0FF08AF536F20F0910000F7D9FFE2
S31580010B944C6010FF09FF02096E0A61FFB1FF09F477
S31580010BA4580840546DFFC0D7AB08808202820090FA
S31580010BB40B451008026861FFBBFF01F000F614F2D1
S31580010BC461FFBCFF864201F200F614F2DF081A8047
S31580010BD461FFBAFF865201F200264C23B45F8F402F
S31580010BE420F061FF9FFF08EF6E0CA84102050922E0
S31580010BF48409F4F20216D44F402414F46DFF1AD8F2
S30980010C040282009051
S30980010C08820200904D
S31580010C0C821661FF85FF61FF7DFF10FF14F161FF85
S31580010C1C6DFF6E0382063C0F910000F739FF96B08B
S31580010C2C3E0A61FF8DFF865101F100F609FF5D08D1
S30D80010C3C8B0F00621DFFBAFF58
S31580010C440248404C0259405D61FF72FF01F800F68B
S31580010C5461FF5CFF10F28212911000F71421E9F210
S31580010C6492B9910000F7D9FF94B040F4094F450435
S31580010C743E13DA002CF934412820B4F8092FC2082E
S31580010C84ACF38F4820F0A8B961FF4CFF022F2CFEEC
S31580010C946DFFA4FD028440C4029540D582066DFF92
S30B80010CA489FF8202009027
S30780010CAAFFFFC3
S31580010CAC61FF36FF61FF1AFF61FF20FF6E0382062B
S31580010CBC3C0761FF21FF09FF5D088B0F00621DFF59
S30780010CCC75FF2B
S30780010CCEFFFF9F
S31580010CD08202911000F7022039FF98A96E069110C1
S31580010CE000F739FF96A9AA107606BC45FF44048011
S30B80010CF0BC528212009045
S30780010CF6FFFF77
S31580010CF88644910000F7D9FF94E001F400F6DA0002
S30D80010D082CFEDAFF2CFC0090A1
S31580010D10024F61FF0FFF10FF911000C78200D9CCEF
S31580010D208FB914F834C06DFF17FF762C864F61FF9B
S31580010D30FBFE821028D0910000F739FF96B03E82E3
S31580010D4034C0910000F7D9FF94B0083F6E03082F95
S31580010D507E8C911000F739FF92B9EE0514CFEE0320
S31180010D6082020090821200908222009094
S31580010D6C2008B4A4404C0258405DDA0109A4C0089D
S31580010D7C6DFFAAFFDF023B0040A440C502846DFFD4
S31580010D8CF5FEDF02348061FFD5FE910000279922A2
S31580010D9C9CC009A4C00801240026142F864F10FF7D
S31580010DAC14FF6DFFA5FF61FFCBFE865F10FF483FE9
S31580010DBCF684B4DFDA003C1A7F8F0480DA033C16A2
S31580010DCC09A4C00840C402856DFF9EFF910000F8FE
S31580010DDCD9FFBC1101F202F6028509A4C008D4FF21
S31380010DEC40C440D52D0F0000022F02F2009068
S30780010DFAFFFF72
S31580010DFC85FF100191000047594F2A81DA00342F63
S31580010E0C91000027194F2A8119203281A20F0BF0EC
S31580010E1CC0017B0000F83FF003803250DA644BF05E
S30B80010E2C110254FF007063
S30780010E32FFFF39
S30F80010E34910000F7D9FF94B0007019
S30780010E3EFFFF2D
S31580010E40911000F7E9FF90B9911000F7E9FF91B988
S30780010E500070A9
S30780010E52FFFF19
S31180010E54911000F7D9FF93B914FF0070CC
S30D80010E6061000A0010220070F6
S30F80010E6891100027D9229CB9007071
S30780010E72FFFFF9
S31380010E74085F91000027865F992298C0007062
S30780010E82FFFFE9
S31580010E84910000F799FF98C091000027392F99B0F6
S30D80010E94865F10FFC812009071
S31580010E9C911000F739FF92B9910000F8D9FF8C2196
S30B80010EAC90FFD4FFDC0F6C
S30780010EB2FFFFB9
S31580010EB461FFC0FF0838F683084F6E0D61FFCAFFD4
S31580010EC4EE036D00410014FF5E1602846D00580026
S30B80010ED4DA0034FF0090F4
S30780010EDAFFFF91
S31580010EDC61FFBCFF5E536D00270114FF5E631D002D
S30980010EEC17000090D4
S31580010EF061FFB2FF5E736D00D10014F0DA087E03E4
S31580010F006D00840014F0DA097E031D0065000090EF
S30780010F100090C8
S30780010F12FFFF58
S30780010F140090C4
S30780010F16FFFF54
S31580010F18910000F7D9FFB4B061FFA4FF142FEE0743
S31580010F2861FF6AFF3FF00980DA003C0554FF6E04D1
S31380010F381EF3C2FF74FFEE031D00AC00009095
S30780010F46FFFF24
S31580010F48910000F7D9FFB4B054FF6E1061FF8AFF94
S31580010F581420F60861FF50FF3FF00480DA0074FF21
S31580010F6800901EF3C2FF74FF0090911000F7DA011A
S30B80010F78E9FF93B9009028
S30780010F7EFFFFEC
S31580010F80DF041700910000F799FF90B091000027C8
S31580010F90392F96B0864F10FF08AF536F20F091001E
S31580010FA000F7D9FF4C6010FF14F46D006B5591006A
S31580010FB000F799F2A0C014246D00841799FFA0C090
S31580010FC014F46DFF69FD910000F7DA00E9FF98B02E
S30780010FD0009008
S30780010FD2FFFF98
S31580010FD4910000F7D9FFA0F091000047D94488E039
S31580010FE4D4F2F442481FAC44911000F7DA04E9FFC5
S31580010FF492B9910000F7DA00E9FF9EB061FF20FF04
S309800110041D0012032F
S315800110082008DA0034AF910000C7D9CC94B00CCA55
S315800110183B2003005F0F3C8049CD120A14DF910003
S315800110280027534F22F0992294F0102FC82FBD0F15
S31580011038130091000047D944BCB0822440A52D0FE6
S315800110480000911000F7DA00E9FF89B9911000F7DD
S31580011058E9FF88B9910000E7D9EEBCB0DA0034DF40
S31580011068821089C01308910000F7E9FFA8F06DFF87
S31580011078ABF83B00014040E46D008204911000F713
S31380011088DA01E9FF9DB940E41D00B801009030
S30780011096FFFFD3
S3158001109861FFCEFE6DFF8AF8DF122C809110002742
S315800110A8DA00E92F90B991100027E92F93B99110A9
S315800110B80027E92F91B961FFDBFE102F09FF580838
S315800110C8910000F7D9FF28A16E0D1E1C1E2B3B101F
S315800110D80A003E08DA0374FF3B1002406D007C006B
S315800110E83C1EDA0074FF911000F7E9FF92B900906F
S315800110F809F04A04DA323FF004801DFF83FF91002C
S315800111080027DA00E92F85C03B8007406D0064001F
S3158001111814F0DAFF7FF00480C21034F091000047A2
S30D80011128D94488E01D007E0216
S31580011130910000F7D9FF9DB014FFEE0A6D006A0099
S3158001114076236D000B0091100027E92F99A914FFD2
S30D800111506E031D00AB00009047
S3158001115861FF6EFE61FF82FED424DA01E87489FF9D
S315800111681308910000C709228409D9CCBCB03B2059
S31580011178024040C4142F89FF140889CF1808DA0061
S315800111889110002709F0C00889C09A082CCA8B20BB
S31580011198A0026CC389C0080882206CF3E92092B941
S315800111A8826091100027E92093B99100002799223E
S315800111B890B008208640012000260920C208A83060
S315800111C82CFA910000F7E9FFA8F06D00D90340C415
S309800111D81D0014015A
S315800111DC911000F7DA04E9FF92B9911000F7D9FF63
S315800111EC94B9DA7F34FF91000027392FA8B02CF1FE
S315800111FC282491000027D92288E0F42FDA03AC2425
S3078001120C0090C9
S3078001120EFFFF59
S31580011210911000D7D9DD94A914D4DA0C3E489110E7
S3158001122000F739FF99A9EE036DFF0AD561FF04FE28
S3158001123040FC910000E7D9EE98C0D4E209CF45047D
S31580011240865F1022092458086DFFF8D40228DF082A
S315800112502B80DA012CF914CFD4E2865F102209247F
S31580011260590828849100002899228841910000F725
S3158001127001240326D422B5F294F06DFF27F591005F
S3158001128000F799F2A0C014246D001C1699FFA0C026
S3158001129014F46DFF01FCD4EF14CF865F10FF09FFB4
S30D800112A0580834DF0282009038
S315800112A861FFC6FD91000027992290B0082F864FCD
S315800112B810220C2A536F20F091000047D9444C60C4
S315800112C81044094F0209DF2F2C80488F6E2991100F
S315800112D80047DA00E94F9DB9911000478220E9401D
S315800112E892B9911000478261E94193B991100047FB
S315800112F8E94090B991100047E94191B991000047B9
S315800113088210594028A12CFA092FC208ACF361FF33
S31580011318A5FD09228409142F89FF14080090083F26
S31580011328EE0409FF2005EE1414446DFFE5D39110F0
S3158001133800F7DA00E9FF92B9911000F7E9FF93B94E
S3158001134861FF7CFD910000F759FF28A1009061FF9C
S3158001135889FD1420F60761FF4FFD3FF00780DA000B
S30F800113683C031EF3C2FF74FF0090E0
S30780011372FFFFF4
S31580011374911000F791100027392F90B9E9FF92B99E
S31580011384911000F791100027392F91B9E9FF93B98C
S30780011394007060
S30780011396FFFFD0
S3158001139885FF1001910000F759FF3281911000F7FE
S30D800113A8DA00E9FF9CB900702F
S315800113B008AF536F20F0910000F7D9FF4C6010FF02
S307800113C0007034
S307800113C2FFFFA4
S311800113C4910000F7D9FFA8F014FF00701B
S30F800113D039CFA2A9864F10DF007005
S307800113DAFFFF8C
S30F800113DC911000F739FF92B90070F5
S307800113E6FFFF80
S30F800113E86100060009FF530800703A
S307800113F2FFFF74
S30F800113F4910000F7D9FF94B0007054
S307800113FEFFFF68
S315800114000C4A6E0461FFECFF5E5A094FDA089100BF
S3138001141000F7B9F094B07E031D007E010090B6
S3078001141EFFFF47
S31580011420910000F739FF9EB082126E1E910000F77F
S3158001143019F098F006F085FF1001911000F78201EE
S31580011440E9F19CB9910000F719F13281A21F0BF0E5
S31580011450C0117B0000F83FF103803251DA644BF111
S30F8001146011423F04038082020090CE
S3078001146AFFFFFB
S3158001146C61FFB8FF1E5B61FF93FF3B00B4F49100F3
S3158001147C00F79BCF04F059FFB4B0910000F7D9FF68
S3158001148C28A154FF5E33DA0474FF911000F739FFFB
S3118001149C92A95E136D005A001D0002002B
S315800114A8910000F719FF28A182005E4B910000F791
S315800114B839FF86C0EE06910000F739FF97B0EA102A
S315800114C8DF001100910000F799FF90B09100002785
S315800114D8392F96B0864F10FF61FF68FF14F41D00FF
S309800114E8CD520090CA
S315800114EC8238DF04158061FF53FF61FF7FFF910016
S315800114FC0027192098F091000027992298C0085F3F
S3158001150C8228865F10224C25A2F0688061FF56FFE7
S3158001151C6E0902846DFF6CD602846DFFE1D2DA000E
S30D8001152C34FF61FF23FF0090EB
S31580011534910000F7E9F4A5B06D00B800910000F7B9
S31580011544DA00F9FF90E06DFF91FF61FF13FF0090D0
S31580011554911000F7DA00E9FF92A9911000C7910072
S3158001156400D8D9DD483261FF33FF08846D00A814A1
S3158001157461FF2EFF481454F56DFF76D661FF28FF6F
S30B8001158408841DFF87FAB1
S3078001158AFFFFDA
S3158001158C024861FF33FF910000C8D9CCB83109C23A
S3158001159C840509FFC608012801260920C0087E0A90
S315800115AC08AF6E0502546DFF9DFF3C0402546DFF1E
S315800115BCBDFF9100002799269CC0910000273BF026
S315800115CC0F00910000F7992798C091000027D9FF49
S315800115DC94E0992290B0A0341462820108C38642A9
S315800115EC01220056145F0952C208865F1075095F85
S315800115FC5D086E0A5F030900D4C501580156095F5F
S3158001160CC0083AF2AA117614DAFF2CFC009049FF35
S30F8001161C100AB016FD40E27F00902F
S30780011626FFFF3D
S31580011628910000C7D9CC94B091000027992290B037
S315800116380CC28208864F102F61FFB8FE09FF020986
S315800116485E2709C4C6086D00814ABA12EA18DF08FE
S315800116582A80911000F739FF90B9911000D791101F
S3158001166800E7D9DD92B9D9EE93B96E10DA0234DF83
S31580011678DA0634EF61FFA4FE6E15DA0034FF823490
S315800116886DFFB8D582341DFF2DD2DA0189CF1108B5
S31580011698911000F7DA00E9FF9DB96DFFE5FE34DFA9
S309800116A834EF009004
S315800116AC820061FFA3FE09F15408DA107E18483FC7
S315800116BCEE0691000027392F86C0EA10DF00240040
S315800116CC40F2092F430489FF2408911000F739FF52
S315800116DCA2A9910000F8864FD9FF483210FF8200EB
S315800116EC910000479944A0C0A0251441088F7E1310
S315800116FC34203C04C210B014FC59911000F7DA0165
S30B8001170CE9FF9EB9009081
S30780011712FFFF50
S31580011714DA00200874AF910000D7D9DD28A154DFFF
S31580011724404C1E2461FF60FE6E0561FF5DFE8230C2
S3158001173474D04830DF002B80EE0F09C00C094CC5EC
S31580011744D4C2A20F74AF820540A50120004609F4D4
S3158001175454086DFF5FD20CC982006E0308AFEA108C
S31580011764DF003C80C87209FF54089640892F020421
S3158001177491000027C87FD922A0F0B02FF42F4CC343
S3158001178454A0420FC21F6C213C32EE0E09C00C09D3
S315800117944CC540A5A20F74AFC87409F45408094511
S315800117A442046DFF37D2C87209C1DA0882000C225D
S315800117B4BF2113803B1001103E1D3B2001103E1AB0
S315800117C43B1003103E173BE007103E143BF0071015
S315800117D47E1308AFEA107604A002DA003C02DA032B
S315800117E4910000F7D9FFA0F0F4F26CF154DF5E3377
S30B800117F41D009C0000901F
S307800117FAFFFF68
S315800117FC91000027D922A0F00921040982009110B9
S3158001180C00C7D9CC92B9DF0111806DFF4BFF9100D6
S3158001181C00F7DA00E9FFA5B06DFF24FE34CF9110F5
S3158001182C00F7E9FF93B9009014CF82025E279110DD
S3158001183C00F739F393B9DF630C005E39911000F729
S3158001184C39F393B93B8000405F4303005E528212A9
S3158001185C8B02002291100047D94490B91443911000
S3158001186C0057D95591B91454DF021480910000F7B1
S3158001187CD9FF88E0D422F4F2A841910000F7E9F06F
S3158001188C9EB01E55DA0434CF0203020482103C0545
S3158001189C5E4482333B900040345434437607910046
S311800118AC0047D94488E01DFFBBFE009078
S315800118B891100027D92292B9142FDF2F34809110E5
S315800118C800F739FF93B9DF6F2E80911000F7D9FFA2
S315800118D894B9DA7F34FF91000057D95594B0095FDE
S315800118E854082CF1DA782CF291000047D94488E023
S315800118F8F44FDA03AC44495F0A0A14F0DAFF7FF041
S315800119080480C21034F0DA04342F911000F7DA0219
S31580011918E9FF90B9911000F7DA06E9FF91B91DFF41
S3098001192881FE009025
S3158001192C61FF4CFD6E276DFF77FDDF021C809100F8
S3158001193C002739209EB0DA327FF004801DFFB8FF74
S3158001194C911000278234E92492B991100027DA0884
S3158001195CE92F93B9DA0034FF6DFF4AD482341DFF27
S3158001196CBFD0DA0034FF82246DFF42D482241DFF5E
S30B8001197CB7D01DFF3FFFFD
S30780011982FFFFDE
S315800119840C4A6E0461FF2AFDDE5761FF33FD094F60
S31580011994DA0809F0C008FE0049F20C0A542FEE0C4D
S315800119A4DA01742FC872DA7F342FC87209FF54089A
S30D800119B42C21C87F2824009034
S315800119BCFF240A80911000F7D9FF97A914FF6E04B2
S30F800119CCDA0034FF00901DFFDDFDF7
S307800119D6FFFF8A
S311800119D8821291100057D955A6A9007003
S30F800119E461001C0061002000007004
S307800119EEFFFF72
S30F800119F0910000F7D9FF2CA10070C9
S307800119FAFFFF66
S313800119FC911000F739F7A7A96100120000705B
S30780011A0AFFFF55
S31380011A0C911000F739F6A7A961000A00007053
S30780011A1AFFFF45
S30F80011A1C911000F739F4A7A90070B4
S30780011A26FFFF39
S30F80011A2891100047D944A8BA007056
S30780011A32FFFF2D
S30F80011A346DFF2AD18B02002200907B
S30780011A3EFFFF21
S30B80011A403B20012000900D
S30780011A46FFFF19
S31580011A4861FFC8FFDF14078061FFCAFFB0241D004C
S30D80011A58D916DA12345F009001
S31580011A6061FFBCFFDF14078061FFBEFFB0641D000C
S30D80011A702B18DA12345F009095
S31580011A7861FFB0FFDF14068061FFB2FF1D00E41627
S30B80011A88DA12345F0090C2
S30780011A8EFFFFD1
S31580011A9061FFA4FFDF14078061FFA6FFB0741D00FC
S30D80011AA03918DA12345F009057
S31580011AA861FF98FFDF140C8061FFA0FF4814482569
S31580011AB854F661FFA1FFB0141D00DE16DA12345FF9
S30780011AC8009005
S30780011ACAFFFF95
S31580011ACC61FF86FFDF140C8061FF8EFF48544865E9
S31580011ADC487661FF8FFFB0441D002618DA12345FF9
S30780011AEC0090E1
S30780011AEEFFFF71
S31580011AF061FF74FFDF140B8061FF7CFF483448452A
S31580011B0061FF86FFB0341D000D17DA12345F009035
S31580011B1061FF64FFDF140B8061FF6CFF4884489589
S31580011B2061FF76FFB0541D005718DA12345F0090BA
S31580011B30821291100047D944A6A9DF14068061FF5D
S31180011B406FFF1D003517DA12344F00903C
S31580011B4C821291100047D944A6A9DF14068061FF41
S31180011B5C61FF1D007318DA12344F0090EF
S31580011B6861FF38FFDF140E8091100047D944A5BA6A
S31580011B7861FF52FF910000F7B9F504911DFFDAA6BE
S30B80011B88DA12345F0090C1
S30780011B8EFFFFD0
S31580011B90DF140A80911000F7D9FFA8BA01F500F683
S30D80011BA014F20090820200900C
S31580011BA8DF34078061FF22FF01F502F674F60090A3
S30980011BB8821200907E
S30980011BBC820200908A
S31580011BC02008DA0034AF14AFDF1FFF7F8202009056
S31580011BD03B0001003B00FFF0264F8FCF3F108FF473
S31580011BE000F1AB00A00582140FF4004061FF70A0E4
S31580011BF08F8120F010FFB04F5740302049F24008C6
S30780011C000090CB
S30780011C02FFFF5B
S31580011C042020404C910000F8D9FF505240A2A0F404
S31580011C1404FF242FFC4E910000F8D9FF605249A29B
S31580011C24100AA0F404FF242FFC4E91000047D944E6
S31580011C344CF040A549A6100A6DFF18A349A4100AC1
S31180011C4440C56DFF25A38B122022009065
S31580011C50200889A58409821285F01001DA105F4F68
S31580011C603C80910000F7D9FF5860F4AF910000D70E
S31580011C70D9DD5C6054DF54F8C6F0910000E7C218E4
S31580011C80D9EE4CF00F80C04040EFA03C6D0026009D
S31580011C90022424F48F841FF024FF8F041FF024FF75
S31580011CA08F841EF024FFFCC391000047D9447BE05A
S31580011CB0144F91000027BA1FD9227CE0D801A0F5E4
S31580011CC004E024206A0024F0FC5CDA01344F74D4E9
S30D80011CD08202D4AF74F8009082
S31580011CD88FD400F0C6F48FF41EF0C6F48F5400201A
S30980011CE8C6420090D9
S31580011CEC20088202910000F8D9FF705240A2A035DB
S31580011CFC04FF242FFC5E910000F7D9FF5CF014FFE2
S31580011D0C2CA4A032081F2CA5082F2CA6083F2CA783
S31580011D1C49AF040A14F08F7000F1865F86D0A60F46
S31580011D2C8FAF0A0186F01655861FA6F024F0FC2388
S31580011D3C49AF040AA01214FF8F0F0E01161F8F3F95
S31580011D4C2010081F86B016E086BFA6F134F1081F55
S31580011D5C863F370F68F0A60F2CF1B02FFD20ED7F53
S31580011D6C49AF040A40A2A03514FF0420C60F24FFF4
S31580011D7CFC5C49AF040AA03214FF8FFF8FF124FF5C
S31580011D8CFC2C49AF040AA032144F14F03E03821284
S30F80011D9C0090B01FB014FC290090DE
S30780011DA6FFFFB6
S31580011DA8821285FF1001DF4413808200910000F7BB
S31580011DB8D9FF5CF0A0328F30001032510F1F00100E
S31380011DC834F1C21004F12451FC2782020090EE
S30780011DD6FFFF86
S31580011DD88201FF0812003B00FEFF3FF809000F83CE
S31580011DE800508B080280172380483C12A2F882058E
S31580011DF80F8300403C0DDA207FF8070017238058AF
S31580011E080F8200403C05A2F882040F8200502640CA
S31180011E1826518B0000228B0100240070F3
S30D80011E248622370268800070F6
S30D80011E2C61002E00D202007054
S30F80011E34910000F8D9FF4C6200709E
S30780011E3EFFFF1D
S30F80011E40910000F8D9FF5862007086
S30780011E4AFFFF11
S30F80011E4C910000F8D9FF646200706E
S30780011E56FFFF05
S31580011E58CE8E3B00FEFF3FF807008B0802801723D2
S31580011E6880383C0CA2F80F8300303C08DA207FF8D2
S31580011E7805000F8200303C028203370368F0007048
S30F80011E88910000F8D9FF4062007056
S30780011E92FFFFC9
S31580011E948628370868008207FF0012003B00FEFF90
S31580011EA43FF009000F0300508B0002001723804086
S31580011EB43C12A2F082050F0300403C0DDA207FF02C
S31580011EC40700172380500F0200403C05A2F08204CC
S31580011ED40F0200500F4680000F5780108B0000229E
S30B80011EE48B010024007051
S30780011EEAFFFF71
S31180011EEC61FFB6FF8FFF8FF126F00070BA
S30D80011EF861FFB0FFA6F0007046
S31580011F0020086D00974F61FF8FFF40A46D00AC11D3
S31580011F1061FF8EFF09FF0100772380308B0F1DF053
S31580011F200BF0000814FF06120B2040200B315030B5
S30F80011F30EEF214A061FF52FF00904B
S30780011F3AFFFF20
S31580011F3C20086D00794F61FF71FF40A46D008E11F1
S31580011F4CD202910000F8D9FF745209FF0100772360
S31580011F5C80308B0F1DF00BF0000814FF06120B203E
S31580011F6C40200B315030EEF214A061FF31FF00900E
S30980011F7C1D000612A5
S30980011F801D000412A3
S30980011F841D000212A1
S30980011F881D0000129F
S30980011F8C1D00FE119E
S30980011F901D00FC119C
S30980011F941D00FA119A
S30980011F981D00F81198
S31580011F9C2008024840A46D00611161FF53FFD202F3
S31580011FAC09FF0100772380308B0F1DF00BF00008A1
S31580011FBC14FF06120B2040200B315030EEF214A682
S30B80011FCC61FF64FF009035
S30780011FD2FFFF88
S31580011FD42008024840A46D00451161FF37FFD202F3
S31580011FE409FF0100772380308B0F1DF00BF0000869
S31580011FF414FF06120B2040200B315030EEF214A64A
S30B8001200461FF48FF009018
S3078001200AFFFF4F
S3158001200C2008024840A46D00291161FF0FFFD202FE
S3158001201C09FF0100772380308B0F1DF00BF0000830
S3158001202C14FF06120B2040200B315030EEF214A611
S30B8001203C61FF2CFF0090FC
S30780012042FFFF17
S315800120442008024840A46D000D1161FFF3FED202FF
S3158001205409FF0100772380308B0F1DF00BF00008F8
S3158001206414FF06120B2040200B315030EEF214A6D9
S30B8001207461FF10FF0090E0
S3078001207AFFFFDF
S3158001207C2008024840A46D00F11061FFD3FE09FFD0
S3158001208C0100772380308B0F1DF00BF0000814FFB5
S3158001209C06120B2040200B315030EEF214A661FF54
S309800120ACF5FE009026
S315800120B02008024840A46D00D71061FFB9FE09FFD0
S315800120C00100772380308B0F1DF00BF0000814FF81
S315800120D006120B2040200B315030EEF214A661FF20
S309800120E0DBFE00900C
S315800120E42008024840A46D00BD1061FFA9FED202FA
S315800120F409FF0100772380308B0F1DF00BF0000858
S3158001210414FF06120B2040200B315030EEF214A638
S30B8001211461FFC0FE009090
S3078001211AFFFF3E
S3158001211C2008024840A46D00A11061FF8DFED202F9
S3158001212C09FF0100772380308B0F1DF00BF000081F
S3158001213C14FF06120B2040200B315030EEF214A600
S30B8001214C61FFA4FE009074
S30780012152FFFF06
S30F800121544045604402541D00D55237
S3078001215EFFFFFA
S315800121602008024F6D00664E61FF5EFE40A46D0041
S315800121707B1061FF6DFEDE15D20209FF0100772318
S3158001218080308B0F1DF00BF0000814FF06120B2018
S3158001219040200B315030EEF214A061FFA9FE3C14B1
S315800121A0D20209FF0100772380308B0F1DF00BF0DF
S315800121B0000814FF06120B2040200B315030EEF23E
S313800121C014A061FF9BFE34A040A41D004F10A9
S307800121CEFFFF8A
S315800121D02008024F6D002E4E61FF26FE40A46D0041
S315800121E0431061FF35FEDE15D20209FF0100772318
S315800121F080308B0F1DF00BF0000814FF06120B20A8
S3158001220040200B315030EEF214A061FF71FE3C1478
S31580012210D20209FF0100772380308B0F1DF00BF06E
S31580012220000814FF06120B2040200B315030EEF2CD
S3138001223014A061FF63FE34A040A41D001710A8
S3078001223EFFFF19
S315800122402008024F6D00F64D61FFEEFD40A46D0042
S315800122500B1061FFF1FDDE15D20209FF0100772324
S3158001226080308B0F1DF00BF0000814FF06120B2037
S3158001227040200B315030EEF214A061FF39FE3C1440
S31580012280D20209FF0100772380308B0F1DF00BF0FE
S31580012290000814FF06120B2040200B315030EEF25D
S313800122A014A061FF2BFE34A040A41D00DF0FA9
S307800122AEFFFFA9
S315800122B02008024F6D00BE4D61FFB6FD40A46D0042
S315800122C0D30F61FFB9FDDE15D20209FF0100772325
S315800122D080308B0F1DF00BF0000814FF06120B20C7
S315800122E040200B315030EEF214A061FF01FE3C1408
S315800122F0D20209FF0100772380308B0F1DF00BF08E
S31580012300000814FF06120B2040200B315030EEF2EC
S3138001231014A061FFF3FD34A040A41D00A70FA9
S3078001231EFFFF38
S315800123202008024F6D00864D61FF7EFD40A46D0041
S315800123309B0F61FFABFDDE15D20209FF01007723FA
S3158001234080308B0F1DF00BF0000814FF06120B2056
S3158001235040200B315030EEF214A061FFC9FD3C14D0
S31580012360D20209FF0100772380308B0F1DF00BF01D
S31580012370000814FF06120B2040200B315030EEF27C
S3138001238014A061FFBBFD34A040A41D006F0FA9
S3078001238EFFFFC8
S315800123902008024F6D004E4D61FF46FD40A46D0041
S315800123A0630F61FF73FDDE15D20209FF01007723FA
S315800123B080308B0F1DF00BF0000814FF06120B20E6
S315800123C040200B315030EEF214A061FF91FD3C1498
S315800123D0D20209FF0100772380308B0F1DF00BF0AD
S315800123E0000814FF06120B2040200B315030EEF20C
S313800123F014A061FF83FD34A040A41D00370FA9
S307800123FEFFFF58
S315800124002008024F6D00164D61FF0EFD40A46D0040
S315800124102B0F61FF17FDDE15D20209FF010077231D
S3158001242080308B0F1DF00BF0000814FF06120B2075
S3158001243040200B315030EEF214A061FF59FD3C145F
S31580012440D20209FF0100772380308B0F1DF00BF03C
S31580012450000814FF06120B2040200B315030EEF29B
S3138001246014A061FF4BFD34A040A41D00FF0EA9
S3078001246EFFFFE7
S315800124702008024F6D00DE4C61FFD6FC40A46D0042
S31580012480F30E61FFDFFCDE15D20209FF010077231F
S3158001249080308B0F1DF00BF0000814FF06120B2005
S315800124A040200B315030EEF214A061FF21FD3C1427
S315800124B0D20209FF0100772380308B0F1DF00BF0CC
S315800124C0000814FF06120B2040200B315030EEF22B
S313800124D014A061FF13FD34A040A41D00C70EA9
S307800124DEFFFF77
S315800124E0910000F719FF2410820460FF482F4810DD
S30F800124F06004A20F92151D00315100
S307800124FAFFFF5B
S315800124FC5421B7011010A61F9130004F594F28A6B1
S3078001250C0070D6
S3078001250EFFFF46
S3158001251091000048D94490D26D009E276D00C61F58
S31580012520913000FFD9FF181654F0B710020491308C
S31580012530002FD92228A6542F2E168F2220F09601FD
S3158001254061FFDEFF8F2220F0960261FFD9FF542FB3
S315800125506F0FFFFF74F002246D00B01F82046D00BF
S31580012560832A6D006527DF02FEFF6D0053269100E9
S315800125700048D94480236D00F94291000048D9442E
S31580012580D0536D00ED4691000048D94494C26D0048
S315800125901B1B6DFF2DC991000048D9440C116DFF9D
S315800125A007C30D0040036D00611382141D00F44AB8
S307800125B0009012
S307800125B2FFFFA2
S315800125B46D0056130D00400382046DFFC7C2821459
S315800125C46DFFC4C2916000F8BB000008D9FF00000A
S30D800125D480FF420F60FFDC0F5E
S315800125DC9100002739206EE0910000F7D9FF60F059
S315800125EC14FFF6035E1C3C075E1A91000027392FF7
S315800125FCA1505E15DA0034FF6D001C4C1D00182E9F
S3118001260C910000F7DA00E9FF60F0009011
S31180012618910000F7DA01E9FF60F0009004
S3158001262420C8404F40A46D00EF0EF62640A2A0C4F8
S30D80012634042F24FFFC4E0090E7
S3158001263C20C8404F40A46D00E30EF62749A20D0A2F
S30F8001264CA094042F24FFFC4E009099
S30780012656FFFFFD
S3158001265820C8404F40A46D00D50EF62749A2170A17
S30F80012668A034042F24FFFC4E0090DD
S30780012672FFFFE1
S3158001267420C8404F40A46D00C70EF62749A21B0A05
S30F80012684A0D4042F24FFFC4E009021
S3078001268EFFFFC5
S3158001269020C8404F40A46D00B90EF62849A2290AE8
S311800126A0C5041000042F24FFFC4E00909E
S315800126AC20C8404F40A46D00AB0EF62749A23A0ACA
S30F800126BCA054042F24FFFC4E009069
S307800126C6FFFF8D
S315800126C820C8404F40A46D009D0EF62749A2001AE6
S30F800126D8A054042F24FFFC4E00904D
S307800126E2FFFF71
S315800126E420C8404F40A46D008F0EF62749A2061AD2
S30F800126F4A074042F24FFFC4E009011
S307800126FEFFFF55
S3158001270020C8404F40A46D00810EF62749A20E1ABB
S30F80012710A064042F24FFFC4E009004
S3078001271AFFFF38
S3158001271C2010404C910000F8D9FF74B240A2A094CD
S3158001272C04FF242FFC4E40A46D004A0EF62640AFC2
S30F8001273CA09204FF24CFFC2E00902A
S30780012746FFFF0C
S31580012748911000F7D9FFB0BAA092044F24FFFC2E4E
S3098001275882020090E2
S3158001275C2010911000F7D9FFB0BA40A2A09404FFC3
S3138001276C242FFC4E40A46D006D0E821200904B
S3078001277AFFFFD8
S30F8001277C4C21534F21F0104F0070DD
S30780012786FFFFCC
S315800127888209910000F7025819F02810029AA0329E
S31580012798600F48103F04148048213F4111801A84F4
S315800127A83F0F0E8092F03F010B8054FF910000F796
S315800127B8D9FF62F010FF821934F93C06C21A49FF23
S315800127C8140AFD20E87F769FDA00344F821402A529
S315800127D86D00B801910000F7D9FF606001FA02F631
S311800127E874F83C03DA31344F0292009001
S315800127F40B561088404D820A8FF400018F040FF125
S315800128048FCF3F107613DF004880910000C7D9CC63
S31580012814241054C0600F48103F08108048213F811E
S315800128240D801A983F0F0A80C2FF3FF10780821AF2
S31580012834820402456D00880176A3DA003C2E6D0080
S315800128447D01BD022A00542F9100005790CFD9559E
S3158001285462F054FF60F461FF91FF54FF1056146FC8
S31580012864DE19481F3FF80E8048203F800B8042982E
S315800128743FF80880C2F83F800580DA00821A3C025C
S31580012884DA3134DF61FF7AFF54FF105FDA0034FFF7
S313800128943C05DA703C02DA3134DF02A2009094
S307800128A2FFFFAF
S311800128A4910000F7DA0159FF7460009082
S315800128B0910000F719FF74605E156D0095001D008B
S309800128C0C506009032
S315800128C42008F4A4910000F7D9FF2410025854F08B
S315800128D4481F600C60FDDF063B8091000027D922EA
S315800128E42420542FEE0B910000F7D9FF0820F42FF2
S315800128F491000047D94404C1E854D42F40F2092FEA
S3158001290441045E1889F40609820089F00A09342093
S315800129143C04822089F002096D001001402F54FF86
S31580012924910000E7D9EE00C1EE06481F534F21F00E
S3158001293410CF3C085E1C6D00EF0B481F534F21F0EE
S3158001294410DF482F4810A20FC21F74EF910000C7F1
S31580012954D9CC2420D4CFBB000098910000D7D9DDEF
S3158001296400C109F00A097F902F8009F10E0954D21A
S315800129747F212A80081FEE27C85F0284D4A501F02F
S3158001298400466D00BF4ED4CF49F20A0A54204280D4
S31580012994742049F40E0A544F42F8744854DF7FF880
S315800129A40480542F7E93DA013C02DA0034FF544FBB
S315800129B454D07F0F0480542F7E93DA023C02DA00CE
S315800129C489FF0209D4CF54DF49F20E0A54203FF01D
S315800129D4068009FF0209EA00742009F202090090BF
S315800129E4910000F7D9FF241054FF910000C760FDC0
S315800129F4D9CC2420481FD4CF60FE2008F4AFBD0F64
S31580012A041D0014FFDE1A6D009900BD021700542FB4
S31580012A14EE064C21534F21F010DF3C065E164C2105
S31580012A24534F21F010EF4828D4AF09F406093F84A7
S31580012A340680DA0389FF02090090910000D7D9DD67
S31580012A447060C85F54DF3B00405010F46D002A006B
S31580012A54D4CF54D049F2020ADF02198040F4094FD7
S31580012A6406051B0040001B0F40107441BB0000F893
S31580012A743F0F0D807F8103807E07820034F0DA0167
S31580012A842CF174203C05DA023C02DA01742F74D0ED
S30780012A94009029
S30780012A96FFFFB9
S31180012A98910000F7A002B5F2202000900A
S31580012AA40249404C82186D004900BD024500542FED
S31580012AB4EE1991000047194F241060F461FF5EFE00
S31580012AC4482F4810C83FA20F40C43B0040009215CE
S31580012AD40B0530F16A0502942D0F00006D00540038
S31580012AE43C26DF1F29806D003B00DF022300910015
S31580012AF400F7D9FF2C106D008D49422968193B00D6
S31580012B0440F06CF2E83C0D00400391200027D92265
S31580012B14000A802F8BCF00F040F460F2D4222D027C
S31580012B2400000D00400309FFC008EE0582083C033E
S30D80012B343B2002800282009021
S30F80012B3C910000F799F22020009025
S30780012B46FFFF08
S31580012B48910000F7D9FFACF074F46815910000275D
S30B80012B58B52F202000903C
S30780012B5EFFFFF0
S30F80012B60910000F739F261F0009050
S30780012B6AFFFFE4
S31580012B6C910000F7D9FF606001F402F654F20090EF
S31180012B7C910000F7DA00E9FF61F000909B
S31180012B88910000F7DA01E9FF61F000908E
S31580012B94910000F7D9FF2C1054CF912000276CF1B6
S31580012BA43B0000F4D922000A6CF2802F8B8F00F04F
S30D80012BB440F460F2D4220070A6
S31380012BBC910000F719FF2810822860FF007033
S30780012BCAFFFF84
S30F80012BCC54CF1B0F00F474CF007084
S30780012BD6FFFF78
S31580012BD854FF91000027D92224109022542F007087
S31580012BE8910000F7D9FF78606D00CC0BDF120D805C
S31580012BF86D00B80BDF1209806D00D40BDF120580DA
S31580012C08820274F2009054FF3B803E003F0F05809C
S31380012C18DA0082223C03C21F821274FF0090F2
S30780012C26FFFF27
S31580012C2861FFCAFF6D00B60BDF1238806D00A20BFB
S31580012C38DF123480910000D7D9DD69F014DFEE13F5
S31580012C48910000C748CF6D00E348422F59CF547091
S31580012C5848BF6D00DD48422F910000F759FF587033
S31580012C68DA0134DF910000C7D9CC587061FF90FF33
S31580012C782D02000009FFC00814D0EE0C61FFA4FFE5
S31580012C88910000F719F154703F1F078082000208EE
S31180012C983C038200821834D00282009036
S31580012CA461FF8CFF6D00780BDF1238806D00640B39
S31580012CB4DF123480910000D7D9DD67F014DFEE137B
S31580012CC4910000C7482F6D00A548422F59CF447003
S31580012CD4481F6D009F48422F910000F759FF4870A5
S31580012CE4DA0134DF910000C7D9CC487061FF52FF05
S31580012CF42D02000009FFC00814D0EE0C61FF66FFA7
S31580012D04910000F719F144703F1F07808200020881
S31180012D143C038200821834D002820090B9
S31580012D2061FF4EFF6D003A0BDF123A806D00260B74
S31580012D30DF123680910000D7D9DD66F014DFEE15FB
S31580012D40910000C709FF04196D006648422F59CFCB
S31580012D507C6009FF00196D005F48422F910000F7E2
S31580012D6059FF4070DA0134DF910000C7D9CC407039
S31580012D7061FF12FF2D02000009FFC00814D0EE0C7E
S31580012D8061FF26FF910000F719F17C603F1F0780E4
S31580012D90820002083C038200821834D002820090AD
S31580012DA061FF0EFF6D00FA0ADF123A806D00E60AB6
S31580012DB0DF123680910000D7D9DD68F014DFEE137B
S31580012DC0910000C7487F6D002748422F59CF4C702C
S31580012DD0486F6D002148422F910000F759FF5070CE
S31580012DE0DA0134DF14DFDE1B910000C7D9CC5070C5
S31580012DF061FFD2FE2D02000009FFC00814D0EE0C3F
S31580012E0061FFE6FE910000F719F14C703F1F0780C4
S31580012E10820002083C038200821834D0028200902C
S31580012E206DFF8EFE402FBD0F30006D00690961FF79
S31580012E30D5FE60FC6DFF96FEDF022400481F534FCE
S31580012E4021F010CF910000C7D9CC6AF014CFC84FBA
S31580012E50EE09C87F2D0F0000F624DA0134CF8222D5
S31580012E600090C88FA0027DF20A002D0F0000762304
S31580012E70DF120480DA0034CF0090820234C20090DF
S30F80012E803B20022000908212009090
S30780012E8AFFFFC1
S31580012E8C910000F7D9FF2410820854F0028B481F59
S31580012E9C600C60FD02492010821A6D0043096DFF9A
S31580012EAC49FE402EBD0E490054E0F6084CE1534FC5
S31580012EBC21F010CF481B48283C12DF1011804CE1C1
S31580012ECC7B000680534F21F010DF481F128B482F51
S31580012EDC910000F742F8DA01E9FFAD50F605A2B888
S31580012EEC8B1800203C064CE1370F68406DFF3AFE8B
S31580012EFC60B482F5821602246DFFD4C574A25F92EA
S31580012F0C1C8054EFDE1849A4040A6D00510A49A4A9
S31580012F1C040A40A582446D00F14B49A4040A6D0054
S31580012F2C870A4CE1534F21F010DFC84FC8BF82147A
S30F80012F3C2D0F0000820A02A2009008
S30780012F46FFFF04
S31580012F486DFFFAFDBD0215004C21910000F7534F24
S31580012F582100542FD9FF241090FF820454FF42F098
S31580012F68600FC84FC8BF2D0F00006D00D3098202BC
S30780012F78009040
S30780012F7AFFFFD0
S31580012F7C2008DA00ACA16DFFDDFD542F91200047AE
S31580012F8CD944000A8048910000F7D9FF2C10DF1F25
S31580012F9C31806DFF3DFB40A46D00220A09A0C0085B
S31580012FAC09AFC2088F80200040A43700700049A564
S31580012FBC020A8224A60F09A0C208A60FC21FACA1C1
S31580012FCC6D009C4B40A46D00510A6DFF61FDC2489A
S31580012FDC40F46082D4222D020000910000F719FF83
S31580012FEC241060FFC84F2D0F00006DFFC3FD3C0BF5
S31580012FFC608240F4D4222D02000009FFC008EE0540
S3118001300C082F5E33820200908212009031
S315800130182008404C82186DFF8FFD402FBD0F2A0076
S315800130286DFFF2FA40A46D00D50914AF09A04108D5
S315800130388F8F2010A60161FFCDFD60F2481F534F87
S3158001304821F0102F09FFCC086E063FF10580DA22A0
S3158001305834CF3C0FDAFF7FF004809A103C05DA0002
S3158001306814A0C21034A02CA140A46D00F7098208CF
S3098001307802820090B9
S3158001307C910000F7D9FF2C1054CF912000276CF1C9
S3158001308C3B0000F4D922000A6CF2802F8B8F00F062
S30D8001309C40F460F2D4220070B9
S313800130A4910000F719FF2810822860FF007046
S307800130B2FFFF97
S30F800130B454CF1B0F00F474CF007097
S307800130BEFFFF8B
S315800130C054FF91000027D92224109022542F00709A
S30D800130D0481F534F21F00070E7
S315800130D8910000F7D9FF7C706D005409DF120D80CD
S315800130E86D004009DF1209806D005C09DF120580D9
S315800130F8820274F2009054FF3B803E003F0F0580A8
S31380013108DA0082223C03C21F821274FF0090FD
S30780013116FFFF32
S3158001311861FFC6FF6D003E09DF1238806D002A09FE
S31580013128DF123480910000D7D9DD6EF014DFEE13FB
S31580013138910000C748CF6D006B46422F59CF7470F6
S3158001314848BF6D006546422F910000F759FF787098
S31580013158DA0134DF910000C7D9CC787061FF8CFF22
S315800131682D02000009FFC00814D0EE0C61FFA0FFF4
S31580013178910000F719F174703F1F078082000208D9
S311800131883C038200821834D00282009041
S3158001319461FF88FF6D000009DF1238806D00EC083D
S315800131A4DF123480910000D7D9DD6CF014DFEE1381
S315800131B4910000C7482F6D002D46422F59CF647068
S315800131C4481F6D002746422F910000F759FF68700A
S315800131D4DA0134DF910000C7D9CC687061FF4EFFF4
S315800131E42D02000009FFC00814D0EE0C61FF62FFB6
S315800131F4910000F719F164703F1F0780820002086D
S311800132043C038200821834D002820090C4
S3158001321061FF4AFF6D00C208DF123A806D00AE0879
S31580013220DF123680910000D7D9DD6BF014DFEE1501
S31580013230910000C709FF04196D00EE45422F59CF51
S315800132405C7009FF00196D00E745422F910000F778
S3158001325059FF6070DA0134DF910000C7D9CC607004
S3158001326061FF0EFF2D02000009FFC00814D0EE0C8D
S3158001327061FF22FF910000F719F15C703F1F078003
S31580013280820002083C038200821834D002820090B8
S3158001329061FF0AFF6D008208DF123A806D006E08B9
S315800132A0DF123680910000D7D9DD6DF014DFEE1381
S315800132B0910000C7487F6D00AF45422F59CF6C7092
S315800132C0486F6D00A945422F910000F759FF707034
S315800132D0DA0134DF14DFDE1B910000C7D9CC7070B0
S315800132E061FFCEFE2D02000009FFC00814D0EE0C4E
S315800132F061FFE2FE910000F719F16C703F1F0780B4
S31580013300820002083C038200821834D00282009037
S315800133106DFF16FC402FBD0F2F006D00F10661FF7A
S31580013320D1FE60FC6DFF1EFCDF02230061FFD2FE31
S3158001333010CF910000C7D9CC6FF014CFC84FEE09DA
S31580013340D4FF2D0F0000F624DA0134CF82220090BB
S31580013350C81FA0027DF20A002D0F00007623DF121E
S315800133600480DA0034CF0090820234C200903B2080
S30D800133700220009082120090F8
S315800133780249910000C8821AD9CC40C2204040CF68
S3158001338840A2A0F404FF242FFC4E820B89AB1009BE
S31580013398910000F7D9FF241002AD54F0481F600D43
S315800133A860FE02B802BC6D00BF066DFFC5FB89A22F
S315800133B8BC09BD02A500402F54FF820AEE1261FFA7
S315800133C885FE10DF40A24828481C8B181FF0A0F400
S315800133D860FF04FF242FFC4E0BC88020C2123C1FBD
S315800133E8DF1F26807B00068061FF70FE10EF40A2FA
S315800133F8481FA0F4128C482F42F88B181FF060FFE3
S3158001340804FF242FFC4E910000F7DA01E9FFA8504A
S31580013418D80F481F370F68406DFFA6FB60C482F539
S31580013428821602246DFF40C389A2100958045F9F42
S315800134386780D80F54FFEE05A2C88B1800203C067A
S31580013448481F370F68406DFF8FFB910000D7D9DD84
S3158001345870F060C48B021C4040D56D00233D9100FD
S3158001346800F8D9FF50C249A21C0AA0F404FF242FF0
S31580013478FC4E49AF2C0AA0F204CF24FFFC2E49A4A6
S315800134881C0A49A52C0A6D00691A910000F7D9FF13
S31580013498900049A42C0A3B00024040D540F66DFFB6
S315800134A8FD9640A2A0F4142014FF3E03820D3C022F
S315800134B834FBB01FB012FC486D00900AD80F54FF38
S315800134C8DE1E76D4821B6D008F0ADF0B190049A494
S315800134D8140A6D006F0749A4140A49A5100A824483
S315800134E86D000E4949A4140A6D00A40761FFEEFD1B
S315800134F810EFC84FC84F82142D0F000002A200900A
S315800135086DFF1AFBBD0215004C21910000F7534F40
S315800135182100542FD9FF241090FF820454FF42F0D2
S31580013528600FC84FC84F2D0F00006D00F306820249
S3078001353800907A
S3078001353AFFFF0A
S3158001353C2008DA00ACA16DFFFDFA542F91200047CB
S3158001354CD944000A8048910000F7D9FF2C10DF1F5F
S3158001355C32806DFF5DF840A46D00420709A0C0085A
S3158001356C09AFC2088F80200040A43700700049A59E
S3158001357C020A8224A60F09A0C208A60FC21FACA1FB
S3158001358C6D00BC4840A46D0071076DFF81FAC2487D
S3158001359C40F46082D4222D020000910000F719FFBD
S315800135AC241060FFC84F2D0F00006DFFE3FADA007F
S315800135BC3C10608240F4D4222D02000009FFC00821
S315800135CCEE07082F5E35DA006D00120A3C02DA012D
S309800135DC02F20090E0
S315800135E02008404C82186DFFABFA402FBD0F2C008E
S315800135F06DFF0EF840A46D00F10614A109A04108E3
S315800136008F812020A60261FF5DFD60F261FF62FD70
S315800136101022092FCC086E063FF20580DA2234CFBC
S315800136203C0EDAFF7FF004809A103C04DA00C21166
S3158001363034A12CA140A46D0015078208F684481494
S30D800136406DFF8EF802820090F5
S31580013648910000D7D9DDB4F014DFDF1F4F800CD18C
S31580013658DF1F4C8040DE09EF4204EE476DFF7EFA9C
S31580013668DF02270040DC910000F7D9FF2C1009CF33
S3158001367804056D00CD43422F6CF13B0040F06CF29E
S3158001368854CF6CF30D00400391200027D922000AFC
S31580013698802F8BCF00F040F460F2D4222D020000F7
S315800136A80D00400309FFC0086E04DA013C02DA22E4
S315800136B814E1910000F7D9FFA00014F0EE0E40D274
S315800136C8092F04051B0F400074204CD23FF004805B
S315800136D882113C0882013C06FFA00480C2103C038B
S30F800136E88221820034F034E1009063
S307800136F2FFFF51
S315800136F4912000276CF13B0000F4D922000A6CF278
S31380013704802F8B8F00F040F460F2D42200708B
S30780013712FFFF30
S31580013714910000F719F02810820891000027600FA4
S30B80013724392FB6F000709A
S3078001372AFFFF18
S3158001372C910000F7D9FFB4F0DA012CF1DA002CF212
S3078001373C007094
S3078001373EFFFF04
S31180013740820861000500910000270070DE
S30D8001374C6100040060FF0070BA
S30F80013754910000F719FF281000709C
S3078001375EFFFFE4
S3158001376061FFF0FFD922B4F0142FDE1634286DFFE5
S31580013770E7F9BD021100542F5E1F4C21534F21F0F2
S3158001378010FFC84FC8AFA0027DF207002D0F0000C1
S30F8001379002283C0282180282009092
S3078001379AFFFFA8
S3158001379C61FFD2FF392FB4F0DE156DFFCBF9BD0277
S315800137AC1100542F5E1F4C21534F21F010FFC84F2F
S315800137BCC89FA0027DF207002D0F000002283C0253
S30B800137CC821802820090C2
S307800137D2FFFF70
S315800137D482186DFFB3F9BD021300542F6E0F910049
S315800137E400F7D9FFB4F040F2092F41045E17082F80
S315800137F46E06DA00342F6CF16CF282080282009034
S3158001380461FF88FFDE1709F0001909F104196002C6
S31580013814A201C2117B0006F042F0600406E1761B28
S315800138246015B0F55440542F7E05B042B044FC5B1C
S315800138343C028218F68709FF8C19C8BF82142D0FA2
S30B80013844000002820090E3
S3078001384AFFFFF7
S3158001384C61FF64FFDE1448BF6D00EA4606E260F252
S3158001385C7B00060042F06004762B6025B0F554405F
S3158001386C542F7E05B042B044FC5B3C028218F6862E
S3138001387CC8EFC8BF82142D0F00000282009093
S3078001388AFFFFB7
S3158001388C61FF64FF60F261FF4DFF092F00196CF136
S30F8001389C8202092F04196CF20090D4
S307800138A6FFFF9B
S315800138A861FF42FF91000047194F281040F260F4EA
S315800138B84C4B892F0405542F6D00B446422FC2FF05
S30B800138C86CF28202009001
S307800138CEFFFF73
S315800138D0822861FF41FF60FC6D00C600DF024B80DC
S315800138E0910000D7D9DDA20014DFEE2309CF8C1910
S315800138F0C8BF82042D0F0000910000F709CF04197B
S315800139006D008A42422F59FF488009CF00196D0008
S315800139108342422F910000F759FF4C8009CF8C19C1
S31580013920C8BF82042D0F00006D00F804DA0134DF70
S31580013930910000C7D9CC4C8054CF910000F7D9FFB4
S315800139402C1061FFD9FE2D02000009FFC008EE0E82
S3158001395054CF1B0F00F474CF910000F719F0488003
S315800139603F0F0A80DA0034DF3C05DA0034DF821843
S30D800139703C02820802820090EC
S31580013978822861FFE9FE6D004D00DF0248809100D3
S3158001398800C7D9CCA10014CFEE20C8E2820409224F
S31580013998AC092D020000910000D748CF6D0038424E
S315800139A8422F59DF408048BF6D003242422F910035
S315800139B80027592F4480C8EFC8BF82042D0F000005
S315800139C86D00A804DA0134CF910000D7D9DD44808F
S315800139D854DF910000F7D9FF2C1061FF89FE2D0273
S315800139E8000009FFC008EE0E54DF1B0F00F474DFD8
S315800139F8910000F719F040803F0F0A80DA0034CF32
S31580013A083C05DA0034CF82183C0282080282009093
S31580013A18DA01910000F719F02810600F6D0006424F
S31580013A28C8E202240922B0092D020000DF021680AD
S31580013A386D00F641C8EFC8CF02242D0F0000DF12B2
S31580013A480880910000F7E9FFB4F0DA003C0691009E
S31180013A5800F78210E9F0B75002F20090EE
S31580013A647B00008A912000F87B000600D9FF9C9692
S31580013A7480FF0F8FA0A0420FA6F8820961FF66FE20
S31580013A846D00D64109FF8C19C8CF02242D0F000081
S31580013A94DF120E80A05F60A2C21A142F6082C21840
S31580013AA414200B0F10F1EE03FCF73C06910000F78E
S31580013AB4DA01E9FFB4F0910000F739FFB4F0AB19EC
S30980013AC4802F009038
S31580013AC8912000276CF13B0000F4D922000A6CF2A0
S31380013AD8802F8B8F00F040F460F2D4220070B4
S30780013AE6FFFF59
S30D80013AE861001A0060FF007005
S31580013AF0910000F719F02810820891000027600FC5
S30B80013B00392FB6F00070BA
S30780013B06FFFF38
S31580013B08910000F7D9FFB4F0DA012CF1DA002CF232
S30780013B180070B4
S30780013B1AFFFF24
S30F80013B1C910000F719FF28100070D0
S30780013B26FFFF18
S31580013B28820861FFDFFF91000027D922B4F0142FA4
S31580013B38DE1634286DFF00F8BD021100542F5E1F72
S31580013B484C21534F21F010FFC84FC83FA0027DF288
S31580013B5807002D0F000002283C028218028200907D
S31580013B68820861FFBFFF6D002D07F62691000027A9
S31580013B78DA00E92FB4F091000027392FB4F0DE1569
S31580013B886DFFDAF7BD021100542F5E1F4C21534F8A
S31580013B9821F010FFC84FC82FA0027DF207002D0F14
S31180013BA8000002283C0282180282009074
S31580013BB482186DFFC3F7BD021300542F6E0F910057
S31580013BC400F7D9FFB4F040F2092F41045E17082F9C
S31580013BD46E06DA00342F6CF16CF282080282009050
S31580013BE461FF86FFDE1709F0001909F104196002E5
S31580013BF4A201C2117B0006F042F0600406E1761B45
S31580013C046015B0F55440542F7E05B042B044FC5B38
S31580013C143C028218F68709FF8C19C84F82142D0F2E
S30B80013C24000002820090FF
S30780013C2AFFFF13
S31580013C2C61FF62FFDE1448BF6D00FA4406E260F262
S31580013C3C7B00060042F06004762B6025B0F554407B
S31580013C4C542F7E05B042B044FC5B3C028218F6864A
S31380013C5CC8EFC84F82142D0F0000028200901F
S30780013C6AFFFFD3
S31580013C6C61FF58FF60F261FF4BFF092F00196CF160
S30F80013C7C8202092F04196CF20090F0
S30780013C86FFFFB7
S31580013C8861FF40FF91000047194F281040F260F408
S31580013C984C4B892F0405542F6D00C444422FC2FF13
S30B80013CA86CF2820200901D
S30780013CAEFFFF8F
S31580013CB0822861FF35FF60FC6D00C600DF024B8004
S31580013CC0910000D7D9DDA40014DFEE2309CF8C192A
S31580013CD0C84F82042D0F0000910000F709CF041907
S31580013CE06D009A40422F59FF588009CF00196D0007
S31580013CF09340422F910000F759FF5C8009CF8C19C0
S31580013D00C84F82042D0F00006D000803DA0134DFED
S31580013D10910000C7D9CC5C8054CF910000F7D9FFC0
S31580013D202C1061FFD3FE2D02000009FFC008EE0EA4
S31580013D3054CF1B0F00F474CF910000F719F058800F
S31580013D403F0F0A80DA0034DF3C05DA0034DF82185F
S30D80013D503C0282080282009008
S31580013D58822861FFC7FE6D004D00DF024880910011
S31580013D6800C7D9CCA30014CFEE20C8E28204092269
S31580013D7890092D020000910000D748CF6D00484078
S31580013D88422F59DF508048BF6D004240422F910033
S31580013D980027592F5480C8EFC84F82042D0F000081
S31580013DA86D00B802DA0134CF910000D7D9DD54808D
S31580013DB854DF910000F7D9FF2C1061FF83FE2D0295
S31580013DC8000009FFC008EE0E54DF1B0F00F474DFF4
S31580013DD8910000F719F050803F0F0A80DA0034CF3E
S31580013DE83C05DA0034CF82183C02820802820090B0
S31580013DF8DA01910000F719F02810600F6D0016405E
S31580013E08C8E20224092294092D020000DF021680E5
S31580013E186D000640C8EFC85F02242D0F0000DF122F
S31580013E280880910000F7E9FFB4F0DA003C069100BA
S31180013E3800F78210E9F0B75002F200900A
S31580013E447B00008A912000F87B000600D9FF9C96AE
S31580013E5480FF0F8FA0A0420FA6F8820961FF44FE5E
S31580013E646D00E63F09FF8C19C85F02242D0F0000FF
S31580013E74DF120E80A05F60A2C21A142F6082C2185C
S31580013E8414200B0F10F1EE03FCF73C06910000F7AA
S31580013E94DA01E9FFB4F0910000F739FFB4F0AB1908
S30980013EA4802F009054
S31180013EA86DFF84F36DFF32F31DFFFAF409
S30F80013EB491000047D9447080007028
S30780013EBEFFFF7D
S31580013EC091000027D922AA00142F910000F7D9FF6B
S31580013ED0A50014F05E14820034203C03BA14AA10A3
S30980013EE034F00090A3
S31580013EE4911000F7D9FFBABA40F46D00B701911069
S31580013EF400C7D9CCBBBA40C46D00B4016D006C4314
S31580013F04DF1211806D00A643910000F7DA01E9FF03
S31580013F14A800910000F7E9FF6EE061FFCBFF1D0069
S31580013F2491356D006D43DF120B806D009D439100C9
S31580013F3400F7DA01E9FFA9001D00803F6D00723F99
S31580013F448F22204091000028D202D92260C2092FF3
S31580013F540100772380308B0F1DF00BF00008142F9E
S31580013F6406120B2040200B315030EEF214C0CE4E97
S31580013F743B00FEFF3FF407008B040240172380F4C5
S31580013F843C0CA2F40F4300F03C08DA207FF40500D0
S31580013F940F4200F03C02DA00370F68F026F0F6068D
S31180013FA414F0DAB53E031DFFE99400908D
S31180013FB02008DA0034AF40A41D0068022E
S31580013FBC200849A4010A6D004D0140A46DFFE6E479
S31580013FCC910000F739FFA7005E156D007B436DFFED
S31580013FDC01F314AF1E26910000F739FFA6001E28A7
S31580013FEC14AF5E1C910000F739FFA5005E1714AF64
S31580013FFC5E336D0075436DFFEDF20CA13B500B00EA
S3158001400C7E036DFFD1FF910000F719F46C806D0072
S3158001401C1135DF120E80910000F719F46C803B008C
S3158001402CE2546D00F534DF1204806DFFD3F29100FA
S3158001403C00F719F468806D00FD34DF120F803B1098
S3158001404C2750910000F7067519F468806D00E034ED
S3158001405CDF1204806DFFBEF2910000F719F47080B7
S3158001406C6D00E834DF120E80910000F719F4708030
S3158001407C3B00E2546D00CC34DF1204806DFFAAF252
S3158001408C910000F7DA00E9FFA500910000F714AF63
S30B8001409CE9FFA600009079
S307800140A2FFFF97
S315800140A4910000F7DA0159FF6080910000F759FF0A
S309800140B4648000900D
S315800140B8910000F719FF60802008DE1A910000F749
S315800140C8D9FF648054FF82046E14DE1240A46DFF0A
S315800140D8A99A022F49A4010A82146DFFA39AEE08B0
S315800140E8F62714AF5E250CA15E23DA0074FF0090D3
S309800140F81DFF62FFC0
S315800140FC61FFDCFE6D00AA3491000047D9446880CB
S3098001410C1D009C343B
S30D8001411061FFD2FE1D00983407
S3158001411861FFCEFE6D009C3491000047D9446C80C6
S309800141281D008E342D
S3118001412C91000047D9446C801D0090343E
S315800141382858DA042CF689F81808910000F7D9FF6F
S30980014148B0A000702C
S3158001414C2008404F40A46D008500F62549A4010A3C
S3158001415C6D008200DF02448014A0DAB55F0F4080C7
S3158001416C0CA11E23DF1F388082302830DA00ACF890
S3158001417CDA502CF1DA022CF234F082182CF4DA06AD
S3158001418C28582CF689F81808911000F739F0A2A94D
S3158001419C910000F88640D9FF483201F000263B8019
S315800141AC3E00910000F7542FD9FFB0A04B0F11029E
S315800141BC370070008F803FF02CF828903B007102FD
S315800141CC4C214B0F1102370070008F803FF02CFA77
S315800141DC28B03C0282086D0037003C3391000027E1
S315800141ECD922A800142FDE13DA00342F823028301E
S315800141FCACF8DA712CF18218282834F0284861FF42
S3158001420C97FFDAF52CF8DA182CF93C1B910000276C
S3158001421CD922A900142FDE14DA00342F82302830EB
S3158001422CACF8DA712CF182182828DA0234F02CF4E5
S3158001423C61FF7EFFDA812CF8DA5F2CF93C02820869
S3098001424C02820090D3
S311800142502008DA0034AF40A41D002201D2
S3098001425C1D00CE00EC
S309800142601D00DC00DA
S309800142641D00E200D0
S309800142681D00240189
S3138001426C910000F7D9FFC000C502190000704D
S3078001427AFFFFBD
S3158001427CDA00910000F7E9FFAB0061FFF3FF74FFF1
S3158001428C2CF489FF060949FF0C0AFC2A910000F7D8
S30D8001429CDA0159FF74800090DC
S315800142A4910000F7D9FF748054FF1E131E2A0090D3
S315800142B491000027392FAB005E13DA0274FF009058
S309800142C41D002A0028
S315800142C8DA0C7E46910000F7DA01E9FFAB001DFFA3
S307800142D82793A3
S307800142DAFFFF5D
S315800142DC53C420F091000027D922C000102C9100E4
S315800142EC00F8D9FF6CC201F403F649C4060A6D00C5
S315800142FCA53309F4C608D4F46D008C32F624DA029F
S3118001430C74CF009049C4060A1D00A0333E
S315800143188208910000F78219D9FFC000C50C1900DF
S3158001432854FF5E2C09F406093BC05D506D0072335B
S31580014338DF120B8074F928493C075E16084FEE0494
S3158001434802846DFFC9FFC21849FF0C0AFDC0EA7FC6
S3078001435800904C
S3078001435AFFFFDC
S30F8001435C54FFEE03084FEA120070C9
S30780014366FFFFD0
S315800143688202910000F7D9FFF00061FFF5FF009006
S315800143788202910000F7D9FFE40061FFEDFF00900A
S315800143888202910000F7D9FFCC0061FFE5FF00901A
S315800143988202910000F7D9FFFC0061FFDDFF0090E2
S315800143A88202910000F7D9FFC81061FFD5FF0090FE
S315800143B8910000F899F54CD23B8000401D00E6003B
S315800143C8910000F899F544D23BA000401D00DE001B
S313800143D8910000F899F554D282441D00D70059
S307800143E6FFFF50
S313800143E8910000F899F55CD282441D00CF0049
S307800143F6FFFF40
S313800143F8910000F899F56CC282141D00C70071
S30780014406FFFF2F
S31580014408910000F899F56CD23B800C401D00BE00E6
S31380014418910000F899F57CC282141D00B70050
S30780014426FFFF0F
S31380014428910000F899F574C282141D00AF0050
S30780014436FFFFFF
S315800144384045910000F899F44CD282443B80005063
S309800144481D00BA0012
S3158001444C4045910000F899F444D282343BA0005047
S3098001445C1D00B00008
S315800144604045910000F899F454D2825482451D004A
S30780014470A7001C
S30780014472FFFFC3
S315800144744045910000F899F45CD2826482451D001E
S307800144849D0012
S30780014486FFFFAF
S315800144884045910000F899F46CC2820482151D009A
S30780014498930008
S3078001449AFFFF9B
S3158001449C4045910000F899F47CC2822482151D0056
S307800144AC8900FE
S307800144AEFFFF87
S315800144B04045910000F899F474C2821402451D00AA
S307800144C07F00F4
S307800144C2FFFF73
S30F800144C482466D00AF00820200906F
S307800144CEFFFF67
S30F800144D082366D00A9008202009079
S307800144DAFFFF5B
S30F800144DC82566D00A3008202009053
S307800144E6FFFF4F
S30F800144E882666D009D00820200903D
S307800144F2FFFF43
S30F800144F482066D0097008202009097
S307800144FEFFFF37
S30F8001450082766D0091008202009020
S3078001450AFFFF2A
S3118001450C3B8000606D008A0082020090F6
S311800145183B9000606D00840082020090E0
S311800145243BA000606D007E0082020090CA
S311800145303BB000606D00780082020090B4
S3118001453C3BC000606D007200820200909E
S311800145483BD000606D006C008202009088
S311800145543BE000606D0066008202009072
S311800145603BF000606D006000820200905C
S3118001456C3B0001606D005A008202009045
S30F8001457882266D0055008202009034
S30780014582FFFFB2
S30F8001458482166D004F00820200903E
S3078001458EFFFFA6
S315800145908212A00F7D5F12007D4F1000910000F7FF
S315800145A039FFAB005E1ADAFFABFFBFF442F4604F0E
S30F800145B0045F244FFCFE8202009096
S307800145BAFFFF7A
S315800145BC8212A00F82007D4F28007D5F260002515A
S315800145CC405FDAFF4042ABFFBFF142F16016142126
S315800145DC14FF3E1382103C04B01FB012FC69DF003D
S315800145EC1300DAFFABFFBFF542F5605F045F244F22
S315800145FCFCFE53C420F0910000F7D9FFC00010FFD8
S30D8001460C022F74FF8202009067
S3158001461453C620F0910000F7D9FFC00010FF007047
S31580014624DF740880F65E61FFF5FFDA0074FF00909F
S31580014634DF640400DA0C7E49DF350400DF55068029
S30F8001464461FFE8FFDA012CF4009013
S3078001464EFFFFE5
S31580014650910000F7D9FFF840A0F204FF244FFC2E09
S3098001466082020090BB
S31580014664DA13345F910000F7D9FFF840A0F2044FC2
S3158001467424FFFC2EDA00345F3B50014082156D0025
S31580014684D92F3B500140A0046D00C83082020090AE
S309800146941DFFC8EFC8
S309800146981DFFD2EFBA
S3098001469C1DFFDEEFAA
S309800146A01DFFEAEF9A
S309800146A41DFFF6EF8A
S309800146A81DFF02F079
S309800146AC1DFF0EF069
S309800146B01DFF1AF059
S309800146B41DFF26F049
S315800146B80254405C0265404F027640C46DFF98F013
S315800146C8F623821200903B2080F074FF820234C266
S307800146D80090C9
S307800146DAFFFF59
S315800146DC910000F7DA01E9FFA950DA00347F02F282
S307800146EC0090B5
S307800146EEFFFF45
S315800146F0024F405F820034F03B0080007F7004806F
S31580014700DA133C0D0B67104802F66DFFDDF0F622D9
S315800147100090DF22048082320090DA7234FF8212A6
S30780014720009080
S30780014722FFFF10
S31380014724910000F7DA01E9FFA1501DFF57EF62
S30780014732FFFF00
S31580014734DA00344FDA367E46910000F7DA01E9FF72
S30B80014744A55082020090DF
S3078001474AFFFFE8
S3158001474C405FDA0134FF6DFF59EAF62334F20090AB
S30B8001475CDA3534FF0090FE
S30780014762FFFFD0
S31580014764910000F8D9FFD420A09204FF244FFC2E97
S3098001477482020090A6
S309800147781DFFD2EFD9
S3158001477C405FDA1334FF6DFFE3EFF628DA0034FF7E
S3118001478C910000F7DA01E9FFAA500090C5
S31380014798911000F739FF97CA344F82020090C4
S307800147A6FFFF8C
S315800147A8DA01406F025434FF02656DFF4FEAF62243
S309800147B834F20090C0
S315800147BCDA00DF2411003B900040911000F7E9F5F7
S315800147CC97CA82156D00322F3B900040A0046D0074
S30F800147DC21303C02DA0102F200905E
S307800147E6FFFF4C
S315800147E8910000F7D9FFA550820214FF0220EE043A
S313800147F882123B400200DA0034FF344000900A
S30780014806FFFF2B
S31580014808404F405C6DFF66F491000027D922A8507D
S31580014818142F6E14DF1206803BA00020DA003C10AC
S31580014828820234C2342291000027392FA3508B1F6C
S3158001483820F234FFE922A35000908212DA2234CF83
S30780014848009057
S3078001484AFFFFE7
S3158001484CDA00345F344F910000F7DA01E9FFA750A3
S3098001485C82020090BD
S3098001486082020090B9
S30D80014864DA00344F8202009054
S30D8001486CDA22344F821200901A
S30D80014874DA00344F8202009044
S3158001487C910000C7D9CCA95014CF3BA00080404EE3
S3158001488C405F6E38910000D7D9DDA65014DF6E05D6
S3158001489C1E1D9E259E3E3C3102646DFF69F5F623F5
S315800148ACDA013C1234DFDA723C206DFF59F9F623BA
S315800148BCDA023C0ADA0034DFDA223C176DFF76F92C
S315800148CCDF021C80DA033BC0008034DFDA003C1443
S315800148DC6DFF26F9F6276DFF2DF6820834D834F84C
S315800148EC3C06DA0034DFDA24821834FFDA0034CF5E
S315800148FC3C04DA24821834FFF68B910000F739FFD9
S3158001490CA2508B1F20F234EFDA00E9FFA25002820B
S3078001491C009082
S3078001491EFFFF12
S31580014920DA00405C34CF91000027392FA450404FE4
S31580014930DF1F3880DF06188040C46DFF27EFDF1246
S315800149400F8040C46DFF4EF66DFFE0F5DA0CAB1FAC
S31580014950A0823AF88200AB2082FF3C256D003C00A4
S31580014960DA313C20DF361A806DFFD4F4F62B9100C4
S315800149700047D94468806D006F3082086D002C0035
S315800149803C05DF2206803BC00080DA003C0CDA223F
S315800149907E246D0021003C056D001E00DA723C020A
S311800149A0DA22821834CF34F802820090AB
S315800149AC404FDA0034FF6D00453ADF1205808202F2
S311800149BC34F200908212DA2234FF00905F
S30F800149C8910000F739F2A350009028
S307800149D2FFFF5E
S311800149D4910000F7DA00E9FFA450009082
S311800149E0910000F7DA01E9FFA250009077
S311800149EC910000F7DA01E9FFA35000906A
S311800149F8910000F7DA01E9FFA45000905D
S30F80014A04910000F739FF6EE00070A3
S30780014A0EFFFF21
S30F80014A1091000027392F6EE0007037
S30780014A1AFFFF15
S31580014A1C405FDA0134FF61FFF7FF5E186DFF62E9D3
S31580014A2CF62334F20090DA353C038212DA1234FF23
S30780014A3C009061
S30780014A3EFFFFF1
S31180014A40404F6D00F13934F28202009083
S30D80014A4C6D00183E8202009004
S30980014A5482020090C3
S30D80014A586D00303E82020090E0
S30D80014A606D00183E82020090F0
S30D80014A686D001E3E82020090E2
S31580014A70406FDA0134FF61FFCDFF5E180254026593
S31580014A806DFF94E9F62234F200908212DA1234FF35
S30780014A9000900D
S30780014A92FFFF9D
S31580014A94DA01344F61FFB6FF5E148202344200901C
S30D80014AA48212DA12344F0090F0
S31580014AACDA01344F61FFAAFF5E1482023442009010
S30D80014ABC8212DA12344F0090D8
S31580014AC4404C405D6DFF90F0910000F7D9FFAD50E9
S31580014AD414FF6E1061FF9CFF6E0DF62434D234F2FE
S31580014AE43C11DF1206803BA00020DA003C0ADA7210
S31580014AF43C0761FF87FFEE03DA313C02DA24821236
S30F80014B0434DF8B0220F234CF0090DB
S30780014B0EFFFF20
S31580014B1061FF7AFF6E0A820234523442910000F7B5
S31580014B20DA01E9FFAC500090DA31345F82120090ED
S31580014B30910000E7D9EEA95014EF3BA00080404CCC
S31580014B40405D6E3B61FF60FF6E38910000F7D9FFD3
S31580014B50AB5014FF6E051E1D9E259E3E3C3602649B
S31580014B606DFF96F1F623DA013C1234FFDA723C20AE
S31580014B706DFF16F6F623DA023C0ADA0034FFDA22F2
S31580014B803C176DFF29F6DF022180DA033BC00080E6
S31580014B9034FFDA003C196DFFE5F5F6276DFFF0F17C
S31580014BA0820834F834D83C06DA0034FFDA248218D5
S31580014BB034DFDA0034EF3C0961FF26FFEE03DA3198
S31580014BC03C02DA24821834DF8B0820F234CF028249
S30780014BD00090CC
S30780014BD2FFFF5C
S31580014BD4404F405CDA0034CF61FF1AFF6E2CDF064A
S31580014BE4148040C46DFFD0EDDF12268040C46DFF72
S31580014BF413F26DFFA9F1DA0CAB1FA0223AF28200FF
S31580014C04AB2082FF3C1ADF3615806DFF09F1F62948
S31580014C1491000047D94468806D001C2F82023C05AF
S31580014C24DF2206803BC00020DA003C07DA223E24DC
S31580014C34DA723C02DA31821234CFDA0034FF009020
S31580014C44404FDA0034FF6D00F938DF1205808202A5
S31180014C5434F200908212DA2234FF0090C4
S30980014C601D000600A6
S30780014C64009037
S30780014C66FFFFC7
S30780014C68009033
S30780014C6AFFFFC3
S30F80014C6C82046D00F5391D00A132A6
S30780014C76FFFFB7
S30F80014C78DA0A4BF011224220007087
S30780014C82FFFFAB
S31180014C843BF00F4082153B10036000706E
S31380014C903BF00F4082153B2003608237007097
S30780014C9EFFFF8F
S31580014CA00B451088911000F7820A39FFAAFA007025
S31580014CB00248200882196D00710E022A914080FFF8
S31580014CC049FF100A914080CF49CC340A54FF163DE2
S31580014CD074AF6D00630EA2A254AFEA0914CF160118
S31380014CE054A076047F8203806EF202920090C9
S30780014CEEFFFF3F
S31580014CF08F841E00DAAF7E043B00012000908FC4B2
S31580014D001EF0910000F88FFF0001D9FF8CC282024C
S31580014D10A022821154FF8B4100318FCF1EF0160FD6
S31580014D203FF0048002320090C211B0CFFC24009083
S31580014D308212544F8203914080FF3B90015049FF7C
S31580014D40340A0F4F80003C04C2135440264014FF9E
S31580014D50370FE1F014F137016111F605EE04F61310
S31580014D603F53F4FFEE05F6148B93A1F2EA0200900D
S31580014D7061FF98FF1E1761FF87FF82476DFF20E75E
S31580014D80821ADF0A3C808203910000F8023F91007B
S31580014D900028D9FF80C2D922B0B2A03454F03F098D
S31580014DA0078054203F900480DA013C04B04FB04222
S31580014DB0FC466E058FF901F1EE1A3C187B00F00A6C
S31580014DC00B098000BBF0FF1F9B7100100B01500186
S31580014DD03BF0FF157B00F42A0B2980200B2130F153
S31580014DE0EA1076058F7900F1EE028213F63761FFBC
S31580014DF04BFF82376DFFE4E6821ADF0A4A808F898C
S31580014E001E00DAAF5F0F28808210DF0821007B0049
S31580014E1001F03F8F1D808F7800F1EE199AF88FC9C6
S31580014E201E103B00AF205F210C80B7090C1A42F19E
S31580014E30BBF0FFFF9B7F00F07F1F0B803C083BF0A0
S31580014E40FF250F29801042F17F1203808200020F15
S31580014E50EE1F3C18DF0817007B0010F03F8F138090
S31580014E608FF801F1EE0F02946DFF44FF910000F877
S31580014E70D9FFB0B201F202F69AF842F954FF7F9F48
S31580014E80088061FF01FF82276DFF9AE6821A02A2DE
S30780014E90009009
S30780014E92FFFF99
S31580014E9461FF06FF1E1482471D00A5008F891E002F
S31580014EA4DAAF5F0F54807B00F00A0B098000BBF0F8
S31580014EB4FFFF9B7F00F00B0F50017B00F4FA5AF938
S31580014EC43BF0FF150BF130F1EA10DF00110002A06F
S31580014ED48FC91E103B00AFF07E15B70914F6EE0696
S31580014EE43C048FF91FF1EE028210F60661FFD0FEB3
S31580014EF46DFF64E6821ADF0A7E8082128FC91E00E4
S31580014F04DF0821003B0010F03F8F1D803B00AFF08E
S31580014F147E0C8FC800F0429FC2FFBBF0FF1F9B71BE
S31580014F24F01A0BF150F1EA023B40AFF07E0C8F98F8
S31580014F3400F042F9C2F93BF0FFF59B0FF4FA7F9F2B
S31580014F4403808202022FEE563C4CDA00910000C89F
S31580014F54D9CC80C240CF91000028D922B0B2A034E6
S31580014F6454F03F09078054203F900480DA013C04C1
S31580014F74B04FB042FC46EE0382373C34820BDF08E5
S31580014F842800DAC03F8F258002946DFFB1FE91001F
S31580014F9400F8D9FF90C201F200F6820114F001C231
S31580014FA402F654FFA2F9020F6E0860FFB0FF8FE18B
S31580014FB400F03E93C211FCFC3A01BBF0FF2F2A217B
S31580014FC45F210480821B3C0542187F800380822BEB
S31580014FD402BF5E1661FF5CFE6DFFF0E5821A5E2AF2
S31580014FE482273BF00F4082153B2003606DFFE6E587
S30B80014FF4821A02A2009060
S30780014FFAFFFF30
S31580014FFC02482038025489A5280902856DFF46FF8F
S3158001500C89A22009DF026882914080FF484F163DB4
S3158001501C6E0D3BF00F4082153B20036082576DFF6E
S3158001502CC9E5DA0578081D00570202846DFF5CFE1E
S3158001503C89A22C096D00020D580B8B0F2192769843
S3158001504CBB00180C9B403A024B2011023C0A3B00D8
S3158001505C94069B106D064B2011028FF01FF042F0C7
S3158001506C61FF06FE89A01C09580AC2FF769506BF08
S3158001507C3B0002A03C0406AF3B0004A092109100B9
S3158001508C00F8DA007806D9FF80C2F8039100F0CADD
S3158001509C580B9110F0DA90FF9AF0F8049110F0FA0F
S315800150AC7809D9FF909AF8029110F0FAD9FF989A5B
S315800150BCF801914080FFC2F049FF180A600E8F29D2
S315800150CC01F0F4AF780CD9CC5455D9DDA8AA09A036
S315800150DC180958097E06580A4BAF11022B1A50A192
S315800150EC769F8FEA00F0D804428FC2FF54F00B08EA
S315800150FC8010A20F8FCF1E008FC11E103C03820120
S3158001510C02105F109A806D00990CDAFA74CF0D003B
S3158001511C8004DF0922003B6022F04B2F11C26D0007
S3158001512C7F04913000FF19F028A6BBC0FFFF260F24
S3158001513CBB00F01F26F116FC82F2C62F16FCA6F1D7
S3158001514CB70010F0A61F960159FF28A6B72F02F0BB
S3158001515C59FF28A63C05DA644B2F1102020CD802A2
S3158001516C74F80D008004D80174FA0D008004DA807D
S3158001517C74DF0D008004DA5074DF0D008004822404
S3158001518CD4A46DFFD1FD022BDF091D00913000FFE8
S3158001519C19F128A6BBC0FF0F2610BB00F02F2602E3
S315800151AC8FC00FF182F0C60F16FCA6F2B70110F074
S315800151BCA62F960159FF28A6960359FF28A66D009E
S315800151CC3104DF0B7C816D00E30B022B910000F720
S315800151DC59FB7880910000F759FC7C80910000F78F
S315800151ECD9FF40906D00D40B022FA2BF74FF3FCF25
S315800151FCFBFF09A41C096DFF57FD022BDF0B5F8199
S3158001520C82007697914080FF09FF7408370FE10180
S3158001521C914080FF09FF7408370F61F2A6F009FFF0
S3158001522C74081601A6F0AB1BA0B0DAFA74CF0D0088
S3158001523C80041D004401580BD80316078F400100CA
S3158001524C90FF54FF420F92FE0B8E8000C2108F206E
S3158001525C1FF078056D00F20BDAFA74CF0D0080041D
S3158001526CDF0922003B6022F04B2F11C26D00D8035F
S3158001527C913000FF19F028A6BBC0FFFF260FBB009B
S3158001528CF01F26F116FC82F2C62F16FCA6F1B7008A
S3158001529C10F0A61F960159FF28A6B72F02F059FFC9
S315800152AC28A63C05DA644B2F1102020CD80274F83D
S315800152BC0D008004D801580574FF0D008004DA8036
S315800152CC74DF0D008004DA5074DF0D0080048224B3
S315800152DCD4A46DFF29FD022BDF091D00913000FF3F
S315800152EC19F228A6BBC0FF0F2620BB00F01F260192
S315800152FC8FC00FF182F0C60F16FCA6F1B70210F023
S3158001530CA61F960159FF28A6960359FF28A66D005C
S3158001531C8903DF0B38806D003B0B022B910000F764
S3158001532C59FB7880910000F759FC7C80910000F73D
S3158001533CD9FF40906D002C0B022FA2BF74FF3FCF7B
S3158001534CFBFF09A41C096DFFAFFC022BDF0B1B8035
S3158001535C82007697914080FF09FF7408370FE1012F
S3158001536C914080FF09FF7408370F61F2A6F009FF9F
S3158001537C74081601A6F0AB1BA0B0DAFA74CF0D0037
S3158001538C80045805C21E5AFA78056D00570BDAFA55
S3158001539C74CF0D008004DF0922003B6022F04B2F75
S315800153AC11C26D003D03913000FF19F228A6BBC0D6
S315800153BCFFFF262FBB00F00F26F016FC82F1C61FCD
S315800153CC16FCA6F0B70210F0A60F960159FF28A677
S315800153DCB72F02F059FF28A63C05DA644B2F110230
S315800153EC020CD80274FE0D0080045805D80174FF96
S315800153FC0D008004DA8074DF0D008004DA5074DFCE
S3158001540C0D0080048224D4A46DFF8EFC022EDF094C
S3158001541C1D00913000FF19F228A6BBC0FF0F262074
S3158001542CBB00F01F26018FC00FF182F0C60F16FC50
S3158001543CA6F1B70210F0A61F960159FF28A696036E
S3158001544C59FF28A66D00EE02DF0E38806D00A00A8A
S3158001545C022E910000F759FE7880910000F759FCD5
S3158001546C7C80910000F7D9FF40906D00910A022F44
S3158001547CA2EF74FF3FCFFBFF09A41C096DFF14FC3F
S3158001548C022EDF0E1B8082007697914080FF09FFEA
S3158001549C7408370FE101914080FF09FF7408370FBB
S315800154AC61F2A6F009FF74081601A6F0AB1EA0E006
S315800154BCDAFA74CF0D008004A6EB5808A6BF7808DB
S315800154CC580C42F87B4000F042F85806C21F780609
S30F800154DCFDE0FF7D09A22009009082
S307800154E6FFFF3F
S315800154E8202089A414090258404D028409A514096B
S315800154F86DFF3CFCDF121000914080FF484F163D3E
S315800155086E0B3BF00F4082153B10036082576DFF8F
S3158001551853E3825200907CDB3BF00F4082153B10AF
S31580015528036082376DFF48E38212009009A414094B
S315800155386DFFDCFB0229DA10BE95580516FFEE04CD
S315800155488F881FF03C02DA007801DA207807780420
S315800155583B0010F074AF58018F8F00F0A2F806B89F
S315800155683C135805161FEE048FB81FF03C02DA006B
S315800155787801DA047807DA087804DA2074AF5801F2
S31580015588065FA2F806D889A8180909A814096D0022
S31580015598570ADA103E963B0019069B4005003C05E2
S315800155A83B00E2069BE004004B20110261FF62FB8F
S315800155B880DF160389A00809820240DCBA0F7803C6
S315800155C8022C3BA00FD01D00F9009100F0EAD9EE1C
S315800155D8545574ED0D0080048B090102DA50ABDF56
S315800155E8A5F074EF0D008004DA109140804F49448C
S315800155F8100A3E947B0002403C037B0001406DFF0C
S3158001560895FBDF02DA8009AE0C096D00190A3E980E
S315800156183B0002003B6022F04B2F11A23C06DA6464
S315800156284B2F11228240022A0D0080049100F02A14
S31580015638C2F09100F04A60058202D9227075D94478
S315800156487475DF0E298001C200F6083F8F8F01002D
S31580015658082F8F0F0110A610081F8F8F00F0A60F35
S3158001566814F0A6F0087F8F8F0130086F8F0F01F035
S31580015678A6F3085F8F8F00F0A6F3084F0FF3A010EB
S31580015688020F742F0D00800474410D0080048B82F3
S3158001569800203C0C01C202F654FF742F0D008004D1
S315800156A8481F744F0D008004C222FD50CC7FDA104A
S315800156B8BE9C6D00BB01913000FF19F228A6BBC0C4
S315800156C8FFFF262FBB00F00F26F016FC82F1C61FBE
S315800156D816FCA6F0B70210F0A60F960159FF28A668
S315800156E8B72F02F059FF28A69110F0FA59F8909A27
S315800156F80D0080049110F0FADA0059FF989A0D008E
S3158001570880049110F0FADAA059FFA8AA0D00800446
S31580015718DAA659FFA8AA0D0080049140804F494412
S31580015728180A82146DFF02FB022EDA10BE9B913095
S3158001573800FF19F228A6BBC0FFFF262FBB00F00F7A
S3158001574826F016FC82F1C61F16FCA6F0B70210F0E9
S31580015758A60F960159FF28A6960359FF28A66D001C
S315800157686701DF0E1F806D001509022E6D00120973
S31580015778022FA2EF3FAFFCFF09A408096DFF96FA35
S31580015788022EF6EE914080FF09FF7408370FE1017A
S3158001579809FF74081601A6F07604821E3C02826E01
S315800157A802E2DF62060074ED0D0080043C0282127B
S315800157B854AF42F810CCC21C58017FFC0480DF022A
S315800157C8067FDF022E815806DF0F2B015807820AD2
S315800157D88F3F00005801730F0A1001D100C609A135
S315800157E81409030F0A816D002B09DA103E983B8054
S315800157F8C7009BE004004B2011023C073B8003F75E
S315800158089BDF04F04B2F110261FF34FA80CF160318
S3158001581889A004098B0F00B2820E1D00FC0091003D
S31580015828F0DADAFAD9DD545574DF0D008004DA50DE
S315800158388B090102ABDFA5F074DF0D008004DA1055
S315800158489140804F4944100A3E947B0002403C03B4
S315800158587B0001406DFF6AFA022ADF0ADB806D0050
S31580015868EF083E9782403B6022F04B2F11C23C06DF
S31580015878DA644B2F11228210022C0D0080049100CC
S31580015888F02AC2F09100F04A60058202D922707529
S31580015898D9447475DF0B2A8001C200F6083F8F8FC1
S315800158A80100082F8F0F0110081FA6108F8F001077
S315800158B814FFA6100FF0A040087F8F8F0100086F94
S315800158C88F0F01F0A6F0085F8F8F00F0A6F0084FC2
S315800158D80FF0A050024F742F0D00800474450D00FF
S315800158E880048B8200203C0C01C202F654FF742F7F
S315800158F80D008004481F744F0D008004C222FD509C
S31580015908CB7FDA10BE9C6D009100913000FF19F0B3
S3158001591828A6BBC0FFFF260FBB00F01F26F116FC89
S3158001592882F2C62F16FCA6F1B70010F0A61F9601C3
S3158001593859FF28A6B72F02F059FF28A69110F0FA29
S3158001594859F8909A0D0080049110F0FADA0059FFFF
S31580015958989A0D0080049110F0FADAA059FFA8AA46
S315800159680D008004DAAA59FFA8AA0D008004914087
S31580015978804F4944180A82146DFFD8F9DA1074A247
S31580015988BE9B913000FF19F028A6BBC0FFFF260FEA
S31580015998BB00F01F26F116FC82F2C62F16FCA6F173
S315800159A8B70010F0A61F960159FF28A6960359FF3E
S315800159B828A66D003D0054AFEE206D00EB07022A44
S315800159C86D00E807022FA2AF3FCFFCFF09A40409A7
S315800159D86DFF6CF974A2F62F914080FF09FF740858
S315800159E8370FE10109FF74081601A6F076068212BF
S315800159F874A23C03DA0674AF54AADF6A0700DAFA9E
S31580015A0874DF0D0080043C02821A580442F810CCD7
S31580015A18C21E58067FFE0480DF0A037F02A2009019
S30980015A281D00FC04D6
S30980015A2C1D00E404EA
S30980015A301D00F804D2
S30980015A341D00E004E6
S31580015A38DA00BC4A3BF00F4082153BF0026002F760
S31580015A486DFFBAE0DA01EE136D001400022F914062
S31580015A58804F09400819B730024F4944081A6D002A
S31580015A689708911000F78210E9F0AAFA02F20090DD
S31580015A788202910000280220D92290C220309150BA
S31580015A88804FA035494F001A142FF4AF494F041A95
S31580015A98F801494F081AF802494F0C1AF803494F79
S31580015AA8101AF804494F141AF805494F002AF806BE
S31580015AB8494F042AF807494F082AF808494F0C2AFA
S31580015AC882F1F8090213494F102AF80A494F142A14
S31580015AD8F80B40AF49A6180A3C09C4F78B0F1EF08C
S31580015AE85474C467264154742643EEF8DFF10400E2
S31580015AF8DFF30880C210B0124944004AFD50C47FC2
S30B80015B08BA40AA320090AA
S30780015B0EFFFF10
S31580015B10910000F761FF8E80DA026CF77B00F0FA64
S31580015B20683542F474F4DA0989FF29088202009003
S31380015B3061FF5881DA0489FF290882020090FC
S30780015B3EFFFFE0
S31580015B400B45108861FFC67F6E08DA0161FF088107
S31580015B50C87FBCF32D0F0000EE2D820A910000F75D
S31580015B6061FF68807B00F0FA42F86828B70914F66D
S31580015B708F491F00CAF0C21089F0A60861FFDA7F3B
S31580015B809140802F4C246F0F168089FA2A086D0068
S31580015B90090148246D00FC0054CF1606EE0B09FF5F
S31580015BA06B081E28DA0261FFDD81960489FF2508CC
S30D80015BB03C02821A02A2009058
S31180015BB8910000F761FF3A80487200906E
S31580015BC4404FBD0F5D0061FF4380F4CF6D005403E8
S31580015BD46D00E6009140804F09402C19BB00F0FF0F
S31580015BE49B8FFFFF26F0488F0FF0A040DA006C4CA4
S31580015BF4094F3439B70F02F0894F343949442C1A85
S31580015C046D004C079140804F094F0819B70F1E400C
S31580015C14DA039B0F00FCA6F44944081A6D003E077B
S31580015C249140804F094F0C19B70F024F49440C1A02
S31580015C346D003407DA029140802F892F3039DA00DA
S31580015C449130804F2C442C45D4FF6CF789FF290869
S31580015C5489FF240861FFF881D4C44C496CF84C2D22
S31580015C6416016E07D4CFDA01C87FBCF32D0F00006D
S31380015C74EE06910000F7DA0159FFE470009008
S30780015C82FFFF9B
S31580015C84DA0061FF6B80BCF7910000271920E4706C
S31580015C94DF100300DA01EE15D4FF09FF69086E11DE
S31580015CA4914080FF48D08F10000148416F01030065
S31580015CB476081E1A1E271E3A1E4B3B9000003E0A8A
S31580015CC400901D0097011D005D021D00FB011D0052
S30B80015CD43D011D00ED00FB
S30780015CDAFFFF43
S31580015CDC8202914080FF484FAE0761FF7D80DA03D7
S30F80015CEC89FF2908009082120090BA
S30780015CF6FFFF27
S31580015CF8910000E7D9EEE870D4E20248404D025996
S31580015D08D42F820A61FFE27E6E0709229C09DA0195
S31580015D18BC232D020000EE309140802F4C246F0F5A
S31580015D282C807B00F0BA42B868186849E86D8218F9
S31580015D38D4E2D42209201009DA187F0F05804C2174
S31580015D48161F6E0282086D00290002B440F402858E
S31580015D586D001C0054CF1606EE0F09FF6B081E1C3A
S31580015D68DA026CF7DA0189FF290809FF65089602C4
S31180015D7889FF25083C02821A02A20090D5
S30780015D84009006
S30780015D86FFFF96
S30780015D88009002
S30780015D8AFFFF92
S30980015D8C1D0012005D
S31380015D90025609450409094498091D00770247
S30780015D9EFFFF7E
S31580015DA0DAFA9100F0FA59FF54550D0080040090FB
S31580015DB0910000F799FFE870D4FFDA0089FF2B087C
S31580015DC009FF68089110F02A5924909A0D008004E1
S31580015DD09110F02A592F989A0D0080049110F02A7B
S31580015DE0DA80592FA8AA0D008004DA50592FA8AA63
S31580015DF00D00800482009140802F3B9001103C026F
S31580015E00C210092F5808AE1B7F100A8040244944CE
S31580015E10340A144FAE14144F6F2FF47F021F3FF0D4
S31580015E200680DA0289FF2B080090402F49FF340A49
S31580015E3014FF6F1F118014FFAE2E6D000506DA6404
S31580015E404B2F11826D00AA05022F6D00A705A2F2C4
S30B80015E503F82FDFF009078
S30780015E56FFFFC5
S31580015E5861FFFC7ED4CFD4FFDF24078009FF650864
S31580015E68B70F01F13C07DF14088009FF6508B70FF2
S31580015E7881F089FF250809FF69087E44DA0089FFD0
S31580015E882908DA016CF761FF617FD4CF49F2100ADC
S31580015E98542F6E0AD4FF89F42408D42F2D0F0000BD
S30D80015EA8D4CF61FF3B8000901D
S31580015EB0200861FFE57D6D00F3050000000000000C
S31580015EC061FF1A7F89A240090D00800410A254FF48
S31580015ED0429F61FF7D7E3C12F61A40A2094048012D
S31580015EE089A040090D0080043B800010142FC2F95F
S31580015EF06E0382488209C2F1B012DF09EFFF61FFAA
S31580015F003D80769754CF8F3F404140E46D00C80570
S31580015F1076953B9000401DFFA1FFDF480880DA049B
S31580015F206CF761FFBF7F6E113C06483FEE0E61FF45
S31580015F3061806E0BD4FFDA0989FF2408D42F2D0FD7
S30F80015F400000D4DF61FFEE7F0090C0
S30780015F4AFFFFD0
S31580015F4C200861FF977D6D00A5050000000000000B
S31580015F5C61FFCC7E89A240090D00800410A254FFFA
S31580015F6C429F61FF2F7E3C16F61A40A209404801DA
S31580015F7C89A040090D0080043B800010C855142F60
S31580015F8CC2F914503E0382488209C2F1B015E85514
S31580015F9CB012DF09EBFF61FFEB7F769754CF8F3F12
S31580015FAC404140E46D007605769482441DFF50FF96
S31580015FBCDF480B808240687061FF6E7F6E14D4FF60
S31580015FCC89F024083C0A483FEE0E61FF0D806E0B6A
S31580015FDCD4FFDA0489FF2408D42F2D0F0000D4DFD7
S30B80015FEC61FF9A7F00901F
S30780015FF2FFFF28
S31580015FF461FFC87D09FF68088FCF00809140804F7B
S315800160044C4D16016E0709229C09DA01BC232D0227
S315800160140000EE069140802F092F74082E468224B3
S315800160246DFF1AFFDA013C02DA00EE2E482F128444
S31580016034682409FFE60809F06808A20F89FFA60803
S3158001604461FF767D09FFE6086E031D001F00DA3EB7
S315800160549140802F6C2ED4C249240C0A544F6E0D64
S31580016064D422DA02892F2408D4422D020000D4C214
S31580016074D422DA00892F2408DA0061FF717FB70FF1
S30D8001608401F189FF2508009056
S3158001608C0248910000F761FFCF7D09FF65089604F0
S3158001609C89FF25086DFF80FE02846DFF73FE91409A
S315800160AC802F4C2D1606EE0409FF6B085E24822484
S30B800160BC1DFFCEFE0090DF
S307800160C2FFFF57
S315800160C4200861FFE17D488F09280409EE03092828
S315800160D40809483F7FF80580528068303C0402F8FD
S315800160E4DA006CF361FF967D6D00D8040000000030
S315800160F4000061FFFF7D89A240090D00800410A282
S3158001610454FF428F61FF627DDF0817006085B0F519
S31580016114F61A40A20940480189A040090D0080046D
S315800161243B800010C856042FC2F1346FC856B0168E
S31580016134E856FD50EF7F61FFB77D260F6E0754C089
S315800161448F30404140E46D00A9046E0482341DFF02
S3158001615483FE483FEE14DA0089FF29086CF7D4DF01
S3158001616449F20C0A542F6E0BD4FFDA0389FF2408F3
S31380016174D42F2D0F0000D4DF61FFD27E009064
S30780016182FFFF96
S31580016184820861FFFF7C914080DF49DD340A54DF58
S3158001619416016E0709229C09DA01BC232D0200002F
S315800161A4EE0354DF2E3382183C1AD4C2DA188210D5
S315800161B4D422092110097F1F05804C21161F6E02E6
S315800161C48200DA08AB0FA200481F420F6CF1484FD8
S315800161D4A20F6CF4C86201200026E862DF082180E0
S315800161E4484FEE1ADA0061FFBB7EB70F81F089FF53
S315800161F4250861FFAD7DD4CF49F20C0A542F6E0B6D
S31580016204D4FFDA0189FF2408D42F2D0F0000D4CFBF
S3158001621461FF867E00907B00F04A1D000500821492
S309800162241DFF1AFEBB
S3158001622861FF9A7DD4FC09CF6508960289CF250836
S315800162388218D4FF484F3B8001007FF00580481FB4
S31580016248161F6E0282086DFFA9FD7B00F04A40C4C5
S3158001625802856DFF9BFD914080FF48DF1606EE049F
S3138001626809CF6B085E1482141DFFF4FD0090B1
S30780016276FFFFA1
S31580016278DAF09100F0FA59FF54550D008004009028
S3158001628891000027B70410409922E8708200404F98
S31580016298DA5DD4251B445515601289502B08742F55
S315800162A80D0080049140806F82014966340A3B90D3
S315800162B801209140802F3C02C211092F5208AE4815
S315800162C87F210780146FAE1414636F23F77F146FD1
S315800162D8AE13146F2E228210022F7FF16A80DF009F
S315800162E86B80BA168240EA10C2F060021B045F0511
S315800162F8600480FF16036E1A14FF37F20820081F00
S3158001630837F20824082F37F20828083F37F2082C75
S31580016318084F37F30830085F37F30834086F37F3C7
S315800163280838087F37F3083C3C0309F2400989425B
S3158001633840090D00800449FF080AFD20DC7FBB0067
S31580016348A5FA424F60FF74F50D008004BB80A5FA5B
S31580016358424F60FFDA0074FF0D008004BB80AAFA01
S3158001636842F4604FDAA074FF0D008004DF160880BE
S31580016378604FDAA674FF0D0080043C06604FDAAAE6
S3158001638874FF0D0080048200914080FF3B900110CC
S315800163983C02C21009FF5808AE087F100780146FA7
S315800163A8AE14146F6F2FF77F021F3FF00680DA0154
S315800163B8895F2B080090146F6F1F1180146FAE2EA2
S315800163C86D003E03DA644B2F11826D00E302022FC2
S311800163D86D00E002A2F23F82FDFF009002
S315800163E4911000F7D9FFABFA01F200F614FF0070A1
S315800163F46D002E0361FFF6FF6E0414FFC2FF34FFA6
S3158001640414FFEE0B911000F7D9FF04C901F202F6CD
S30F8001641454FF2EF30D0000030090E3
S3078001641EFFFFF7
S315800164206D00180361FFE0FFEE0C91100027D92261
S3158001643004C9012202264DC0E2FF742F0D004003DC
S30D8001644014FFC21F34FF009016
S30F80016448370F6EF18FFF832100707C
S30780016452FFFFC3
S30D800164546100040054FF007091
S30F8001645C913000FFD9FF28A60070D9
S30780016466FFFFAF
S30F8001646854F0B7001000A60F007073
S30780016472FFFFA3
S3138001647461FFFAFF9130002F592F28A6007084
S30780016482FFFF93
S3158001648461FFE8FF2E168F2420F0960161FFF2FF4B
S3158001649486248F2440F161FFEDFF54FF6F0FFFFFC8
S307800164A40090DF
S307800164A6FFFF6F
S313800164A8913000FF19FF28A661FFCCFF0090FE
S307800164B6FFFF5F
S315800164B861FFCEFF2E168F2420F0960161FFD8FF4B
S315800164C886248F3440F161FFD3FF54FF6F0FFF7F1E
S307800164D80090AB
S307800164DAFFFF3B
S313800164DC61001E008F3440F1610036000070B1
S307800164EAFFFF2B
S313800164EC610028008F3440F161003400007099
S307800164FAFFFF1B
S315800164FC16078B5F20F353CF20F060FF9130003F5E
S30F8001650C30F3D93F0C9640F400707D
S30780016516FFFFFE
S31580016518913000FFD9FF28A654FF2E188F2400F04A
S315800165289130002F960161001B009130002F0624BF
S3078001653800706A
S3078001653AFFFFDA
S3158001653C544F2E168F2400F0960161001900062403
S3078001654C007056
S3078001654EFFFFC6
S30F8001655061000A00192F28A60070C9
S3078001655AFFFFBA
S30D8001655C61000E00544F00702E
S3158001656454F0370070088F000100A60F592F28A612
S3078001657400702E
S30780016576FFFF9E
S315800165785440370070088F000100A60F744F0070D1
S309800165881D00522FEA
S3138001658C61FFD8FF8F2440F161FFE4FF00908C
S3078001659AFFFF7A
S3138001659C61FFBEFF8F2440F161FFD6FF0090A4
S307800165AAFFFF6A
S315800165AC02484DC0E1FF61FFA5FF6DFFEBFF084F70
S311800165BC028440F496082CF41D00460071
S315800165C802486DFFE9FF913000FF39FF2CA6960836
S30F800165D8E9FF2CA602841D003D0098
S307800165E2FFFF32
S315800165E402484DC0E1FF61FF89FF6DFFCFFF084F70
S313800165F4028440F4B70F81F12CF41D002900BA
S30780016602FFFF11
S31580016604024F6DFFCBFF913000FF39F02CA6B70006
S311800166148101E9F02CA602F41D001E0095
S31180016620544F370F6EF18FFF83210090DD
S3158001662C913000FF19FF28A6370F6EF18FFF83215A
S3078001663C009045
S3078001663EFFFFD5
S30B8001664061FF56FF009088
S30780016646FFFFCD
S30B8001664861FF4AFF00908C
S3078001664EFFFFC5
S30B8001665061FF4EFF009080
S30780016656FFFFBD
S30B8001665861FF42FF009084
S3078001665EFFFFB5
S30D8001666061000400742F007033
S3138001666854F0370070088F000100A60F0070F5
S30780016676FFFF9D
S31580016678913000FFD9FF0C9654FF370F6EF18FFFCB
S3158001668883819130002F192F28A6370F6EF18FFF3E
S31580016698839154FF2E188F2800F0960161FFE2FF3F
S315800166A8592F0C968F280020D9220C968F2240F1DB
S315800166B854F0370070088F000100A6F0742054202A
S315800166C88200B7008110CDC120090D00C0040D00DC
S315800166D8C004B7008100CD0004090D00C0040D0077
S315800166E8C00491000000D900000091000080D9887B
S315800166F8000091000090D999000091000048D94482
S3158001670840808040CD40E20F0D00C00491000048D2
S31580016718D94400808040CD00E20F0D00C00491204D
S315800167280047D94400088040CD80E20F0D00C0049F
S3158001673854FF2E158F1240F161FF90FF8F3240F181
S3158001674861FF8CFF542F913000FFD9FF0C9640F4DE
S3158001675802846DFF29FF02946DFF34FF6DFF12FFDE
S3158001676802946DFF4DFF40F402846DFF39FF91104D
S30F8001677800F8D9FFB48BDC0F009006
S30780016782FFFF90
S3158001678491000010D91100003B00B8F0CD4FE00F05
S315800167940D00C004913000FF19F010167BD038F13A
S315800167A4260FEE1A8FB003F16E0C19F018160F0F1F
S315800167B4B0F18BFF01F1061F570062FF5E2D3C0A83
S315800167C4EF400980911088FF19FF000D370FE2F021
S315800167D46E03DA013C02DA00EE07911000F8D9FF64
S315800167E478F6DC0F0090911000F8D9FF8406DC0F4F
S307800167F400908C
S307800167F6FFFF1C
S311800167F8911000F8D9FF8026DC0F00907C
S31580016804911000A7D9AA00070D0080048200A00F69
S3158001681491200027D9220009020F80219120004767
S31580016824D94400088042A22106A17BF00020DF0121
S3158001683418006014B0F480218F411F003701701352
S315800168442620A610EE06CD80E30F0D00C0043C027F
S3158001685474F0C21F402F492200FAFD40EE7FCDC05D
S31580016864E30F0D00C0040D0080040D00C0049110D7
S30F8001687400F8D9FFB446DC0F00904E
S3078001687EFFFF93
S31580016880911000A7D9AA00070D0080048200A00FED
S3158001689091200027D9220009020F802191200047EB
S315800168A0D94400088042A22106A17BF00020DF01A5
S315800168B018006014B0F480218F411F0037017013D6
S315800168C02620A610EE06CD80E30F0D00C0043C0203
S315800168D074F0C21F402F492200FAFD40EE7FCDC0E1
S315800168E0E30F0D00C0040D0080040D00C00491105B
S30F800168F000F8D9FFBC36DC0F0090DA
S307800168FAFFFF17
S315800168FC9130004F194F0C96370F6EF18FFF8341F4
S3158001690C194F28A6370F6EF18FFF83F1D9440C9658
S3158001691C6DFF92FE02F46DFF93FE911000F8D9FF84
S30B8001692CB446DC0F009069
S30780016932FFFFDE
S31180016934911000F8D9FF8056DC0F00900E
S31180016940911000F8D9FF7896DC0F0090CA
S3158001694C8200910000F8D9FF80D2A0F23B10011091
S3078001695C007042
S3078001695EFFFFB2
S3158001696061FFF6FF8F7000F1044253FF21F0C6F2FA
S3158001697023100AF204F2C210370F68F08FFF8FF1ED
S31580016980C62F8F4F20203702682086CFA6F2245249
S30B80016990FD20EA7F009064
S30780016996FFFF7A
S30B8001699885F2100100905A
S3078001699EFFFF72
S315800169A0820A6D00EB23913000FF19FF30068FFFBD
S315800169B000B119F030068F401EF08F3F00C119F0EB
S315800169C018063700E784C21819F018063700639C49
S315800169D0C21919FF1C061607921D19FF10068F0F83
S315800169E01FF0161F19F018068F201EE06D00CE23AA
S315800169F0F6BA61FFDF793B6008603B000D706D0080
S31580016A004D003C194B0B6121DF1C0E80C2FE370EF7
S31580016A10680061FF89794B0D61114B1041004B0F65
S31580016A2051F03C037B802CF44B2F51F07BA0470423
S31580016A304BF051A04B0A7121910000F759F2F47085
S30780016A4000903D
S30780016A42FFFFCD
S30F80016A44910000F719F2F47000903A
S30780016A4EFFFFC1
S30B80016A504DC0E12F00900C
S30780016A56FFFFB9
S31580016A587C4961FFAB793BD008603B900C701D0087
S30F80016A6819003BD008501D008D0176
S30780016A72FFFF9D
S31580016A747C4961FF9D793BE008603B900C701D0069
S31580016A840B000D008004DA0057F0212F494240089B
S30780016A940090E9
S30780016A96FFFF79
S30780016A980090E5
S30780016A9AFFFF75
S31580016A9C2008404F024880F97CF961FF85793BE0FB
S31580016AAC07603B900C701DFFF3FF4DC0E1AF6D008D
S31580016ABC5923820434A40B44106802A56D00E601A7
S31580016ACCBBF0FF0F7F90048074F83C553B000301AB
S31580016ADC5F903E00BB0010F8BE97BB4010F8BE9B82
S31580016AECBB0004F95F9F3B00BBC020F95F9F3E0052
S31580016AFCBB00E2FFBE9EBB40E2FF5F9F2200BB80D4
S31580016B0CE2FFBE903C380D008004CD0810080D00C4
S31580016B1CC0043C310D008004CD4810080D00C00422
S31580016B2C3C2A0D008004CD88E20F0D00C0043C2365
S31580016B3C0D008004CD08E20F0D00C0043C1C0D0035
S31580016B4C8004CD48E20F0D00C0043C150D00800475
S31580016B5CCD0803010D00C0043C0E0D008004CD0848
S31580016B6C04090D00C0043C070D008004CDC8200922
S31580016B7C0D00C004DA0134AF820702260B7A104865
S30D80016B8C6D0084011D00F62253
S31580016B94404F024F7CF961FF0B793BA007603B9024
S31580016BA40C701DFF79FF6D00E322910000C73B0045
S31580016BB47142D9CCEC703BA0075040C46D00E4000F
S31580016BC48204024502466D00C70174FF82040245B0
S31580016BD482166D00C1010D008004DA0057F0212F61
S30D80016BE449C240081D00CC22C4
S31580016BEC404F02487CF961FFDF783BF007603B90B0
S31580016BFC0C701DFF4DFF6D00B92261FF31793BF0A1
S31580016C0C075040C46D00BC008204024502466D00EB
S31580016C1CB30180FFBBF0FF0F7FF0048074F83C3426
S31580016C2CBB0040093E0FBB00440EBE0ABB80440E1E
S31580016C3CBE0EBB00450E5F0F2200BB40E10F3E0925
S31580016C4C3C230D008004CD0840090D00C0043C1C7A
S31580016C5C0D008004CD48E10F0D00C0043C150D00DC
S31580016C6C8004CD08440E0D00C0043C0E0D0080043A
S31580016C7CCD88440E0D00C0043C070D008004CD0860
S31580016C8C450E0D00C0048204024582166D00740106
S31580016C9C0D008004DA0057F0212F49C240081D00EF
S30780016CAC6D22D0
S30780016CAEFFFF5F
S31580016CB0404F025F7CF961FF7D783BF008603B9035
S31580016CC00C701DFFEBFE0FF480806D00552261FF75
S31580016CD0CD783BF0085040C46D00580082040245CF
S31580016CE002466D004F0180F0BBF0FF1F7F010C80D3
S31580016CF05EF374F83C3C54F082F1C61F26F0A68000
S31580016D0074F03C3580FFBB0040093E0FBB00440E4A
S31580016D10BE0ABB80440EBE0EBB00450E5F0F22002D
S31580016D20BB40E10F3E093C230D008004CD0840099C
S31580016D300D00C0043C1C0D008004CD48E10F0D0000
S31580016D40C0043C150D008004CD08440E0D00C0041E
S31580016D503C0E0D008004CD88440E0D00C0043C0716
S31580016D600D008004CD08450E0D00C0048204024545
S31580016D7082166D0007010D008004DA0057F0212F7D
S30D80016D8049C240081D000022F2
S31580016D88201089A4040989A50809910000C7D9CCCE
S31580016D98F47054CF404FEE52DA0074AF6D00EA2199
S31580016DA89130002F192F30068FFF00A11920300648
S31580016DB88F401EF08F3F00B1192018063700E784EF
S31580016DC8C218192018063700639CC219192F1C0688
S31580016DD81607921C192010068F001FF0161F1920FE
S31580016DE818068F201ED06D00CD21F6AC61FFDE77A7
S31580016DF83BD008603B000D706DFF4CFEDA0074CF06
S31580016E083C1A4B0A6121DF1B0E80C2FD370D6800D3
S31580016E1861FF86774B0C61114B1041004B0F51F086
S31580016E283C037B802CF44B2F51F07BA047044BF01D
S31580016E3851F074AF54AF4B0F71F16E2809A0040954
S31580016E484BF011223B803E00E220C5F21001542FFF
S31580016E5802F13C02542F54F252137F030480DF025D
S31580016E68FBFF8212820349F2C008762452143F043A
S31580016E78F4FFA21F3F0F0B80762961FF97773BC0EE
S31180016E880C7009A608091DFF05FE00908C
S31580016E9453C520009130003F82022008600F09A863
S31580016EA4480830F3D93F0C9654F549F2080A8FE520
S31580016EB41F00B70012078FF08391029154206F70DF
S31580016EC414008F1900A08FF91F008F591F10C61047
S31580016ED48F491F10C6108F391FF0C6F08F1000F12D
S31580016EE4A6FAB70A1217542F2E89542F8F0F1FF023
S31580016EF482F0C60FB70F10F83C038F051FF054209C
S31580016F043700700876894206BBC0FF0FA206BBF024
S31580016F14FF0F0B069001020502938F0F01F00621E4
S31580016F24A61F8F1F40018F0501F076750624A64F93
S31580016F3496033C080629A69F768396033C0396020C
S31580016F44025274F054F074A074FF54FF74AF54AFBA
S30780016F54009024
S30780016F56FFFFB4
S31580016F582008913000FFD9FF1CA661FF7B75765703
S31580016F6874FF54FF74AF61FF5D783C0274FF54FF70
S30B80016F7874AF54AF0090D6
S30780016F7EFFFF8C
S31580016F802008913000FFD9FF34A661FF67757657D7
S31580016F9074FF54FF74AF61FF49783C0274FF54FF5C
S30B80016FA074AF54AF0090AE
S30780016FA6FFFF64
S31580016FA886153705688061FF89766D00ED2061FF5A
S31580016FB81D766DFF4FFDDA010F8F00F089FF0819E5
S31580016FC889FF141961FF327789FF041989FF10191E
S30F80016FD840C46DFF4DFD1D00DB2056
S30780016FE2FFFF28
S31580016FE4026886153705689061FF6A766D00CE2042
S31580016FF461FFFE756DFF30FDDA020F9F00F089FF98
S315800170040819DA030F9F00F082F0C60F89FF04196D
S3158001701482100F800000370068000F90000089F00D
S31580017024141989FF101940C46DFF24FD1D00B22077
S3158001703461FF1C7661FFA27610FF867001F000F66F
S31580017044DA036CF8DA006CF94C436CF64C446CF454
S315800170544C456CF54C466CF24C476CF34C426CF1E6
S315800170644C48370F62F36CFB4C4816036CF900905D
S31580017074025861FFD77649FF001A61FF35776D00A3
S31580017084852061FFB5756DFFE7FC4810484148626C
S315800170943B5055359B5355356863DA006CF16CF476
S315800170A40618DA020F8F00F06CF654FF960174FF0E
S315800170B4000000000000DA010F8F00F06CF6C63282
S315800170C468626810684140C46DFFD4FC1D0062206B
S315800170D461FFBC7661FF9E746D005A2061FF8875DD
S315800170E46DFFBAFCDA010F8F00F089FF341989FF2D
S315800170F43C1961FF9D7689FF301989FF381940C48F
S30D800171046DFFB8FC1D00482057
S3158001710C026961FF9F7661FF81746D003D2061FF8D
S3158001711C6B756DFF9DFC82200F80000089F0341900
S3158001712C82300F80000082FFC6F089F03019DA01B7
S3158001713C0F9F00F0370F68F00F8F00F089FF3C1915
S3138001714C89F0381940C46DFF91FC1D00212089
S3078001715AFFFFAE
S3158001715C61FF887561FFF0768FB120F010FF866034
S3158001716C01F000F6DA036CF7DA006CF84C4274FF26
S3158001717C4C436CF54C446CF34C456CF44C466CF1BD
S3158001718C4C476CF24C48370F62F36CFA4C48160339
S3098001719C6CF8009074
S315800171A002588FD83F0061FF37746D00F31F61FF6E
S315800171B021756DFF53FC09F0301909F1381948E240
S315800171C0820389F3301989F338193B5055359B531E
S315800171D0553568E38F7800F18F1F0040DA020F4F33
S315800171E000F06CFE48CF96016CFC000000000000A8
S315800171F0DA010F4F00F06CFEC63268E289F0301971
S3138001720089F1381940C46DFF37FC1D00C71F88
S3078001720EFFFFF9
S315800172108209200802986DFF1DFC762782343B8007
S3158001722006506D003D083C1161FF96761E143BF0B9
S3158001723000503C0861FFBA746F200300EE073BE003
S31580017240005082346D0024088218DF082B8091005B
S3158001725000C7D9CCF870910000D7D9DDFC7061FFE9
S315800172609D75C88F54FF7B000003260F7B000001AC
S315800172705F0FDB8061FF8A75B71F02F2D9FF330684
S31580017280964037F0080C3BC05DF0B70081473C0261
S31580017290C2FF14F03700E1036E03DF00FBFFEE044B
S315800172A082191D00C20061FF5D746DFFA1FC9130E2
S315800172B000FF820939FF1C06D4DF54C08F7F00810D
S315800172C0D4FF53C022F03B803EB010FF081F370F1A
S315800172D063A23C3FD4DF54C053C022F0D4FF10FFD9
S315800172E07FA80580C218482C3C03C2F8483C9130DF
S315800172F0004F19441C0637840340D9441C066DFF90
S3158001730077FC74AB913000FFD9FF140614F0370077
S31580017310E1023C0714FF370FE10254AFC2FF74AF9D
S3158001732054AF6E03DF00F87F54AFEE0382193C1130
S315800173306DFF38FB022D6DFF31FBE2BC022F4BDC6A
S3158001734011C276C76DFF2AFB0220A2F03FC0FCFF67
S315800173505F8A0400DF09C07FDF0967806DFF74FBE8
S31580017360022861FF2D74370F63B1913000EF39EF39
S315800173702C0661FF4974F801D9EE2C063C22D4DF34
S3158001738054C053C022F0D4FF10FF7FBA0580484C09
S31580017390C21A3C03C2FA485CD80154F437A40340AC
S315800173A040E46DFF25FC6DFFF9FAE2EC022F4B8C70
S315800173B011C276C76DFFF2FA0220A2F03FC0FCFF30
S315800173C05FABDFFF61FFFC73370FE3B2913000EFF4
S315800173D039EF2D0661FF1874F801D9EE2C063C228F
S315800173E0D4DF54C053C022F0D4FF10FF7FBA05808A
S315800173F0486CC21A3C03C2FA487CD80154F437A4BB
S31580017400034440E46DFFF4FB6DFFC8FAE2EC022F02
S315800174104B8C11C276C76DFFC1FA0220A2F03FC024
S30F80017420FCFF5FABDFFF02920090D4
S3078001742AFFFFDB
S3158001742C822861FF93751E1782443BF000506D00D4
S3158001743C29073C0961FFB4736F2005006E0382082E
S30D8001744C3C02821802820090C5
S315800174542008404F82086DFFFBFA762782043B8021
S3158001746406506D001B073C11A0027DF205803BA0EE
S3158001747400503C0891000027192FC0805E173B10ED
S31580017484015082046D0002078218DF08EA829100A6
S3158001749400C7D9CCFC70F4CF913000FFD9FF101608
S315800174A454FF6E069100002754FF592FC4809130F2
S315800174B4004F19442416B7148140D94424166DFF0C
S315800174C469FB9130004F194F2836D4CFD944181609
S315800174D4B70F03F448446DFF89FB9130004FD944BB
S315800174E4283602F46DFF82FBD4CFC83F14FF1607FA
S315800174F46F2F48009150024FD944342848146DFFA8
S3158001750475FB9150024F19400838D4CF3B80FEFF5A
S31580017514D944083826F0C83F484F16170FF0A040C3
S315800175246DFF64FB9150024F19403818D4CFBB00CC
S31580017534F0FFD94438189B0FF0FFC83F26F03BF083
S315800175440F10485F9BF10F10261F0FF0A0406DFFAF
S315800175544DFB9150024F19402818D4CFBBF0FCFF44
S31580017564D94428189BFFFCFFC83F26F03B00031033
S31580017574486F9B010310261F0FF0A0406DFF36FB59
S31580017584D4CFC83F14F08F7000F12E1D9130004F77
S31580017594194418663700E1F1D944186637F4814EE7
S315800175A46DFF24FBD4CF9130004FD9441C16485427
S315800175B46DFFF0FAD4CF9130004FD94430464864F8
S315800175C46DFFE8FAD4CF9130004FD9440C864874C4
S315800175D46DFF0CFB6DFFE4F974A254AF913000FF8B
S315800175E439FF3006370F64F2DF0F230291A001FFC2
S315800175F4821819F4C04FD4CF8200B7040140C82F32
S3158001760439FF1C805E14370481413C03B7148141E0
S3158001761491A0014FD944C04F6DFFBCFA91A001FFDF
S3158001762439FFC04F6F1F05823B5055F59100012FDD
S315800176349B5F05F0D92200C0742F9100014F61FF31
S31580017644DF71481F594F04C061FFDA71481F594FD2
S3158001765404C061FFD571482F594F08C061FFD071AD
S31580017664483F594F0CC061FFCB71484F594F10C0E9
S3158001767461FFC671485F594F14C061FFC171486F7C
S31580017684594F18C061FFBC71487F594F1CC061FFB7
S31580017694B771488F594F20C061FFB271489F594FC6
S315800176A424C061FFAD7148AF594F28C061FFA871ED
S315800176B448DF594F2CC061FFA37148DF594F2CC055
S315800176C461FF9E7148EF594F30C061FF997148FF40
S315800176D4594F34C061FF947148FF594F34C061FFDB
S315800176E48F7109FF0019594F38C061FF897109FFEC
S315800176F40419594F3CC061FF837109FF0419594F1D
S315800177043CC061FF7D7109FF0819594F00D061FFA3
S31580017714777148BF594F04D04C428F1F00014C42A8
S31580017724B70F01F06C424C42780140454955302AE5
S3158001773461FF667148CF745F4C42370F01F06C422A
S3158001774461FF5E7154FF742F580140424922004AF9
S31580017754DA55742FD4CFC82F19F0148037006810E6
S315800177648F3100F15E25370064F4894F04498FE136
S315800177743FF016035E2861FF4574370F64F6404F68
S3158001778489FF0C498FC13FF016035E2861FF3A7465
S31580017794370F64F8404F89FF144986A1DF210A8097
S315800177A461FF30748FCF1EF01610404F89FF1C493C
S315800177B461FF287416FF742F8200A084545F8F1092
S315800177C4001032510F1F00F016036E2C91E001FF59
S315800177D4D9FF00028F9020F010F249263C7A546F2B
S315800177E4B70F01F0746F53C020F0D4CFC82FC81FD0
S315800177F410FF54F1761609223879A6218921387920
S31580017804D4CFC82FC81F10FF481189213079D4CF0E
S31580017814C82FC81F10FF482F892F3479546F9601BA
S31580017824746FC210FD40CC7F8202A044BBF0FF3F3F
S315800178347BF0FF4F7B001050D4CF02203250C822F8
S31580017844B92F18800F0F10F06F0F3C00911001FFB4
S31580017854D9FF00088FB220F010F58F12000037008F
S3158001786468F0D02F4821263189513C09D4CFC822CA
S31580017874D02F482126418951380909513409265185
S31580017884D4CFC822D02F483FA6F1895134099A1002
S31580017894D4CFC82FD0FF4820263059503C80D4CF2E
S315800178A4C82FD0FF4820264059503880195034803B
S315800178B42650D4CFC82FD0FF483FA6F059503480E4
S315800178C4C212FD40BB7FDA00A0840B341008025338
S315800178D4D4CF02F43254C82FB9F21A800F42102041
S315800178E46F022300D0FF8FBF202091F0012FD92270
S315800178F400080122002609F21819260289221C1978
S31580017904D4CFC82FD0FF09F2181926128922181943
S3158001791409220C19D4CF2632C82FD0FF09F41C1999
S31580017924A64289220C19C21FFD40D47FD4CFC82F09
S3158001793409FF202991A0012F592FC09FD4CFC82F89
S3158001794409FF2429592FC49FD4CFC82F09FF282979
S31580017954592FC89FD4CFC82F09FF2C29592FCC9FC3
S31580017964D4CFC82F09FF3029592FD09FD4CFC82F00
S3158001797409FF3429592FD49FD4CFC82F09FF382919
S31580017984592FD89FD4CFC82F09FF3C29592FDC9F63
S31580017994D4CFC82F09FF0039592FE09FD4CFC82FE0
S315800179A409FF0439592FE49FD4CFC82F09FF083919
S315800179B4592FE08FD4CFC82F09FF1039592FE88F5B
S315800179C4D4CFC82F09FF1839592FF08FD4CFC82F98
S315800179D409FF2039592FF88FDA00D922E05FC504CF
S315800179E4210082F15420D4CFC82F90FF09F2305957
S315800179F4C612262074205420D4CFC82F90FF09F2B2
S31580017A042839A6206420C21FFD40EE7FDA0091A0AA
S31580017A14012FD922C05FA0645420D4CFC82F90FFF0
S31580017A2409F13879A6106420C21FFC478208DF0851
S31580017A3412809120004F19440005B7040140D944AE
S31580017A4400056DFFA7F8912000FF39FF0005160296
S31580017A54AA18F686910000F7DA0159FFC0800090D2
S31580017A640248203082096DFFF3F7762782243B8012
S31580017A7406506D0013043C1161FF6C721E143BF0B9
S31580017A8400503C0861FFD870488F3FF808803BB0AE
S31580017A94005082246D00FA038219DF09CB83910099
S31580017AA400F7D9FFF870F8063708680074F091304A
S31580017AB400FFD9FF3306F80B14F037006202DF00AA
S31580017AC41101913000CFD9CC1B0614CF61FF087008
S31580017AD414C2370262F31E1A14CF370F62F3EE060D
S31580017AE4C211C2104B01A0243C0361FF5F726B007B
S31580017AF4E0228BF21FB039FF1C0653C82280910005
S31580017B0400D73B803EE08F7F00A13C4099DFFC702B
S31580017B14D4FF01F800F67FBA0580C21A482C3C03CB
S31580017B24C2FA483C9130004F19441C0602A037041E
S31580017B340340D9441C066DFF59F889AE0C0991306E
S31580017B4400FFD9FF140614FF370FE1023C0714FF27
S31580017B54370FE1025803C2FF780358036E03DF002F
S31580017B64F87F5803EE0382193C116DFF19F7022D34
S31580017B746DFF12F7E2EC022F4BDC11C276C76DFF63
S31580017B840BF70220A2F03FC0FCFF5FAB0400DF09C4
S31580017B94BF7FDF09A7806DFF55F761FF5F707807A7
S31580017BA439FF2906370FE79014C0370062F31E1A8E
S31580017BB414C0370062F3EE0658078B190000C21F02
S31580017BC43C0661FF9D6F580761FFD27061FF547057
S31580017BD440FD61FF6170D9FF2C06F80561FFF871DC
S31580017BE43C23D80654F1D4EF53C122F0D4FF10FFBD
S31580017BF47FBA0580484CC21A3C03C2FA485CD80550
S31580017C0454F437A4034040D46DFFF0F76DFFC4F6F6
S31580017C14E2EC022F4B8C11C276C76DFFBDF60220B2
S31580017C24A2F03FC0FCFF5FABDEFF14CF370F62F3D8
S31580017C341E1B14CF370F62F3EE075807C219C21FF2
S31580017C444BF9A0043C0661FF5B6F580761FF7A70AC
S31580017C5461FFD47040FC39CF2D063B803EB040CDC8
S31580017C64910000E78F7F0091D9DD2C06D9CC2C06B3
S31580017C74D9EEFC703C22D80654F0D4EF53C022F0DE
S31580017C84D4FF10FF7FA90580486FC2193C03C2F94E
S31580017C94487F54D43794034440C46DFFA7F76DFFDE
S31580017CA47BF6E2BF022E4B8F11C276C76DFF74F647
S31580017CB4022FA2EF3FCFFCFF5F9ADFFF820961FFAC
S31580017CC4F970D80B3C02C2F014FF370FE1F3760248
S31580017CD4EEFB6E0382193C0561FF426F6DFF86F7E9
S31580017CE4DF09A882910000F7D9FFFC70F80A09A27E
S31580017CF49809542053C022F061FFDE6F54FF370F79
S31580017D0462FE74AF54AFDF0F8001913000FFD9FF5B
S31580017D141806F8093B40E08F54F4913000FFD9FFEF
S31580017D242806F8082684B704014854FF913000CF09
S31580017D34D9CC1806B70F88F040C4B70F01F86DFF88
S31580017D4455F79130004FD944280689A4940902F441
S31580017D546DFF4CF73B803EA089AA0809913000DF6C
S31580017D64D9DD140614D0913000EFD9EE240614E13E
S31580017D743701E1103C0814D014EF370FE110580293
S31580017D84C2FF78023700E10058026E05DF00F57FF5
S31580017D94DF01F37F14DF1602EA1914EF1602EA19DA
S31580017DA4DF095780D80661FFB770D80A61FFDC6F97
S31580017DB454FB3B00A04340C4370B62F09B04004450
S31580017DC437F4024F6DFF12F7370B62F0913000FFE3
S31580017DD4D9FF10065E1554F4B70482423C09EE05B8
S31580017DE454F4B73482423C0854F4B7348242B754CB
S31580017DF40548B71401419130004FD94410066DFFEF
S31580017E04F5F6370B62F06E243B0071F278039130FC
S31580017E1400FFD9FF110614FF8F1F00019130002F37
S31580017E24D9221006142F370FE1103C0A14FF8F1F35
S31580017E340001142F370FE1105803C2FF780358034A
S31580017E446E05DF00F57FDF01F37F5803EA19DF0949
S31580017E54DC80D80954F0D80654F1D80A53C122F0EB
S31580017E6461FF826F09F1C00814FF3701E712370FEA
S31580017E7463F13710870437F0030C081FB710010824
S31580017E842608370FE1032E7B370801819130004F95
S31580017E94D944200609F4C2086DFFA8F69130004F33
S31580017EA419441C06D80661FF3770D80A61FF5C6FD6
S31580017EB409FFE808D9441C0637F403406DFF96F69A
S31580017EC440C402846DFF92F6D80854F09130004F75
S31580017ED419442C06D80661FF1F70D80A61FF446FC6
S31580017EE4086F40F21601D9442C0637F00100092F98
S31580017EF44404167F37F0870409FFC408370FE3F378
S31580017F0437F0030C09FFE808B7100108B700888029
S31580017F148FCF1F0037040340068F37F403446DFF68
S31580017F2465F609A4940902846DFF60F66DFF34F544
S31580017F34022F6DFF35F53BF0490206704B2011C2C5
S31580017F4476C76DFF29F50220A2F03FC0FCFF89AAFE
S31580017F540C0914DF370FE10014EF370FE1103C0AE7
S31580017F6414DF370FE10014EF370FE1105803C2FF16
S31580017F74780358036E05DF00F5FFDF01F3FF14DF95
S31580017F841602AA1914EF1602AA19DF092D8089AAE5
S31580017F94100914DF370FE10214EF370FE11214EFE2
S31580017FA4370F61223C0D14DF370FE10214EF370FCF
S31580017FB4E11214EF370F61225804C2FF7804580482
S31580017FC46E07DF00F27FDF01F07FDF02EE7F14DFD1
S31580017FD41620EA1914E014EF370F61F26F5003008B
S31580017FE4EE028219DF091180D80954F4B7140149C4
S31580017FF440C46DFFFBF5D80854F4B714014909A4AC
S3158001800494096DFFF3F5DF091581912000CF19CF0E
S315800180143C157801D9CC3C157B00004B40C46DFFDF
S31580018024B9F59120002F19200025D806B7108107AC
S3158001803461FF726FD80A61FF976E09FF6A0837F08C
S3158001804404005920002509A4040940C46DFFA2F542
S31580018054D8069130004FD944002661FF5D6FD80A56
S3158001806461FF2A6E48446DFFC1F5D8069130004FF1
S31580018074D944042661FF506FD80A61FF1D6E4854A6
S315800180846DFFB4F5D8069130004FD944082661FFB7
S31580018094436FD80A61FF106E48646DFFA7F5D80651
S315800180A49130004FD9440C2661FF366FD80A61FF9F
S315800180B4036E48746DFF9AF53BC05D80913000FF75
S315800180C4028FD9FF3406C2FF54F06E053700680C5F
S315800180D46F70FBFF913000CFD9CC370614CF2E7346
S315800180E482193C0D54F43BF0F8009130004F9BF01B
S315800180F4F000D944340626046DFF78F5028F913059
S3158001810400DFD9DD0016C2FF54D06E053700680C36
S315800181146F70FBFF913000EFD9EE031614EF2E73C7
S3158001812482193C0D54D43BF0F0F09130004F9B0FF3
S3158001813470F0D944001626F46DFF58F5028FC2FFFC
S3158001814454F06E053700680C6F70FBFF14CF2E73E5
S3158001815482193C0ED8069130004FD944340661FF0A
S31580018164DB6ED80A61FFA86D48146DFF3FF5028F57
S31580018174C2FF54D06E053700680C6F70FBFF14EF95
S315800181842E7382193C0ED8069130004FD9440016BD
S3158001819461FFC26ED80A61FF8F6D48246DFF26F593
S315800181A4DF0948809130002F192F3006D806B70F82
S315800181B41C0061FFB16ED80A61FF7E6D54FFD80B36
S315800181C4B70F04FED9220F160FF0A0A0B71A01AF7C
S315800181D43C02C2F814FF370FE113142F370FE1F372
S315800181E47684DF01F8FFEEF6F6126E0382193C13EC
S315800181F4D8069130004FD9440C1661FF8D6ED80A8A
S3158001820461FF5A6D48346DFFF1F461FFA96C02A4D4
S315800182146DFFECF4F69ED8069130004FD9443C06A6
S3158001822461FF7A6ED80A61FF9F6D48946DFFDEF413
S30980018234029200909B
S31580018238910000F719F0C080DA00DF100800827417
S315800182483BF000506D002000DA01EE1C9130004FA2
S3158001825819442016B7148140D94420166DFF98F425
S315800182686DFF98F3022F6DFFEBF3BB00180D9B0092
S315800182788F004B20118276866DFF8CF3A2F23F82A6
S30980018288FDFF0090DF
S3138001828C0B4510683B50064082051DFF93CCC2
S3078001829AFFFF5D
S3158001829C02463B50064082053B8006701DFF8ACC08
S315800182ACDA016D001324DF220400DF320380DA0247
S309800182BC02F20090B3
S315800182C0DA00910000F7D9FFAF5014F0F603DA0116
S315800182D034FFEE0F8210910000273B600140E920B8
S315800182E0AE5082053BF00F603B0001706DFF68CC9C
S315800182F06E076D0089446DFFC7ECDA0034FF00908C
S315800183008200910000F83B000012911000273B008B
S315800183108020911000479110005791100067D9FF76
S31580018320F8A2D922CB0AD94416C9D955E70AD96602
S31580018330AFFAC5071B0009F3320914260F1380F023
S315800183408B0F20520F2380F08B0F20F28FF609615D
S31580018350EE037643F6528206EE0276456F430400BB
S315800183608F864061A44024502460242649FF380A20
S31580018370FD70E37F910000F7A002B5F214A0009092
S315800183808202DA1C7FF40A80910000F799FF14A01B
S30F80018390A0027DF20300DC0F0090CD
S3078001839AFFFF5C
S30F8001839C910000F7B5F414A00090DB
S307800183A6FFFF50
S307800183A80090BC
S307800183AAFFFF4C
S307800183AC0090B8
S307800183AEFFFF48
S30F800183B0DA00745FDA04744F00905E
S307800183BAFFFF3C
S309800183BC8202009022
S309800183C0820200901E
S307800183C40090A0
S307800183C6FFFF30
S309800183C88202009016
S307800183CC009098
S307800183CEFFFF28
S30F800183D0DA01744FDA00745F009041
S307800183DAFFFF1C
S315800183DC764E911000F7DA00E9FFC51A911000F775
S313800183ECE9FFC41A911000F7F9FF0ED900902F
S307800183FAFFFFFC
S315800183FC911000F7D9FFC61ADA00C5021B0024FFBB
S3098001840CFC2F00902A
S3158001841002508208BA06861F3FF005808BC0A1F202
S31580018420EA18F6863BA0005002066D009100028292
S30780018430009033
S30780018432FFFFC3
S3158001843402508BF640F2EE063BC00F5002066D00E9
S30B80018444850002F20090A2
S3078001844AFFFFAB
S3158001844C0250DA00766BDF660A00DF260800DF56FB
S3158001845C0600DF460400DF360380DA01EE063BD0E8
S3118001846C0F5002066D006E0002F20090B7
S315800184780B4510886D002E09022FEE073B400150EF
S31180018488028402966D00600002F20090F2
S31580018494D4420250A00F012F10F4EE0502650206A4
S30D800184A46D00540002F2009004
S315800184AC0256A00FDA007D4F07803BD000506D003D
S30F800184BC49003C02DA0102F2009049
S307800184C6FFFF2F
S315800184C802508B0661F2EE063BB00F5002066D0034
S30B800184D83B0002F2009058
S307800184DEFFFF17
S315800184E03BA00F50911000F78206DA01E9FFC31A0B
S309800184F01D002E00B6
S315800184F40B451088026F2E173BA0015002966D0022
S3158001850425003C072E063B00025002946D001000A4
S315800185142E263B00085002946D000A002E373B50EC
S311800185240150028402961D001100009097
S31580018530911000F7D9FFC61A01F40026142FA65F01
S30F80018540342F14FFA65F34FF00906C
S3078001854AFFFFAA
S3158001854C911000F7E9F4C51A911000F7E9F5C41AF0
S30F8001855C911000F7F9F60ED9009090
S30780018566FFFF8E
S309800185688212009064
S3098001856C8202009070
S315800185706DFF46FF6DFF1AFF6D00080D6D00360514
S315800185806DFFF4FF76246D0099083C036D00AC08FD
S3158001859082146DFFB7FE6D000F0282146D00680FA5
S30F800185A082146DFF1DFF1DFF0FFF02
S307800185AAFFFF4A
S309800185AC8202009030
S309800185B0A00200900E
S30F800185B491100027D92210D90090FA
S307800185BEFFFF36
S309800185C0820200901C
S30F800185C4538223F061000C00007061
S307800185CEFFFF26
S313800185D061000E00C84F7DF20300D4F20070E8
S307800185DEFFFF16
S30F800185E06100060009FF32090070F0
S307800185EAFFFF0A
S311800185EC910000F8D9FFF8A210FF007082
S315800185F88258404F8229405CA00D49F43C0A2D0CD3
S3158001860800007D2D0A0049F43C0A49F6180A40F50E
S315800186182D0200003C0374F968F848FF1E5454FF84
S30B80018628DF1FEDFF00904B
S3078001862EFFFFC5
S31580018630DA0020408210780F74A02CA478052CA82B
S31580018640404C780489A51C0814C089A01D0809C05E
S31580018650C40889A09E0809C0C20889A0A008CCC206
S315800186608B050012F80B89A123083BC0011089AF45
S3158001867024087F100A80538023F091000028D92294
S31580018680F8A2102F48BF5E23DA0B7E4382053C0891
S31580018690911000F7D9FFAFFA01F000F614F589A51C
S315800186A02208021FA00209A0E0087FF006805380FD
S315800186B023F061FF8FFFD80B8201DA1C012F0004A2
S315800186C089A02508021009A2E0087FF2068061FFD1
S315800186D07BFF2EF28210DF0023800210DA1C7FF2EC
S315800186E0068061FF71FF2EE28210DF001980021081
S315800186F0DA1C7FF2078061FF67FFEF0F03008210AC
S31580018700F60E0210DA1C7FF2068061FF5DFF16808D
S31580018710AA10020F6E0509AF65086E02821189A142
S315800187202608DA0089AF270889AF280849A43C0AB8
S3158001873040A549A6180A6D000D0040A46D00EC0005
S3138001874009AF63086E0440C41D001A0C009038
S3078001874EFFFFA4
S315800187500246406F74F6DA0028A5744F3BE000406C
S31580018760405C09F5C8086DFF67FEDF021500DA0176
S3158001877074CF08CFEE12DA1C09F0C80808547FF0CE
S315800187800D80538023F061FF33FFC87FA0027DF205
S30F800187900500DC0FDA0274CF0090B9
S3078001879AFFFF58
S3158001879C82002040821189A03C0974A189A0040819
S315800187AC89A0140989A00808DA0C89A01009780611
S315800187BCDA0289AF1C08DA1089A01D08ACAF89A42E
S315800187CCA00889A02208DA1C89A0230889A024087C
S315800187DC89A125087FF40880538423F061FFFCFE70
S315800187EC1680AA10DA0089A0260889AF270889AFD6
S315800187FC2808DA1CA0027FF40680538423F061FFDB
S3118001880CE3FE89A2AC0940A41D00800097
S31580018818404C405D406E82046D00C60354DFEE31E4
S31580018828DA0574CF54E4DA093E44DA0B5F4F2F80B8
S315800188383BC0011009E0C808DA007F100A8053801E
S3158001884823F091000028D922F8A2102F48BFDE2EE6
S315800188588201DA1C7FF00A80538023F0910000F8A8
S31580018868D9FFF8A210FF08B10CEAC2F17F1F0F00E9
S31580018878C21F370F685040C440D540E61DFF66FFCA
S311800188881E15DA0274DFDA0574CF009049
S31580018894544F6E041E2A1E393C0D91200028D9227C
S315800188A49808DA02744F009091200028D9229808FA
S30B800188B40090A002009075
S307800188BAFFFF37
S315800188BC404F405C82046D00750354CF6E041E15C7
S30F800188CCDA0274CFDA0574FF00901A
S307800188D6FFFF1B
S315800188D8544F6E041E2A1E393C0D91200028D92238
S315800188E8BC28DA02744F009091200028D922BC282E
S30B800188F80090A002009031
S307800188FEFFFFF3
S30F8001890091000047D94418A00070C9
S3078001890AFFFFE6
S30D8001890C61FFFAFF1D00840CD6
S31580018914910000F7D9FFC880404661FFF1FF3B0013
S31580018924044040F56D00860C02288F6820F010FF04
S3158001893449FF180A6DFF3EFE01280126E87282006E
S3158001894408FF6E0F09F1C808DA1C7FF10B80538189
S3158001895423F091000028D922F8A210220920C80800
S3158001896489F0A00808EF6E0A6DFF22FE402C6DFF88
S3158001897427FEE28201C200263C02C852E8620090C8
S315800189840248A00C910000F7D9FF18A040F46D00AD
S315800189946B0C7F280D8009FFC00809F0C408428F3B
S315800189A4C8224B0F01028F6120F0102C40C2009027
S30D800189B461FFA6FF1D00600CA6
S30D800189BC61FFA2FF1D00620CA0
S30D800189C461FF9EFF1D00660C98
S30F800189CCDA1C09D0C8088201007088
S307800189D6FFFF1A
S30F800189D8538023F061000A0000704D
S307800189E2FFFF0E
S30F800189E461000C00092F32090070B2
S307800189EEFFFF02
S311800189F0910000F8D9FFF8A210FF00707A
S311800189FC91000028D922F8A210220070F8
S31580018A0861FFF4FFC81FA0027DF2040009F0C008C7
S30780018A18007065
S30780018A1AFFFFD5
S30F80018A1C61FFE4FF2ED28210007084
S30780018A26FFFFC9
S30F80018A2861FFD8FF09FF32090070D3
S30780018A32FFFFBD
S30F80018A34538023F061FFD6FF007026
S30780018A3EFFFFB1
S30F80018A40538123F061FFD0FF00701F
S30780018A4AFFFFA5
S31180018A4C61FFD8FF09228409A004007094
S31580018A588200405FDA1C74F0404C406D09D1C80829
S30780018A68007015
S30780018A6AFFFF85
S31580018A6C91000028D922F8A2102F09FF3209007033
S31580018A7C61FFEEFF7FF1068061FFDEFF2EE2821041
S31580018A8CDF001B0082246D008D02DA1674CF54FF31
S31580018A9CEE1509D4C80809D4980909D59C0949F653
S31580018AAC100A6DFF87FCF628084F96102CF4DA0312
S31180018ABC74FFDA193C02DA1774CF0090BF
S31580018AC8404F405C406D82246D006E02DA1374FF5C
S31580018AD854CFEE0C09D4C80849C4100A6DFF6EFC40
S31580018AE87626DA0574FFDA0674CF0090DA0274FF07
S30780018AF8009065
S30780018AFAFFFFF5
S31580018AFC61FFAEFF7FF1068061FF9EFF2EF2821031
S31580018B0C760482146D004E0254FFEE2961FF5AFFE2
S31580018B1C7FF0068061FF8AFF2ED28211DF011E0053
S31580018B2C0CDF6E1BDA1574CFDA012CF861FF4AFF64
S31580018B3C7FF00A80538023F061FF84FF7D2404003B
S31580018B4C0921C008A851DA006CF409D2980909DF09
S31580018B5CE0081022E8320090DA183C041E325E23BB
S30B80018B6CDA1974CF0090B6
S30780018B72FFFF7C
S31580018B74404C405F406D09D8C80882046D001602D6
S31580018B8454FFEE3D8200DA1C7FF80680538823F079
S31580018B9461FF44FF76030CDF6E1A61FF17FF7FF0D6
S31580018BA4068061FF47FF2EE28211761FDA1674CFA3
S31580018BB409D29C09092FC008B42FDA012CF809D2ED
S31580018BC49C09092FC0083C14DA173C21DA1574CFA5
S31580018BD4DA012CF88200DA1C7FF80A80538823F0A4
S31580018BE461FF34FF7D2404000920C008020FACF51F
S31580018BF4DA006CF409D29809E83200901E375E4394
S31580018C04DA053C051E15DA0274FFDA1974CF009071
S30F80018C14DA00745FDA01744F0090F4
S30780018C1EFFFFCF
S31580018C20DA1D5440910000F8D9FF4C633F0F3D0097
S31580018C30DA003FF03A005AF090FFD4FFDC0F912022
S31580018C400028D922E4A8DA11744F009091200028D7
S31580018C50D922EC28009091200028D92288B800904A
S31580018C6091200028D922B4D8009091200028D922B9
S31580018C70F448009091200028D922BC980090912038
S31580018C800028D922D408009091200028D922BCB886
S31580018C90009091200028D922D08800909120002828
S30F80018CA0D922C8C80090A0020090F6
S30780018CAAFFFF43
S31580018CAC8200405D74D0406EDA1C09E4C808404CE1
S31580018CBC7FF40880538423F061FFD4FE1680AA10BA
S31580018CCCDF001200DA1CA0047FF40780538423F0A2
S31580018CDC61FF8AFEC8A449E5100A09E698096DFF69
S31580018CEC41FC74D254DFEE1ADA1374CFDA012CD824
S31580018CFCDA1C09E0C80882017FF00A8061FF68FEF0
S31580018D0CC81FA0027DF2040009F1C00889D18A0826
S31580018D1CDA006CD4CCE6ECD300905E25DA0274CF03
S30B80018D2CDA0074DF0090FD
S30780018D32FFFFBA
S31580018D34406EDA1C09E8C8088200405D74D0404C54
S31580018D447FF80880538823F061FF90FE2ED282102B
S31580018D54760682246D002A01DA1574CF54DFEE2457
S31580018D644CD46CD50CEF6E218200DA1C7FF8068018
S31580018D74538823F061FF48FECCE7028449D6100A62
S31580018D84B4F0CCE609EFE00809E59C0910F46DFF1F
S31580018D9415FB7623DA183C38DA1974CF0CD496107D
S31580018DA42CD4DA0374DF0090DA1C09E0C808820146
S31580018DB47FF0068061FF38FE2EE28211DF012400F6
S31580018DC4DA1674CF8200CCE709FFC008B4FFDA1C37
S31580018DD489D008087FF80680538823F061FF14FE42
S31580018DE4CCE709FFC008A20FACD58200DA1C7FF854
S31580018DF40680538823F061FF07FE020FCCE610FF3D
S30F80018E04ECD30090DA1774CF0090CA
S30780018E0EFFFFDD
S31580018E108201405D406F09F0E00874D1DA1C404C54
S31580018E2009F4C8087FF40880538423F061FFDCFDD0
S31580018E301680AA11DF01160008DF6E13DA1CA00462
S31580018E407FF40880538423F061FFDAFD0924A409A5
S31580018E50C86249F5100A012000666DFF89FB3C0A4C
S31580018E6008EF6E09C86282064855012000466DFFEB
S31580018E709FFB74D254DFEE13DA1C09F4C808820012
S31580018E807FF40680538423F061FFCAFD760908DFEB
S31580018E906E0749D4140A6DFF9BFA3C025E23DA05FC
S30980018EA074CF009074
S31580018EA40960C808911000F7D9FFCB0A01F000F6D2
S31580018EB414FF16018B0F20120C6D6E20DF011F002B
S31580018EC48201DA1C7FF0068061FFAEFD2ED282110B
S31580018ED4DF011200DA12744F820074500961C808E6
S31580018EE4DA1C7FF10680538123F061FF8DFDCC6707
S31580018EF4B4F00090DA05744F3C04DA02744FDA0058
S30980018F04745F00907F
S31580018F08DA1C0960C80882017FF00C8061FF62FD66
S31580018F18C857A0027D720580C88F7DF20300821131
S31580018F28DF011100DA003BC001107F10058061FF67
S31580018F3851FD48BF1E273BA0004009654A081DFF11
S30D80018F4805FCDA05744F009067
S30F80018F50DA00745FDA05744F0090B1
S30780018F5AFFFF90
S30F80018F5CDA00745FDA05744F0090A5
S30780018F66FFFF84
S31580018F68544F6E083B7002003E053B8002003E0965
S31580018F783C0F91200028D922DCD8DA27744F00903B
S31580018F8891200028D922D0D8020F744F0090A002D0
S30780018F980090C0
S30780018F9AFFFF50
S31580018F9C910000F7D9FFC89001F402F6D4F2007063
S31580018FAC0248404C405D406EDA0174DF40E46D004E
S31580018FBC2100DF021400910000F8D9FF448301F8E7
S31580018FCC02F640C4D4FF40D540E62D0F000054DF95
S31180018FDC1E15028440E41D001B0000905D
S31580018FE8910000F7D9FFC890A002A024E4F2FC4FB3
S30780018FF8009060
S30780018FFAFFFFF0
S31580018FFC61FFD0FFA0057D250480F4F43C037D241C
S30F8001900C0480821200908202009017
S30780019016FFFFD3
S3138001901861FFC2FF7D240480A002F4F2009065
S30780019026FFFFC3
S31580019028DA1C0960C80882017FF00C80610018008B
S3158001903861001200C81FA0027DF2040009F1C00870
S3078001904800702F
S3078001904AFFFF9F
S3158001904C910000F86100060009FF32091680007054
S30D8001905CD9FFF8A210FF007094
S30F80019064538023F0910000F800709C
S3078001906EFFFF7B
S31580019070DA1C0960C8088204405C7FF00C8061FFBD
S31580019080F3FF61FFEDFFC81FA0027DF2040009F422
S31580019090C0088201DA1C7FF0078061FFE5FF61FF6E
S315800190A0DFFF08B1DA1CA0027FF0078061FFDCFFD9
S315800190B061FFD6FFC8523BC001200960C808DA00AB
S315800190C07F20078061FFD0FF61FFCAFF48BF5E2511
S315800190D00C6AA21FE24F10228201022F7FF00780C5
S315800190E0538023F061FFB4FFAA1176170C6D6E05CC
S315800190F009659809DA203C04DA2109659409744FD7
S3118001910040246D003B3FDA0074CF0090E4
S3158001910C404C405F406DDA0074FF82246DFF4AFF4C
S3158001911CDA2274CF54FFEE0D484F6CF50CDD6E07D9
S3158001912C09D4C80849F4100A6DFF4CF9DA2374CFB7
S3078001913C00901A
S3078001913EFFFFAA
S31580019140DA1C0964C808405D404CA0047FF409809C
S31580019150538423F0910000F861FF82FFC89449652A
S31580019160100A096698096DFF03FA74D2F623DA218B
S311800191703C04DF220480DA0574CF0090F5
S3158001917C5440760EDA1E3E0CDA1FBE01DA20BE048E
S3158001918CDA21BE07DA22BE0ADA23BE0D3C219120F2
S3158001919C0028D9223C99DA1E744F00909120002820
S315800191ACD9223019009091200028D922005900909B
S315800191BC91200028D9222079009091200028D9224B
S315800191CC0C49009091200028D92230A90090A00248
S307800191DC00907A
S307800191DEFFFF0A
S315800191E08200405D74D0DA1C404C0961C8087FF169
S315800191F00D80538123F091000028D922F8A21022F4
S31580019200092F32092ED28210DF002000DA2274CF94
S31580019210DA012CD861FF0AFF89D18A08820089D0B8
S3158001922010090961C808DA1C7FF10780538123F090
S3158001923061FF0EFFAA1076060C6D6E04CC66ECD328
S315800192403C06CC65ECD33C03DA2374CF0C6CEE166A
S31580019250DA1C0960C80882027FF00C8061FF04FF76
S3158001926061FFFEFEC88FA0027DF204002D0F000073
S311800192707625DA0574CFDA0274DF0090EF
S3158001927C61FFD6FECC67DA1CB4F1A00F0960C80871
S3158001928C7FF0078061FFEAFE61FFE4FEC85FA00202
S3158001929C01F200F4861F8BFF01F0744FDA00745FC4
S307800192AC0090A9
S307800192AEFFFF39
S315800192B0DA00745F0C653BB00F007E068224096577
S311800192C04A081DFF47FADA05744F00903A
S30F800192CCDA05744FDA00745F009032
S307800192D6FFFF11
S315800192D8544FEE0891200028D9220CB9DA26744F0A
S30B800192E80090A002009037
S307800192EEFFFFF9
S315800192F08201DA1C7FF00A80538023F06100180016
S30F800193007DF2040009F1C008007037
S3078001930AFFFFDC
S3158001930C91000028D922F8A21022092F3209007067
S3138001931C6100140009FF32092ED28210007002
S3078001932AFFFFBC
S30F8001932C61000C00C81FA00200704A
S30780019336FFFFB0
S30F80019338538423F0610004000070E5
S30780019342FFFFA4
S31180019344910000F8D9FFF8A210FF00701C
S31580019350CC67820009FFC008B4FFDA087450744FE5
S31580019360DA1C0961C8087FF10680538123F061FF09
S31580019370D7FFDF0026000C6FEE232C580960C80842
S315800193803BC001107F10108053802300910000F8AC
S31580019390D9FFF8A201F000F6C81FA0027DF20400F1
S315800193A009FFC008CC6610FFEC530960C80861FF4D
S315800193B0A1FFCC6709FFC008A21FAC550090DA0156
S315800193C02C58DA006C54CC66EC53CC6709FFC00884
S309800193D0AC55009081
S315800193D48200405D74D0406FDA1C09F1C808404CA4
S315800193E47FF10880538123F061FF90FF2EE2821082
S315800193F4DF00130082246DFFD9FDDA0874CF54DFB0
S31580019404EE0DDA0274CF49D6100AC864C87509F418
S31180019414C8081DFFCBF7DA0274CF009068
S315800194208200405C74C0DA1C404F0961C8087FF134
S315800194300880538123F061FF6BFF2EF28210760440
S3158001944082146DFFB5FD54CFEE03DA093C035E232A
S30B80019450DA0574FF0090AD
S30780019456FFFF8F
S31580019458404F405D406C82046DFFA6FD54DFEE12DD
S31580019468DA0574FFDA1C09C4C80882007FF406800D
S31580019478538423F061FF50FF760A49D4140A1DFFED
S31380019488A3F71E15DA0274DFDA0574FF009071
S30780019496FFFF4F
S31580019498DA105440910000F8D9FF50833F0F290014
S315800194A8DA003FF026005AF090FFD4FFDC0F9120B6
S315800194B80028D9227C39DA06744F00909120002839
S315800194C8D9226869009091200028D92260090090E4
S315800194D891200028D92210D9009091200028D922DC
S315800194E814F9009091200028D92258190090A002D9
S307800194F800905B
S307800194FAFFFFEB
S315800194FC8200405D406E09E2980909EFE00874D05C
S3158001950C102FDA1C09E1C8082008F4AF404C7FF112
S3158001951C0A80538123F061FF05FF7DF2040009F077
S3158001952CC008CCE7B4F00CEE6E25DA1C09E4C80849
S3158001953C82007FF4088061FFFBFE09FF32091680E9
S3158001954CAA10DF0011000CED6E0EDA1CA0047FF45C
S3158001955C058061FFEDFEC8A449E5100AD4A66DFF0E
S3158001956C01F83C0709E514098216D4A46DFF1AF893
S3158001957C74D254DFEE10DA0774CFDA012CD809E0F5
S3158001958CC80861FFB1FE89D18A08DA006CD4D4AFE0
S3118001959CECD300905E23DA0574CF0090BA
S315800195A88200405F74F0406DDA1C09D1C808404CCE
S315800195B87FF10880538123F061FFA6FE2ED28210A7
S315800195C8DF00300082246DFFEFFCDA0774CF54FF89
S315800195D8EE2A09D4C80891100027D922CB0A01247A
S315800195E800268210142F820216108B0F2012DA1C85
S315800195F87FF40880538423F061FF86FE2EC202021F
S315800196087628F61749F4100A6DFFD8F68B02000200
S315800196187604484F6CF53C05DA0674FFDA053C0298
S30B80019628DA0174CF009007
S3078001962EFFFFB5
S30F80019630911000F7D9FF12D90070DE
S3078001963AFFFFA9
S30F8001963C911000F719FF12D9007092
S30780019646FFFF9D
S31580019648DA00911000F7D9FFE21A14F0F603DA016D
S3158001965834FFEE053BE000406DFF40F76E1D91102B
S3158001966800C7D9CC12D954CF6E061E151E241E33B7
S31580019678DA0074CF3BE0004082056DFFFBF6762A5F
S3158001968840C46D003B0076266D00B40040C46D0071
S30D800196989B01DA0034FF00900A
S315800196A08B1461F2910000F8AB04814FD9FF54937A
S30D800196B001F402F654F2009068
S315800196B861FFBCFFDA0174FFDA022CF4DA002CF5BB
S307800196C8009089
S307800196CAFFFF19
S30F800196CC61FFB8FF8B1F002200909A
S307800196D6FFFF0D
S30F800196D861FFB2FF8B0F2022009084
S307800196E2FFFF01
S315800196E461FFA6FFDA0074FF822028402CF50090E2
S30F800196F461FF9EFF2854284500906F
S307800196FEFFFFE5
S315800197002008404F6DFF60F9DF026780A002F4A256
S3158001971040A46D008306D4AC022BA0027DC2470013
S31580019720822074F08208084F7FBF0380EA1882097D
S31580019730F6B2AA19820A6DFF43F9F626F684F693E4
S3158001974054FF5E32821ADF0A4880085FEE0414CF26
S315800197502CF5284BF6B540C46D0030043C103BF027
S31580019760008009C5C2083BE0004009C6C4086DFFF8
S31580019770ADF6762609C4C4086DFF94FF0228DA0E79
S315800197803E8E7689DA0F3E87028440C402B56DFF2C
S3158001979051F73C05DA002CF5DA022CF4F6B3DF0832
S315800197A01C8002B46D0012063C176DFF09F9DF02B9
S315800197B01400DA002CF5DA022CF449A4040A6DFFB0
S315800197C005F67628DA0374FF09A4C4086DFFE8F765
S315800197D03C03DA0174FF6DFFF3F88B0200220090DF
S315800197E08B0441F2910000F8ABF4804FD9FF58A366
S30D800197F001F402F6D4F20090A7
S315800197F88208A00C8259A00D822AA00E02846DFFD0
S31580019808BFF8C218402F370870807DFC100048FFCA
S315800198181E5D48646DFFE2FF7D2D070040F44025FB
S315800198286DFFE8F63C0374FA68F97DFEE9FF00905E
S31580019838094F65086E046100230034FFDA1C09406C
S31580019848E00882017FF00680610022001620AA11B5
S30780019858007017
S3078001985AFFFF87
S3138001985C6100340061002C00968034FF00709C
S3078001986AFFFF77
S30F8001986C61001E0014FF96080070CB
S30780019876FFFF6B
S30F800198788B0441F2ABF4804F0070BF
S30780019882FFFF5F
S31380019884610020006100180016AC960100708C
S30780019892FFFF4F
S31580019894538023F0910000F8D9FFF8A210FF09FF45
S309800198A4320900708E
S313800198A8911000F7D9FFCB0A01F000F600708F
S307800198B6FFFF2B
S30F800198B8D9FFCB0A10FF14FF0070E0
S307800198C2FFFF1F
S30F800198C4094FE008911000F70070CB
S307800198CEFFFF13
S313800198D0544F6E051E640C4496402C44009045
S307800198DEFFFF03
S315800198E0544F5E340C4496103C045E240C449640DE
S309800198F02C440090ED
S315800198F4544F5E340C4416EF3C045E240C4496406B
S309800199042C440090D8
S31580019908544F6E025E6382020090BA5F8242EA1207
S30780019918009036
S3078001991AFFFFC6
S30F8001991C544FBA0F862F9212009065
S30780019926FFFFBA
S31580019928544F6E025E63820200905E4382520090BB
S313800199385E3382320090BA5F8242EA1200905C
S30780019946FFFF9A
S31580019948544F911000F7D9FF14C909F0C0086E0267
S315800199585E66760382123C1082023C0E5E43825218
S315800199683C0A5E3382523C035E258232BBF0FF0F8E
S30F800199783C0382128200B4F00090D5
S30780019982FFFF5E
S30F80019984544F3B800020AA12009088
S3078001998EFFFF52
S3158001999061FF74FF910000F8D9FF58B301F402F614
S309800199A0D4F20090E6
S315800199A461FF6AFF910000F8D9FF58C301F402F6FA
S309800199B4D4F20090D2
S315800199B861FF60FF910000F8D9FF58D301F402F6E0
S309800199C8D4F20090BE
S315800199CC2008F4A482046DFFD9F7402FA0027DF202
S315800199DCA50048FFDF5FA280821809F95D0809FAA4
S315800199EC630809FBE0083BE0004054F602B56DFFC5
S315800199FC29F5820CDF022C00486F02F46DFFCEFF35
S31580019A0C402C02F46DFFC0FF402D02F46DFFD0FF98
S31580019A1C402EA0027DC2100040F42D0C00000228BD
S31580019A2C09FF6308821C6E0754FF1E325E2402C432
S31580019A3C6D00FE02A0027DD2050040F42D0D0000C2
S31580019A4CA0027DE2050040F42D0E000076CD91102A
S31580019A5C0027D922E70A012B0026342809F4E008CD
S31580019A6C08456DFF61F5DAFE09F0DE087E93DA2290
S31580019A7C3C0EDA0C7E97DF1B0600DA083E83DA2170
S31580019A8C3C06DA010F0F00F0370F70F091100027AA
S31580019A9CD92216C9012B0126BBF0FF1F0920C0084C
S31580019AACC61F26F0B420DF0C230009FF6408910041
S31580019ABC00F899FF5843A0027DF207000BB91048B4
S31580019ACC02862D0F0000EE13DA1C7FFB1180538B5F
S31580019ADC23F0910000F8D9FFF8A210FFC86FA002FD
S31580019AEC7DF206000B9810482D0F00006DFF0AF7CA
S31580019AFC6DFF60F77628DF0A1180D4AFDA002CF57A
S31580019B0CDA023C0A82046DFF39F7D4AF092F5D085E
S30F80019B1C2CF5092F5C082CF400904B
S30780019B26FFFFB8
S30B80019B2861FF9AFE009028
S30780019B2EFFFFB0
S31580019B30544FEE17DA1C0940E00882017FF0068057
S31580019B4061FFAAFE2ED28211DA42AB2F80F161FF2C
S31580019B50ADFE8FFF8F1114F026FF2610A6F034F08C
S30780019B600090EC
S30780019B62FFFF7C
S31580019B64544FEE0761FF68FE761F61FF7FFE3C0B53
S31580019B745E6B094F65086E0861FFA4FE61FF9CFE5A
S31180019B8416BE960134FF61FF69FE009059
S31580019B90404F09F4E008911000C7D9CCCB0A01C423
S31580019BA00026142F6F5F270054FFEE1D49F4140A17
S31580019BB06DFF08F47624DA6082003C04DA703B009B
S31580019BC0010009F1E0088FFF8F2149F4100A01C1D4
S31580019BD0002626F014212621A601342109F4E00865
S31580019BE01DFFF6F35E2701C400F614FF168F96104B
S30980019BF034FF009027
S31580019BF4544FEE0B094F65086E0861FF63FE61FFE2
S30F80019C045BFE16AC960334FF009058
S30780019C0EFFFFCF
S31580019C10544FEE0761FF12FE761B61FF29FE3C075A
S31580019C205E67094F65086E0461FF2EFE34FF009062
S31580019C30404F6DFFEFFF09FFE008911000F761FFCC
S30D80019C403DFE16FB34FF009086
S31580019C48DA01405C74CFDA03404F74FFDA1C09618C
S31580019C58C80882007FF10B80538123F09100002888
S31580019C68D922F8A210220920C0080C6A42F03700CE
S30980019C787040007041
S31580019C7CDA1C7FF00880538023F06100230009F100
S31580019C8CC0080C6ACC6742F10964980937017040A7
S30D80019C9C09F6C008820500707B
S31580019CA48200DA1C7FF10880538123F061000E0063
S30F80019CB409F0C0080C6A42F0007046
S30780019CBEFFFF1F
S30F80019CC06100060009FF32090070F9
S30780019CCAFFFF13
S31180019CCC910000F8D9FFF8A210FF00708B
S31580019CD88228404F8229405C406DA00E54D440F4BE
S31580019CE86D0012007D2E080040F440C540D62D0235
S31580019CF800003C0374F874C954FF1E2454CFDF1F37
S30980019D08EFFF009052
S31580019D0C544F5E3691200028D922EC990090DA0DB9
S31580019D1C910000F8D9FF58E33F4F2500DA013FF453
S31580019D2C22005AF490FFD4FFDC0FDA14744F912081
S31580019D3C0028D922DC690090DA0A744F9120002818
S31580019D4CD922C0890090DA24744F91200028D92217
S31580019D5CF4590090DA25744F91200028D922C869CC
S30B80019D6C0090A0020090A8
S30780019D72FFFF6A
S31580019D7461FF6AFF6D002A1C7624DA0274CF74FFB0
S30780019D840090C6
S30780019D86FFFF56
S31580019D8861FF60FF6D0010157624DA0274CF74FFC7
S30780019D980090B2
S30780019D9AFFFF42
S31580019D9CDA01405D74DFDA03404C74CFDA1C09605A
S31580019DACC80882017FF00880538023F061FF8AFF07
S31580019DBC09F1C808CC67DA1CB4F182010960C808BC
S31580019DCC7FF00880538023F061FF76FF2EA28211EB
S31580019DDC7618820161FF4EFF6D002638762A3C0685
S31580019DEC61FF48FF6D0022387624DA0274DF74CF66
S30780019DFC00904E
S30780019DFEFFFFDE
S31580019E008210405D74D0DA03404C74CFDA1C09614C
S31580019E10C80882027FF10880538123F061FF52FFD7
S31580019E202E920202DF02160061FF3EFF8205DA1CD6
S31580019E307FF10880538123F061FF4AFF09F5C80845
S31580019E4037007040096498096D007A38762E3C0A8D
S31580019E5061FF2AFF37007040096498096D007238E6
S30F80019E607624DA0274DF74CF0090D5
S30780019E6AFFFF71
S31580019E6C404F405C6D002816DF220400DA0274FF35
S31580019E7C762ADF220700DF420900DF5209003C09FE
S31580019E8CDA013C08DA003C06DA033C04DA043C02CB
S30B80019E9CDA0274CF00908A
S30780019EA2FFFF39
S31580019EA4910000F791200028D922F8A9B5F228A0BB
S30780019EB40070B5
S30780019EB6FFFF25
S31580019EB8404F820814F0DAFE7E03DA223C088210CB
S31580019EC809F1C4080F100000370070F06DFF74F5B2
S31580019ED8DF024E00911000C7BBF0FF1FD9CC16C90F
S31580019EE8C61F09C0C008821126F0B4C0DA0D14F461
S31580019EF87E448F0001F1AA01DF0117009100002736
S31580019F083925B05091100027E925E70A91000028E4
S31580019F18992250438B940FF2A004ABD4A04F7D2491
S31580019F2804002D02000014F0DA0DFE0209CFC008E4
S31580019F3882052E4F3B900F4034F4DA02ACF1DA04F5
S31580019F48ACF2A002E8226DFFD3FB82153C028205A2
S31580019F58910000F7D9FF28A0765791200028D922A9
S31580019F680C5AF4F23C06A002F4F23C033BE0008072
S30980019F78028200904A
S30F80019F7C094FC208C21FAC410090D4
S30780019F86FFFF54
S31580019F88910000F7A002B5F228A0910000F7B5F27A
S31380019F9824A0910000F7DA00E9FFB050009096
S30780019FA6FFFF34
S31580019FA891000027992228A0A00F012F1024009044
S31580019FB8910000D7D9DD28A0D4D28208A00F404CC1
S31580019FC87D2F1E8009CFC2085E16912000F8D9FF21
S31580019FD8182A3C05912000F8D9FF0C5A028FF4DF24
S31580019FE8910000F7E9FFB050910000F899FF5443BA
S31580019FF8A00214C47DF204002D0F000091000027F1
S3158001A008992224A0A00F7D2F0D00912000F8D9FF59
S3158001A018041AF4DF3C06D4DF40C42D0F0000022861
S3158001A028D4D2A00F7D2F0400DF08F77F028200902B
S30F8001A038910000F7E9F4B0500090A2
S3078001A042FFFF97
S3158001A044404F820814F0DA0D7E0A91100027B92F49
S3158001A05416C9BBF0FE0F260FF92F16C96DFFAEF494
S3158001A064DF021600910000C7D9CC24A0D4C22D02E8
S3158001A0740000762691000027DA06E92FB050DA1C13
S3158001A084ACF1A00FF4CF61FF0DFF3C033BE00080F0
S3098001A094028200902D
S3158001A098404C82086DFF90F4DF025100821109C499
S3158001A0A8C408911000270F410010B92018C937013B
S3158001A0B870102610DF003A0014C0DA0C3E04DAFB71
S3158001A0C83E053C1C3B8000203C1B91000028D92280
S3158001A0D8F8A2092F24191E2F092F8C19DA00A0043A
S3158001A0E87DF40680092F98197DF40300DA016E0341
S3158001A0F882423C063B9000203C036DFFCFFADA1C76
S3158001A10809C0C2080228A0027FF00D80538023F07F
S3158001A118910000F8D9FFF8A210FFC84F7DF203001D
S3158001A128D4F289C288093C0C910000F79120002855
S3158001A138D9220C5AB5F228A03C033BE00080028262
S3078001A1480090FE
S3078001A14AFFFF8E
S3158001A14C404C821109C4C408820809C0C2080F4157
S3158001A15C001037017010DA1C3C02C2107FF00D80A2
S3158001A16C91100027D92216C9012001260922C0087F
S3158001A17C2612DF02F47F89C082087FF03E8014C1EB
S3158001A18CDA0C3E14DAFB3E193C20DF1005803B804D
S3158001A19C00203C1D82123C1B538023F09100002829
S3158001A1ACD922F8A2102F48BF1E2DC854028FA002A7
S3158001A1BC7D420580C88F7DF20300DA016E038242EF
S3158001A1CC3C063B9000203C036DFF66FADA1C09C005
S3158001A1DCC2080228A0027FF00D80538023F09100E3
S3158001A1EC00F8D9FFF8A210FFC84F7DF20300D4F214
S3158001A1FC89C288093C096DFFDDF3762461FF4EFE29
S30F8001A20C3C033BE0008002820090D3
S3078001A216FFFFC1
S3158001A218094FC0080940C408C21F4B0F1102B44137
S30F8001A228094FC208C21FAC41009025
S3078001A232FFFFA5
S3158001A234404F09FFC40809F0C20840645200370040
S3158001A244701009F0C00842104BF0018273940AF031
S3158001A25410556D00913609FFC208C2FFACF1029216
S3078001A2640090E1
S3078001A266FFFF71
S3158001A268094FC4080940C208A20F370F7020009011
S3118001A278DA00B44F094FC408AC410090D5
S3138001A284094FC4080940C2080B0F0021009043
S3078001A292FFFF45
S30F8001A294094FC2088B0F00220090CB
S3078001A29EFFFF39
S3158001A2A0DA0120083BF00F40404F8205F4AF3BE0D6
S3158001A2B0006040A46DFFF0F0762C6DFF0FFAF62357
S3158001A2C0DA003C056DFF04FABA02C21F74FFDA0098
S3098001A2D002F200907F
S3098001A2D482120090DB
S30F8001A2D86D000600A0041DFF5FF073
S3078001A2E2FFFFF5
S3158001A2E48228911000D70289911000C7824AD9DD4C
S3158001A2F4E70AD9CC16C9910000F8B02DD9FFE8C276
S3158001A304B04CC50E1900DA00C812A0047D240400DD
S3158001A314092FC0086E0E02846D001400762734D985
S3158001A32409CFC0089601B4CF3C0414DF1E2234DA67
S3158001A334C218B01D49FF380AB02CFDE0E67F0090B3
S3158001A3448202DA1C7FF40D80538423F0910000F895
S3158001A354D9FFF8A210FF09FF32091601AA1200904B
S3158001A364DA02911000F7E9FFE70A911000F7B9FFC5
S3158001A37416C9912000489601D94404DAF9FF16C911
S3098001A3841DFF0CF036
S3158001A3882018DA0C34AFDA02ACA1820489A48408D5
S3158001A398A00FF802912000F8D9FF24DAF80391205A
S3158001A3A800F8D9FF18BAF80440A449A50C0A1D007B
S3078001A3B8F50027
S3078001A3BAFFFF1C
S30F8001A3BC910000F7D9FF2CA0007074
S3078001A3C6FFFF10
S3138001A3C8864461FFF9FF01F400461DFF23FF65
S3078001A3D6FFFF00
S3158001A3D8DA00864461FFF0FF01F400F6404DC82C8F
S3158001A3E840F46DFF55FFDF021280C83E3BC0004036
S3158001A3F840F440C540D66DFF1BFFBCE709FFC20884
S3138001A40814E00B0F90F134EFDA0102F20090AE
S3078001A416FFFFBF
S3158001A418404C8228A00F40FD3C18C2F86DFFC2FD52
S3158001A4287623BA18AA088F4820F0910000F7D9FF39
S3158001A4382CA010FF40F46DFF23FFF62809FFC00802
S3158001A448C82F53CF20F010FFF4CFD4CF7DFD0480E1
S3158001A458DF08E5FFD4C2A00F7D2F03808228028200
S3078001A4680090DB
S3078001A46AFFFF6B
S3158001A46C024F61FFA7FFA01CA00D40F46DFF00FFFA
S3158001A47C6E07C8327D2D050009F0C408342049FFCA
S30B8001A48C100AFCC40090D9
S3078001A492FFFF43
S3158001A49420080249404C405F821AA0027DC27D0099
S3158001A4A47DF27B0009CBC20814CF820C0BFB1048CA
S3158001A4B46DFFE2EFDF02240082060BFB10486DFF7D
S3158001A4C4A7EFDF021D00FF291A808208DA1C7FFBB1
S3158001A4D41180538B23F091000028D922F8A21022EF
S3158001A4E409228409A0047D240500092FC008AA181D
S3158001A4F402B46DFFEFFE76837622821C02CF6E4C08
S3158001A5048212C812A0047D24050040C42D020000D5
S3158001A514DF024300C82202A2A004820B34AB09C81D
S3158001A524C2087D24060040A540C42D020000DF0236
S3158001A5342E0014FF6E1502846DFF22EFF62C911006
S3158001A5440027D92216C9012801260920C0087604C4
S3158001A554DA103E02821B76B414AF960834AFDF0B51
S3158001A564168002A2C83FFF290680029440C46DFF6B
S3158001A57433FF7629A0027DF2050040C42D0F000029
S3158001A584820A3C0414AF960434AF14C409C5C208C4
S30F8001A59414A66DFFAFEF02A200903E
S3078001A59EFFFF36
S3158001A5A0024F404C405F14C482056DFF67EFDF02A6
S3158001A5B01A008208EE06028440C46DFF0FFF02284E
S3158001A5C01E227684D4F22D020000EE08F68714C48A
S3158001A5D009C5C20882466DFF8FEF1E227683C81F8A
S3098001A5E0DC0F009075
S3158001A5E4DA1C0940C208A0027FF00D80538023F053
S3158001A5F4910000F8D9FFF8A210FFC84F7DF203003D
S30F8001A604D4F2A00F012F102400905C
S3078001A60EFFFFC5
S3158001A610094FC208911000F7D9FFCB0A10FF0940F4
S3158001A6204E0814F18FF08FF126F10C4F260FA6F10B
S3098001A63034F10090EA
S3158001A634202089A49208A00FF806DA0589AF1008AC
S3158001A644DA10ACAA820089A01C0889A01D08DA63E5
S3158001A65489AF1E08DF051500DA1C7FF40D8053844B
S3158001A66423F0910000F8D9FFF8A210FF09FF3209FF
S3158001A6742ED282108B0020F2866FC23F3C02DA0012
S3158001A68489AF1F08DA0134AF912000F8D9FF647AC3
S3158001A694F801A00FF802912000F8D9FF508AF80337
S3118001A6A4822449A4100A40A51DFFF4FE83
S3158001A6B0538023F0910000F8D9FFF8A210FF0070B3
S3158001A6C0911000F7D9FFCB0A01F000F614FF007054
S3158001A6D0202089A5920889A4980989A41008DA09F5
S3158001A6E0ACAADA0289AF1C08DA0089AF1D0889AFE6
S3158001A6F01E0889AF1F08A0027D421280DA1C7FF5F1
S3158001A7000D80538523F0910000F8D9FFF8A210FF40
S3158001A710C84F7DF20300D4F289A29809821434A429
S3158001A720912000F8D9FF60EAF801912000F8D9FF5D
S3158001A73048DAF802912000F8D9FF70EAF80349A4B3
S30D8001A740100A40A51DFFA8FEC9
S3158001A7480940C208911000F7D9FFAFFA01F000F667
S3158001A758820314F13BC00120023F7F20058061FFFF
S3158001A768A5FF48BF5E2B0232DA1C7FF0058061FFA8
S3158001A7789DFF08B20B2130F1EA1361FF9FFF16088E
S3158001A7888B0F2002EE027634145F9601345F8202C3
S30D8001A798F603AB128023009049
S3138001A7A014440945C208094488091DFF81EE4B
S3078001A7AEFFFF24
S3158001A7B0DA1C0940C20809414E0809424F08A00225
S3158001A7C07FF0088061FF76FFC84F7DF20300D4F2E7
S3158001A7D0CC427D2F04808211021261FF73FF8FF1BB
S3158001A7E08F31263F2621A61F34FF911000F7D9FF0E
S3158001A7F0E70A01F000F60C4C34FF911000F7D9FFFF
S3158001A80016C901F001F682100941C40809FFC00882
S30F8001A8100F100000A60FB4FF0090A0
S3078001A81AFFFFB7
S30D8001A81C024582741DFF58FFFD
S3158001A8243B007182910000C78209910000D7910093
S3158001A83400E7D9CC4490D9DD4890D9EE4C90C5FF38
S3158001A844100154FF74CF54CF54D07FF0068054CF77
S3158001A85454D0A20F3C0654DF8BFF1FF154C0420F24
S3158001A86474EF54EF3F8F078074E954CF74DF6D0022
S30D8001A8741B006D002B003CE680
S3158001A87C6D001400910000F785FF100159FF44907B
S3158001A88C9100002719FF4490592F4890910000F7A9
S30D8001A89CDA0059FF4C9000908F
S3078001A8A400909B
S3078001A8A6FFFF2B
S3158001A8A8910000F7D9FF549009FFC008C21F370FDE
S3158001A8B870F06E0691000027DA01592F5090DA0060
S3098001A8C8B4FF0090C2
S3158001A8CC910000C7D9CC509054CF2008DF1F31801E
S3158001A8DC8208910000D83B400690910000E7028ADD
S3158001A8ECD9DD4CF3028CD9EE0CB0821B3C1B8F4804
S3158001A8FC20F010EF49F2080A5420C2107420483F08
S3158001A90C4B9F11223F200C80742A40F2892B04051F
S3158001A91CF4A2D4FF2D0F0000D4AF74FCC2183708F3
S3158001A92C688009DFC0083FF8E4FFDA0074CF009035
S30F8001A93C91000047D9442C100070E9
S3078001A946FFFF8A
S3118001A9486DFF9C816DFF72811DFF5281A5
S3158001A9546DFFB2CB6DFFA05F6DFF646F1DFF607FDE
S3158001A9646D009A086DFF3E726DFF6EF66D004A3179
S3118001A9746DFF88D96DFF9CBF1DFF74D15B
S3158001A980910000C7D9CCB15014CF5E1761FFD8FFB3
S3158001A9906D001C02DA0034CF14CF5E2E61FFD0FF2A
S3158001A9A0BB0000F89B0FF0FA6C413B0000F46C424F
S3158001A9B06D00F0013C1014CFDE3061FFC1FF9100C4
S3158001A9C000F7D9FF04C1EC430D0040036D000A0274
S3158001A9D00D000003DA0034CF910000F7D9FFB350A0
S3158001A9E014FFC21F34FF14F0DA643FF01180910026
S3158001A9F00027392FB250BA0FE92FB250DA0034FF4F
S3138001AA003B6021403925B2501DFFE4B800901D
S3078001AA0EFFFFC1
S30D8001AA106DFF848F1DFF48CC08
S3158001AA1885FF1001764B52400B4F30F1A2F03B5027
S3158001AA28C3F0065FE2F53F500480821200908202ED
S3078001AA38009005
S3078001AA3AFFFF95
S30B8001AA3C8B04202200902C
S3078001AA42FFFF8D
S3158001AA4485FF1001A00F7D4F0400EAFF744F00902B
S3118001AA54A00F7D4F0400DA00744F0090C3
S3098001AA601D0002004C
S3158001AA64911000F7D9FF18D954FFEE0B91000027F6
S3158001AA7491000048D9448C03B524D0D0DA0274FFFE
S3078001AA840090B9
S3078001AA86FFFF49
S3158001AA88910000F799FFD0D0C81FC832D4FF01249E
S3138001AA980126092FC008536F20F010FF0070B1
S3078001AAA6FFFF29
S3158001AAA8910000F799FFD0D0C81FC812C82F01F4AA
S30F8001AAB801F609FFC008902F007017
S3078001AAC2FFFF0D
S30F8001AAC4902209F4C008D422007024
S3078001AACEFFFF01
S3158001AAD061FFDCFF083F91000028D922AC1361FF9A
S3098001AAE0F3FFDC021B
S3158001AAE461FFE2FF082F91000028D922B01361FF8C
S3098001AAF4E9FFDC0211
S3158001AAF861FFC8FF084F91000028D922B41361FF6E
S3098001AB08DFFFDC0206
S3158001AB0C61FFBEFF082F91000028D922B81361FF7F
S3098001AB1CD5FFDC02FC
S3158001AB2061FFC4FF083F91000028D922BC1361FF51
S3098001AB30CBFFDC02F2
S3158001AB34910000F799FFD0D0C85FC812C82F01F4DD
S30F8001AB4401F609FFC008902F00708A
S3078001AB4EFFFF80
S3158001AB5061FFF2FF082F91000028D922A8139022C5
S30D8001AB60D42209F4C008DC02CD
S3158001AB68910000F7D9FFD4D020188208F804821BF7
S3158001AB78F4F4BB70C0DF910000C80289D9CCA82340
S3158001AB8802BCF4AC3BF001A0C50D28009B0D0FD08B
S3158001AB98BB00F0EF7F9A09808B091E000F0B00F02E
S3158001ABA88F7F10F13C040F9C00F026DF6E218F8980
S3158001ABB800F0914000FFD9FF000A10FED80453889F
S3158001ABC823F049E4001AD4FFD4FF10FF48546DFFDF
S3158001ABD8DFDF09C0C00826E0760AD80449E4041AEA
S3158001ABE8D4FFD4FF10FF48646DFFD2DFC218C219A3
S3158001ABF8B02CFDD0D17FD80482088219D4FFBB70CE
S3158001AC08C0AF029CC832C82C89A28C099B0A0FA0A6
S3158001AC18C81FF80289A814093BF001B0D4AF3B00DC
S3158001AC28F0D0F801BB0000EFC50F2800F4AF09A0EA
S3158001AC381409DA1F7F0F0B80020F8B0F1E00DA01B2
S3158001AC480F0F00F08F7F10F13C0558050FF900F0C2
S3158001AC5826AFDF0F8E00D804538823F09140002F4A
S3158001AC68D922000AD4FFD4FF10FD58058F8F00F032
S3158001AC78102E58053FFB0480DA003C078B0F1EF027
S3158001AC880FFC00F08F0F10F1EE034CD474EF49E4FA
S3158001AC98101A09D434096DFF7BDF44DF6CE4D801CF
S3158001ACA809FFC00816F06E0354DF6CE509FFC0087A
S3158001ACB8B04D26DF6E0354DF6CE609FFC008B04D40
S3158001ACC826EF6E0354DF6CE73BF0010058057FF0F1
S3158001ACD80480DA003C0982100FF000003B0000F680
S3158001ACE89B0F06F0260F6E0E49EF202AA06D54C4DD
S3158001ACF88F041FF0EE0440F46DFF4ADFB04FB04C6D
S3158001AD08FCD73BF0010058057FF00A8082108B0F33
S3158001AD181EF00FF000008F6010F13C0782100FF0D3
S3158001AD2800003B1080F0260F6E08D80349E4241AE8
S3158001AD3844F4F8036DFF58DF3BF0010058057FF0B6
S3158001AD480A8082108B0F1EF00FF000008F6010F1C1
S3158001AD583C0682100FF000008F7000F16E08D80251
S3158001AD6849E4201A44F4F8026DFF12DFC218D801AB
S3158001AD78B02FF8015805C21F7805D4AFB0FFF4AFDC
S30D8001AD88B01FFDF0567F00901B
S3158001AD90404F4818B7081C007B0000F87E047B00F2
S3158001ADA000FAA6F8082F5E3EC842BC232D02000099
S3158001ADB0821502846DFF24D1370268F06E04DA01B0
S30D8001ADC03C02DA02B4FF0090A7
S3158001ADC8404F082F5E28A0046DFF34D6DA032CF293
S30B8001ADD8DA00B4FF0090D1
S3078001ADDEFFFFEE
S3158001ADE0404FBD0F2700082FDF3F2280483F6E1D51
S3158001ADF0C842BC232D020000482F4818911000C775
S3158001AE00D9CCE41AC83540C402F46D0015007B0024
S3158001AE10004A40C4A6848B0F70536DFF67D33702F7
S3158001AE2068F06E06DA013C04DA043C02DA02B4FF09
S3078001AE30009009
S3078001AE32FFFF99
S3158001AE34404FBF441080804F8050A60F1603EE0A00
S3158001AE448FE41FF08F340041C2FF60F2445F64FFD8
S3158001AE54FC2EBF24108080FF8050A60FAE0B8FF48A
S3158001AE641FF08F140041C2FF60F2095FC200A4FF84
S3158001AE74FC2D76466042B0F2045F24FFFC2E4042EC
S3078001AE840090B5
S3078001AE86FFFF45
S3138001AE887646604FB0FF045F244FFCFE0090BB
S3078001AE96FFFF35
S3138001AE98DA007655605FB0FF244FFCFF009014
S3078001AEA6FFFF25
S3158001AEA820A8404F024F405C40A46D004B0040A44F
S3158001AEB840F502F46D001C0140A440C51D00020046
S3158001AEC8404C4CC18204405D8FFF030110C28B80C8
S3158001AED8A38254C0C2184924080A42F08F6800A088
S3158001AEE80BFA80508F3000906DFFD4FF4CC10284DD
S3158001AEF849C5080A10CFDA8040C42CF801CA00F681
S3158001AF088F891FF028792CF68F091FF02CF58F89E8
S3158001AF181EF02CF46D00240049CF082AA07254FF34
S3158001AF282CD354FF068F2CD254FF8F0F1FF02CD1B0
S3138001AF3844FF8F8F1EF089DF0400FC220090FB
S3078001AF46FFFF84
S3158001AF48910000F7D9FF56904942082AA07544FF17
S3118001AF58642FFC5EDA006C41744F00909F
S3158001AF6449AA20BA4047820291000067D966769041
S3158001AF74BF14BF00604C82F3B0FC8F6220F040A204
S3158001AF84105FA0F4082F08308F8F00F0A6F0081FF9
S3158001AF948F0F01F0A6F009FF44008F8F01F0A6F010
S3158001AFA46420FC4149AF001AC5022F0009F038F923
S3158001AFB409F504F98FF01EF08FF00010A61F8FD0CB
S3158001AFC41E108FD00040A641C61F8F601F00C60F7A
S3158001AFD409F024F98F950110420F8F951F00A61051
S3158001AFE48FE51E108FE50040A641C61006D5C650D2
S3158001AFF4420F09F000F9420F64FFFD20D97F49AF62
S3158001B004004A4972082AA074442F64FFFC4E09A59C
S3158001B014184909A6104909A71449584709A808498E
S3158001B02409A9044909AA004909AB0C4940AF406200
S3158001B034C5043F008FA61F008FA60110A6108F5648
S3158001B0441F108F560140A641C6108F761E108F762B
S3158001B0540040A641C6100F36C0102651420F0F7606
S3158001B0648000C610420F44208FEA0110420F44F03B
S3158001B0748F3A0140120C8FEA1F00A6108F3A1F10D7
S3158001B084A641C6108FAA1EF08FAA0010A61FC6F06D
S3158001B0940F89C0F026AF0F898010C61F42F0025F68
S3158001B0A4027502670BCB0060028B029802A90B0C16
S3158001B0B400A0FD40C17F89AB0C4989AA004989A9B1
S3158001B0C4044989A80849784789A7144989A6104952
S3158001B0D489A5184949AF004A4972082AA074542F90
S3158001B0E444F0420F642FFC4CC212FDC0487F00908D
S3158001B0F4404F0248481F405C10F28B0F04014924DB
S3158001B104080A0B08909102946DFFBEFE481F1280B7
S3158001B114DA407FF004806810009001C900C6A298C5
S3158001B12449F5080A8FA81FA040F482146DFF1AFFFF
S3158001B13440F440C502A46DFF15FF8FF803F149F46D
S3158001B144080A8F6A000001C0005602F46DFF9CFE56
S3158001B1546CF1066A54FF8B0A0400420F74FF009057
S3098001B1641DFF5ED90D
S3098001B1681DFF46D921
S3098001B16C1DFF5AD909
S3098001B1701DFF58D907
S3098001B1741DFF56D905
S3098001B1781DFF54D903
S3098001B17C1DFF3CD917
S3098001B1801DFF3AD915
S3098001B1841DFF38D913
S3098001B1881DFF36D911
S3098001B18C1DFF4AD9F9
S3098001B1901DFF48D9F7
S3098001B1941DFF30D90B
S3098001B1981DFF2ED909
S3098001B19C1DFF42D9F1
S3098001B1A01DFF2AD905
S3098001B1A41DFF3ED9ED
S3098001B1A81DFF3CD9EB
S3098001B1AC1DFF24D9FF
S3098001B1B01DFF22D9FD
S3158001B1B46DFF4EDCDF02B080910000F7DA0059FFA3
S3158001B1C424C061FFEB56404DD9DDB406D944B4069B
S3158001B1D46DFF0CDDDA0061FF9F543B800180C50C55
S3158001B1E423003BA001903BF001A03B0002B03E82CC
S3158001B1F47E96BB00C04F9B1400403C073EA27EB4A2
S3158001B2047B3000403C02820440F46DFFEFDCC21FB8
S3158001B214B04FFDC0EE7FDA00A0BF3BA000807E88E0
S3158001B2249130004FD944B8667B3000403C07913059
S3158001B234002F8204D922906690246DFFD7DCC21F29
S3158001B244FDF0EF7F9150024FD944246882046DFF4B
S3158001B254CDDC9150024FD944286882046DFFC6DC47
S3158001B264913000FF8204D9FFA8063B00065040F4C2
S3158001B2746DFF1EDDBB00F04F40F49BF403403BF0B1
S3158001B284F95F6DFF15DD61FF775482046DFFAEDCD6
S3158001B294BB30F04F9130004F9BF40340D944B00644
S3158001B2A46DFFA4DC3B8010409130004F9B840A40A3
S3158001B2B4D944A0166DFF9ADC3B800B409130004F38
S3158001B2C49B840C40D944A4166DFF90DC3B800D40D1
S3158001B2D49130004F9B840E40D944A8166DFF86DCBD
S3158001B2E43B800F409130004F9B840F40D944AC166C
S3158001B2F46DFF7CDC9150024FD9441C6882046DFF3A
S3158001B30475DC820440D46DFF71DC6D00070061FF3A
S30D8001B314DD55009082120090C4
S3158001B31CDA05913000FFD9FFA006913000CFD9CC48
S3158001B32C8076A0BD74FF82F440C46DFF5BDCB04CAB
S3098001B33CFCDA009020
S3158001B340024F6DFF87DB61FFD753C81261FF5654E9
S3118001B350C84F10FF14FF902F54F200909C
S3158001B35C404F6DFF79DB91000027B52FC4F061FF5B
S3158001B36C2D5402246D00AA008208910000D78219FF
S3158001B37CD9DDE8E049FC100AA04E02846D004A0131
S3158001B38CDF0216808F8820F0C5FFC00110F4D4CF60
S3158001B39C08646DFFFBDB02846D006A0102846D001B
S3158001B3AC510102846D006C00D4DF74F9C218B04D62
S30D8001B3BCB04CFDE0E47F009036
S3158001B3C4024F404C405D02586DFF42DB91000027DD
S3158001B3D4992FC4F0C86F10FF14FF53CF20F061FF7B
S3158001B3E4315401F202268202D42FC85F10FFF4FC85
S3158001B3F4D42FC85F10FFE81DD42FC85F10FFA8485B
S3078001B40400902F
S3078001B406FFFFBF
S3158001B408024F821A6DFF22DB022861FFF353C8427D
S3158001B41801F802F61022D4FF142B53CB20F0D4FF67
S3158001B42810FF08A96DFFB8FE61FFB05301F902D676
S3158001B438D4DF54FFDF1F228091000027D922D0E074
S3158001B448012802C6D4C2542FEE18DA010F9F00F0E4
S3158001B458742F822074F06DFFA1FE02B46D00FA018B
S3158001B468022A6DFF99FED4CF82F1C61F54F026F0C9
S3158001B47874F0DA01D4DF74FF6DFF90FE02A20090AA
S3158001B488DF140500DF240C000090910000F791007D
S3158001B4980027D922E0E0B5F2ECE00090910000F7B0
S3138001B4A891000027D922E4E0B5F2F0E0009091
S3078001B4B6FFFF0F
S3118001B4B8DA00C2F4604F244FFCFF0090C4
S3158001B4C4DF042D80910000F7D9FFF8D0910000C7E1
S3158001B4D4B5CFD0E0DA0074FF91000047D944D8D0C3
S3158001B4E4E8543B8001406DFFE7FF99CFD0E0A0028D
S3158001B4F491000047E832E842D944FCE0910000C754
S3158001B5043B800040E814D9CCF0D0E82C6DFFD4FF01
S3118001B5143B80004040C41DFFCFFF00902B
S3158001B5200C473B000100167F7FF004808242009029
S30D8001B5308B9FA022C21200903C
S3158001B538024F404C02586DFF89DA53CF20F061FFE4
S3158001B5480753C82F10FFC5F2C00109CF5408160F3B
S3158001B5588F8F20F010223BF0FFF0892F141909C232
S3158001B568060909CF550837F2812909CF540886CFAC
S3158001B57837F2042E087F8F9F3F003702812A167F74
S3158001B588C2FF37F2852B37820120370268F8B70F59
S30F8001B59801F3961037F2082800909F
S3078001B5A2FFFF22
S3158001B5A4404C6DFF55DA61FFF35409C05408C5FF59
S3158001B5B4C0018FF000118F8120F010FF09CF02099D
S3158001B5C486C08F0F1F20484F012102263B0000347D
S3158001B5D409229009263F3B00C0339B031232A632CF
S3158001B5E4A6F20C295E18B7128127092F0A098F0F33
S3158001B5F401F0A6F27B0070F109C10209B7011018A6
S3158001B60468426CF58F7000F190F2892120093BF034
S30D8001B614FFF089FF1419009073
S30F8001B61C6D0006008B0220220090CB
S3078001B626FFFF9D
S3158001B6280248821961FFE6526DFF10DA61FFC8523E
S3158001B63853382000489F570F62F0BA1FAB09A02FD5
S3078001B6480090E9
S3078001B64AFFFF79
S3158001B64C024F61FFD5526DFFFFD961FFB75290FF53
S3158001B65CC5F2C0018F8F20F01022C8440C47160703
S3118001B66C6C21C84F54FF892F08190090EB
S3158001B678C5FFC0018F8420F010FFDA006CF13BF022
S3158001B6880FF39BFF00F06CF47B5000F06CF53B00E8
S3158001B69845F149F2200AA074642FFC4FDA0089FF2C
S3118001B6A80819BBF0FFF989FF1419009006
S3158001B6B48F8420F0914000FF0646D9FF000A10FFCF
S3118001B6C4DA0142650F5F00F06CF1009026
S3158001B6D061FF94523B00201009F022093B00203083
S3158001B6E082029B8103109B8300303C08094F00191D
S3158001B6F0167F6E0382123C08C2F0094F0019261F7D
S3158001B7003E33DF00F5FF094F0019167FEE02F60280
S3098001B710821200908A
S3158001B71482082018028A89A40C0982196DFF98D996
S3158001B72461FF1852F8015803C81F538F21F010FF87
S3158001B734F4AF09FF5608780461FF4454C82F5803AF
S3158001B74490FF821074F08204D4A46DFF2BFFD4AFD2
S3158001B754BBF0FFCF822DC83F3BF00FE014FBD4AF83
S3158001B76409FF5408C5FFC001160F8F8F20F010FD05
S3158001B77449DE201AD4AF02B4D4A409A51009C83F5E
S3158001B78401F800F6081F8BFF0FF2AA1A6DFFD4FE8B
S3158001B79474E253CB20F0D801C82F10F46DFFC0FE9C
S3158001B7A4DF12098002B4D4A4029502A66D001E019B
S3158001B7B43C10DF22098002B4D4A4029502A66D004E
S3158001B7C497003C0702B4D4A4029502A66D00D0006A
S3158001B7D4820989A20809F6A8022F6E193C0509DF98
S3158001B7E40019167FEE0609DF4318370F64F2EEF867
S3158001B7F4D4AF09FFD0083ECB370F68428FFF005183
S3158001B80409FF53088B0F20626DFF54FF5802EE0A1D
S3158001B814D4AFC21837086880C83F01F800F614FB14
S3158001B8243C0CD4CFC82F580390FF74FD4CD4B71F5A
S3158001B83402FF6CD43BF00FB05FEB9EFFD4CFC82FD1
S3158001B844580390FF54FF5E13DA0074FF09A20809B6
S3078001B8540090DB
S3078001B856FFFF6B
S3158001B858024A6DFFFBD861FF995361FFB153C81F37
S3158001B868821053CA20F001FA02F6822974F0BBF0DD
S3158001B878FFBFD42F822C10FFDA00C8120928C0080E
S3158001B88802846DFF45FFD4C209248809014802460E
S3158001B8985440DF20198009228409012A0226742C42
S3158001B8A8D4C24922080A3C0CD4249210370070F07D
S3158001B8B8014802467449C81450440948C0085FB80B
S3158001B8C8F5FF3C08C21F370F70F0C81250220928AD
S3158001B8D8C0085FB8D7FFD4CFC81F01FA02F654FF54
S30D8001B8E85E13DA0074FF009083
S3158001B8F02008024889A4840961FF8C536DFFAAD868
S3158001B90061FFF251D80161FF9D507CD3821C40AD0D
S3158001B91061FF5C52D80161FFC9503E06769561FF91
S3158001B920B7526DFFC9FE61FF0353DF1D0B8076A9F8
S3158001B930028409A4840982156DFF00FE89E220191B
S3158001B94089E9141909CFC00889EF2419F6B2B02CF8
S3158001B95040E46DFFBFFEF62B09EF1029B4DFF6C276
S3138001B960B02DC2FD370D70D0FDF0E17F009055
S3078001B96EFFFF52
S3158001B9702008024889A4840961FF4C536DFF6AD867
S3158001B98061FFB251D80161FF5D507CD3821C40AD0D
S3158001B99061FF1C52D80161FF89503E06769561FF91
S3158001B9A077526DFF89FE61FFC352DF1D0B8076A939
S3158001B9B0028409A4840982156DFFC0FD89E22019DC
S3158001B9C089E9141954CF89EF2419F6B2B04C40E4B1
S3158001B9D06DFF80FEF62B09EF102974DFF6C2B04D9C
S3118001B9E0C2FD370D70D0FDF0E27F0090B3
S3158001B9EC2008024889A4840961FF0E536DFF2CD867
S3158001B9FC61FF7451D80161FF1F507CD3821C40AD0D
S3158001BA0C61FFDE51D80161FF4B503E06769561FF91
S3158001BA1C39526DFF4BFE61FF8552DF1D0B8076A976
S3158001BA2C028409A4840982156DFF82FD89E220199D
S3158001BA3C89E9141914CF89EF2419F6B2B01C40E4A4
S3158001BA4C6DFF42FEF62B09EF102934DFF6C2B01DCD
S3118001BA5CC2FD370D70D0FDF0E27F009036
S3138001BA68910000F7D9FF2CC0C50C19000070A3
S3078001BA76FFFF49
S3078001BA780090B5
S3078001BA7AFFFF45
S3078001BA7C0090B1
S3078001BA7EFFFF41
S3078001BA800090AD
S3078001BA82FFFF3D
S3078001BA840090A9
S3078001BA86FFFF39
S3078001BA880090A5
S3078001BA8AFFFF35
S3098001BA8C820200901B
S3098001BA908202009017
S3078001BA94009099
S3078001BA96FFFF29
S3158001BA98910000D7D9DDB45014DF1E151E2EDF3F65
S3158001BAA82C00009061FFDEFFC822C8142D02000019
S3158001BAB849FF100AFCCA3C29DA00910000273BA0FD
S3158001BAC80100D9222CC08201402F4922100A9212E4
S3158001BAD83C0AC81401410046C21114433701681053
S3158001BAE84223344314F33F31F6FFC21F370F68F000
S3158001BAF83F0FEBFF3C0A61FFB5FFC832C8142D0220
S3138001BB08000049FF100AFCCADA0034DF009003
S3078001BB16FFFFA8
S3158001BB1891100047D94418E9DA03B44F91100057B8
S3158001BB28D95514F93BB00A00B450AC413BF00E002C
S3158001BB3889508208AC423B60050089508408AC4331
S3158001BB483B200100895086088260894088080070F8
S3158001BB58AC463BF00D0089508C08AC473B4003004E
S3158001BB6889508E08AC483BE00B0089509008AC4957
S30B8001BB78DACAAC59007027
S3078001BB7EFFFF40
S3158001BB808FF50FF18FF403018F802000420F1B0F79
S3098001BB900024009076
S3158001BB942008911000F7DA00E9FF012B911000F7D4
S3158001BBA4E9F4022B911000C7D9CC1CD940CFC50228
S3158001BBB41D00A4FFFC2F61FFAFFF3B3009008950B4
S3158001BBC4880861FFC9FFDF140B803B60012089422D
S3158001BBD4960882508201DA15AC5B3C0582403B8033
S3158001BBE40010DA0E495F140A3BA00E20B4F2494DC7
S3158001BBF4140AB4DF89518A0889408A083BA0004027
S3158001BC0440C66D0011003B8038F13C0354AFC2FF3E
S3158001BC1474AF54AFEEFC49C6140A822440D440F56D
S3098001BC241D00020076
S3158001BC282008404F405C89A68409024F911000D7AD
S3158001BC38D9DD5009F4AD8EFB60FEB0FE09F4C20071
S3158001BC4809C5C2006DFF9AFFA4D2FCE98214D4A467
S3158001BC5809A5840902F56DFFB3FB82141DFFD2FB8A
S30F8001BC689B04F44A820602F500707F
S3078001BC72FFFF4B
S30F8001BC749B04F44A820602850070E3
S3078001BC7EFFFF3F
S3158001BC805421B7011010A61F9130004F594F28A695
S3078001BC900070BB
S3078001BC92FFFF2B
S30F8001BC94910000F7D9FFC8F0007097
S3078001BC9EFFFF1F
S3158001BCA0913000FF19F0046619FF0C563700648A3B
S3158001BCB08F3F00916DFFFAD3913000FFD9FF18169F
S3158001BCC054F0B71002049130002FD92228A6542FA0
S3158001BCD02E168F2220F0960161FFD4FF8F2220F04D
S3158001BCE0960261FFCFFF542F6F0FFFFF74F002247E
S3158001BCF06DFFE4D36D00BA00820061FFCDFF40F293
S3158001BD0009214204DF19088002018212DA553BA01B
S3158001BD100A303C0ADF2905808211DAAA3C02DA550B
S3158001BD2002023B500530287334212CF6283214FF49
S3158001BD305E1D028F40F2C21F892804043B00011058
S3138001BD403F1F0480020F82102CF52810009000
S3078001BD4EFFFF6E
S3158001BD50910000C7D9CCC8F014CF6E5C910000F772
S3158001BD60D9FFB55014FFDF1F568091000027D922D5
S3158001BD70B650142FEE4F821034FF34203B00E083FF
S3158001BD8040C23B00E092092041049B08F48A49CFD6
S3158001BD90070A9B09F49A49CD050ADF102180342FC1
S3158001BDA002846D00EB0014D514F602846D008C00BC
S3158001BDB014D502846D007C0002846D006F000294AC
S3158001BDC06D00DC0014D514F602946D007D0014D547
S3158001BDD002946D006D0002941D00600014D514F666
S3158001BDE002846D00710014D502846D00610009C55D
S3158001BDF0440402846D004A0014D514F602946D0041
S3158001BE00630014D502946D00530014C502941D007D
S3098001BE103D000090DA
S3158001BE14910000F739F2CBF07B0006F0E2F2009054
S30F8001BE24910000F739F2CAF0009090
S3078001BE2EFFFF8D
S30F8001BE30910000F739F2CBF0009083
S3078001BE3AFFFF81
S3158001BE3C6DFF80B00228DF180A006DFF5DB0762D8C
S3158001BE4C910000F739FFB7505E18910000F7DA01BF
S3118001BE5CE9FFB5506DFF78FF028200906F
S3158001BE6861FF16FF9100F42A392F2A7416031E35AD
S3138001BE78DA0034FF1D002A00DA0134FF009043
S3078001BE86FFFF35
S3158001BE88064542548B84004082F502561D009A006D
S3158001BE981B041F403B4023519B15325482061D00CB
S3078001BEA8910080
S3078001BEAAFFFF11
S3158001BEAC064542548B8400403BF027539B557B556A
S30B8001BEBC02461D0085000F
S3078001BEC2FFFFF9
S3118001BEC406454254026502461D007E00C0
S3158001BED03B00E0F39B0FF4FA02F46D004F008205FC
S3158001BEE03B50056002F46DFFEFFF820502F46DFFA2
S3158001BEF0DFFF02F46DFFD2FF3B00E0F29B0FF4FA05
S3158001BF0002F46D003B0082053B50056002F46DFF33
S3158001BF10DBFF820502F46DFFCBFF02F46DFFBEFFEE
S3158001BF203B0000459B04F44A6D0028007B3000F0FD
S3158001BF303B801E4561FF9AFE6D0048003B40238190
S3158001BF409B1832843B001F4561FF96FE6D003E00C3
S3158001BF503B0000449B04F44A6D0010003B801E4464
S3158001BF6061FF84FE6D0032003B001F4461FF84FE49
S30D8001BF706D002C001DFF34B3A6
S3158001BF78024F6DFF97D2022802846DFF81D29110FC
S3158001BF88F0FA59FF909ADA0159FF989ADA8059FF9F
S3158001BF98A8AADA5059FFA8AA0D00800402846DFF69
S3158001BFA889D2914080FF49FF100A54FF163FEEFE61
S3158001BFB80D00800454FF6F0FFFFF0D008004009071
S3158001BFC80B451088026A6DFF6DD2B70818F07B00A1
S3158001BFD8000A022B7E07DA509100F0FA59FF545570
S3158001BFE83C0C7B00F00A7E07DA5D9100F0FA59FF76
S3158001BFF854553C030D008004914080FF484F6F0FD4
S3158001C008FDFF0D0080049100F0FA59F9707559FA0F
S3158001C01874750D00800402B46DFF32D29110F0FA66
S3158001C02859F8909ADA0059FF989ADAA059FFA8AA7E
S3158001C038DAAA59FFA8AA0D00800402B46DFF3AD284
S3158001C048914080FF484F6F0FFFFF0D0080040090DD
S3158001C05802486DFFFBD402290B8910486D001A012D
S3158001C068022DDF0D8D8061FFBB4D01F902C6D4CF4C
S3158001C078482A5FA8850061FF534D01F902D6D4DFAE
S3158001C08809FF5408EE04F683821D3C798B18200239
S3158001C098D4FF534022F010FE4CE1370F68C4370FA6
S3158001C0A868B0F68C54EFEE060BCB10486DFF10D8AE
S3158001C0B83C050BCB10486DFF75D76DFF73F8D4CF50
S3158001C0C8DA026CF176A476836D0074018215028496
S3158001C0D802966D0057007623821D3C4CD4CF820D83
S3158001C0E86828DF084500D4DFF6AD09FFCC080B893F
S3158001C0F810486D00F3000B8F104802966D002401DD
S3158001C1083C39D4C2092FC008DF1A058009F0CA084C
S3158001C1183C0309F0C808E20F370F70507655028440
S3158001C12802966D00110154E08FBC20F0DF0011806A
S3158001C138911001FFD9FF000810FF866B01FB00F6FD
S3158001C148DA006CF54CE66CF14CE46CF33C1391F037
S3158001C15801FFD9FF000810FF867B01FB00F6DA0094
S3158001C1686CF64CE66CF24CE46CF43C04D4CFDA0001
S3158001C178B4FFD4CFDA016CF16DFF18F802D20090C2
S3158001C188025B026C821853CC200061FFDB4CD93EDE
S3158001C1980C9649EC040A49ED080ADF04178061FF09
S3158001C1A8314CDA00ACF154C4028F37F4814140C472
S3158001C1B86DFF72D414D03700610214D16F315F00DC
S3158001C1C8DF005D8082083C5A61FFAA4C01FC02F6B9
S3158001C1D8D4FFDF140680820909FAC6083C0482491D
S3158001C1E809FAC4086DFFDCF754E182FFBB00F0DF72
S3158001C1F8C61F16FC0FD1800061FF1C4F74EF8F0A92
S3158001C2080100B7001000BBC0FFEF26EF9603A60F0B
S3158001C21874EF6DFFC9F740C402946DFF3DD4DF49C1
S3158001C228068054DF163C5E463C0454DF163CEE021B
S3158001C2388208DF082100DF0B120061FFE34B09F951
S3158001C248C2086DFFADF761FF5D4D26FE8F3E40F159
S3158001C2588F090100B70010003C096DFFA1F761FF46
S3158001C268514D26EF96037BC0FF0FA60F74EF6DFF26
S3138001C2789BF73C0461FFC64BA81A0282009018
S3078001C286FFFF31
S3138001C2880B4510683B60064082051DFF95AC94
S3078001C296FFFF21
S3158001C29861FFA64C01F502F6D4FF481F1E143B0028
S3158001C2A801503C14DF140500DF240300F64DBBE082
S3158001C2B8FFFF61FF594E09F0C6083F0F068009F056
S3158001C2C8C4087F0F09803B10015082146DFFDAFF85
S30D8001C2D882120090820200909F
S3158001C2E002488B1820F2534F22F061FF414ED4FF52
S3158001C2F010FF481F370F6894370F68A054FFEE066A
S3158001C3000B9A10486DFFE8D63C050B9A10486DFFD5
S3158001C3104DD6768F54FFEE0E40F46DFF21D70B9AE2
S3158001C32010486DFF3FD70B9A104882061DFFF0D645
S3158001C330009040F46DFF80D60B9A10486DFF9CD615
S30F8001C3400B9A104882061DFF4FD6A6
S3078001C34AFFFF6C
S3158001C34C026FDF051F806DFF29F753CF200061FF38
S3158001C35C2F4D82F2C6128FC20F212610B7011010F3
S3158001C36CA6208F104001A61059300C9682319BF174
S3158001C37CFF1FA61059300C9661FF6C4D1DFF12F7ED
S3158001C38C7644DF1406003C0961FF644D009061FF21
S3158001C39C8D4B09F0CA083C0561FF884B09F0C8082A
S3118001C3AC61FFE04B4B051102B4F00090DC
S3158001C3B86DFF4CD302286DFFF3F653C8200061FF49
S3158001C3C8F94C0F01802082F30F31C0F016FCA6F2DA
S3158001C3D88F1240F1B7011010A61F593F0C9696038C
S3158001C3E8593F0C9619310C962610C6138FC30FF137
S3158001C3F861FF204E593F0C9691000028D922F0837F
S3158001C40801280226BBC0FF0FD422260F96030920D6
S3158001C418C2088F000100B7001000A60F593F0C967D
S3098001C4281DFFC2F6B5
S3118001C42C91000048D944F8F31D0002007D
S3158001C4388208404F8209820A820BC81CC82D483C53
S3158001C44809FF1001DF1F238080CF160180D08F104E
S3158001C4580001FE046E04C2FC04DF24CF76CF8F3C34
S3158001C46800018FEC1FF06E0902F140D2C2F160140F
S3158001C478442164C1FC4E90DD020CDF0CE07FC2FCD6
S3158001C48860C204DF24CFFC2E3CD9DE2580CF2E0363
S3158001C498C2FC24C9DF0CD37F8F3C00F106EC76C53C
S3158001C4A8C2FC60C264CAFC2F6EC9C2FF60F224CB8B
S3158001C4B8FC2F3CC48F0F1F00DF002E008F3F000129
S3158001C4C8DF102B8080CF8F3F00D180DF1603FEDB04
S3158001C4D876DB02D440C440D56D00540001CD00C638
S3158001C4E801DD00D6A2DC76CF8F3C00018FEC1FF0F0
S3158001C4F86E0902F140D2C2F16014442164C1FC4E36
S3158001C50890DD020CDF0C9B7F02C440C440D56D00D0
S3158001C51839003C9400901603DF2F91FF80CF1603D4
S3158001C5286E0702F440C46D00150010CCA2FCDF0C26
S3158001C538867F8F3C004106EC76C5C2FC60C264C822
S3158001C548FC2FDF047C7F40C46D0004001DFF77FF4C
S3158001C5583BF00F00804F1603063F0FF0100082FF55
S3158001C568C6F0C2F4604F804FB70F02F060F2B01484
S3138001C578542F260F742F77000004FCF60090D6
S3078001C586FFFF2E
S3158001C588804F16033BF00F008F3F00100F101000ED
S3158001C59882F1C610C2F4604F8041B7010220095169
S3158001C5A801008F3F0030B0140F3110106022C21F76
S3158001C5B8542216032602A612742277000004FDF07F
S3098001C5C8ED7F0090EC
S30F8001C5CC911001F739F2F00F00908B
S3078001C5D6FFFFDE
S3158001C5D88212910000F8D9FFF09391100127D92290
S3158001C5E8C00FA0F4142F14F03E0382020090B01FEE
S30B8001C5F8B012FC4900901F
S3078001C5FEFFFFB6
S3158001C6008212910000F8D9FFC09391100127D92297
S3158001C610D00FA0F4142F14F03E0382020090B01FB5
S30B8001C620B012FC490090F6
S3078001C626FFFF8D
S3158001C628910000F799FF4C3009FF721809F07318C9
S3158001C6388F8F01F009F275188F000100A60F09F096
S3118001C64874188F800000A60FA6F20090E7
S3158001C654DA00911001F7D9FFC00FA0F224FFFC2F55
S3078001C6640090BD
S3078001C666FFFF4D
S3158001C668DA00911001F7D9FFD00FA0F224FFFC2F31
S3078001C6780090A9
S3078001C67AFFFF39
S3158001C67C912000F8D9FF9C96A05204FF244FFC2EE2
S3078001C68C009095
S3078001C68EFFFF25
S3158001C690912000F8D9FF8696A03204FF244FFC2E04
S3078001C6A0009081
S3078001C6A2FFFF11
S3158001C6A4912000F8D9FF8296A03204FF244FFC2EF4
S3078001C6B400906D
S3078001C6B6FFFFFD
S3158001C6B8912000F8D9FFB296C5023F0004FF244FA6
S3098001C6C8FC2E00902D
S3158001C6CC910000F8D9FFD09391100127D922E00F60
S30F8001C6DCA0F404FF242FFC4E009009
S3078001C6E6FFFFCD
S3158001C6E8910000F8D9FFE09391100127D922E00F34
S30F8001C6F8A0F404FF242FFC4E0090ED
S3078001C702FFFFB0
S3158001C704404FBF441080804F8050A60F1603EE0A17
S3158001C7148FE41FF08F340041C2FF60F2445F64FFEF
S3158001C724FC2EBF24108080FF8050A60FAE0B8FF4A1
S3158001C7341FF08F140041C2FF60F2095FC200A4FF9B
S3158001C744FC2D76466042B0F2045F24FFFC2E404203
S3078001C7540090CC
S3078001C756FFFF5C
S3158001C75837046800804F8F80001042108F000110C7
S3158001C768421076562E0560FFC2F534F0C21FBF25EA
S3158001C77807802E1560FFC2E5B4F0C22F60FFBF4562
S3158001C7880A808FE51FF08F350051C2FF60F264F091
S3158001C798FC2FBF250480C2E5A4F0765234F04042CE
S3078001C7A8009078
S3078001C7AAFFFF08
S3158001C7AC02483BB00F406D007501022F3BB00F4024
S3158001C7BC02856D006B01EE02762382120090820552
S3118001C7CCA0040256824702841D001E0351
S3158001C7D891000037D933182149341C1A544120084D
S3158001C7E8DF41058082611D009A00910000679100F2
S3158001C7F800F7D9661401D9FF0411493E300A493D2B
S3158001C8083C0A493C181A49370C1A4935141ABA216F
S3158001C81854E254D354C45475545709664604F4AF44
S3158001C828AA114932201A8B810002542FAB91A0108C
S3158001C83854F85E2382407420BA244932380AAA44BD
S3158001C848BA54AA74BA33AA43BA53AA738B8300F229
S3158001C858ABE3A03F8B0301F2ABE3A03F542F8B845C
S3158001C8680002AB94A0405E23DA03742FDF2506808D
S3158001C8788BF60FF2AA068235DF5506808BF60FF204
S3158001C888AA068265BA77911000F7AA37D9FF523975
S3158001C898BA67AA5754FF5E43DA0574FFBA28493F37
S3158001C8A8101AAA48BA58AA7854FF5E33DA0574FF73
S3158001C8B8DF2206804C378240ABA0A02FBA52AA72DB
S3158001C8C88BB200F2ABD2A02F8B1201F2AB32A12F21
S3158001C8D8DA087E2F910000F7D9FF200109FFC608E3
S3158001C8E86E043BA000203C053B600120DA012CF94F
S3158001C8F88BE200F2493F2C0AAB62A12F8B4201F2EF
S3158001C908AA1254FF5E13DA0274FFD4AF74F874570F
S3138001C9183466747574C474D374E274410090ED
S3078001C926FFFF8A
S3158001C92891000027D922182149251C1A5452492FCA
S3158001C938201ABA42910000D7AA5291000037BA222A
S3158001C948D9DD1401AA3254FF8B820002D93304112E
S3158001C958ABA2A0204924300A4926181A49273C0A3D
S3158001C968492C0C1A492E141A54415463547454C5CB
S3158001C97854E7543809D646045E23823074F0BA23C4
S3158001C988492F380AAA33BA53AA638B8300F2AA635A
S3158001C998BA54AA6454FF3B8000005E2274F0DF25F6
S3158001C9A8048082168235DF55048082168265BA77BD
S3158001C9B8911000F7AB87A07FD9FF5239BA67AB8749
S3158001C9C8A07F54FF5E43DA0674FFBA28492F101AEE
S3158001C9D8AA38BA58AA6854FF5E33DA0474FFBA21B2
S3158001C9E8AA31BA51AA618BB100F2ABC1A01F8B11D2
S3158001C9F801F2AB21A11F020F8B810002AB91A0101E
S3158001CA088BE10002ABF1A0108B410102AB51A11061
S3158001CA18DF3403007E433B9000408B0401F2492FAB
S3158001CA282C0AAB94A04F54FF5E13DA0374FF743853
S3158001CA3874E734D674C574747463745274411DFF73
S3078001CA48C9FE9E
S3078001CA4AFFFF65
S3158001CA4C8645910000F7D9FF282001F500F609FFEC
S3098001CA5CC408007013
S30D8001CA60A00F01F400240090EF
S3158001CA688202DA1A7FF50780426761FFEDFF7F7FD1
S30B8001CA780300821200900A
S3078001CA7EFFFF31
S3158001CA808202DA1A7FF5068061FFE2FF3FF60380B4
S3098001CA9082120090F7
S30B8001CA948BA5A122009092
S3078001CA9AFFFF15
S3158001CA9C8202DF140A80910000F719F07ED0BA2049
S3158001CAACAA12BA30AA12910000F719FF7ED0EA12A7
S3078001CABC009061
S3078001CABEFFFFF1
S3158001CAC0911000F719F24A39910000F719FF7ED0CB
S3098001CAD0EA1200904F
S30F8001CAD4910000F719F27ED0009060
S3078001CADEFFFFD1
S3158001CAE0910000F7D9FF7ED054FF6E19910000277F
S3158001CAF0192F42E06E051E543B8000007E03DA0149
S3158001CB003C0E91100027392F082B1E189100002703
S3158001CB10392F8D601E13DA033C02DA0274FF00900E
S3158001CB208208910000F73B800090910000D7028A2D
S3158001CB30D9FC1031028ED9DD4AE082FB2010821C9D
S3158001CB40821D54CF910000F8D9FFC0A33FF952014D
S3158001CB5082003F0F4F01520001F002F6D4FFDC0F35
S3158001CB60911000F739FF082B910000F7538F21F0C0
S3158001CB70D9FF0C1110FF09FFC608910000F7864FF7
S3158001CB80D9FF282010F20920C2086F002F019100D9
S3158001CB9000F759FB76D0910000F7D9FF0001092FE4
S3158001CBA0C008ACF6092FC408ACF589F0100874FAF0
S3158001CBB040F2892A0405A84A28EA28FA911000F742
S3158001CBC0E9FA032B910000F7E9FAB85074CC911079
S3158001CBD000F739FF082B910000F7538F21F0D9FF19
S3158001CBE00C11911000E710FFD9EE032B910000473D
S3158001CBF091000057D94476D0D955000109F4C4086B
S3158001CC0014E56D005B17DF02F600DF12DC00DF3210
S3158001CC10EF00DF62EF8034ED1D00ED00910000F73B
S3158001CC20D9FF000140F46D009505DF02E400DF12B3
S3158001CC300600DF3252001D00DD0091000047D94415
S3158001CC40B850144F91000027D922ECF0EE3E40F502
S3158001CC504026A0170950480189604801FC7C445F41
S3158001CC6040F5646FDA01895E0405344F910000E76F
S3158001CC70D9EE76D0542474E4092FCA088BEF00F0DC
S3158001CC803C02C21F370F70F08F7F0001DF00FBFF70
S3158001CC906D00360E02246D006D1554E47F4F96802B
S3158001CCA0A2F43F24938074E49100002799241421EF
S3158001CCB03BE000506DFF14C8DF129C00DA0274CF8E
S3158001CCC054EF74FF1D00970054250924CC086D008C
S3158001CCD077181D008B0091000027392FB850EE750B
S3158001CCE0DA0191100027E92F032B9100002754F0D8
S3158001CCF0592076D074CF3C7E54DFEE036DFFC4C7D6
S3158001CD006D001E053C77910000E7D9EE1421D4E52C
S3158001CD1009504208DA965F0F598009504108DA3C7A
S3158001CD205F0F54801450DAA55F0F508040A46D00C8
S3158001CD3041098206D4E43B800040BBE0AF5C6DFFD5
S3158001CD40997609AFC8085F2F4180911000F739FFA6
S3158001CD50082B910000F7538F21F0D9FF0C1109A000
S3158001CD60C40810FF09FFC608910000F7864FD9FF56
S3158001CD70282010FF09FFC0085F0F288040A4D4E552
S3158001CD806D000409910000F7D9FF000140F209AF57
S3158001CD900A09892F040509AFC608ACF50CA389FFDA
S3158001CDA0100809AFC408ACF609AFC808ACF40CAEDC
S3158001CDB02CFE0CAF2CFF910000F719F0F0F0542FE8
S3158001CDC07E04DA0574CF3C16DA0874CF3C138214DC
S3158001CDD091000047D944ECF06D001209762BDF12E1
S3158001CDE00500DF3205003C0582183C0482383C028E
S3158001CDF0826854DFEE03DF08A67E7688DA0074CF78
S3138001CE00910000F782FF59FF76D002820090E2
S3078001CE0EFFFF9D
S3158001CE100B451088404C0B6710A88212DA1A7FF8EE
S3158001CE2045808F4820F0910000F7D9FF282010FD1A
S3158001CE3009D0C2083B00301026108F803FC002C443
S3158001CE406D004E20DF023380911000F7D9FF4639FD
S3158001CE5001FC02F6DA0274FF538C21F0910000F78F
S3158001CE60D9FF0C1110FF3B0040F009D1C20849F2ED
S3158001CE700A0A261F8F6F3FF06CF48F1100F1C21FD3
S3158001CE8089FF140809DFC008ACF2A838F4FCDF1B5F
S3158001CE900480B42A3C0409DFC408B42FA8490BBC1A
S3138001CEA010486D0035208202009082120090AB
S3078001CEAEFFFFFD
S3158001CEB0911000F739FF082B538F21F0910000F76D
S30D8001CEC0D9FF0C1110FF00706F
S3158001CEC88208910000F7D9FC183154CF3E89DF1FBB
S3158001CED83200DF5F5400DF6F74001D0081009110FE
S3158001CEE800F739F0082B910000F7538021F0D9FF1C
S3158001CEF80C1110FF09F0C608910000F78640D9FF8A
S3158001CF08282001F00026910000F7D9FF0001092F9A
S3158001CF18C008ACF6092FC408ACF5092FC20889FFE9
S3158001CF281008028F74FF6CF1ACF42CFE2CFFDA0129
S3158001CF3874CF61FFBBFF910000D7D9DD0001910055
S3158001CF4800E7D9EE7AD009F4C408910000F739F5DB
S3158001CF58B95040E440D56D00AD15DF024200DF12BD
S3158001CF680700DF320A00DF6226003C39DA0574CF12
S3158001CF7854DF74EF3C3582383C33910000F7D9FF92
S3158001CF88000140F46D00E203DF022B00DF12050089
S3158001CF98DF3208003C2409FF50082E3782283C20BE
S3158001CFA861FF84FF483F5E54DA0674CF3C19DA0183
S3158001CFB874CF910000F7DA01E9FFB9503C1191006D
S3158001CFC80047D944000161FF71FFD4F509F4C80807
S3158001CFD809F5CA086D00BE0602283C028268768C6D
S3158001CFE8DA0074CF910000F782F059F07AD0910077
S30F8001CFF800F7E9FFB95002820090AC
S3078001D002FFFFA7
S3158001D0046100120039FF082B91000047538F21F0EC
S30F8001D014D9440001102FD4F50070F5
S3078001D01EFFFF8B
S30D8001D02014FF538F21F000700B
S3138001D028911000F791000027D9220C1100709B
S3078001D036FFFF73
S3158001D038910000F7D9FF0C312010F802820854F0CC
S3158001D0485F080D00DF104700DF403101DF508101A5
S3158001D058DA085F0F8F011D00AE01911000F782F08B
S3158001D06859F04C1961FFDEFF39F1082B538121F004
S3158001D078102F9100002709F1C608D9222820864158
S3158001D088910000F701210026D9FF0001092FC00868
S3158001D098ACF6092FC408ACF5092FC20889FF100818
S3158001D0A8028F74F06CF1ACF42CFE2CFF911000F712
S3158001D0B859FF5619911000F759FF5219911000F727
S3158001D0C8F9FF5019911000F7E9FF042BD802DA010C
S3158001D0D874FF911000F7D9FF082BF801910000F72A
S3158001D0E8D9FF0C11F4AF910000C7D801911000D770
S3158001D0F8D9CC0001D9DD042B61FF90FFD4A2911010
S3158001D1080047D9444C19102F14D509F4C40840C5D1
S3158001D1186D00D014DF025001DF120800DF326C0087
S3158001D128DF62C1001D00470149CD100A14DF8F8FC8
S3158001D1380001F608D80161FF71FFD4AF10FF483F9F
S3158001D148DE37D80161FF6AFFD4AF10FF483F760307
S3158001D158DF3F0A0109F0C608910000278640D922D7
S3158001D1682820012000F609F0C40889C08A089100A0
S3158001D17800E7D9EE282049CF0A0A14D05E378F8076
S3158001D18840F134DFDA00B4FF3C048F700FF134DFED
S3158001D1988204910000273B004050992414216D0098
S3158001D1A8AD1E09A2840914D0142FD4A2538F21F05D
S3158001D1B81022092FC608864F10E40941C2086F015B
S3158001D1C805008F1040F13C038FE00FF16F41040099
S3158001D1D896103C0216EF34DF6F510B00962034DF30
S3158001D1E84C23DF3F3700094FC408B4FF3C3216DFB2
S3158001D1F834DF3C2FD80161FF11FFD4AF910000E7DE
S3158001D208D9EE282010FF49C40A0A09FFC60849CD64
S3158001D218100A864F10E28200092FC008ACC6092F72
S3158001D228C408B44F092FC20834DF82FF89C00409B4
S3158001D23874CF483F5E3514DF960834DFB440020464
S3158001D248910000F73B00405099F414216D00561E59
S3158001D25840C46D00810A82F009CFC808911000F791
S3158001D268C60F59FF5619D80109C0CA0861FFD6FEEB
S3158001D278D4AF10FF09FFC608864F10EF09FFC20811
S3158001D288162086BF6E0614DFAE34C2C03700700022
S3158001D298911000F7F9F05019D802DA0474FF1D00CD
S3158001D2A88B00DA0134DF1D008700911000C7D9CCC5
S3158001D2B85219911000F754C0B9FF5019910000F71F
S3158001D2C8A20FD9FF0C11370F70F0F803911000E700
S3158001D2D8D9EE082B8B0F309314EF911000D7538F0B
S3158001D2E821F0D9DD561910FF769ED4FF029454D5C4
S3158001D2F8820601F000466DFFD77374D254CF42F986
S3158001D30874C93C59483F5E3D910000278204B9257E
S3158001D318080182FFD4F4C6F502466DFFC57374D23F
S3158001D32891000047D944000154D44C417E45544F5D
S3158001D3381EF3DA053C02DA08D80274FF14EFD80323
S3158001D348538F21F010FFD4F56D008C093C3461FFB1
S3158001D35857FE6D001704DF022F00DF120500DF324A
S3158001D36805003C2882183C27D802DA0874FF3C233A
S3158001D37861FF46FE6D00B018DF021E00DF1219003C
S3158001D388DF320800DF421500DF521300DF621380A7
S3158001D398910000F7D9FF140109FF47046E07C2FF00
S3158001D3A834FFDA00D80274FF3C0682383C0402282E
S3158001D3B83C028268768B910000F7D9FF1401DA0363
S3138001D3C889FF0704DA00D80274FF0282009002
S3078001D3D6FFFFD0
S3158001D3D8910000F899FFACB2BCF32D0F00009110B3
S3158001D3E80027D9227889802FC27F910000F7B70F4D
S3158001D3F803F059FF1421DA00910000F7E9FFBB50C9
S3158001D408910000F7910000C759FF46E0D9CC4AE060
S3158001D418911000F774CFD9FF4639A02264FFFC2FFB
S3158001D428910000F759FF42E06D0060006D003600FB
S3158001D4386D004A006D009E0A0228911000F7D9FFF7
S3158001D448092B01F800F614FF6D00C41053CF20F0A4
S3158001D458910000F7D9FF2C0110FF481F5E2802842E
S3158001D4686D00C20B02846D00B5143C0F910000F764
S3158001D478D9FF18215E3502846D0074113C0402843B
S3158001D4886D00741174F26812910000F7DA0159FF80
S30B8001D4987ED074CF0090E6
S3078001D49EFFFF07
S3158001D4A0BBE0FFFA911000F79BEFAFFCD9FF5A1949
S3158001D4B0C502190064FFFC2F911000F7D9FF052BD7
S30F8001D4C0DA00A01224FFFC2F009071
S3078001D4CAFFFFDB
S3158001D4CCDA00910000F7D9FF0C11A002A024F4F226
S3158001D4DCACF2ACF56CF389FF140849FF180AFC48C9
S3078001D4EC009027
S3078001D4EEFFFFB7
S3158001D4F0910000F7D9FF1821DA0074FF49F2040A76
S3158001D500642F642F642F642F82F8685849F21C0AAD
S3158001D510642F642F642F642F642F642F642F49FF37
S3158001D5203C0A64FF64FF64FF64FF64FF64FF64FF79
S3158001D53064FF64FF64FF64FF64FF64FF64FF91100E
S3158001D54000F7D9FF523974FF3BF00F9028499100BB
S3158001D55000F7D9FF041174FF6CF191000047D9449B
S3158001D56000016D000B11DA00910000F7D9FF14015B
S3158001D5702CF882302870ACF22CF6B4FFACF1910015
S3158001D58000F7D9FF20012CF8ACF274FFACF39110AF
S3158001D59000F7E9F0082B911000F7E9F0072B9100CD
S3158001D5A000F7D9FF2C0191100027D922092BA0144D
S3158001D5B06CF174F8288949FF0C0A242FFC4A0090E3
S3118001D5C0910000F7DA01E9FFBB500090F2
S3158001D5CC024882746DFF66FA022F827402856DFFA2
S3158001D5DC5DFAEE027623821200908205A004025631
S30D8001D5EC823702841DFF10FC49
S30F8001D5F4910000F719FF4AE000706C
S3078001D5FEFFFFA6
S3118001D600864801D800F6482F74CF0070D0
S3158001D60C0C568F8F20000C57A6F089408608007027
S3118001D61C61003600864801F800F60070B7
S3158001D62809FF500809F0CA088F0F021186B10070E8
S30F8001D63861002800864F10FF007084
S3078001D642FFFF61
S30F8001D644910000C7D9CC14010070D3
S3078001D64EFFFF55
S30F8001D650910000F7D9FF2820007031
S3078001D65AFFFF49
S30F8001D65C91000047D944BD500070CB
S3078001D666FFFF3D
S30F8001D668910000F7D9FF2001007040
S3078001D672FFFF31
S30F8001D674910000F7D9FF2C01007028
S3078001D67EFFFF25
S30D8001D68061000A0014FF00702D
S30F8001D688910000F8D9FF8CB2007002
S3078001D692FFFF11
S30F8001D6946100060001F200F6007045
S3078001D69EFFFF05
S30F8001D6A0911000F7D9FF092B0070E5
S3078001D6AAFFFFF9
S3158001D6AC61FFEAFFC21F370F68F061FFDFFF53CFBF
S30D8001D6BC20F010FF088F0070B9
S3158001D6C414FFC21F370F68F0910000F739F0BA5082
S3078001D6D400705D
S3078001D6D6FFFFCD
S3138001D6D853CF20F061FFCCFF10FF481F00707A
S3078001D6E6FFFFBD
S30F8001D6E8910000F7D9FF14010070CC
S3078001D6F2FFFFB1
S30F8001D6F4910000F799F414210070EB
S3078001D6FEFFFFA5
S3138001D700BBE0AF5C09F4CC089BE5FF5A0070D4
S3078001D70EFFFF94
S30F8001D71091000028D9228CB2007026
S3078001D71AFFFF88
S3158001D71C02486D00EF08864261FFB2FF01F200F606
S3138001D72C481FA28F92128B82A0F2EA02009011
S3078001D73AFFFF68
S3158001D73C6DFF3EC2DF220500F6241DFF49F80090DD
S3098001D74C1DFFEEF850
S3158001D750910000C7D9CC1821201089A4840949CF0A
S3158001D760141AF802DA089100002809C014198208EF
S3158001D770D922D8C33F0FEB01028F3FF0E8015AF05F
S3158001D7809022D422DC02D801028054FF6CC391001E
S3158001D79000F759F054E0910000F7E9F0876061FFE6
S3158001D7A0A5FF89F082043B900120D80109F1CC08BC
S3158001D7B061FF50FF0B0280308B0380F2CA1386F320
S3158001D7C04203370370F08F4F203001F3002609237F
S3158001D7D0C0085F130C007F3105806E0892F23C040D
S3158001D7E0C21F370F70007F02E7FFD8013B00400060
S3158001D7F09100002709FFCA080B0F9051F92552E0C5
S3158001D80061FF7AFF02846D007D1BD802DA0174FF05
S3158001D810D8019100002791000047D92252E0D944CE
S3158001D820142149CC0C0A61FF01FF76151608CAC07E
S3158001D830370070008B2020F3B42F3B00015054C475
S3158001D840D4446DFF4DC2DF129001D802DA0740C47D
S3158001D8503B00014074FF82156D0070081D00860132
S3158001D86061FFCAFEEE036DFF0FC26DFF69FF1D00EA
S3158001D8707D01911000F7D9FF072B14FFDF0F60019F
S3158001D880C2FF34FFDA00D80274FF1D006F01DF503A
S3158001D8900680D802824974F93C07D802DA0274FFFD
S3158001D8A0D80109F9CA0849CD0C0A54D46D00280853
S3158001D8B0022A09C404056D00230854D054C17F018E
S3158001D8C004803A2AAA3861FF11FF09F1C204910046
S3158001D8D000F7B9F252E042217F91480161FF1AFFB8
S3158001D8E08F4A20F0102F483F3FF0408161FFDAFEDA
S3158001D8F001FA00F661FFE8FE7F0F278161FFEEFEE8
S3158001D9001E23DF3F2281088F864F102F482F74DF19
S3158001D9101D002C01910000F7D9FF54E0F4AF91006E
S3158001D92000F7D9FF876014FF910000D7910000E7C7
S3158001D930D9DD1421D9EE52E0D4D409E4C008EE1120
S3158001D94009A2840982FF49440E0A82060925C8086C
S3158001D950C6F56DFFAD70D4A2DA01742234FF3C079F
S3158001D960D4AF820654F56DFFA37074F2910000273F
S3158001D970D9221401092FC20409E0C008420FB42F2D
S3158001D980D80161FF53FE7615AE34C2C037007000F0
S3158001D990092FC0087F0F2180A2F049CF0C0A3700DA
S3158001D9A070F08B0F30F3B4EFF4AF54F46DFFB8FE23
S3158001D9B009EFC0087FF2068054F46DFFB1FEB4E230
S3158001D9C054F4D4D409E5C0086DFF8AC1DF12CD00B5
S3158001D9D0DA071D008900D4AF54F0D801481F5F0FC4
S3158001D9E09500DF019B00D802DA0474FFDA00B4EFF8
S3158001D9F0B42F1D00BB00910000E7D9EE52E009E08B
S3158001DA00C008DF0025000204910000F7DAFF9100CB
S3158001DA100047ABFFBFF4D9FF58E042F4D944140163
S3158001DA2082019100002754F2992214210943C204EC
S3158001DA3060441A310424863F8B8F01F10FF4004034
S3158001DA40C211A64237016810FC4574F2910000D7D5
S3158001DA50D9DD140109DFC20442F0B4D009DFC00860
S3158001DA60FF4F4B808B4F00F1B4EF49CF0C0AF4AFD7
S3158001DA7054F46D00450754F061FF4CFE8F4220F04F
S3158001DA8009E1C008102F481FA20FC21F0B1F90F17A
S3158001DA90370F7050482FFE0B09DFC008EE18D801EA
S3158001DAA009FFCA08C2EF1607DE3261FFEBFDC2FF2E
S3158001DAB0370F68F053CF20F061FFDEFD10FF82152E
S3158001DAC0088F864F102F481FD4AF74FFB4E591009D
S3158001DAD000F7D4A299F4142154246DFF01C1DF12F9
S3158001DAE04400DA06D802820574FF09E4C008D4A48A
S3158001DAF06D0024073C3A910000F791000027192F09
S3158001DB0058E019F054E07E09D80109F4CC0854F59F
S3158001DB106D00561182183C29910000F719FF42E0E9
S3158001DB205E2E911000F739FF082B538F21F091005B
S3158001DB3000F7D9FF0C1110FF483F1E56D80161FF2F
S3158001DB40E1FD6D003D1182383C10910000F739FFEF
S3158001DB50BC505E1AD801BBE0FF5A9BE5AF5C09F465
S3158001DB60CC086D002D118268768DD802DA0082305C
S3158001DB7074FF911000F7E9F0072B910000F759FF28
S30B8001DB8058E002820090CC
S3078001DB86FFFF18
S3158001DB88910000D7D9DD1821201089A5840949DF9C
S3158001DB980C1AF4AF8208404C09DF0C193E8E9E158B
S3158001DBA8DF2F9300DF3F3600DF4F5E00DF5F8D009A
S3158001DBB8DF6F93001D00C70061FF94FD822089F005
S3158001DBC882048210D4AF74F0DAFF910000F7E9FF7E
S3158001DBD81A0149DF080A54C474F49100002709C060
S3158001DBE8CA08992414218BE00000370070008B0045
S3158001DBF821F302F56DFF9ABFDF02A580D4A202F454
S3158001DC0840F48220742082156D0094061D009C00C4
S3158001DC18DA0474FF910000F7B9FF160109C0CA0832
S3158001DC287F0F228049DE080A54E46D00650661FF8C
S3158001DC386DFD8F4220F054E0102F483F3FF014804D
S3158001DC4861FF26FD61FF3CFD3F0F048082383C0B56
S3158001DC5861FF40FD1E23DF3F6D80088F864F102FA1
S3158001DC68482F74EF61FF3EFD086FEE6309F0C20825
S3158001DC7809CFCA087FF06080A20F49DC080A370FEE
S3158001DC88709054C46DFF48FD7F92078054C46DFF20
S3158001DC9843FD3702709009A2840909FFC2080295DB
S3158001DCA854C410246DFF42BFDF024D80D4A2029472
S3158001DCB840C4DA05742F82156D003C0609FFC20837
S3158001DCC842F9A8193C4061FF93FCEE036DFFD8BF6A
S3158001DCD86DFF32FD3C3861FF05FD086FEE2A49DE8E
S3158001DCE8080A54E46D000806022F09D404056D005C
S3158001DCF8030654E054D17F010380BE2B09F0C20884
S3158001DD0809C1CA087F10188061FFC8FC10FF61FF2E
S3158001DD18D7FC7F0F0F8061FFDDFC1E225E3A088FDC
S3158001DD2861FF88FC482F74EFDA04D4AF74FF3C0B8B
S3158001DD3882383C0909C4CC0854C56D003D10821847
S3158001DD483C0282687684D4AFDA0074FF028200903E
S3158001DD582010910000F7F4A4D9FF1821F80149F29F
S3158001DD68101A89A28809820909F01019029F024BA3
S3158001DD78025C0298029D821A3E0E02A15F016A0028
S3158001DD88DF20A100DF30BC00DF40C200DF50CC00BD
S3158001DD981D00EC0061FF54FCB4CFD4AF54FFD80109
S3158001DDA88BEF004074F46D00A705022454F361FFDC
S3158001DDB875FC01F400F614F1910000F739F2BA50B6
S3158001DDC861FFA4FC8F4420F0102F483F5230C210C7
S3158001DDD83F0B2C8091000047D9442C018F4420F0B9
S3158001DDE8102FC211483F37016810A23FC21F42F85F
S3158001DDF853C120F037087080104FC21A08840B8BE4
S3158001DE0880008F4420F0102F370A68A0483F4823A6
S3158001DE18A23FC21F7FF0058042B3A283821DDF0D18
S3158001DE28DF7F7F2ADDFF3C0242B38644012400F668
S3158001DE38483FA23FC21F0BCF90F189CF8404D801F6
S3158001DE4874F3FF2B8F80D802DA0174FF1D008F00CF
S3158001DE581ACB370F700002B8BF3007808B2B0001B1
S3158001DE68370068003C03370C6800405C910000D796
S3158001DE78D9DD140149DE040ABF101C00600FB0FF0A
S3158001DE888214D4A2820509A48409012800260C2EAD
S3158001DE9824CF6D004F0509DFC008C218C21FB4DF41
S3158001DEA83708708009DFC408C2FFB4EFFDF0EA7F46
S3158001DEB8910000F7B9FF1801EE54D802DA0574FF0C
S3158001DEC83C5561FFBDFB09CFC00809C5C40810547C
S3158001DED854F46DFF01BFDF121100DA0389FF1019AF
S3158001DEE809C4C40809CFC008424FB4CF821509A412
S3158001DEF884096D001F053C3A82693C3861FF78FBCD
S3158001DF08EE036DFFBDBE6DFF17FC3C30911000F727
S3158001DF18D9FF072B14FF6E29C2FF34FFDA00D80216
S3158001DF2874FF3C2461FF8CFB09CFC0087EC382192C
S3158001DF383C1D54F46D00E00461FFB6FB61FF7AFB7A
S3158001DF4809A2840948207420483FA20F09C0C00845
S3158001DF58C21FA20C370C70000BF090F189CF840494
S3158001DF68D802DA0274FF3C0282397699D802DA003D
S3158001DF7874FFDA03911000F7E9FF072B02920090EC
S3158001DF880C5A8F8F01000C5B8F0F01F0A6F00C5C89
S3158001DF988F8F00F0A6F00C5DA6F089400A090C5E09
S30D8001DFA82C4E0C5F2C4F0090FA
S3158001DFB00C532C430C548F8F20000C55A6F08940AE
S3158001DFC0840861FF25FB0C588F8F20000C59A6F021
S30B8001DFD0894088080090DB
S3078001DFD6FFFFC4
S3158001DFD8145F8F8F20000C51A6F0B4400C522C424E
S3158001DFE80C532C430C542C440C552C4561FF0CFBCB
S3078001DFF8009010
S3078001DFFAFFFFA0
S3158001DFFC2010910000F789A48809D9FF1821F8010E
S3158001E00C49F2300A89A28C093BA0010048CF02480B
S3158001E01C910000F88209D9FFECA33FF0AF02029080
S3158001E02C3F0FAC02520001F002F6D4FFDC0F9100D7
S3158001E03C00C7D9CC2001029040C28920840491006A
S3158001E04C00D7D802D9DD85609110002754F174C1AF
S3158001E05C34D0DA015920809909AE84096CEC09E433
S3158001E06C04056D00470491100027D922092B012242
S3158001E07C00F6DA0014F8D8016CF72CC954E46DFF5C
S3158001E08C49FBDA103FF20A8061FFF0FA53C820F09F
S3158001E09C10FF481FDF2F730253C820F09100002711
S3158001E0ACD9222C01102F481FDF3FAB81C2183708AC
S3158001E0BC6840910000F739FFBA503FF40E80C2FFD9
S3158001E0CC370F684053C420F0102F08886D009A07CB
S3158001E0DCDA0134DF3C0B53C420F0102F481F08881B
S3158001E0EC5E13DA193C046D008D07DA18D80374FFB8
S3158001E0FC61FF90FA482F74EF1D004102D8029100FE
S3158001E10C00D7D9DD200109F0CA0809D1C4088BE0F2
S3158001E11C000049DE040A7F013F0049DC060AA21091
S3158001E12C3C02C210370070008F7000F1EEFB3B0091
S3158001E13C40F0D8010BF090F1B4CF09F404056DFFD2
S3158001E14CE9FA09DFC6087FF20380B4C2DF025901FE
S3158001E15C54D46DFFDFFA09DFC6087FF20380B4C29F
S3158001E16C61FFC4FA54D409D5C6086DFFB3BDDF125D
S3158001E17CD400D803DA0240D4821574FF09DFC408AF
S3158001E18C09D0C608420FB4EF09D4C6086D00D00376
S3158001E19C1D00F501D801487F1EF6D803DA1074FFED
S3158001E1AC1D00ED01D80240A409F4CC086D006A1655
S3158001E1BC762C09AFC008864F61FF46FA10FF09FF1E
S3158001E1CCC2086F0F11003C0409FF50082E0C49D26E
S3158001E1DC080A142FEE08DF180780D80374FFDA01BA
S3158001E1EC342F3C028219D80209F4CC08910000F72D
S3158001E1FC19F54EE06D00DE0D1D00C10161FFF6F9CA
S3158001E20CEE036DFF3BBD6DFF95FA1D00B80109A4A8
S3158001E21C88096D00DB0109AD8409910000C73B803B
S3158001E22C0050D9CC1421D4C409D404056DFF60BD2A
S3158001E23CDF127300D80154DF91000027592F4EE06D
S3158001E24C8B8F00F06CF761FF05FAD4CF3B800040D1
S3158001E25C49F5080A6D00481661FF02FA09FFC608DE
S3158001E26C3B00014040D48B0F1FF089FF860491102F
S3158001E27C00F719FF809982158B0F01F059FF809950
S3158001E28CD801DA056CFC54DF6CF26D0051031D006C
S3158001E29C760161FF2BFA911000C7D9CC809954C0B5
S3158001E2ACDA107E0861FFDCF9089FEE044944100AF6
S3158001E2BC3C0561FFD5F9DA012CF909AD840909F51B
S3158001E2CCC60809D404056DFF13BDDF12260009F4B7
S3158001E2DCC60854CF821540D4424F74CFDA0BD8017D
S3158001E2EC6CFC54DF6CF26D0023031D004801D801D0
S3158001E2FC49FC1C0A54C461FFADF93B8000506DFF8B
S3158001E30CF7BCDF120A0054CF6CF282FF74CFDA119C
S3158001E31C6CFC1D003401D80261FFEEF96D004A0DCB
S3158001E32C1D00F300D80149FC1C0A54CF1EF461FF71
S3158001E33CDDF93C0361FF8EF9D8013B8000504824FE
S3158001E34C6DFFF2BBDF02E18054CF1EF6D803DA08EB
S3158001E35C74FF1D001401D803DA1474FF1D000F011C
S3158001E36C61FFC4F991000027D92220010C29EE0303
S3158001E37C4944100AD8010925C60848246DFFD4BB27
S3158001E38CDF02C380D803DA0E74FF1D00F8009100FA
S3158001E39C00F7D9FF866014FF6E08C2FF34FFDA00DE
S3158001E3ACD80374FF1D00EB00D80261FFA5F96D003F
S3158001E3BC010D1D00E300910000C7D9CC200154C486
S3158001E3CC6D0098028F4220F0910000D8D9DD8CB275
S3158001E3DC10DF54C0483F3FF0088061FF63F9864FD8
S3158001E3EC10DF482F74CFD80109F404056D00820221
S3158001E3FC864254F001D200F6483F3FF0BB80D803E9
S3158001E40CDA1774FF1D00BB0009AC840909C4040525
S3158001E41C6D007002022F823502F46D006F06DF02E9
S3158001E42CAE0091100027D922092B1022142FC21F5E
S3158001E43C370F684091000027392FBA503FF4058079
S3158001E44CC2FF370F684061FF11F953C420F0910068
S3158001E45C00D8D9DD8CB210FF481F08886E025E4643
S3158001E46C6D00D00561FFC8F83C765E1461FFC4F877
S3158001E47C3C316D00C70561FFBFF8910000F7DA01E9
S3158001E48CE9FF85603C686D005305DF127880910049
S3158001E49C00F739FF85606E1E61FFD6F8C50C190031
S3158001E4ACBBE0FF5A09F4D0009BE5AF5C6D00820C92
S3158001E4BCFCC8DA00910000F7D9FFBA503C08370F37
S3158001E4CC68406D000509C21F370F70F014F03F0FBD
S3158001E4DCF8FFD803DA1974FF3C51D80109F4040505
S3158001E4EC6D000802022802846D00720C822502845A
S3158001E4FC6D000406DF024300DF122780910000F7CE
S3158001E50C39FF85606E0382693C3961FF83F891100E
S3158001E51C0027192F809948206E1209A28809092192
S3158001E52CCA088BE10010A2F142103C02C2108F7016
S3158001E53C00F1EEFD483F0BF030F1EAF0D801DA1A22
S3158001E54C68606CFC3C1B61FFA7F801F800F614F4BB
S3158001E55C6D005805D803DA1874FF3C10D80109F4FC
S3158001E56C04056D00C701825502246D00C705762608
S3158001E57CD803DA0174FF3C028239769DD803DA001E
S3158001E58C74FF910000F7E9FF2801DA03910000F787
S30D8001E59CE9FF866002920090FE
S3158001E5A4094FC008868F345F094FC0082C510C422D
S3158001E5B42C520C432C530C442C540C452C55094F8A
S3138001E5C4C608868F2C56094FC6082C57009024
S3078001E5D2FFFFC2
S3158001E5D491000027DA00F92F140191000057D955CB
S3158001E5E41421D452DAA5342FD45FDA3C2CF1D45FCA
S3158001E5F4DA962CF2D45F094F50082CF3D45F094F75
S3158001E604CC08868F2CF4D45F094FCC082CF5D45FC3
S3158001E614094FCA08868F2CF6D45F094FCA082CF78E
S3158001E624D45F094FC808868F2CF8D45F094FC80870
S3158001E6342CF9D45F4C418F8F1EF02CFAD45F4C4158
S3158001E6448F0F1FF02CFBD45F4C41068F2CFCD45FBB
S3158001E6544C412CFDD45F0C4E2CFED45F0C4F2CFF09
S3078001E66400909D
S3078001E666FFFF2D
S3158001E668404691000047D94414018206B446910078
S3158001E6780077D9771421D47F8F841EF02CFAD47F22
S3158001E6888F041FF02CFBD47F8F841FF02CFCD47F42
S3158001E69828D489640409096F500816086E038220F4
S3158001E6A83C030960CA08911000C7D9CC082B14C14C
S3158001E6B8910000D753812110D9DD0C11910000E713
S3158001E6C801D10026D9EE28200921C608864101E113
S3158001E6D800260921C2088F01021186B17614CAC0A3
S3158001E6E8370070008B202043026FBF141A006042E6
S3158001E6F8B0F2D47F0960500810FF49FF0E0A6F30C7
S3158001E708040034F63C07145034F00940C008C2109E
S3158001E718B440C21FB015370F70F0FD20EC7F14CFBF
S3158001E728538F21F010DF09FFC608864F10EF09FFC6
S3158001E738C208162086BF6E0ED47F82FF0965C80877
S3158001E748911000C7C6F549F40E0A6DFFAD6959C225
S3098001E758423900902B
S3158001E75C820691000027F9261401910000D7D9DD94
S3158001E76C1421D4D2DAA5404C3B800040342FDA3CBC
S3158001E77CD4DFBBE0AF5C2CF1DA96D4DF2CF2D4DF9C
S3158001E78C09CF50082CF3D4DF09CFCC08868F2CF413
S3158001E79CD4DF09CFCC082CF5D4DF09CFCA08868FF4
S3158001E7AC2CF6D4DF09CFCA082CF7D4D46DFF5C695B
S3158001E7BCD4DF8F823FF02CF8D4DF289289C2880867
S3078001E7CC009034
S3078001E7CEFFFFC4
S3158001E7D08208910000F70289910000C7028DD9FF56
S3158001E7E02C01821AD9CCBA50822B3C4F481FDF1F8D
S3158001E7F0488091100027D922849901280146094031
S3158001E800C008FFA03E8008889100004801280126A3
S3158001E8108F4820F0D9448CB21044092FC008544C3B
S3158001E820063F910000278B8F00F0D92D383142FCAD
S3158001E83074DA820E910000E7D9EE4AE054DF1E15A4
S3158001E8401E2D9E339E473C183B80005002C46DFFAF
S3158001E85061B9DF12120074DB3C0F54EFEE036DFFDA
S3158001E86013BA6DFF6DF73C08822502846D004C0456
S3158001E8707623821E74DD54EFEE03DF0EE17FC2192B
S3158001E88049FF0C0A3709689014CF3FF9B1FF009010
S3158001E8903BF00F20910000470220394FBA50820188
S3158001E8A091000027D9222C01402FBF1F200060F440
S3158001E8B00223B0F40224481F5E3208825E22088257
S3158001E8C05E175F3206800B3000512B1050056E02A9
S3158001E8D05E465F4205805F4003800882C21149FF20
S3158001E8E00C0A37016810FD40E87FDAFF7E263E0577
S30F8001E8F053C020F0102F088200901B
S3078001E8FAFFFF97
S3158001E8FC91000027392FBA503BF00F20910000F878
S3158001E90C8200D9FF8CB28EFA60F2B0F254FF3FF4DA
S3158001E91C0780481F3F4F048002020090C21049FFB6
S30F8001E92C100A37006800FC230090F2
S3078001E936FFFF5A
S3158001E938404C54C902480294025A6DFFDDFFDAFF42
S3158001E948BE2676A83C04C218370870808F7800F1F5
S3158001E958EEFB428974C98642910000F8D9FF8CB2D0
S3138001E96801F200F6483F0BF990F174CF009052
S3078001E976FFFF1A
S3158001E9782038DA0040AF82F8A0122CF42CF52CF658
S3158001E9882CF72CFC2CFD74F8682849FF100AFC2604
S3158001E99840A46D009701910000C7D9CCBA5014C71D
S3158001E9A8820649AF200A40A2DF072F000270DAFFEC
S3158001E9B8ABFFBFF042F0600482408231822282132B
S3158001E9C80264542574F528860C2D1E130C276E03B4
S3158001E9D868103C100C266E0368113C0D0C256E03DD
S3158001E9E868123C090C246E050C2CEE0368133C0353
S3158001E9F8681474F8C21649FF0C0A370668604922FA
S3158001EA08100AFD40E07F82F291000057820391004F
S3158001EA1800D7D95546E0D9DD2C01545440DFDF07AC
S3158001EA285B00027091100067DAFFD966092BABFF8C
S3158001EA38BFF042F060073BD000503BF00F6074F89E
S3158001EA48027F49A2200A0261AAF1421F60F482006C
S3158001EA5854213F1208804C213E55DFF104000212F1
S3158001EA680206C21049220C0A37006800FC42DAFF06
S3158001EA78FE65820049A2200A0271ABFFBFF142F10D
S3158001EA886014DFF206804C213E5302063C07C21011
S3158001EA9849220C0A37006800FC4553C620F010A2AB
S3158001EAA84922200A0C282CF84024094F04056CF1C8
S3158001EAB8542074F0481F6E03BA4F6A04088F82F295
S3158001EAC849FF0C0A10623423C21374453703683030
S3158001EAD8FD70B57F7454821949DE0C0A40EFBF2751
S3158001EAE81C80481F088ADE1053C920F010D2092FCE
S3158001EAF838F95E3A3C036DFFC3B8822502A46D00DE
S3158001EB08FF02DF02FA7FC21914CF3709689049FFDD
S3158001EB180C0A3FF9E8FF6DFF59FE6DFFB7FE022328
S3158001EB28910000278F4320F010AF8244482F592F38
S3158001EB38302114C553C520F010DF49F434FA025147
S3158001EB4840E5C2F140E682008216BF11490060178E
S3158001EB58B0F74C511E23DF3F3A8053C620F010D2BE
S3158001EB68492F34FA481FDF2F3200DF3F30000B650B
S3158001EB788020911000C7DAFFD9CC092BABFFBFF2F1
S3158001EB88088042F2406F6023026153C120F054F23B
S3158001EB9810D2892234F9481F892F38F9088F892F8D
S3158001EBA83CF810C29AF149FF0C0AC211342F370179
S3158001EBB86810FD30EC7F01C000F68944040989405C
S3158001EBC8080874489AF534FF8210C21649550C0A0A
S3158001EBD83706686049660C0AFD70BD7FDF00B1FFA4
S3098001EBE802320090DE
S3158001EBEC02482018820940A46D00C205910000F7E5
S3158001EBFCBBF0FFAFD9FF1821821B910000D7BBF068
S3158001EC0CFFCF49FC241A822DD9DD4AE054CF6E05FB
S3158001EC1C1E1BDF2F33003C4989AA8C0802846D00A8
S3158001EC2CA30574F274CB40A46D00D808DF023F00B3
S3158001EC3CDF123C8009AFCC08BEC654AF09A0CA0806
S3158001EC4C420F8BEF00E03C02C21E8F7E00F1EEFD7F
S3158001EC5C74FE02846D0084057FE20E8002846D0051
S3158001EC6C7F053C08486F1EF374FF3C0502846D00DA
S3158001EC7C7B0574F274CD3C1A40FE54FF89EF040572
S3158001EC8C488F54E08B8F00F07FF00E8074EF0284F6
S3158001EC9C6D0066057FF2068002846D00610574E263
S3158001ECAC54EF74FF82193C02826954DFEE03DF094B
S3118001ECBCAF7F7693DA0074CF029200904D
S3158001ECC8823C911000D7D9DD072B34DC820891006C
S3158001ECD800F7D9FE3431910000F774E8D9FFBA50AC
S3158001ECE82010F8020289404C028B14F082FADF0068
S3158001ECF82001DA0A54E0910000F8D9FFFCC33F0FDE
S3158001ED080F01DA003FF00C015AF090FFD4FFDC0FB7
S3158001ED188F4920B001CB00F682FF40F2892804048E
S3158001ED2840F28928050440F28928060440F2892898
S3158001ED38070428C828D853C9200074FF6CF29100AB
S3158001ED4800F7D9FF2C0101F000F6820474FF2888A8
S3158001ED5868143B000650910000F899F4E8A36D0009
S3158001ED68CD10911000F7D9FF849901F901F6821027
S3158001ED7874E0DA00B4FF910000F8D9FF8CB201FB88
S3158001ED8800F682FA54FBC28BC21A370A48A0DA0BFC
S3158001ED987FFA0F008B8B00B03B80005002B46DFF69
S3158001EDA8B5B6DF12BB00DA0274EF1D00BE00DA07C2
S3158001EDB874EF1D00BA0002B4910000F83B80005040
S3158001EDC899F4E8A36DFF88B7DF12AA00DA0474EF15
S3158001EDD81D00AB0040A4910000F899F5E8A36DFFEA
S3158001EDE8F9F8BBE0AF5C09AFC0085F5F6E80028649
S3158001EDF840A482646DFF3A6609AFC6085F2F6580B5
S3158001EE080CA38F0F01000CA48F8F00F0A6F00CA520
S3158001EE18A6F00CA21E151E241E331E5D3C1C8F49AE
S3158001EE28201001C100F654F17F100480DFF11480AF
S3158001EE3874F03C118F492010910000F801C1002619
S3158001EE48D9FF8CB201F100F64821B7011810A60145
S3158001EE58892108091E1A9E289E3FDF4F2600DF5FFB
S3158001EE683400DF6F2A003C2F8F4920F010CF09FF2D
S3158001EE784404C21F34FF911000F7D9FF849901F920
S3158001EE8801F6B4FA3C218F4920F010CF09FF4504D9
S3158001EE98C21F34FF3C198F4920F010CF09FF460461
S3158001EEA8C21F34FF3C118F4920F010CF09FF470458
S3158001EEB8C21F34FF3C098F4920F010CF08CFC21FEB
S3158001EEC82CFC3C0274E8DA0174EF3C2E74E814DFFA
S3158001EED86E27C2FF34DF3C288B8B00B03B80005005
S3158001EEE802B46DFF13B6DF121900DA0874EF3C1C01
S3158001EEF8910000F719FF4AE0EE036DFFC1B66DFF79
S3158001EF081BF43C128F4920F010CF28D83C068F4934
S3158001EF1820F010CFDA012CFD74E83C0374E834DC68
S3158001EF28C21937096890D80214FF3FF9E4FE0090A8
S3158001EF388208911000F7D9FF523954FF3E8B1E1A69
S3158001EF48DF2F2A00DF3F3200DF4F4500DF5F4D00AC
S3158001EF583C51084FFF2F3D808F4F2000910000487C
S3158001EF68D9448CB201400046BBE0AF0C9110002712
S3158001EF789BE0FF0AD9225A19C50519005421544222
S3158001EF883F2106804C413F1F03807420B042FC57C5
S3158001EF98DA0274FF0844DAFFBE4B6D004700DF02D0
S3158001EFA82B00DA0374FF3C27084FFF2F1280864F08
S3158001EFB891000028D9228CB2102254244C21A24FC8
S3158001EFC892156DFFBBB5F624DA0474FF3C1482688A
S3158001EFD83C1291000027192F4AE0EE036DFF50B6C7
S3158001EFE86DFFAAF33C08084482156D008900022842
S3158001EFF83C0282387685DA0074FFDAFF2CF40282C5
S3078001F0080090EF
S3078001F00AFFFF7F
S3158001F00C53C420F0910000F7D9FF2C0110FF911009
S3158001F01C0027088FE92F5639DA046CF182FF74FFC9
S3078001F02C0090CB
S3078001F02EFFFF5B
S3158001F0308208910000F7D9FF041154FF3E8E9E1B72
S3158001F040DF2F2400DF3F4400DF4F2A009E5EDF6F03
S3158001F0503D00DF7F3D003C3D864491000028D9225A
S3158001F0608CB20124002654208B8005F06CF182102D
S3158001F07074F03C3048143B8000506DFF4BB5DF1275
S3158001F0802900822074F03C2691000027192F4AE03E
S3158001F090EE036DFFF9B56DFF53F33C1C3BF00F405A
S3158001F0A0910000C83B80005099C4E8A36D002A0FE7
S3158001F0B0481499C4E8A33B8000506DFF1FB6DF1248
S3158001F0C00900DA0574FF3C0682383C0482183C024A
S3138001F0D082687684DA0074FF6CF10282009009
S3078001F0DEFFFFAB
S3158001F0E09100002719245CE099F4E8A33B80005045
S3078001F0F0007027
S3078001F0F2FFFF97
S3158001F0F4910000F7D9FF5CE054FF8B8F000000700C
S3158001F104024B911000F7D9FF092B01FB00F6DA09AE
S3158001F1149100002814FA910000F7D9FF182149FCBF
S3158001F124181A025854C08209D922E8D320083F0FFD
S3158001F134B900029F3FF0B6005AF09022D422DC0235
S3158001F144821074C00294910000F83B00065099F431
S3158001F154E8A36D00D50E8F4B200091000028D9229B
S3158001F1648CB201200026910000F7542F59FF5CE0F0
S3158001F174910000F719F45CE03B8000506DFFC8B440
S3158001F184DF129000DA0274CF1D008D0061FFB2FF99
S3158001F1943C02C2108F7000F1EEFD74F0864B910033
S3158001F1A400F8D9FF8CB201FB00F654FF8B0F05F0F2
S3158001F1B47F0F53803C5DBBE0AF5CB4A589A8020890
S3158001F1C453CA20F091000027D9222C011022542FF2
S3158001F1D41EF3DF180F8091100047394F072B9100DA
S3158001F1E40047194046E0BA3F420F594F46E0742F13
S3158001F1F4DF580380486F8F0F1F0089A003088F8F04
S3158001F2041F0089A0040882642CA5820640A46DFF90
S3158001F2142F6489A28608910000F840A499F5E8A391
S3158001F2246DFFC0F961FF5CFF6DFF66B5DF123A00C1
S3158001F234DA0574CF3C37911000F7D9FF072B14FFF9
S3158001F2446E17C2FF34FF61FF55FF3C02C2108F70F7
S3158001F25400F1EEFD74F08204910000F83B00065043
S3158001F26499F4E8A36D004C0EDA0174CF3C1B823904
S3158001F2743C19910000F861FF33FF6DFF59B4DF1229
S3158001F2841100DA0874CF3C0E910000F719FF4AE0A9
S3158001F294EE036DFFF7B46DFF51F23C0482193C0213
S3158001F2A48269DF091E0053CA20F0910000F7D9FF55
S3158001F2B42C0110FFB04FDF580600DF68040074F894
S3158001F2C43C03DA0274FFDA0074CF911000F7DA0393
S3158001F2D4E9FF072B910000F782FF59FF5CE0029258
S3078001F2E4009011
S3078001F2E6FFFFA1
S3138001F2E8911000F7D9FF052B01F400F6007096
S3078001F2F6FFFF91
S30F8001F2F8BBE0AFFC9BEFFFFA00704C
S3078001F302FFFF84
S3118001F30486446100110001F400F60070DF
S30F8001F310911000F7D9FF092B007058
S3078001F31AFFFF6C
S30F8001F31CBBE0AF5C9BE5FF5A007071
S3078001F326FFFF60
S30F8001F328910000F8D9FF8CB2007045
S3078001F332FFFF54
S30F8001F334911000F7D9FF5A190070F5
S3078001F33EFFFF48
S3158001F3402038820B89A43009910000C789AB28092E
S3158001F350D9CC182189AB2C0949CF2C1A025AF80924
S3158001F360910000F70BBB10C8D9FF4AE0F80DD80908
S3158001F37054FF6E05DF1F54001D00170109A43009D3
S3158001F3806DFFBEFA0228911000F7D9FF092B01F80B
S3158001F39000F68F4820F0911000D714F9910000F8FB
S3158001F3A0820ED9FF8CB210FFD9DD5A19C50E19000C
S3158001F3B054D0482F3FF00C80483F3F0F0980BBE077
S3158001F3C0FF5A9BE5AF5C02E46D00FA04C21EB04DA4
S3158001F3D0FCE053C920F0910000F7D9FF2C0110FD04
S3158001F3E009DF04051E22DE38D809DA01028474FF9A
S3158001F3F0911000F7580C59FF8899911000F77804FD
S3158001F40059FF8C996D00EA04820B54DF0BBB10C83F
S3158001F4105E26821B3C04DA061D00C800911000D7C7
S3158001F420D9DD8899911000E7D9EE8C9954D854EF9B
S3158001F430780402846DFF64FA02246D0097017F28A7
S3158001F440B280910000F739FFBB505E1D58047E8D56
S3158001F4503B00104049A4100A82156DFF6FFA5804CB
S3158001F4607FFA048089AA1009028449A4140A824574
S3158001F4706D00580D09A05608DA965F0F778009A0AE
S3158001F4805508DA3C5F0F728009A05408DAA55F0F30
S3158001F4906D808B1A1FF03F8F69802B8C50CB028930
S3158001F4A0C24849A4180A824502846D003B0DC248B0
S3158001F4B049A41C0A824502846D00340D09AF5708A0
S3158001F4C06F7F63803B80004049A4140ABBE0AF5C38
S3158001F4D082066DFFCF6209AF580809A059088F8F40
S3158001F4E020F00F0FA03089A3840809A05C0809A128
S3158001F4F05D088F802000A61089A088085F0245805C
S3158001F5008201910000F72B9D50DBD9FF2820021242
S3158001F5103B9001408B8800800B2480008B0080F219
S3158001F520CA1086F04220370070F08F4F200001F01C
S3158001F53000260920C0085F300580780A82113C0BBD
S3158001F5407F0305806E0892F43C04C21F370F70203A
S3158001F5507F24E4FF021F6E18580A911000F7D9FF25
S3158001F5605A1990FF74F93C1076BD5805EE0A8B48FE
S3158001F570004049A4180A82456D00D40C58066E02D3
S3158001F580028C8B88008058043FF870FF76B589CC51
S3158001F590200989CD240974D8580474EF58043FAFE3
S3158001F5A00680DA053C02DA03780BD80D54FFEE0D9E
S3158001F5B0580BEE0B911000F719FF8899911000F7FF
S3158001F5C019F08C993F0FD5FE580B6E04D809DA00D5
S30D8001F5D074FF09A22C090090C9
S3158001F5D88208910000F70289910000D7821AD9FC26
S3158001F5E80841D9DD4AE02008910000E754CF6E032F
S3158001F5F81E173C2A911000F7E9F90B2B74CA911052
S3158001F60800F7D9FF0B2BF4AF14F0910000F753C024
S3158001F61820F0D9FF2C0110FF088F910000F88F4F39
S3158001F6282000D9FF8CB201F000F6482448356DFFD9
S3158001F63885FE762BD4AF14FFC21F34FF14FF39E041
S3158001F648BA503F0F0380821854DFEE03DF08D07F5C
S30F8001F6587683DA0074CF02820090F7
S3078001F662FFFF21
S3158001F664024A8209BBE0FFFA9BEFAFFC5FAF310030
S3158001F67461FF42FE5FAF2D00029F61FF49FE91004B
S3158001F68400273920BA50BF102500600CB0FC02F463
S3158001F6946D006E00022802F46D0066003F8A1280B6
S3158001F6A48B121F003FA00E8014FF53CF20F09100D0
S3158001F6B400F7D9FF2C0110FF481F1E2A5E3A3C0829
S3158001F6C4C21FB01F370F68F0FDC0E37F3C02821969
S3098001F6D40292009087
S30F8001F6D861FF08FEDA0034FF00909E
S3078001F6E2FFFFA1
S3158001F6E4BBE0FFFA20089BEFAFFC40A46D00CE0B74
S3158001F6F4762709AFC00861FF1DFE90FF54FF02F40F
S3158001F7046DFFB0FFBBE0AF0C9BE0FF0A2B0F4022DD
S3078001F7140090DC
S3078001F716FFFF6C
S3158001F718910000F739FFBA508229911000E78208D3
S3158001F728910000C7D9EE092BD9CC2C01BF1F140033
S3158001F73860FDB0FD04EF53CF20F010CF481F1E2285
S3158001F7485E3602846D000A00BA12EA09C2183708C1
S30D8001F7586880FCD10292009049
S30D8001F76061FFC4FD14F2009063
S30D8001F76861FFCEFD48320090DD
S30D8001F77061FFCAFD48220090E9
S3158001F778DA00744FAC45894F1008AC46AC446C41ED
S30B8001F7882C4E2C4F00906F
S3078001F78EFFFFF4
S3158001F79002492028820A89A5200989A61C09404C8C
S3158001F7A076759100002759271821910000D7D9DD58
S3158001F7B018213BC003C049DF1C1A3B500AD0F8050B
S3158001F7C03B8000E0D80554FF6E0BDF3F6F00DF4FB3
S3158001F7D08000DF5F8900DF6FA7001D00550154D4CB
S3158001F7E06DFF8EF8022840DE09E404056DFF88F876
S3158001F7F08F4820F0910000F8D9FF8CB210FF022BC0
S3158001F80049FF0C0AF80954F054D17F01078054E26C
S3158001F8103F210A805FB808803F01038074D0825AF5
S3158001F8201D003601910000F7D9FF8A60F804580758
S3158001F830EE1B09D41409DFF41800910000F739FF93
S3158001F8408C605AF41B0F40F07FF10F803F410D8091
S3158001F8506DFF56F85F280880D804DA0034FFDA068F
S3158001F8601D00140154D1D804DA0134FF89D1140959
S3158001F870DF190480DA103C12D80954D13B0040F0DC
S3158001F88054F01B0140207F200480A2109A1054E07E
S3158001F8903F0205805FB803805A10910000F7F9FF97
S3158001F8A060E0D805DA0374FF910000F754D499F427
S3158001F8B01421910000F7B9F560E06DFF11B2DF12F6
S3158001F8C00500DA041D00E200826A1D00E100910054
S3158001F8D000F719FF4AE0EE036DFFD6B16DFF30EFF9
S3158001F8E01D00D6003B004050910000F799F4142189
S3158001F8F082046D00070B910000F7D9FF8B6014FF1E
S3158001F9006E06C2FF34FFDA031D00C0008215DF19BF
S3158001F910B900910000F7B9F460E040D46DFF0EF8AC
S3158001F9201D00B300910000F739FF8A60EE074CD5C0
S3158001F93054D0A2F03700F0813C028208910000F792
S3158001F940B9F060E03C02C2108F7000F1EEFD3B0021
S3158001F95040103F101E80910000F799FF1421DA961E
S3158001F96001F000F609F178F834A109F279F889A253
S3158001F970010809F37AF889A302087E3ADA3C7E28DF
S3158001F980DAA57E16910000F7DA08E9FF8C6091000E
S3158001F99000F739FF8C603B6009B0910000F7A2F057
S3158001F9A0D9FF142106D089A01809910000E73C519E
S3158001F9B0D4F201280356145034A00951410889A173
S3158001F9C001080C522CA25FBF40805FC13E805FD090
S3158001F9D03C80E9EE8C6040A46DFFECF20CA36F7F56
S3158001F9E03680D4F23B800040BBE0AF5C0128034601
S3158001F9F082066DFF3F6009AFC8085F2F2880D4FF5C
S3158001FA0040A401F803566DFFC1F206384CD509A40E
S3158001FA10C408128574C589C48C080CA389CF1008C3
S3158001FA2009AFC608ACC509AFC808ACC409AF0A0995
S3158001FA306CC10CAE2CCE0CAF2CCF58085E136D006A
S3158001FA40BF01821A3C09DF190800C2183708708085
S3158001FA5058063FF8AFFFDF0A1B80DF0913804CD5BC
S3158001FA6054D0910000F7A20F39F08C60821540D4F2
S3158001FA70A20F1B0F40F0370F70406DFF5FF73C04FC
S3158001FA80823A3C05823ADA00D80574FFF6A79100DE
S3158001FA9000F719FF4AE0DF0F977E76ADD805DA00C9
S3158001FAA074FF910000F7E9FF8C60DA03910000F79B
S30D8001FAB0E9FF8B6002A20090C0
S3158001FAB8BBE0FFBA2020820A404C9BEBAFBC40A436
S3158001FAC80248405F02590BBA10C802AE6DFF52FE5A
S3158001FAD8910000D7D9DD182149D2281A89A2980917
S3158001FAE809DF28196E05DF1F35001D0050019100B9
S3158001FAF800E7D9EE8860769354CF5EF46DFFC6F63B
S3158001FB083C0454D46DFFF8F634E291000027392F6E
S3158001FB18BC501E26F69502846DFFE2FD022C5FBC61
S3158001FB28080061FFE7FB3EC4DA0174DC3C0614E495
S3158001FB386DFF1CFEDA0074D291000027E92F8960D7
S3158001FB4809A29809BBF0FFFFACF6821E02EF742F5B
S3158001FB5891000027D922886089A29409910000E73B
S3158001FB68D9EE896014246DFFF9FDDF12138014EF35
S3158001FB78EE10F69F02846DFFB3FD61FFBBFB3E2944
S3158001FB8891000027392FBC501E243B8000203C0859
S3158001FB9802D540A402E614E482076DFFF7FDDF0271
S3158001FBA8FC00DF120B00DF32ED00DF52AD00DA0810
S3158001FBB85F2FAA001D00EB0009A4CC085F8477801B
S3158001FBC84CDADF2F2500DF4F2300911000273920DB
S3158001FBD8082B9100002753802100D9220C1191000E
S3158001FBE8004701200026D94428200920C60809AFE4
S3158001FBF8CA088640014000460940C4083E080921D2
S3158001FC08CA0876156E04C24F5F0F518054AF54C02F
S3158001FC187F0F198074FF09AFCA08ACF509AF500880
S3158001FC2889FF1008024FACF658016CF109AFC80874
S3158001FC38ACF40CAE2CFE0CAF2CFF14EFDF1F5B80EF
S3158001FC483C7209FFCC08BBF0FF0F5F0F6D8054D45F
S3158001FC586DFF52F6D80534F261FF58FB01F200F6C2
S3158001FC6814F08203DF008B0082F191000027D922EC
S3158001FC782C01C2F053C020F0102F481F1E22DE31FE
S3158001FC88088FD8058F4F2020821334FF910000F802
S3158001FC98D9FF8CB201F200F6482F74DF74C134EDB6
S3158001FCA8DF006D00DF03E77F3C6914EFDF1F6B0020
S3158001FCB86DFF16FD02285FB8050061FF1BFB7E8379
S3158001FCC854CF9EF354D46DFF17F6D80534F2864285
S3158001FCD861FF28FB01F200F6482F3FF80C80483F68
S3158001FCE87FF8098054CF5EF609A4CC0854A56D0027
S3158001FCF863003B80004054AF821574DF40D46DFFAA
S3158001FD0819F63C4A54D46DFFF7F509A294093422B1
S3158001FD1814E9F69402246D005D0009F0CC08BBF065
S3158001FD28FFFF3E03821A3C38D80514F061FFEEFACC
S3158001FD3801F000F614F18203DF011F0082F29100BF
S3158001FD480027D9222C01C2F153C120F0102F481F58
S3158001FD581E225E3E0880910000F88F4020F0D9FF70
S3158001FD688CB210FF8213482F74DF820974C276130E
S3158001FD78DF03EB7F34E9D80534F0F63E02B53C085B
S3158001FD88028461FFC9FA826A3C0561FFC5FA028469
S3158001FD98823A6D00110076ADD806DA0074FFDAFF73
S3158001FDA8910000F7E9FF8860910000F7E9FD896015
S3098001FDB802A200908C
S3158001FDBC2008025840A46D006508762709AFC00853
S30F8001FDCC61FFB4FA90FF74F800900D
S3078001FDD6FFFFA6
S30F8001FDD861FF88FADA0134FF00901A
S3078001FDE2FFFF9A
S3158001FDE48208910000C7BBF0FF9FD9CC1821028AF3
S3158001FDF4910000E7028E404F823B49CD1C1A824C0A
S3158001FE04D9EE4AE0823D201054DF6E099E39DF4FD8
S3158001FE142700DF5F2C00DF6F3D003C4AA869681A22
S3158001FE24A84A89FA1008A85A28EA28FA91100027BC
S3158001FE34E92B072B4CC974FF6E3974CF74DB54C418
S3158001FE4491000027992414213BE000506DFF46AFB1
S3158001FE54DF12040074DC3C2E82683C2C54EFEE03E2
S3158001FE646DFF10AF6DFF6AEC3C258204910000277B
S3158001FE74992414213B0040506D00420891100027BB
S3158001FE84D922072B142F6E15C2FF342F74DD3C1231
S3158001FE9440A491000027992514216DFF89F009AFAB
S3158001FEA4C408ACF609AFC608ACF582183C0374DE07
S3158001FEB4823854EFEE03DF08A97F7683DA0074DF94
S3098001FEC4028200909F
S3158001FEC8910000F739FF3401910000F8864FD9FF78
S30F8001FED88CB210FF54C0482F007051
S3078001FEE2FFFF99
S3138001FEE409EFC008864F10CF09F4C0080070E0
S3078001FEF2FFFF89
S3158001FEF4825A910000F70B451088D9FF182109F41D
S3158001FF0404056DFF0BEC022B7FB906800B9B8000E9
S3158001FF147F80398054F46DFFF1F4911000F7D9FF95
S3158001FF24092B01F200F614F0C21037006800910023
S3158001FF3400F739F1BA507F10278053C020F0910021
S3158001FF4400F7A201D9FF2C0110F2BF11170060142A
S3158001FF54B0F44C219E229E310C28910000F8864FE4
S3158001FF64D9FF8CB210FF49220C0A483F4820A20FC0
S3158001FF7442FBC21BFD40EF7F7FB90680A29B3F8B6C
S30D8001FF840380821A02A200909B
S3158001FF8C91000027D92C0431820954CF404F20107F
S3158001FF9C3E9FDF1F4200DF2F4B00DF3F9300DF4F79
S3158001FFAC9400DF5F9E00DF6FBC001D00CD009110B9
S3158001FFBC002709F0CC08F92096999110002754F462
S3158001FFCC59249C9909F0CA088BE000003C02C210A6
S3158001FFDC8F7000F1EEFD0B0480806DFF8BF4022493
S3158001FFEC6DFFC2FB3F286E8009F050086F606A80F6
S3158001FFFC0284910000F73BE0005099F414216DFFC7
S3158002000C69AEDF025F80911000F759F89899DA0190
S3158002001C74CF1D009A00910000F719FF4AE0EE0397
S3158002002C6DFF2CAE6DFF86EB1D008F00910000D705
S3158002003CD9DD1421D4D509504208DA965F0F428055
S3158002004C09504108DA3C5F0F3D801450DAA55F0FE8
S3158002005C398040A46DFFA8EF3B800040D4D4BBE02E
S3158002006CAF5C82066DFF005D09AFC8085F2F2A80E0
S3158002007C91100027B92F969909A0C4085F0F228088
S3158002008C0CA36F7F1F8040A4D4D56DFF79EF91109E
S3158002009C0027192F989974FF09AF0A096CF109AFD9
S315800200ACC608ACF50CA389FF100809AFC408ACF6D8
S315800200BC09AFC808ACF40CAE2CFE0CAF2CFF3C2856
S315800200CCDA0474CF3C419110002709FFCC08F92F32
S315800200DC96999110002754FF592F9C993C2C91107C
S315800200EC00D7D9DD969909D4C00891100047D94416
S315800200FC9899821540F56DFFDBFCDF022600DF1234
S3158002010C0800DF32090009DFC008ACF63C1CDA06AF
S3158002011C74CF3C1A09DFC008ACF682393C156DFFE8
S3158002012C13EBDF021200DF120500DF3205003C0BF7
S3158002013C82193C0A9110002754FF592F9899DA0597
S3158002014C74CF3C028269769DDA0074CF911000F7E7
S3158002015C91100027B924969919F59C996DFF2AFE60
S3098002016C02920090E3
S31580020170820991000027D92218212010029F89A482
S315800201808809492F280A344FF801029854F03E0F05
S31580020190DF103400DF207800DF30B700DF40F70061
S315800201A0DF501301DF6028011D006D01821091006E
S315800201B000F7BBF0FF1FE9F0BC50911000F7F9F190
S315800201C094990291911000F7E9F10C2BD80174F001
S315800201D0910000F739F13401910000F88641D9FF88
S315800201E08CB201F100F609200405482F3FF0068003
S315800201F0483F3F0F0380742F91100027B92F94999F
S31580020200910000F7C21FF92F9499029FD9FF0C41E2
S3158002021074FFACF589FF1008ACF6ACF46CF12CFED9
S315800202202CFFDA01911000F7B9209499E9FF0D2B82
S31580020230DA1A3FF00780D801DA0674FF1D0024011E
S315800202408640910000F7D9FF282001F000F609F4D4
S31580020250C0086DFF49FA022A6DFF60FABBE0FFFA19
S315800202609BEFAFFC7EA3DF020F8182FF911000F726
S3158002027059FF9099DA00911000F7E9FF0C2BD8010B
S31580020280DA0274FF911000F7D9FF0C2BF4AF9110AC
S3158002029000E7D9EE949909EFC008910000C7864F0E
S315800202A0D9CC282010C2910000F70924C008D4A214
S315800202B0911000D7D9DD9099D9FF000140D440F53D
S315800202C014256DFFFBFBDF02DF00DF121000DF3239
S315800202D08B00DF62580061FF07FEBBE0AF5C9BE5E7
S315800202E0FF5A6DFF6DFD1D00830054F574D5D4AFA2
S315800202F014FF6E0561FFF8FD6DFF62FDD801DA031A
S3158002030074FF1D00C100910000C7D9CC000140C412
S315800203106DFF20EADF02B800DF120500DF322C0013
S315800203203C6661FFD3FD3FF01280483F7FF00F802D
S31580020330910000F739FFBC50DF1F4300DF2F538047
S3158002034009CF50086F4F3D803C4D09CF50086F0F43
S315800203504A00910000F7D9FF0C41A01209C048015A
S3158002036089F04801FC2C44CF64FFDA04D80174FF7B
S315800203701D008A00DA0274FF911000F7D9FF0C2B58
S31580020380F4AFD4AFDA0134FF3C7E910000C7D9CCFA
S315800203900C4140C46DFFFCFDDF027600DF120500D2
S315800203A0DF320A003C2461FF91FD3FF01C80483F0A
S315800203B07FF01980911000F7DA00E9FF0D2BD80142
S315800203C0DA0574FF3C6091000047D9440001911020
S315800203D000F739F40D2B6DFF13EEDF025500DF12A5
S315800203E007808218D801DA0174FF3C4DD801DA0001
S315800203F074FF3C49910000C7D9CC2C0109CA480830
S31580020400824502A46DFF80F6DF023E00910000273E
S315800204103921BA50820040CFBF211F809AF19110B4
S3158002042000278B0F8032D922092BAB1F80F33BF03A
S315800204300F20AAF2422F60F4483F74FF484F6CF1B6
S3158002044009FF54082CF8102549FF0C0A3450C210B3
S3158002045037006800FC4253C120F0911000F7D9FFA3
S31580020460092B10C201FA00F6DA04892F38F982FFC5
S31580020470892A3CF88BF11F00892F34F9821934F0CE
S315800204803C028239D80234F8769C910000F7DA0071
S31580020490E9FFBC50D80174FF911000F7E9FF0C2BDD
S309800204A002920090AC
S315800204A4911000F739FF082B910000F7538F21F042
S315800204B4D9FF0C1110FF09FFC608910000F7864F79
S311800204C4D9FF282010FF09FFC208007033
S30F800204D0911000F7D9FF092B007086
S307800204DAFFFF9A
S315800204DC910000C7D9CC18212010F4A549CF3C0A2B
S315800204ECF8018208910000283B0001004CCF02895A
S315800204FC404DD922D0E33FF0F10202803F0FEE024B
S3158002050C520001200226D422DC0249C2041AF4A229
S3158002051C028489C4041949CD081A74D4910000F84E
S3158002052C99F4E4A33B0010506D00E60440CE09E436
S3158002053C04056DFFDFF161FFC7FF01F200F6911032
S3158002054C002714F4910000F753C420F01920423985
S3158002055C59F062E08200910000F79100002759F071
S3158002056C66E0D9222C01102F89C01C09481F3E0D2A
S3158002057CDF1F67001E259E321E481D00AF02D80162
S3158002058CDA0274FF1D00AB026DFF3CF5D801DA0B63
S3158002059C74FFDA0074DF1D00A202910000F7C21408
S315800205ACD9FFBA5037046840F8029100004814FF0C
S315800205BCD9448CB23FF43380C2FF370F684053C4A0
S315800205CC20F0102F088F864F104F482F74EF6DFF37
S315800205DC19F5DA0B6CCFDA0C74DFDA0289CF0419CF
S315800205EC910000F7D9FF2820C50C1900BBE0FF5AF1
S315800205FC09F4D0009BE5AF5C6DFFDCFBFCC8DA002E
S3158002060C3C0702F46DFF64F8C21F370F68F0D802FC
S3158002061C14F03F0FF8FF1D00620253C420F0102F16
S3158002062C088F864F10424C2274EF481F1E196DFF9D
S3158002063CE9F4D801DA0B74FFDA0C74DF3C04D801C6
S3158002064CDA0C74FFD4AFDA0274FF1D0048029100F3
S3158002065C00F739FF1C01EE1B09D0CA0861FF1EFF89
S3158002066C16018B0F20128BE000008F7000F16E0446
S3158002067C8B8F00F142F0761206103B100042063444
S3158002068C370070506DFF32FCBA52AA58D801DA0183
S3158002069C74FF1D00240240CE09E404056DFF3AE87E
S315800206ACDA103FF2478009DFCA0849CF1C0ABF3FDE
S315800206BC178054EF3B800040910000478B8F00F0EF
S315800206CC74FF910000F799FF1421D944BD5049F566
S315800206DC080A6D0009043B8000503C053B00015022
S315800206EC82FF74FF54E4910000F799F414216DFF94
S315800206FCFFAADF12F301910000F719FF66E0BBE057
S3158002070CAF5C8B0F01F059FF66E09BE5FF5A54EF05
S3158002071C74DF09D4CC086DFF4DFB3B00014040E4ED
S3158002072C82156DFF05F1D801DA0374FF1D00D7011E
S3158002073CDA0A6CCFDA0189CF04191D00D001910037
S3158002074C00F719FF4AE0EE036DFF98AA6DFFF2E7F8
S3158002075C1D00C5014CC7910000F7BAFF54D4863FE1
S3158002076C99F414218B8F00506DFFDEA9DF02B681BE
S3158002077CD801DA0574FF1D00B201910000F7D9FF8A
S3158002078C140109DFCA0809F0C008A20F370F70F0EE
S3158002079CEE06D801DA0E74FF1D00A10140CE09E4E3
S315800207AC04056DFFB7E7BF8255810BF290F18B0F73
S315800207BC30A38F7A00F16E038B8F009142A9910040
S315800207CC00C80295D9CCE4A38204D4C46D009403E8
S315800207DC911000273922082B91000027538221F091
S315800207ECD9220C1109F4C008102209D0CA08092290
S315800207FCC608910000278642D9222820012200268B
S3158002080CA240092FC2080BA0801016208FBF3F2052
S3158002081C370170108203DF025200910000D7D9DDB6
S3158002082C62E0FF413D80BF500400023B3C058B4099
S3158002083C00F1370F68B0F615FF4A048002AC3C0310
S3158002084C8B4100C17FAC13805ACAD4A2D4C4012472
S3158002085C005602F46D00480302F4D4C4820654D5C1
S3158002086C6DFF2059370F683074D2DA0054D0863B2C
S3158002087CBF1C2C0060C2B0F2D4C48F3F20108B8177
S3158002088C011101430046A2B110443251C21F0F100E
S3158002089C00103441370F68F0FC203C17D4A2D4C424
S315800208AC0124005602A46D001F0302A4D4C482063E
S315800208BC54D56DFFF75874D23C08D4A2D4C4012403
S315800208CC005602A46D00100354E4D4C402956DFF45
S315800208DC0FAADF12030191000027192F66E08215F9
S315800208EC40E442AF592F66E002A409FFC00842AF2A
S315800208FCB4FF6DFF1DF0D801DA0874FF1D00EF00FE
S3158002090C40CD09D404056DFFF5EF022F823502F432
S3158002091C6DFFF4F3DF02E30061FFD6FD10FF14FFD7
S3158002092CC21F370F6840910000F739FFBA503FF467
S3158002093C0580C2FF370F684053C420F0910000F740
S3158002094CD9FF2C0110FF910000E8481F0889D9EEC7
S3158002095C8CB26E025E496DFF55F3864901E900F64B
S3158002096C482F74DF3C4F864901E900F6482F74DF25
S3158002097CDA0CD80174FF1D00B2006DFFD9F2DF02CA
S3158002098CAE00DF329600DF62940009CF08196CCF75
S3158002099C1D00A50040CF09F404056DFFABEF022FB5
S315800209AC02F46DFF15FA822502F46DFFA7F3DF02BE
S315800209BC9600DF122280864F910000F8D9FF8CB206
S315800209CC10FF91000027192F66E048206E1009D17E
S315800209DCCA088BE10010A2F142103C02C2108F7041
S315800209EC00F1EEFD483F0BF030F1EAF089C01809B0
S315800209FCDA0D6CCF3C7361FF67FD10FF14F46DFF4B
S31580020A0C01F3DA0B6CCFDA0C89CF08193C6740CF2D
S31580020A1C09F404056DFF6EEF825502246DFF6EF3A9
S31580020A2CDF025D0009CF04196CCF3C58910000E7B8
S31580020A3CD9EE140109EFC008910000F7B9F00A014A
S31580020A4C7F0F128040CF09F404056DFF63E6F6270B
S31580020A5CDA0A6CCFDA0789CF04193C40D801DA0757
S31580020A6C74FF3C3C4CC71EF5D801DA0F74FF3C363A
S31580020A7C40D46DFF69E6DF023200DF121A8061FF15
S31580020A8C0DFD6F0F140049E2080A142FEE0FD801E0
S31580020A9C40D474FFDA01342F6DFF5CEE09D404095D
S31580020AAC40D4D4A56DFFDCED3C1982183C178238F4
S31580020ABC3C1549CF1C0A54F491000047D944BD50C9
S31580020ACC3B8000506DFF14A9DF12080082FF74FF71
S31580020ADCDA10D80174FF3C0282687688D801DA0073
S31380020AEC74FF910000F7E9FF1C010282009060
S30780020AFAFFFF74
S31580020AFC61002C0009FFC2088BE0000016018B0FE7
S31580020B0C20128F7000F16E048B8F00F142F07612F8
S31380020B1C0610370070503B10004206340070FF
S30780020B2AFFFF43
S31580020B2C911000F739FF082B538F21F061001800C2
S30B80020B3C10FF483F007025
S30780020B42FFFF2B
S31580020B44538021F06100100010FF610003000070E1
S31580020B5409FFC608910000F7864FD9FF282010FFA7
S30780020B64007097
S30780020B66FFFF07
S30F80020B68910000F7D9FF0C1100700E
S30780020B72FFFFFB
S31580020B7461FFDCFF1E171E281E37DF4F2700DF5F4B
S31580020B843B80DA023C395E3382003C0309F0CA08B0
S31580020B9461FFB4FF6DFFAEF9DF520B8061FFC6FFC2
S31580020BA45E2482141D002E0182341D002B019100C5
S31580020BB40027D92242E061FFB9FF5E24DA01742F4D
S31580020BC40090DA03742F009009F0CA0861FF96FF39
S31580020BD46DFF90F9DF52058082441D001301910056
S31580020BE400F7DA0459FF42E0910000F7DA0259FF6E
S31580020BF47ED00090DA00910000F759FF42E000901F
S31580020C048208910000C7D9CC42E0028F54C02008E2
S31580020C14BE01DF105B00DF206700DF305700DF4054
S31580020C245F00DF507000DF607600DF7061001D00B8
S31580020C348B00911000F782146D00CA00E9F2082B2A
S31580020C44911000F739FF082B1E346DFF93FF3C7D0C
S31580020C5491000027D922BA508209142F0294910056
S31580020C6400F7D9FF2C016E1A481F1E42EE0F91001F
S31580020C740047394FBB505E1A911000F7E9F9082BE9
S31580020C846DFFC4F1827074C03C09C214142F3704F8
S31580020C94684049FF0C0A3FF4E9FF3B1000420634E0
S31580020CA482056DFF27F9DF52518054CFDF7F4E00D4
S31580020CB4910000F739FFBB50DF1F4880911000F77F
S31580020CC4E9F9082BDA053C406DFFB6E10228DF58C4
S31580020CD43D80820854C46D0095003C376DFF20DF49
S31580020CE402283C336DFFF0E002283C2F6DFF24F18D
S31580020CF4DF022C00910000F7D9FF6AE054FF6E23CD
S31580020D043C1240A46DFF34FADF021E8014AF6E1DBE
S31580020D143C1A40A46DFF2CFADF021800910000F7FA
S31580020D24D9FF6AE054FF74CF9100002791100047DF
S31580020D34392F8D60E94F082BDA0074FFDA03E92F25
S31580020D448D603C03DA0074CF911000F739F0082BDA
S31580020D54FF303B80DF083900910000F8D9FFD4F3D5
S31580020D6401F802F654F1DF41078054CF1E131E3276
S31580020D745E428211911000F7D9FF463901F002F6DC
S31580020D8474F1DF180900DF280700DF380A00DF68FC
S31580020D9408003C0C61FFD6FEC82FBCF83C0561FFF7
S31580020DA4D1FEC83FBCF32D0F00008204911000F7D8
S31580020DB439F5082B6D00AA00911000F7DA03E9FFD2
S30F80020DC4082BDA0074CF1DFF8BDEC8
S30780020DCEFFFF9D
S31580020DD002488239029A820B61FFC8FEA02C02B4B5
S31580020DE06D007E007627F68276B5484F02BABA1F24
S31580020DF02AB9C21B49FF180AFCC3BA392B9A402F5B
S30780020E000090D8
S30780020E02FFFF68
S31580020E04910000F759F46AE0911000F791000027E7
S31580020E1439FF082BE92F8D6091000027DA06592FB6
S30F80020E2442E0DA00E9FF082B009095
S30780020E2EFFFF3C
S30980020E308212009012
S31580020E340B451088404F026A82246DFF2FDE022FF3
S31580020E4440F482246DFF0CDE022B822402856DFF20
S31580020E5421DE022C8224028502966DFF11DE022D8A
S31580020E64822402850B9A10686DFFFEDDEE05F6B4C8
S31580020E74F6C3F6D27623821200900B89104840F488
S30D80020E8402A682171DFFC4DFDE
S31580020E8C8202910000F70220D9FF28203B900110A4
S31580020E9C0B0180308B0380F2CA1386F3420337032D
S31580020EAC70F08F4F203001F300260923C0085F4370
S31580020EBC0580B44F821200907F3405806E0892F1C1
S31380020ECC3C04C21F370F70007F01E4FF0090C6
S30780020EDAFFFF90
S31580020EDC538421F0910000F7D9FF0C1110FF483290
S30780020EEC0090EC
S30780020EEEFFFF7C
S31380020EF07646604FB0FF045F244FFCFE0090F2
S30780020EFEFFFF6C
S31180020F007655605FB0FF2444FCFF009031
S31580020F0C538521F0910000F7D9FF0C1110FF68343C
S30780020F1C0090BB
S30780020F1EFFFF4B
S31580020F20DA007C43DA013C087B00F00A4204604521
S30F80020F3002546DFFE9DB02F2009025
S30780020F3AFFFF2F
S30980020F3C8212009005
S31580020F400248404F82346DFFABDD022F40F482347B
S31580020F506DFF88DD0229823402856DFF9DDDEE03F9
S31580020F60F6927623821200908205025682270284A6
S30B80020F7040F41DFF4FDF75
S30780020F76FFFFF3
S31580020F78BF442D80805F8F3F0001804F16035F0F2D
S31580020F8826808B4000F1405216034046104F3C03A0
S31580020F980460242001F62004DF00FCFF104F105263
S31580020FA8A2F480F0B70402F0600480206006B70FCE
S31580020FB80210014100563C034440646001542004F7
S31580020FC8DF00FCFFA2F410F41025014400F63C036E
S31180020FD8044F245F01F420F4EEFC00902C
S31580020FE4FFFFFFFFFFFFFFFFFFFFFFFFFFFFFFFF85
S31580020FF4FFFFFFFFFFFFFFFFFFFFFFFFFFFFFFFF75
S31580021004FFFFFFFFFFFFFFFFFFFFFFFFFFFFFFFF64
S31580021014FFFFFFFFFFFFFFFFFFFFFFFFFFFFFFFF54
S31580021024FFFFFFFFFFFFFFFFFFFFFFFFFFFFFFFF44
S31580021034FFFFFFFFFFFFFFFFFFFFFFFFFFFFFFFF34
S31580021044FFFFFFFFFFFFFFFFFFFFFFFFFFFFFFFF24
S31580021054FFFFFFFFFFFFFFFFFFFFFFFFFFFFFFFF14
S31580021064FFFFFFFFFFFFFFFFFFFFFFFFFFFFFFFF04
S31580021074FFFFFFFFFFFFFFFFFFFFFFFFFFFFFFFFF4
S31580021084FFFFFFFFFFFFFFFFFFFFFFFFFFFFFFFFE4
S31580021094FFFFFFFFFFFFFFFFFFFFFFFFFFFFFFFFD4
S315800210A4FFFFFFFFFFFFFFFFFFFFFFFFFFFFFFFFC4
S315800210B4FFFFFFFFFFFFFFFFFFFFFFFFFFFFFFFFB4
S315800210C4FFFFFFFFFFFFFFFFFFFFFFFFFFFFFFFFA4
S315800210D4FFFFFFFFFFFFFFFFFFFFFFFFFFFFFFFF94
S315800210E4FFFFFFFFFFFFFFFFFFFFFFFFFFFFFFFF84
S315800210F4FFFFFFFFFFFFFFFFFFFFFFFFFFFFFFFF74
S31580021104FFFFFFFFFFFFFFFFFFFFFFFFFFFFFFFF63
S31580021114FFFFFFFFFFFFFFFFFFFFFFFFFFFFFFFF53
S31580021124FFFFFFFFFFFFFFFFFFFFFFFFFFFFFFFF43
S31580021134FFFFFFFFFFFFFFFFFFFFFFFFFFFFFFFF33
S31580021144FFFFFFFFFFFFFFFFFFFFFFFFFFFFFFFF23
S31580021154FFFFFFFFFFFFFFFFFFFFFFFFFFFFFFFF13
S31580021164FFFFFFFFFFFFFFFFFFFFFFFFFFFFFFFF03
S31580021174FFFFFFFFFFFFFFFFFFFFFFFFFFFFFFFFF3
S31580021184FFFFFFFFFFFFFFFFFFFFFFFFFFFFFFFFE3
S31580021194FFFFFFFFFFFFFFFFFFFFFFFFFFFFFFFFD3
S315800211A4FFFFFFFFFFFFFFFFFFFFFFFFFFFFFFFFC3
S315800211B4FFFFFFFFFFFFFFFFFFFFFFFFFFFFFFFFB3
S315800211C4FFFFFFFFFFFFFFFFFFFFFFFFFFFFFFFFA3
S315800211D4FFFFFFFFFFFFFFFFFFFFFFFFFFFFFFFF93
S315800211E4FFFFFFFFFFFFFFFFFFFFFFFFFFFFFFFF83
S315800211F4FFFFFFFFFFFFFFFFFFFFFFFFFFFFFFFF73
S31580021204FFFFFFFFFFFFFFFFFFFFFFFFFFFFFFFF62
S31580021214FFFFFFFFFFFFFFFFFFFFFFFFFFFFFFFF52
S31580021224FFFFFFFFFFFFFFFFFFFFFFFFFFFFFFFF42
S31580021234FFFFFFFFFFFFFFFFFFFFFFFFFFFFFFFF32
S31580021244FFFFFFFFFFFFFFFFFFFFFFFFFFFFFFFF22
S31580021254FFFFFFFFFFFFFFFFFFFFFFFFFFFFFFFF12
S31580021264FFFFFFFFFFFFFFFFFFFFFFFFFFFFFFFF02
S31580021274FFFFFFFFFFFFFFFFFFFFFFFFFFFFFFFFF2
S31580021284FFFFFFFFFFFFFFFFFFFFFFFFFFFFFFFFE2
S31580021294FFFFFFFFFFFFFFFFFFFFFFFFFFFFFFFFD2
S315800212A4FFFFFFFFFFFFFFFFFFFFFFFFFFFFFFFFC2
S315800212B4FFFFFFFFFFFFFFFFFFFFFFFFFFFFFFFFB2
S315800212C4FFFFFFFFFFFFFFFFFFFFFFFFFFFFFFFFA2
S315800212D4FFFFFFFFFFFFFFFFFFFFFFFFFFFFFFFF92
S315800212E4FFFFFFFFFFFFFFFFFFFFFFFFFFFFFFFF82
S315800212F4FFFFFFFFFFFFFFFFFFFFFFFFFFFFFFFF72
S31580021304FFFFFFFFFFFFFFFFFFFFFFFFFFFFFFFF61
S31580021314FFFFFFFFFFFFFFFFFFFFFFFFFFFFFFFF51
S31580021324FFFFFFFFFFFFFFFFFFFFFFFFFFFFFFFF41
S31580021334FFFFFFFFFFFFFFFFFFFFFFFFFFFFFFFF31
S31580021344FFFFFFFFFFFFFFFFFFFFFFFFFFFFFFFF21
S31580021354FFFFFFFFFFFFFFFFFFFFFFFFFFFFFFFF11
S31580021364FFFFFFFFFFFFFFFFFFFFFFFFFFFFFFFF01
S31580021374FFFFFFFFFFFFFFFFFFFFFFFFFFFFFFFFF1
S31580021384FFFFFFFFFFFFFFFFFFFFFFFFFFFFFFFFE1
S31580021394FFFFFFFFFFFFFFFFFFFFFFFFFFFFFFFFD1
S315800213A4FFFFFFFFFFFFFFFFFFFFFFFFFFFFFFFFC1
S315800213B4FFFFFFFFFFFFFFFFFFFFFFFFFFFFFFFFB1
S315800213C4FFFFFFFFFFFFFFFFFFFFFFFFFFFFFFFFA1
S315800213D4FFFFFFFFFFFFFFFFFFFFFFFFFFFFFFFF91
S315800213E4FFFFFFFFFFFFFFFFFFFFFFFFFFFFFFFF81
S315800213F4FFFFFFFFFFFFFFFFFFFFFFFFFFFFFFFF71
S31580021404FFFFFFFFFFFFFFFFFFFFFFFFFFFFFFFF60
S31580021414FFFFFFFFFFFFFFFFFFFFFFFFFFFFFFFF50
S31580021424FFFFFFFFFFFFFFFFFFFFFFFFFFFFFFFF40
S31580021434FFFFFFFFFFFFFFFFFFFFFFFFFFFFFFFF30
S31580021444FFFFFFFFFFFFFFFFFFFFFFFFFFFFFFFF20
S31580021454FFFFFFFFFFFFFFFFFFFFFFFFFFFFFFFF10
S31580021464FFFFFFFFFFFFFFFFFFFFFFFFFFFFFFFF00
S31580021474FFFFFFFFFFFFFFFFFFFFFFFFFFFFFFFFF0
S31580021484FFFFFFFFFFFFFFFFFFFFFFFFFFFFFFFFE0
S31580021494FFFFFFFFFFFFFFFFFFFFFFFFFFFFFFFFD0
S315800214A4FFFFFFFFFFFFFFFFFFFFFFFFFFFFFFFFC0
S315800214B4FFFFFFFFFFFFFFFFFFFFFFFFFFFFFFFFB0
S315800214C4FFFFFFFFFFFFFFFFFFFFFFFFFFFFFFFFA0
S315800214D4FFFFFFFFFFFFFFFFFFFFFFFFFFFFFFFF90
S315800214E4FFFFFFFFFFFFFFFFFFFFFFFFFFFFFFFF80
S315800214F4FFFFFFFFFFFFFFFFFFFFFFFFFFFFFFFF70
S31580021504FFFFFFFFFFFFFFFFFFFFFFFFFFFFFFFF5F
S31580021514FFFFFFFFFFFFFFFFFFFFFFFFFFFFFFFF4F
S31580021524FFFFFFFFFFFFFFFFFFFFFFFFFFFFFFFF3F
S31580021534FFFFFFFFFFFFFFFFFFFFFFFFFFFFFFFF2F
S31580021544FFFFFFFFFFFFFFFFFFFFFFFFFFFFFFFF1F
S31580021554FFFFFFFFFFFFFFFFFFFFFFFFFFFFFFFF0F
S31580021564FFFFFFFFFFFFFFFFFFFFFFFFFFFFFFFFFF
S31580021574FFFFFFFFFFFFFFFFFFFFFFFFFFFFFFFFEF
S31580021584FFFFFFFFFFFFFFFFFFFFFFFFFFFFFFFFDF
S31580021594FFFFFFFFFFFFFFFFFFFFFFFFFFFFFFFFCF
S315800215A4FFFFFFFFFFFFFFFFFFFFFFFFFFFFFFFFBF
S315800215B4FFFFFFFFFFFFFFFFFFFFFFFFFFFFFFFFAF
S315800215C4FFFFFFFFFFFFFFFFFFFFFFFFFFFFFFFF9F
S315800215D4FFFFFFFFFFFFFFFFFFFFFFFFFFFFFFFF8F
S315800215E4FFFFFFFFFFFFFFFFFFFFFFFFFFFFFFFF7F
S315800215F4FFFFFFFFFFFFFFFFFFFFFFFFFFFFFFFF6F
S31580021604FFFFFFFFFFFFFFFFFFFFFFFFFFFFFFFF5E
S31580021614FFFFFFFFFFFFFFFFFFFFFFFFFFFFFFFF4E
S31580021624FFFFFFFFFFFFFFFFFFFFFFFFFFFFFFFF3E
S31580021634FFFFFFFFFFFFFFFFFFFFFFFFFFFFFFFF2E
S31580021644FFFFFFFFFFFFFFFFFFFFFFFFFFFFFFFF1E
S31580021654FFFFFFFFFFFFFFFFFFFFFFFFFFFFFFFF0E
S31580021664FFFFFFFFFFFFFFFFFFFFFFFFFFFFFFFFFE
S31580021674FFFFFFFFFFFFFFFFFFFFFFFFFFFFFFFFEE
S31580021684FFFFFFFFFFFFFFFFFFFFFFFFFFFFFFFFDE
S31580021694FFFFFFFFFFFFFFFFFFFFFFFFFFFFFFFFCE
S315800216A4FFFFFFFFFFFFFFFFFFFFFFFFFFFFFFFFBE
S315800216B4FFFFFFFFFFFFFFFFFFFFFFFFFFFFFFFFAE
S315800216C4FFFFFFFFFFFFFFFFFFFFFFFFFFFFFFFF9E
S315800216D4FFFFFFFFFFFFFFFFFFFFFFFFFFFFFFFF8E
S315800216E4FFFFFFFFFFFFFFFFFFFFFFFFFFFFFFFF7E
S315800216F4FFFFFFFFFFFFFFFFFFFFFFFFFFFFFFFF6E
S31580021704FFFFFFFFFFFFFFFFFFFFFFFFFFFFFFFF5D
S31580021714FFFFFFFFFFFFFFFFFFFFFFFFFFFFFFFF4D
S31580021724FFFFFFFFFFFFFFFFFFFFFFFFFFFFFFFF3D
S31580021734FFFFFFFFFFFFFFFFFFFFFFFFFFFFFFFF2D
S31580021744FFFFFFFFFFFFFFFFFFFFFFFFFFFFFFFF1D
S31580021754FFFFFFFFFFFFFFFFFFFFFFFFFFFFFFFF0D
S31580021764FFFFFFFFFFFFFFFFFFFFFFFFFFFFFFFFFD
S31580021774FFFFFFFFFFFFFFFFFFFFFFFFFFFFFFFFED
S31580021784FFFFFFFFFFFFFFFFFFFFFFFFFFFFFFFFDD
S31580021794FFFFFFFFFFFFFFFFFFFFFFFFFFFFFFFFCD
S315800217A4FFFFFFFFFFFFFFFFFFFFFFFFFFFFFFFFBD
S315800217B4FFFFFFFFFFFFFFFFFFFFFFFFFFFFFFFFAD
S315800217C4FFFFFFFFFFFFFFFFFFFFFFFFFFFFFFFF9D
S315800217D4FFFFFFFFFFFFFFFFFFFFFFFFFFFFFFFF8D
S315800217E4FFFFFFFFFFFFFFFFFFFFFFFFFFFFFFFF7D
S315800217F4FFFFFFFFFFFFFFFFFFFFFFFFFFFFFFFF6D
S31580021804FFFFFFFFFFFFFFFFFFFFFFFFFFFFFFFF5C
S31580021814FFFFFFFFFFFFFFFFFFFFFFFFFFFFFFFF4C
S31580021824FFFFFFFFFFFFFFFFFFFFFFFFFFFFFFFF3C
S31580021834FFFFFFFFFFFFFFFFFFFFFFFFFFFFFFFF2C
S31580021844FFFFFFFFFFFFFFFFFFFFFFFFFFFFFFFF1C
S31580021854FFFFFFFFFFFFFFFFFFFFFFFFFFFFFFFF0C
S31580021864FFFFFFFFFFFFFFFFFFFFFFFFFFFFFFFFFC
S31580021874FFFFFFFFFFFFFFFFFFFFFFFFFFFFFFFFEC
S31580021884FFFFFFFFFFFFFFFFFFFFFFFFFFFFFFFFDC
S31580021894FFFFFFFFFFFFFFFFFFFFFFFFFFFFFFFFCC
S315800218A4FFFFFFFFFFFFFFFFFFFFFFFFFFFFFFFFBC
S315800218B4FFFFFFFFFFFFFFFFFFFFFFFFFFFFFFFFAC
S315800218C4FFFFFFFFFFFFFFFFFFFFFFFFFFFFFFFF9C
S315800218D4FFFFFFFFFFFFFFFFFFFFFFFFFFFFFFFF8C
S315800218E4FFFFFFFFFFFFFFFFFFFFFFFFFFFFFFFF7C
S315800218F4FFFFFFFFFFFFFFFFFFFFFFFFFFFFFFFF6C
S31580021904FFFFFFFFFFFFFFFFFFFFFFFFFFFFFFFF5B
S31580021914FFFFFFFFFFFFFFFFFFFFFFFFFFFFFFFF4B
S31580021924FFFFFFFFFFFFFFFFFFFFFFFFFFFFFFFF3B
S31580021934FFFFFFFFFFFFFFFFFFFFFFFFFFFFFFFF2B
S31580021944FFFFFFFFFFFFFFFFFFFFFFFFFFFFFFFF1B
S31580021954FFFFFFFFFFFFFFFFFFFFFFFFFFFFFFFF0B
S31580021964FFFFFFFFFFFFFFFFFFFFFFFFFFFFFFFFFB
S31580021974FFFFFFFFFFFFFFFFFFFFFFFFFFFFFFFFEB
S31580021984FFFFFFFFFFFFFFFFFFFFFFFFFFFFFFFFDB
S31580021994FFFFFFFFFFFFFFFFFFFFFFFFFFFFFFFFCB
S315800219A4FFFFFFFFFFFFFFFFFFFFFFFFFFFFFFFFBB
S315800219B4FFFFFFFFFFFFFFFFFFFFFFFFFFFFFFFFAB
S315800219C4FFFFFFFFFFFFFFFFFFFFFFFFFFFFFFFF9B
S315800219D4FFFFFFFFFFFFFFFFFFFFFFFFFFFFFFFF8B
S315800219E4FFFFFFFFFFFFFFFFFFFFFFFFFFFFFFFF7B
S315800219F4FFFFFFFFFFFFFFFFFFFFFFFFFFFFFFFF6B
S31580021A04FFFFFFFFFFFFFFFFFFFFFFFFFFFFFFFF5A
S31580021A14FFFFFFFFFFFFFFFFFFFFFFFFFFFFFFFF4A
S31580021A24FFFFFFFFFFFFFFFFFFFFFFFFFFFFFFFF3A
S31580021A34FFFFFFFFFFFFFFFFFFFFFFFFFFFFFFFF2A
S31580021A44FFFFFFFFFFFFFFFFFFFFFFFFFFFFFFFF1A
S31580021A54FFFFFFFFFFFFFFFFFFFFFFFFFFFFFFFF0A
S31580021A64FFFFFFFFFFFFFFFFFFFFFFFFFFFFFFFFFA
S31580021A74FFFFFFFFFFFFFFFFFFFFFFFFFFFFFFFFEA
S31580021A84FFFFFFFFFFFFFFFFFFFFFFFFFFFFFFFFDA
S31580021A94FFFFFFFFFFFFFFFFFFFFFFFFFFFFFFFFCA
S31580021AA4FFFFFFFFFFFFFFFFFFFFFFFFFFFFFFFFBA
S31580021AB4FFFFFFFFFFFFFFFFFFFFFFFFFFFFFFFFAA
S31580021AC4FFFFFFFFFFFFFFFFFFFFFFFFFFFFFFFF9A
S31580021AD4FFFFFFFFFFFFFFFFFFFFFFFFFFFFFFFF8A
S31580021AE4FFFFFFFFFFFFFFFFFFFFFFFFFFFFFFFF7A
S31580021AF4FFFFFFFFFFFFFFFFFFFFFFFFFFFFFFFF6A
S31580021B04FFFFFFFFFFFFFFFFFFFFFFFFFFFFFFFF59
S31580021B14FFFFFFFFFFFFFFFFFFFFFFFFFFFFFFFF49
S31580021B24FFFFFFFFFFFFFFFFFFFFFFFFFFFFFFFF39
S31580021B34FFFFFFFFFFFFFFFFFFFFFFFFFFFFFFFF29
S31580021B44FFFFFFFFFFFFFFFFFFFFFFFFFFFFFFFF19
S31580021B54FFFFFFFFFFFFFFFFFFFFFFFFFFFFFFFF09
S31580021B64FFFFFFFFFFFFFFFFFFFFFFFFFFFFFFFFF9
S31580021B74FFFFFFFFFFFFFFFFFFFFFFFFFFFFFFFFE9
S31580021B84FFFFFFFFFFFFFFFFFFFFFFFFFFFFFFFFD9
S31580021B94FFFFFFFFFFFFFFFFFFFFFFFFFFFFFFFFC9
S31580021BA4FFFFFFFFFFFFFFFFFFFFFFFFFFFFFFFFB9
S31580021BB4FFFFFFFFFFFFFFFFFFFFFFFFFFFFFFFFA9
S31580021BC4FFFFFFFFFFFFFFFFFFFFFFFFFFFFFFFF99
S31580021BD4FFFFFFFFFFFFFFFFFFFFFFFFFFFFFFFF89
S31580021BE4FFFFFFFFFFFFFFFFFFFFFFFFFFFFFFFF79
S31580021BF4FFFFFFFFFFFFFFFFFFFFFFFFFFFFFFFF69
S31580021C04FFFFFFFFFFFFFFFFFFFFFFFFFFFFFFFF58
S31580021C14FFFFFFFFFFFFFFFFFFFFFFFFFFFFFFFF48
S31580021C24FFFFFFFFFFFFFFFFFFFFFFFFFFFFFFFF38
S31580021C34FFFFFFFFFFFFFFFFFFFFFFFFFFFFFFFF28
S31580021C44FFFFFFFFFFFFFFFFFFFFFFFFFFFFFFFF18
S31580021C54FFFFFFFFFFFFFFFFFFFFFFFFFFFFFFFF08
S31580021C64FFFFFFFFFFFFFFFFFFFFFFFFFFFFFFFFF8
S31580021C74FFFFFFFFFFFFFFFFFFFFFFFFFFFFFFFFE8
S31580021C84FFFFFFFFFFFFFFFFFFFFFFFFFFFFFFFFD8
S31580021C94FFFFFFFFFFFFFFFFFFFFFFFFFFFFFFFFC8
S31580021CA4FFFFFFFFFFFFFFFFFFFFFFFFFFFFFFFFB8
S31580021CB4FFFFFFFFFFFFFFFFFFFFFFFFFFFFFFFFA8
S31580021CC4FFFFFFFFFFFFFFFFFFFFFFFFFFFFFFFF98
S31580021CD4FFFFFFFFFFFFFFFFFFFFFFFFFFFFFFFF88
S31580021CE4FFFFFFFFFFFFFFFFFFFFFFFFFFFFFFFF78
S31580021CF4FFFFFFFFFFFFFFFFFFFFFFFFFFFFFFFF68
S31580021D04FFFFFFFFFFFFFFFFFFFFFFFFFFFFFFFF57
S31580021D14FFFFFFFFFFFFFFFFFFFFFFFFFFFFFFFF47
S31580021D24FFFFFFFFFFFFFFFFFFFFFFFFFFFFFFFF37
S31580021D34FFFFFFFFFFFFFFFFFFFFFFFFFFFFFFFF27
S31580021D44FFFFFFFFFFFFFFFFFFFFFFFFFFFFFFFF17
S31580021D54FFFFFFFFFFFFFFFFFFFFFFFFFFFFFFFF07
S31580021D64FFFFFFFFFFFFFFFFFFFFFFFFFFFFFFFFF7
S31580021D74FFFFFFFFFFFFFFFFFFFFFFFFFFFFFFFFE7
S31580021D84FFFFFFFFFFFFFFFFFFFFFFFFFFFFFFFFD7
S31580021D94FFFFFFFFFFFFFFFFFFFFFFFFFFFFFFFFC7
S31580021DA4FFFFFFFFFFFFFFFFFFFFFFFFFFFFFFFFB7
S31580021DB4FFFFFFFFFFFFFFFFFFFFFFFFFFFFFFFFA7
S31580021DC4FFFFFFFFFFFFFFFFFFFFFFFFFFFFFFFF97
S31580021DD4FFFFFFFFFFFFFFFFFFFFFFFFFFFFFFFF87
S31580021DE4FFFFFFFFFFFFFFFFFFFFFFFFFFFFFFFF77
S31580021DF4FFFFFFFFFFFFFFFFFFFFFFFFFFFFFFFF67
S31580021E04FFFFFFFFFFFFFFFFFFFFFFFFFFFFFFFF56
S31580021E14FFFFFFFFFFFFFFFFFFFFFFFFFFFFFFFF46
S31580021E24FFFFFFFFFFFFFFFFFFFFFFFFFFFFFFFF36
S31580021E34FFFFFFFFFFFFFFFFFFFFFFFFFFFFFFFF26
S31580021E44FFFFFFFFFFFFFFFFFFFFFFFFFFFFFFFF16
S31580021E54FFFFFFFFFFFFFFFFFFFFFFFFFFFFFFFF06
S31580021E64FFFFFFFFFFFFFFFFFFFFFFFFFFFFFFFFF6
S31580021E74FFFFFFFFFFFFFFFFFFFFFFFFFFFFFFFFE6
S31580021E84FFFFFFFFFFFFFFFFFFFFFFFFFFFFFFFFD6
S31580021E94FFFFFFFFFFFFFFFFFFFFFFFFFFFFFFFFC6
S31580021EA4FFFFFFFFFFFFFFFFFFFFFFFFFFFFFFFFB6
S31580021EB4FFFFFFFFFFFFFFFFFFFFFFFFFFFFFFFFA6
S31580021EC4FFFFFFFFFFFFFFFFFFFFFFFFFFFFFFFF96
S31580021ED4FFFFFFFFFFFFFFFFFFFFFFFFFFFFFFFF86
S31580021EE4FFFFFFFFFFFFFFFFFFFFFFFFFFFFFFFF76
S31580021EF4FFFFFFFFFFFFFFFFFFFFFFFFFFFFFFFF66
S31580021F04FFFFFFFFFFFFFFFFFFFFFFFFFFFFFFFF55
S31580021F14FFFFFFFFFFFFFFFFFFFFFFFFFFFFFFFF45
S31580021F24FFFFFFFFFFFFFFFFFFFFFFFFFFFFFFFF35
S31580021F34FFFFFFFFFFFFFFFFFFFFFFFFFFFFFFFF25
S31580021F44FFFFFFFFFFFFFFFFFFFFFFFFFFFFFFFF15
S31580021F54FFFFFFFFFFFFFFFFFFFFFFFFFFFFFFFF05
S31580021F64FFFFFFFFFFFFFFFFFFFFFFFFFFFFFFFFF5
S31580021F74FFFFFFFFFFFFFFFFFFFFFFFFFFFFFFFFE5
S31580021F84FFFFFFFFFFFFFFFFFFFFFFFFFFFFFFFFD5
S31580021F94FFFFFFFFFFFFFFFFFFFFFFFFFFFFFFFFC5
S31580021FA4FFFFFFFFFFFFFFFFFFFFFFFFFFFFFFFFB5
S31580021FB4FFFFFFFFFFFFFFFFFFFFFFFFFFFFFFFFA5
S31580021FC4FFFFFFFFFFFFFFFFFFFFFFFFFFFFFFFF95
S31580021FD4FFFFFFFFFFFFFFFFFFFFFFFFFFFFFFFF85
S31580021FE4FFFFFFFFFFFFFFFFFFFFFFFFFFFFFFFF75
S31580021FF4FFFFFFFFFFFFFFFFFFFFFFFFFFFFFFFF65
S31580022004FFFFFFFFFFFFFFFFFFFFFFFFFFFFFFFF54
S31580022014FFFFFFFFFFFFFFFFFFFFFFFFFFFFFFFF44
S31580022024FFFFFFFFFFFFFFFFFFFFFFFFFFFFFFFF34
S31580022034FFFFFFFFFFFFFFFFFFFFFFFFFFFFFFFF24
S31580022044FFFFFFFFFFFFFFFFFFFFFFFFFFFFFFFF14
S31580022054FFFFFFFFFFFFFFFFFFFFFFFFFFFFFFFF04
S31580022064FFFFFFFFFFFFFFFFFFFFFFFFFFFFFFFFF4
S31580022074FFFFFFFFFFFFFFFFFFFFFFFFFFFFFFFFE4
S31580022084FFFFFFFFFFFFFFFFFFFFFFFFFFFFFFFFD4
S31580022094FFFFFFFFFFFFFFFFFFFFFFFFFFFFFFFFC4
S315800220A4FFFFFFFFFFFFFFFFFFFFFFFFFFFFFFFFB4
S315800220B4FFFFFFFFFFFFFFFFFFFFFFFFFFFFFFFFA4
S315800220C4FFFFFFFFFFFFFFFFFFFFFFFFFFFFFFFF94
S315800220D4FFFFFFFFFFFFFFFFFFFFFFFFFFFFFFFF84
S315800220E4FFFFFFFFFFFFFFFFFFFFFFFFFFFFFFFF74
S315800220F4FFFFFFFFFFFFFFFFFFFFFFFFFFFFFFFF64
S31580022104FFFFFFFFFFFFFFFFFFFFFFFFFFFFFFFF53
S31580022114FFFFFFFFFFFFFFFFFFFFFFFFFFFFFFFF43
S31580022124FFFFFFFFFFFFFFFFFFFFFFFFFFFFFFFF33
S31580022134FFFFFFFFFFFFFFFFFFFFFFFFFFFFFFFF23
S31580022144FFFFFFFFFFFFFFFFFFFFFFFFFFFFFFFF13
S31580022154FFFFFFFFFFFFFFFFFFFFFFFFFFFFFFFF03
S31580022164FFFFFFFFFFFFFFFFFFFFFFFFFFFFFFFFF3
S31580022174FFFFFFFFFFFFFFFFFFFFFFFFFFFFFFFFE3
S31580022184FFFFFFFFFFFFFFFFFFFFFFFFFFFFFFFFD3
S31580022194FFFFFFFFFFFFFFFFFFFFFFFFFFFFFFFFC3
S315800221A4FFFFFFFFFFFFFFFFFFFFFFFFFFFFFFFFB3
S315800221B4FFFFFFFFFFFFFFFFFFFFFFFFFFFFFFFFA3
S315800221C4FFFFFFFFFFFFFFFFFFFFFFFFFFFFFFFF93
S315800221D4FFFFFFFFFFFFFFFFFFFFFFFFFFFFFFFF83
S315800221E4FFFFFFFFFFFFFFFFFFFFFFFFFFFFFFFF73
S315800221F4FFFFFFFFFFFFFFFFFFFFFFFFFFFFFFFF63
S31580022204FFFFFFFFFFFFFFFFFFFFFFFFFFFFFFFF52
S31580022214FFFFFFFFFFFFFFFFFFFFFFFFFFFFFFFF42
S31580022224FFFFFFFFFFFFFFFFFFFFFFFFFFFFFFFF32
S31580022234FFFFFFFFFFFFFFFFFFFFFFFFFFFFFFFF22
S31580022244FFFFFFFFFFFFFFFFFFFFFFFFFFFFFFFF12
S31580022254FFFFFFFFFFFFFFFFFFFFFFFFFFFFFFFF02
S31580022264FFFFFFFFFFFFFFFFFFFFFFFFFFFFFFFFF2
S31580022274FFFFFFFFFFFFFFFFFFFFFFFFFFFFFFFFE2
S31580022284FFFFFFFFFFFFFFFFFFFFFFFFFFFFFFFFD2
S31580022294FFFFFFFFFFFFFFFFFFFFFFFFFFFFFFFFC2
S315800222A4FFFFFFFFFFFFFFFFFFFFFFFFFFFFFFFFB2
S315800222B4FFFFFFFFFFFFFFFFFFFFFFFFFFFFFFFFA2
S315800222C4FFFFFFFFFFFFFFFFFFFFFFFFFFFFFFFF92
S315800222D4FFFFFFFFFFFFFFFFFFFFFFFFFFFFFFFF82
S315800222E4FFFFFFFFFFFFFFFFFFFFFFFFFFFFFFFF72
S315800222F4FFFFFFFFFFFFFFFFFFFFFFFFFFFFFFFF62
S31580022304FFFFFFFFFFFFFFFFFFFFFFFFFFFFFFFF51
S31580022314FFFFFFFFFFFFFFFFFFFFFFFFFFFFFFFF41
S31580022324FFFFFFFFFFFFFFFFFFFFFFFFFFFFFFFF31
S31580022334FFFFFFFFFFFFFFFFFFFFFFFFFFFFFFFF21
S31580022344FFFFFFFFFFFFFFFFFFFFFFFFFFFFFFFF11
S31580022354FFFFFFFFFFFFFFFFFFFFFFFFFFFFFFFF01
S31580022364FFFFFFFFFFFFFFFFFFFFFFFFFFFFFFFFF1
S31580022374FFFFFFFFFFFFFFFFFFFFFFFFFFFFFFFFE1
S31580022384FFFFFFFFFFFFFFFFFFFFFFFFFFFFFFFFD1
S31580022394FFFFFFFFFFFFFFFFFFFFFFFFFFFFFFFFC1
S315800223A4FFFFFFFFFFFFFFFFFFFFFFFFFFFFFFFFB1
S315800223B4FFFFFFFFFFFFFFFFFFFFFFFFFFFFFFFFA1
S315800223C4FFFFFFFFFFFFFFFFFFFFFFFFFFFFFFFF91
S315800223D4FFFFFFFFFFFFFFFFFFFFFFFFFFFFFFFF81
S315800223E4FFFFFFFFFFFFFFFFFFFFFFFFFFFFFFFF71
S315800223F4FFFFFFFFFFFFFFFFFFFFFFFFFFFFFFFF61
S31580022404FFFFFFFFFFFFFFFFFFFFFFFFFFFFFFFF50
S31580022414FFFFFFFFFFFFFFFFFFFFFFFFFFFFFFFF40
S31580022424FFFFFFFFFFFFFFFFFFFFFFFFFFFFFFFF30
S31580022434FFFFFFFFFFFFFFFFFFFFFFFFFFFFFFFF20
S31580022444FFFFFFFFFFFFFFFFFFFFFFFFFFFFFFFF10
S31580022454FFFFFFFFFFFFFFFFFFFFFFFFFFFFFFFF00
S31580022464FFFFFFFFFFFFFFFFFFFFFFFFFFFFFFFFF0
S31580022474FFFFFFFFFFFFFFFFFFFFFFFFFFFFFFFFE0
S31580022484FFFFFFFFFFFFFFFFFFFFFFFFFFFFFFFFD0
S31580022494FFFFFFFFFFFFFFFFFFFFFFFFFFFFFFFFC0
S315800224A4FFFFFFFFFFFFFFFFFFFFFFFFFFFFFFFFB0
S315800224B4FFFFFFFFFFFFFFFFFFFFFFFFFFFFFFFFA0
S315800224C4FFFFFFFFFFFFFFFFFFFFFFFFFFFFFFFF90
S315800224D4FFFFFFFFFFFFFFFFFFFFFFFFFFFFFFFF80
S315800224E4FFFFFFFFFFFFFFFFFFFFFFFFFFFFFFFF70
S315800224F4FFFFFFFFFFFFFFFFFFFFFFFFFFFFFFFF60
S31580022504FFFFFFFFFFFFFFFFFFFFFFFFFFFFFFFF4F
S31580022514FFFFFFFFFFFFFFFFFFFFFFFFFFFFFFFF3F
S31580022524FFFFFFFFFFFFFFFFFFFFFFFFFFFFFFFF2F
S31580022534FFFFFFFFFFFFFFFFFFFFFFFFFFFFFFFF1F
S31580022544FFFFFFFFFFFFFFFFFFFFFFFFFFFFFFFF0F
S31580022554FFFFFFFFFFFFFFFFFFFFFFFFFFFFFFFFFF
S31580022564FFFFFFFFFFFFFFFFFFFFFFFFFFFFFFFFEF
S31580022574FFFFFFFFFFFFFFFFFFFFFFFFFFFFFFFFDF
S31580022584FFFFFFFFFFFFFFFFFFFFFFFFFFFFFFFFCF
S31580022594FFFFFFFFFFFFFFFFFFFFFFFFFFFFFFFFBF
S315800225A4FFFFFFFFFFFFFFFFFFFFFFFFFFFFFFFFAF
S315800225B4FFFFFFFFFFFFFFFFFFFFFFFFFFFFFFFF9F
S315800225C4FFFFFFFFFFFFFFFFFFFFFFFFFFFFFFFF8F
S315800225D4FFFFFFFFFFFFFFFFFFFFFFFFFFFFFFFF7F
S315800225E4FFFFFFFFFFFFFFFFFFFFFFFFFFFFFFFF6F
S315800225F4FFFFFFFFFFFFFFFFFFFFFFFFFFFFFFFF5F
S31580022604FFFFFFFFFFFFFFFFFFFFFFFFFFFFFFFF4E
S31580022614FFFFFFFFFFFFFFFFFFFFFFFFFFFFFFFF3E
S31580022624FFFFFFFFFFFFFFFFFFFFFFFFFFFFFFFF2E
S31580022634FFFFFFFFFFFFFFFFFFFFFFFFFFFFFFFF1E
S31580022644FFFFFFFFFFFFFFFFFFFFFFFFFFFFFFFF0E
S31580022654FFFFFFFFFFFFFFFFFFFFFFFFFFFFFFFFFE
S31580022664FFFFFFFFFFFFFFFFFFFFFFFFFFFFFFFFEE
S31580022674FFFFFFFFFFFFFFFFFFFFFFFFFFFFFFFFDE
S31580022684FFFFFFFFFFFFFFFFFFFFFFFFFFFFFFFFCE
S31580022694FFFFFFFFFFFFFFFFFFFFFFFFFFFFFFFFBE
S315800226A4FFFFFFFFFFFFFFFFFFFFFFFFFFFFFFFFAE
S315800226B4FFFFFFFFFFFFFFFFFFFFFFFFFFFFFFFF9E
S315800226C4FFFFFFFFFFFFFFFFFFFFFFFFFFFFFFFF8E
S315800226D4FFFFFFFFFFFFFFFFFFFFFFFFFFFFFFFF7E
S315800226E4FFFFFFFFFFFFFFFFFFFFFFFFFFFFFFFF6E
S315800226F4FFFFFFFFFFFFFFFFFFFFFFFFFFFFFFFF5E
S31580022704FFFFFFFFFFFFFFFFFFFFFFFFFFFFFFFF4D
S31580022714FFFFFFFFFFFFFFFFFFFFFFFFFFFFFFFF3D
S31580022724FFFFFFFFFFFFFFFFFFFFFFFFFFFFFFFF2D
S31580022734FFFFFFFFFFFFFFFFFFFFFFFFFFFFFFFF1D
S31580022744FFFFFFFFFFFFFFFFFFFFFFFFFFFFFFFF0D
S31580022754FFFFFFFFFFFFFFFFFFFFFFFFFFFFFFFFFD
S31580022764FFFFFFFFFFFFFFFFFFFFFFFFFFFFFFFFED
S31580022774FFFFFFFFFFFFFFFFFFFFFFFFFFFFFFFFDD
S31580022784FFFFFFFFFFFFFFFFFFFFFFFFFFFFFFFFCD
S31580022794FFFFFFFFFFFFFFFFFFFFFFFFFFFFFFFFBD
S315800227A4FFFFFFFFFFFFFFFFFFFFFFFFFFFFFFFFAD
S315800227B4FFFFFFFFFFFFFFFFFFFFFFFFFFFFFFFF9D
S315800227C4FFFFFFFFFFFFFFFFFFFFFFFFFFFFFFFF8D
S315800227D4FFFFFFFFFFFFFFFFFFFFFFFFFFFFFFFF7D
S315800227E4FFFFFFFFFFFFFFFFFFFFFFFFFFFFFFFF6D
S315800227F4FFFFFFFFFFFFFFFFFFFFFFFFFFFFFFFF5D
S31580022804FFFFFFFFFFFFFFFFFFFFFFFFFFFFFFFF4C
S31580022814FFFFFFFFFFFFFFFFFFFFFFFFFFFFFFFF3C
S31580022824FFFFFFFFFFFFFFFFFFFFFFFFFFFFFFFF2C
S31580022834FFFFFFFFFFFFFFFFFFFFFFFFFFFFFFFF1C
S31580022844FFFFFFFFFFFFFFFFFFFFFFFFFFFFFFFF0C
S31580022854FFFFFFFFFFFFFFFFFFFFFFFFFFFFFFFFFC
S31580022864FFFFFFFFFFFFFFFFFFFFFFFFFFFFFFFFEC
S31580022874FFFFFFFFFFFFFFFFFFFFFFFFFFFFFFFFDC
S31580022884FFFFFFFFFFFFFFFFFFFFFFFFFFFFFFFFCC
S31580022894FFFFFFFFFFFFFFFFFFFFFFFFFFFFFFFFBC
S315800228A4FFFFFFFFFFFFFFFFFFFFFFFFFFFFFFFFAC
S315800228B4FFFFFFFFFFFFFFFFFFFFFFFFFFFFFFFF9C
S315800228C4FFFFFFFFFFFFFFFFFFFFFFFFFFFFFFFF8C
S315800228D4FFFFFFFFFFFFFFFFFFFFFFFFFFFFFFFF7C
S315800228E4FFFFFFFFFFFFFFFFFFFFFFFFFFFFFFFF6C
S315800228F4FFFFFFFFFFFFFFFFFFFFFFFFFFFFFFFF5C
S31580022904FFFFFFFFFFFFFFFFFFFFFFFFFFFFFFFF4B
S31580022914FFFFFFFFFFFFFFFFFFFFFFFFFFFFFFFF3B
S31580022924FFFFFFFFFFFFFFFFFFFFFFFFFFFFFFFF2B
S31580022934FFFFFFFFFFFFFFFFFFFFFFFFFFFFFFFF1B
S31580022944FFFFFFFFFFFFFFFFFFFFFFFFFFFFFFFF0B
S31580022954FFFFFFFFFFFFFFFFFFFFFFFFFFFFFFFFFB
S31580022964FFFFFFFFFFFFFFFFFFFFFFFFFFFFFFFFEB
S31580022974FFFFFFFFFFFFFFFFFFFFFFFFFFFFFFFFDB
S31580022984FFFFFFFFFFFFFFFFFFFFFFFFFFFFFFFFCB
S31580022994FFFFFFFFFFFFFFFFFFFFFFFFFFFFFFFFBB
S315800229A4FFFFFFFFFFFFFFFFFFFFFFFFFFFFFFFFAB
S315800229B4FFFFFFFFFFFFFFFFFFFFFFFFFFFFFFFF9B
S315800229C4FFFFFFFFFFFFFFFFFFFFFFFFFFFFFFFF8B
S315800229D4FFFFFFFFFFFFFFFFFFFFFFFFFFFFFFFF7B
S315800229E4FFFFFFFFFFFFFFFFFFFFFFFFFFFFFFFF6B
S315800229F4FFFFFFFFFFFFFFFFFFFFFFFFFFFFFFFF5B
S31580022A04FFFFFFFFFFFFFFFFFFFFFFFFFFFFFFFF4A
S31580022A14FFFFFFFFFFFFFFFFFFFFFFFFFFFFFFFF3A
S31580022A24FFFFFFFFFFFFFFFFFFFFFFFFFFFFFFFF2A
S31580022A34FFFFFFFFFFFFFFFFFFFFFFFFFFFFFFFF1A
S31580022A44FFFFFFFFFFFFFFFFFFFFFFFFFFFFFFFF0A
S31580022A54FFFFFFFFFFFFFFFFFFFFFFFFFFFFFFFFFA
S31580022A64FFFFFFFFFFFFFFFFFFFFFFFFFFFFFFFFEA
S31580022A74FFFFFFFFFFFFFFFFFFFFFFFFFFFFFFFFDA
S31580022A84FFFFFFFFFFFFFFFFFFFFFFFFFFFFFFFFCA
S31580022A94FFFFFFFFFFFFFFFFFFFFFFFFFFFFFFFFBA
S31580022AA4FFFFFFFFFFFFFFFFFFFFFFFFFFFFFFFFAA
S31580022AB4FFFFFFFFFFFFFFFFFFFFFFFFFFFFFFFF9A
S31580022AC4FFFFFFFFFFFFFFFFFFFFFFFFFFFFFFFF8A
S31580022AD4FFFFFFFFFFFFFFFFFFFFFFFFFFFFFFFF7A
S31580022AE4FFFFFFFFFFFFFFFFFFFFFFFFFFFFFFFF6A
S31580022AF4FFFFFFFFFFFFFFFFFFFFFFFFFFFFFFFF5A
S31580022B04FFFFFFFFFFFFFFFFFFFFFFFFFFFFFFFF49
S31580022B14FFFFFFFFFFFFFFFFFFFFFFFFFFFFFFFF39
S31580022B24FFFFFFFFFFFFFFFFFFFFFFFFFFFFFFFF29
S31580022B34FFFFFFFFFFFFFFFFFFFFFFFFFFFFFFFF19
S31580022B44FFFFFFFFFFFFFFFFFFFFFFFFFFFFFFFF09
S31580022B54FFFFFFFFFFFFFFFFFFFFFFFFFFFFFFFFF9
S31580022B64FFFFFFFFFFFFFFFFFFFFFFFFFFFFFFFFE9
S31580022B74FFFFFFFFFFFFFFFFFFFFFFFFFFFFFFFFD9
S31580022B84FFFFFFFFFFFFFFFFFFFFFFFFFFFFFFFFC9
S31580022B94FFFFFFFFFFFFFFFFFFFFFFFFFFFFFFFFB9
S31580022BA4FFFFFFFFFFFFFFFFFFFFFFFFFFFFFFFFA9
S31580022BB4FFFFFFFFFFFFFFFFFFFFFFFFFFFFFFFF99
S31580022BC4FFFFFFFFFFFFFFFFFFFFFFFFFFFFFFFF89
S31580022BD4FFFFFFFFFFFFFFFFFFFFFFFFFFFFFFFF79
S31580022BE4FFFFFFFFFFFFFFFFFFFFFFFFFFFFFFFF69
S31580022BF4FFFFFFFFFFFFFFFFFFFFFFFFFFFFFFFF59
S31580022C04FFFFFFFFFFFFFFFFFFFFFFFFFFFFFFFF48
S31580022C14FFFFFFFFFFFFFFFFFFFFFFFFFFFFFFFF38
S31580022C24FFFFFFFFFFFFFFFFFFFFFFFFFFFFFFFF28
S31580022C34FFFFFFFFFFFFFFFFFFFFFFFFFFFFFFFF18
S31580022C44FFFFFFFFFFFFFFFFFFFFFFFFFFFFFFFF08
S31580022C54FFFFFFFFFFFFFFFFFFFFFFFFFFFFFFFFF8
S31580022C64FFFFFFFFFFFFFFFFFFFFFFFFFFFFFFFFE8
S31580022C74FFFFFFFFFFFFFFFFFFFFFFFFFFFFFFFFD8
S31580022C84FFFFFFFFFFFFFFFFFFFFFFFFFFFFFFFFC8
S31580022C94FFFFFFFFFFFFFFFFFFFFFFFFFFFFFFFFB8
S31580022CA4FFFFFFFFFFFFFFFFFFFFFFFFFFFFFFFFA8
S31580022CB4FFFFFFFFFFFFFFFFFFFFFFFFFFFFFFFF98
S31580022CC4FFFFFFFFFFFFFFFFFFFFFFFFFFFFFFFF88
S31580022CD4FFFFFFFFFFFFFFFFFFFFFFFFFFFFFFFF78
S31580022CE4FFFFFFFFFFFFFFFFFFFFFFFFFFFFFFFF68
S31580022CF4FFFFFFFFFFFFFFFFFFFFFFFFFFFFFFFF58
S31580022D04FFFFFFFFFFFFFFFFFFFFFFFFFFFFFFFF47
S31580022D14FFFFFFFFFFFFFFFFFFFFFFFFFFFFFFFF37
S31580022D24FFFFFFFFFFFFFFFFFFFFFFFFFFFFFFFF27
S31580022D34FFFFFFFFFFFFFFFFFFFFFFFFFFFFFFFF17
S31580022D44FFFFFFFFFFFFFFFFFFFFFFFFFFFFFFFF07
S31580022D54FFFFFFFFFFFFFFFFFFFFFFFFFFFFFFFFF7
S31580022D64FFFFFFFFFFFFFFFFFFFFFFFFFFFFFFFFE7
S31580022D74FFFFFFFFFFFFFFFFFFFFFFFFFFFFFFFFD7
S31580022D84FFFFFFFFFFFFFFFFFFFFFFFFFFFFFFFFC7
S31580022D94FFFFFFFFFFFFFFFFFFFFFFFFFFFFFFFFB7
S31580022DA4FFFFFFFFFFFFFFFFFFFFFFFFFFFFFFFFA7
S31580022DB4FFFFFFFFFFFFFFFFFFFFFFFFFFFFFFFF97
S31580022DC4FFFFFFFFFFFFFFFFFFFFFFFFFFFFFFFF87
S31580022DD4FFFFFFFFFFFFFFFFFFFFFFFFFFFFFFFF77
S31580022DE4FFFFFFFFFFFFFFFFFFFFFFFFFFFFFFFF67
S31580022DF4FFFFFFFFFFFFFFFFFFFFFFFFFFFFFFFF57
S31580022E04FFFFFFFFFFFFFFFFFFFFFFFFFFFFFFFF46
S31580022E14FFFFFFFFFFFFFFFFFFFFFFFFFFFFFFFF36
S31580022E24FFFFFFFFFFFFFFFFFFFFFFFFFFFFFFFF26
S31580022E34FFFFFFFFFFFFFFFFFFFFFFFFFFFFFFFF16
S31580022E44FFFFFFFFFFFFFFFFFFFFFFFFFFFFFFFF06
S31580022E54FFFFFFFFFFFFFFFFFFFFFFFFFFFFFFFFF6
S31580022E64FFFFFFFFFFFFFFFFFFFFFFFFFFFFFFFFE6
S31580022E74FFFFFFFFFFFFFFFFFFFFFFFFFFFFFFFFD6
S31580022E84FFFFFFFFFFFFFFFFFFFFFFFFFFFFFFFFC6
S31580022E94FFFFFFFFFFFFFFFFFFFFFFFFFFFFFFFFB6
S31580022EA4FFFFFFFFFFFFFFFFFFFFFFFFFFFFFFFFA6
S31580022EB4FFFFFFFFFFFFFFFFFFFFFFFFFFFFFFFF96
S31580022EC4FFFFFFFFFFFFFFFFFFFFFFFFFFFFFFFF86
S31580022ED4FFFFFFFFFFFFFFFFFFFFFFFFFFFFFFFF76
S31580022EE4FFFFFFFFFFFFFFFFFFFFFFFFFFFFFFFF66
S31580022EF4FFFFFFFFFFFFFFFFFFFFFFFFFFFFFFFF56
S31580022F04FFFFFFFFFFFFFFFFFFFFFFFFFFFFFFFF45
S31580022F14FFFFFFFFFFFFFFFFFFFFFFFFFFFFFFFF35
S31580022F24FFFFFFFFFFFFFFFFFFFFFFFFFFFFFFFF25
S31580022F34FFFFFFFFFFFFFFFFFFFFFFFFFFFFFFFF15
S31580022F44FFFFFFFFFFFFFFFFFFFFFFFFFFFFFFFF05
S31580022F54FFFFFFFFFFFFFFFFFFFFFFFFFFFFFFFFF5
S31580022F64FFFFFFFFFFFFFFFFFFFFFFFFFFFFFFFFE5
S31580022F74FFFFFFFFFFFFFFFFFFFFFFFFFFFFFFFFD5
S31580022F84FFFFFFFFFFFFFFFFFFFFFFFFFFFFFFFFC5
S31580022F94FFFFFFFFFFFFFFFFFFFFFFFFFFFFFFFFB5
S31580022FA4FFFFFFFFFFFFFFFFFFFFFFFFFFFFFFFFA5
S31580022FB4FFFFFFFFFFFFFFFFFFFFFFFFFFFFFFFF95
S31580022FC4FFFFFFFFFFFFFFFFFFFFFFFFFFFFFFFF85
S31580022FD4FFFFFFFFFFFFFFFFFFFFFFFFFFFFFFFF75
S31580022FE4FFFFFFFFFFFFFFFFFFFFFFFFFFFFFFFF65
S31580022FF4FFFFFFFFFFFFFFFFFFFFFFFFFFFFFFFF55
S31580023004FFFFFFFFFFFFFFFFFFFFFFFFFFFFFFFF44
S31580023014FFFFFFFFFFFFFFFFFFFFFFFFFFFFFFFF34
S31580023024FFFFFFFFFFFFFFFFFFFFFFFFFFFFFFFF24
S31580023034FFFFFFFFFFFFFFFFFFFFFFFFFFFFFFFF14
S31580023044FFFFFFFFFFFFFFFFFFFFFFFFFFFFFFFF04
S31580023054FFFFFFFFFFFFFFFFFFFFFFFFFFFFFFFFF4
S31580023064FFFFFFFFFFFFFFFFFFFFFFFFFFFFFFFFE4
S31580023074FFFFFFFFFFFFFFFFFFFFFFFFFFFFFFFFD4
S31580023084FFFFFFFFFFFFFFFFFFFFFFFFFFFFFFFFC4
S31580023094FFFFFFFFFFFFFFFFFFFFFFFFFFFFFFFFB4
S315800230A4FFFFFFFFFFFFFFFFFFFFFFFFFFFFFFFFA4
S315800230B4FFFFFFFFFFFFFFFFFFFFFFFFFFFFFFFF94
S315800230C4FFFFFFFFFFFFFFFFFFFFFFFFFFFFFFFF84
S315800230D4FFFFFFFFFFFFFFFFFFFFFFFFFFFFFFFF74
S315800230E4FFFFFFFFFFFFFFFFFFFFFFFFFFFFFFFF64
S315800230F4FFFFFFFFFFFFFFFFFFFFFFFFFFFFFFFF54
S31580023104FFFFFFFFFFFFFFFFFFFFFFFFFFFFFFFF43
S31580023114FFFFFFFFFFFFFFFFFFFFFFFFFFFFFFFF33
S31580023124FFFFFFFFFFFFFFFFFFFFFFFFFFFFFFFF23
S31580023134FFFFFFFFFFFFFFFFFFFFFFFFFFFFFFFF13
S31580023144FFFFFFFFFFFFFFFFFFFFFFFFFFFFFFFF03
S31580023154FFFFFFFFFFFFFFFFFFFFFFFFFFFFFFFFF3
S31580023164FFFFFFFFFFFFFFFFFFFFFFFFFFFFFFFFE3
S31580023174FFFFFFFFFFFFFFFFFFFFFFFFFFFFFFFFD3
S31580023184FFFFFFFFFFFFFFFFFFFFFFFFFFFFFFFFC3
S31580023194FFFFFFFFFFFFFFFFFFFFFFFFFFFFFFFFB3
S315800231A4FFFFFFFFFFFFFFFFFFFFFFFFFFFFFFFFA3
S315800231B4FFFFFFFFFFFFFFFFFFFFFFFFFFFFFFFF93
S315800231C4FFFFFFFFFFFFFFFFFFFFFFFFFFFFFFFF83
S315800231D4FFFFFFFFFFFFFFFFFFFFFFFFFFFFFFFF73
S315800231E4FFFFFFFFFFFFFFFFFFFFFFFFFFFFFFFF63
S315800231F4FFFFFFFFFFFFFFFFFFFFFFFFFFFFFFFF53
S31580023204FFFFFFFFFFFFFFFFFFFFFFFFFFFFFFFF42
S31580023214FFFFFFFFFFFFFFFFFFFFFFFFFFFFFFFF32
S31580023224FFFFFFFFFFFFFFFFFFFFFFFFFFFFFFFF22
S31580023234FFFFFFFFFFFFFFFFFFFFFFFFFFFFFFFF12
S31580023244FFFFFFFFFFFFFFFFFFFFFFFFFFFFFFFF02
S31580023254FFFFFFFFFFFFFFFFFFFFFFFFFFFFFFFFF2
S31580023264FFFFFFFFFFFFFFFFFFFFFFFFFFFFFFFFE2
S31580023274FFFFFFFFFFFFFFFFFFFFFFFFFFFFFFFFD2
S31580023284FFFFFFFFFFFFFFFFFFFFFFFFFFFFFFFFC2
S31580023294FFFFFFFFFFFFFFFFFFFFFFFFFFFFFFFFB2
S315800232A4FFFFFFFFFFFFFFFFFFFFFFFFFFFFFFFFA2
S315800232B4FFFFFFFFFFFFFFFFFFFFFFFFFFFFFFFF92
S315800232C4FFFFFFFFFFFFFFFFFFFFFFFFFFFFFFFF82
S315800232D4FFFFFFFFFFFFFFFFFFFFFFFFFFFFFFFF72
S315800232E4FFFFFFFFFFFFFFFFFFFFFFFFFFFFFFFF62
S315800232F4FFFFFFFFFFFFFFFFFFFFFFFFFFFFFFFF52
S31580023304FFFFFFFFFFFFFFFFFFFFFFFFFFFFFFFF41
S31580023314FFFFFFFFFFFFFFFFFFFFFFFFFFFFFFFF31
S31580023324FFFFFFFFFFFFFFFFFFFFFFFFFFFFFFFF21
S31580023334FFFFFFFFFFFFFFFFFFFFFFFFFFFFFFFF11
S31580023344FFFFFFFFFFFFFFFFFFFFFFFFFFFFFFFF01
S31580023354FFFFFFFFFFFFFFFFFFFFFFFFFFFFFFFFF1
S31580023364FFFFFFFFFFFFFFFFFFFFFFFFFFFFFFFFE1
S31580023374FFFFFFFFFFFFFFFFFFFFFFFFFFFFFFFFD1
S31580023384FFFFFFFFFFFFFFFFFFFFFFFFFFFFFFFFC1
S31580023394FFFFFFFFFFFFFFFFFFFFFFFFFFFFFFFFB1
S315800233A4FFFFFFFFFFFFFFFFFFFFFFFFFFFFFFFFA1
S315800233B4FFFFFFFFFFFFFFFFFFFFFFFFFFFFFFFF91
S315800233C4FFFFFFFFFFFFFFFFFFFFFFFFFFFFFFFF81
S315800233D4FFFFFFFFFFFFFFFFFFFFFFFFFFFFFFFF71
S315800233E4FFFFFFFFFFFFFFFFFFFFFFFFFFFFFFFF61
S315800233F4FFFFFFFFFFFFFFFFFFFFFFFFFFFFFFFF51
S31580023404FFFFFFFFFFFFFFFFFFFFFFFFFFFFFFFF40
S31580023414FFFFFFFFFFFFFFFFFFFFFFFFFFFFFFFF30
S31580023424FFFFFFFFFFFFFFFFFFFFFFFFFFFFFFFF20
S31580023434FFFFFFFFFFFFFFFFFFFFFFFFFFFFFFFF10
S31580023444FFFFFFFFFFFFFFFFFFFFFFFFFFFFFFFF00
S31580023454FFFFFFFFFFFFFFFFFFFFFFFFFFFFFFFFF0
S31580023464FFFFFFFFFFFFFFFFFFFFFFFFFFFFFFFFE0
S31580023474FFFFFFFFFFFFFFFFFFFFFFFFFFFFFFFFD0
S31580023484FFFFFFFFFFFFFFFFFFFFFFFFFFFFFFFFC0
S31580023494FFFFFFFFFFFFFFFFFFFFFFFFFFFFFFFFB0
S315800234A4FFFFFFFFFFFFFFFFFFFFFFFFFFFFFFFFA0
S315800234B4FFFFFFFFFFFFFFFFFFFFFFFFFFFFFFFF90
S315800234C4FFFFFFFFFFFFFFFFFFFFFFFFFFFFFFFF80
S315800234D4FFFFFFFFFFFFFFFFFFFFFFFFFFFFFFFF70
S315800234E4FFFFFFFFFFFFFFFFFFFFFFFFFFFFFFFF60
S315800234F4FFFFFFFFFFFFFFFFFFFFFFFFFFFFFFFF50
S31580023504FFFFFFFFFFFFFFFFFFFFFFFFFFFFFFFF3F
S31580023514FFFFFFFFFFFFFFFFFFFFFFFFFFFFFFFF2F
S31580023524FFFFFFFFFFFFFFFFFFFFFFFFFFFFFFFF1F
S31580023534FFFFFFFFFFFFFFFFFFFFFFFFFFFFFFFF0F
S31580023544FFFFFFFFFFFFFFFFFFFFFFFFFFFFFFFFFF
S31580023554FFFFFFFFFFFFFFFFFFFFFFFFFFFFFFFFEF
S31580023564FFFFFFFFFFFFFFFFFFFFFFFFFFFFFFFFDF
S31580023574FFFFFFFFFFFFFFFFFFFFFFFFFFFFFFFFCF
S31580023584FFFFFFFFFFFFFFFFFFFFFFFFFFFFFFFFBF
S31580023594FFFFFFFFFFFFFFFFFFFFFFFFFFFFFFFFAF
S315800235A4FFFFFFFFFFFFFFFFFFFFFFFFFFFFFFFF9F
S315800235B4FFFFFFFFFFFFFFFFFFFFFFFFFFFFFFFF8F
S315800235C4FFFFFFFFFFFFFFFFFFFFFFFFFFFFFFFF7F
S315800235D4FFFFFFFFFFFFFFFFFFFFFFFFFFFFFFFF6F
S315800235E4FFFFFFFFFFFFFFFFFFFFFFFFFFFFFFFF5F
S315800235F4FFFFFFFFFFFFFFFFFFFFFFFFFFFFFFFF4F
S31580023604FFFFFFFFFFFFFFFFFFFFFFFFFFFFFFFF3E
S31580023614FFFFFFFFFFFFFFFFFFFFFFFFFFFFFFFF2E
S31580023624FFFFFFFFFFFFFFFFFFFFFFFFFFFFFFFF1E
S31580023634FFFFFFFFFFFFFFFFFFFFFFFFFFFFFFFF0E
S31580023644FFFFFFFFFFFFFFFFFFFFFFFFFFFFFFFFFE
S31580023654FFFFFFFFFFFFFFFFFFFFFFFFFFFFFFFFEE
S31580023664FFFFFFFFFFFFFFFFFFFFFFFFFFFFFFFFDE
S31580023674FFFFFFFFFFFFFFFFFFFFFFFFFFFFFFFFCE
S31580023684FFFFFFFFFFFFFFFFFFFFFFFFFFFFFFFFBE
S31580023694FFFFFFFFFFFFFFFFFFFFFFFFFFFFFFFFAE
S315800236A4FFFFFFFFFFFFFFFFFFFFFFFFFFFFFFFF9E
S315800236B4FFFFFFFFFFFFFFFFFFFFFFFFFFFFFFFF8E
S315800236C4FFFFFFFFFFFFFFFFFFFFFFFFFFFFFFFF7E
S315800236D4FFFFFFFFFFFFFFFFFFFFFFFFFFFFFFFF6E
S315800236E4FFFFFFFFFFFFFFFFFFFFFFFFFFFFFFFF5E
S315800236F4FFFFFFFFFFFFFFFFFFFFFFFFFFFFFFFF4E
S31580023704FFFFFFFFFFFFFFFFFFFFFFFFFFFFFFFF3D
S31580023714FFFFFFFFFFFFFFFFFFFFFFFFFFFFFFFF2D
S31580023724FFFFFFFFFFFFFFFFFFFFFFFFFFFFFFFF1D
S31580023734FFFFFFFFFFFFFFFFFFFFFFFFFFFFFFFF0D
S31580023744FFFFFFFFFFFFFFFFFFFFFFFFFFFFFFFFFD
S31580023754FFFFFFFFFFFFFFFFFFFFFFFFFFFFFFFFED
S31580023764FFFFFFFFFFFFFFFFFFFFFFFFFFFFFFFFDD
S31580023774FFFFFFFFFFFFFFFFFFFFFFFFFFFFFFFFCD
S31580023784FFFFFFFFFFFFFFFFFFFFFFFFFFFFFFFFBD
S31580023794FFFFFFFFFFFFFFFFFFFFFFFFFFFFFFFFAD
S315800237A4FFFFFFFFFFFFFFFFFFFFFFFFFFFFFFFF9D
S315800237B4FFFFFFFFFFFFFFFFFFFFFFFFFFFFFFFF8D
S315800237C4FFFFFFFFFFFFFFFFFFFFFFFFFFFFFFFF7D
S315800237D4FFFFFFFFFFFFFFFFFFFFFFFFFFFFFFFF6D
S315800237E4FFFFFFFFFFFFFFFFFFFFFFFFFFFFFFFF5D
S315800237F4FFFFFFFFFFFFFFFFFFFFFFFFFFFFFFFF4D
S31580023804FFFFFFFFFFFFFFFFFFFFFFFFFFFFFFFF3C
S31580023814FFFFFFFFFFFFFFFFFFFFFFFFFFFFFFFF2C
S31580023824FFFFFFFFFFFFFFFFFFFFFFFFFFFFFFFF1C
S31580023834FFFFFFFFFFFFFFFFFFFFFFFFFFFFFFFF0C
S31580023844FFFFFFFFFFFFFFFFFFFFFFFFFFFFFFFFFC
S31580023854FFFFFFFFFFFFFFFFFFFFFFFFFFFFFFFFEC
S31580023864FFFFFFFFFFFFFFFFFFFFFFFFFFFFFFFFDC
S31580023874FFFFFFFFFFFFFFFFFFFFFFFFFFFFFFFFCC
S31580023884FFFFFFFFFFFFFFFFFFFFFFFFFFFFFFFFBC
S31580023894FFFFFFFFFFFFFFFFFFFFFFFFFFFFFFFFAC
S315800238A4FFFFFFFFFFFFFFFFFFFFFFFFFFFFFFFF9C
S315800238B4FFFFFFFFFFFFFFFFFFFFFFFFFFFFFFFF8C
S315800238C4FFFFFFFFFFFFFFFFFFFFFFFFFFFFFFFF7C
S315800238D4FFFFFFFFFFFFFFFFFFFFFFFFFFFFFFFF6C
S315800238E4FFFFFFFFFFFFFFFFFFFFFFFFFFFFFFFF5C
S315800238F4FFFFFFFFFFFFFFFFFFFFFFFFFFFFFFFF4C
S31580023904FFFFFFFFFFFFFFFFFFFFFFFFFFFFFFFF3B
S31580023914FFFFFFFFFFFFFFFFFFFFFFFFFFFFFFFF2B
S31580023924FFFFFFFFFFFFFFFFFFFFFFFFFFFFFFFF1B
S31580023934FFFFFFFFFFFFFFFFFFFFFFFFFFFFFFFF0B
S31580023944FFFFFFFFFFFFFFFFFFFFFFFFFFFFFFFFFB
S31580023954FFFFFFFFFFFFFFFFFFFFFFFFFFFFFFFFEB
S31580023964FFFFFFFFFFFFFFFFFFFFFFFFFFFFFFFFDB
S31580023974FFFFFFFFFFFFFFFFFFFFFFFFFFFFFFFFCB
S31580023984FFFFFFFFFFFFFFFFFFFFFFFFFFFFFFFFBB
S31580023994FFFFFFFFFFFFFFFFFFFFFFFFFFFFFFFFAB
S315800239A4FFFFFFFFFFFFFFFFFFFFFFFFFFFFFFFF9B
S315800239B4FFFFFFFFFFFFFFFFFFFFFFFFFFFFFFFF8B
S315800239C4FFFFFFFFFFFFFFFFFFFFFFFFFFFFFFFF7B
S315800239D4FFFFFFFFFFFFFFFFFFFFFFFFFFFFFFFF6B
S315800239E4FFFFFFFFFFFFFFFFFFFFFFFFFFFFFFFF5B
S315800239F4FFFFFFFFFFFFFFFFFFFFFFFFFFFFFFFF4B
S31580023A04FFFFFFFFFFFFFFFFFFFFFFFFFFFFFFFF3A
S31580023A14FFFFFFFFFFFFFFFFFFFFFFFFFFFFFFFF2A
S31580023A24FFFFFFFFFFFFFFFFFFFFFFFFFFFFFFFF1A
S31580023A34FFFFFFFFFFFFFFFFFFFFFFFFFFFFFFFF0A
S31580023A44FFFFFFFFFFFFFFFFFFFFFFFFFFFFFFFFFA
S31580023A54FFFFFFFFFFFFFFFFFFFFFFFFFFFFFFFFEA
S31580023A64FFFFFFFFFFFFFFFFFFFFFFFFFFFFFFFFDA
S31580023A74FFFFFFFFFFFFFFFFFFFFFFFFFFFFFFFFCA
S31580023A84FFFFFFFFFFFFFFFFFFFFFFFFFFFFFFFFBA
S31580023A94FFFFFFFFFFFFFFFFFFFFFFFFFFFFFFFFAA
S31580023AA4FFFFFFFFFFFFFFFFFFFFFFFFFFFFFFFF9A
S31580023AB4FFFFFFFFFFFFFFFFFFFFFFFFFFFFFFFF8A
S31580023AC4FFFFFFFFFFFFFFFFFFFFFFFFFFFFFFFF7A
S31580023AD4FFFFFFFFFFFFFFFFFFFFFFFFFFFFFFFF6A
S31580023AE4FFFFFFFFFFFFFFFFFFFFFFFFFFFFFFFF5A
S31580023AF4FFFFFFFFFFFFFFFFFFFFFFFFFFFFFFFF4A
S31580023B04FFFFFFFFFFFFFFFFFFFFFFFFFFFFFFFF39
S31580023B14FFFFFFFFFFFFFFFFFFFFFFFFFFFFFFFF29
S31580023B24FFFFFFFFFFFFFFFFFFFFFFFFFFFFFFFF19
S31580023B34FFFFFFFFFFFFFFFFFFFFFFFFFFFFFFFF09
S31580023B44FFFFFFFFFFFFFFFFFFFFFFFFFFFFFFFFF9
S31580023B54FFFFFFFFFFFFFFFFFFFFFFFFFFFFFFFFE9
S31580023B64FFFFFFFFFFFFFFFFFFFFFFFFFFFFFFFFD9
S31580023B74FFFFFFFFFFFFFFFFFFFFFFFFFFFFFFFFC9
S31580023B84FFFFFFFFFFFFFFFFFFFFFFFFFFFFFFFFB9
S31580023B94FFFFFFFFFFFFFFFFFFFFFFFFFFFFFFFFA9
S31580023BA4FFFFFFFFFFFFFFFFFFFFFFFFFFFFFFFF99
S31580023BB4FFFFFFFFFFFFFFFFFFFFFFFFFFFFFFFF89
S31580023BC4FFFFFFFFFFFFFFFFFFFFFFFFFFFFFFFF79
S31580023BD4FFFFFFFFFFFFFFFFFFFFFFFFFFFFFFFF69
S31580023BE4FFFFFFFFFFFFFFFFFFFFFFFFFFFFFFFF59
S31580023BF4FFFFFFFFFFFFFFFFFFFFFFFFFFFFFFFF49
S31580023C04FFFFFFFFFFFFFFFFFFFFFFFFFFFFFFFF38
S31580023C14FFFFFFFFFFFFFFFFFFFFFFFFFFFFFFFF28
S31580023C24FFFFFFFFFFFFFFFFFFFFFFFFFFFFFFFF18
S31580023C34FFFFFFFFFFFFFFFFFFFFFFFFFFFFFFFF08
S31580023C44FFFFFFFFFFFFFFFFFFFFFFFFFFFFFFFFF8
S31580023C54FFFFFFFFFFFFFFFFFFFFFFFFFFFFFFFFE8
S31580023C64FFFFFFFFFFFFFFFFFFFFFFFFFFFFFFFFD8
S31580023C74FFFFFFFFFFFFFFFFFFFFFFFFFFFFFFFFC8
S31580023C84FFFFFFFFFFFFFFFFFFFFFFFFFFFFFFFFB8
S31580023C94FFFFFFFFFFFFFFFFFFFFFFFFFFFFFFFFA8
S31580023CA4FFFFFFFFFFFFFFFFFFFFFFFFFFFFFFFF98
S31580023CB4FFFFFFFFFFFFFFFFFFFFFFFFFFFFFFFF88
S31580023CC4FFFFFFFFFFFFFFFFFFFFFFFFFFFFFFFF78
S31580023CD4FFFFFFFFFFFFFFFFFFFFFFFFFFFFFFFF68
S31580023CE4FFFFFFFFFFFFFFFFFFFFFFFFFFFFFFFF58
S31580023CF4FFFFFFFFFFFFFFFFFFFFFFFFFFFFFFFF48
S31580023D04FFFFFFFFFFFFFFFFFFFFFFFFFFFFFFFF37
S31580023D14FFFFFFFFFFFFFFFFFFFFFFFFFFFFFFFF27
S31580023D24FFFFFFFFFFFFFFFFFFFFFFFFFFFFFFFF17
S31580023D34FFFFFFFFFFFFFFFFFFFFFFFFFFFFFFFF07
S31580023D44FFFFFFFFFFFFFFFFFFFFFFFFFFFFFFFFF7
S31580023D54FFFFFFFFFFFFFFFFFFFFFFFFFFFFFFFFE7
S31580023D64FFFFFFFFFFFFFFFFFFFFFFFFFFFFFFFFD7
S31580023D74FFFFFFFFFFFFFFFFFFFFFFFFFFFFFFFFC7
S31580023D84FFFFFFFFFFFFFFFFFFFFFFFFFFFFFFFFB7
S31580023D94FFFFFFFFFFFFFFFFFFFFFFFFFFFFFFFFA7
S31580023DA4FFFFFFFFFFFFFFFFFFFFFFFFFFFFFFFF97
S31580023DB4FFFFFFFFFFFFFFFFFFFFFFFFFFFFFFFF87
S31580023DC4FFFFFFFFFFFFFFFFFFFFFFFFFFFFFFFF77
S31580023DD4FFFFFFFFFFFFFFFFFFFFFFFFFFFFFFFF67
S31580023DE4FFFFFFFFFFFFFFFFFFFFFFFFFFFFFFFF57
S31580023DF4FFFFFFFFFFFFFFFFFFFFFFFFFFFFFFFF47
S31580023E04FFFFFFFFFFFFFFFFFFFFFFFFFFFFFFFF36
S31580023E14FFFFFFFFFFFFFFFFFFFFFFFFFFFFFFFF26
S31580023E24FFFFFFFFFFFFFFFFFFFFFFFFFFFFFFFF16
S31580023E34FFFFFFFFFFFFFFFFFFFFFFFFFFFFFFFF06
S31580023E44FFFFFFFFFFFFFFFFFFFFFFFFFFFFFFFFF6
S31580023E54FFFFFFFFFFFFFFFFFFFFFFFFFFFFFFFFE6
S31580023E64FFFFFFFFFFFFFFFFFFFFFFFFFFFFFFFFD6
S31580023E74FFFFFFFFFFFFFFFFFFFFFFFFFFFFFFFFC6
S31580023E84FFFFFFFFFFFFFFFFFFFFFFFFFFFFFFFFB6
S31580023E94FFFFFFFFFFFFFFFFFFFFFFFFFFFFFFFFA6
S31580023EA4FFFFFFFFFFFFFFFFFFFFFFFFFFFFFFFF96
S31580023EB4FFFFFFFFFFFFFFFFFFFFFFFFFFFFFFFF86
S31580023EC4FFFFFFFFFFFFFFFFFFFFFFFFFFFFFFFF76
S31580023ED4FFFFFFFFFFFFFFFFFFFFFFFFFFFFFFFF66
S31580023EE4FFFFFFFFFFFFFFFFFFFFFFFFFFFFFFFF56
S31580023EF4FFFFFFFFFFFFFFFFFFFFFFFFFFFFFFFF46
S31580023F04FFFFFFFFFFFFFFFFFFFFFFFFFFFFFFFF35
S31580023F14FFFFFFFFFFFFFFFFFFFFFFFFFFFFFFFF25
S31580023F24FFFFFFFFFFFFFFFFFFFFFFFFFFFFFFFF15
S31580023F34FFFFFFFFFFFFFFFFFFFFFFFFFFFFFFFF05
S31580023F44FFFFFFFFFFFFFFFFFFFFFFFFFFFFFFFFF5
S31580023F54FFFFFFFFFFFFFFFFFFFFFFFFFFFFFFFFE5
S31580023F64FFFFFFFFFFFFFFFFFFFFFFFFFFFFFFFFD5
S31580023F74FFFFFFFFFFFFFFFFFFFFFFFFFFFFFFFFC5
S31580023F84FFFFFFFFFFFFFFFFFFFFFFFFFFFFFFFFB5
S31580023F94FFFFFFFFFFFFFFFFFFFFFFFFFFFFFFFFA5
S31580023FA4FFFFFFFFFFFFFFFFFFFFFFFFFFFFFFFF95
S31580023FB4FFFFFFFFFFFFFFFFFFFFFFFFFFFFFFFF85
S31580023FC4FFFFFFFFFFFFFFFFFFFFFFFFFFFFFFFF75
S31580023FD4FFFFFFFFFFFFFFFFFFFFFFFFFFFFFFFF65
S31580023FE4FFFFFFFFFFFFFFFFFFFFFFFFFFFFFFFF55
S31580023FF4FFFFFFFFFFFFFFFFFFFFFFFFFFFFFFFF45
S31580024004FFFFFFFFFFFFFFFFFFFFFFFFFFFFFFFF34
S31580024014FFFFFFFFFFFFFFFFFFFFFFFFFFFFFFFF24
S31580024024FFFFFFFFFFFFFFFFFFFFFFFFFFFFFFFF14
S31580024034FFFFFFFFFFFFFFFFFFFFFFFFFFFFFFFF04
S31580024044FFFFFFFFFFFFFFFFFFFFFFFFFFFFFFFFF4
S31580024054FFFFFFFFFFFFFFFFFFFFFFFFFFFFFFFFE4
S31580024064FFFFFFFFFFFFFFFFFFFFFFFFFFFFFFFFD4
S31580024074FFFFFFFFFFFFFFFFFFFFFFFFFFFFFFFFC4
S31580024084FFFFFFFFFFFFFFFFFFFFFFFFFFFFFFFFB4
S31580024094FFFFFFFFFFFFFFFFFFFFFFFFFFFFFFFFA4
S315800240A4FFFFFFFFFFFFFFFFFFFFFFFFFFFFFFFF94
S315800240B4FFFFFFFFFFFFFFFFFFFFFFFFFFFFFFFF84
S315800240C4FFFFFFFFFFFFFFFFFFFFFFFFFFFFFFFF74
S315800240D4FFFFFFFFFFFFFFFFFFFFFFFFFFFFFFFF64
S315800240E4FFFFFFFFFFFFFFFFFFFFFFFFFFFFFFFF54
S315800240F4FFFFFFFFFFFFFFFFFFFFFFFFFFFFFFFF44
S31580024104FFFFFFFFFFFFFFFFFFFFFFFFFFFFFFFF33
S31580024114FFFFFFFFFFFFFFFFFFFFFFFFFFFFFFFF23
S31580024124FFFFFFFFFFFFFFFFFFFFFFFFFFFFFFFF13
S31580024134FFFFFFFFFFFFFFFFFFFFFFFFFFFFFFFF03
S31580024144FFFFFFFFFFFFFFFFFFFFFFFFFFFFFFFFF3
S31580024154FFFFFFFFFFFFFFFFFFFFFFFFFFFFFFFFE3
S31580024164FFFFFFFFFFFFFFFFFFFFFFFFFFFFFFFFD3
S31580024174FFFFFFFFFFFFFFFFFFFFFFFFFFFFFFFFC3
S31580024184FFFFFFFFFFFFFFFFFFFFFFFFFFFFFFFFB3
S31580024194FFFFFFFFFFFFFFFFFFFFFFFFFFFFFFFFA3
S315800241A4FFFFFFFFFFFFFFFFFFFFFFFFFFFFFFFF93
S315800241B4FFFFFFFFFFFFFFFFFFFFFFFFFFFFFFFF83
S315800241C4FFFFFFFFFFFFFFFFFFFFFFFFFFFFFFFF73
S315800241D4FFFFFFFFFFFFFFFFFFFFFFFFFFFFFFFF63
S315800241E4FFFFFFFFFFFFFFFFFFFFFFFFFFFFFFFF53
S315800241F4FFFFFFFFFFFFFFFFFFFFFFFFFFFFFFFF43
S31580024204FFFFFFFFFFFFFFFFFFFFFFFFFFFFFFFF32
S31580024214FFFFFFFFFFFFFFFFFFFFFFFFFFFFFFFF22
S31580024224FFFFFFFFFFFFFFFFFFFFFFFFFFFFFFFF12
S31580024234FFFFFFFFFFFFFFFFFFFFFFFFFFFFFFFF02
S31580024244FFFFFFFFFFFFFFFFFFFFFFFFFFFFFFFFF2
S31580024254FFFFFFFFFFFFFFFFFFFFFFFFFFFFFFFFE2
S31580024264FFFFFFFFFFFFFFFFFFFFFFFFFFFFFFFFD2
S31580024274FFFFFFFFFFFFFFFFFFFFFFFFFFFFFFFFC2
S31580024284FFFFFFFFFFFFFFFFFFFFFFFFFFFFFFFFB2
S31580024294FFFFFFFFFFFFFFFFFFFFFFFFFFFFFFFFA2
S315800242A4FFFFFFFFFFFFFFFFFFFFFFFFFFFFFFFF92
S315800242B4FFFFFFFFFFFFFFFFFFFFFFFFFFFFFFFF82
S315800242C4FFFFFFFFFFFFFFFFFFFFFFFFFFFFFFFF72
S315800242D4FFFFFFFFFFFFFFFFFFFFFFFFFFFFFFFF62
S315800242E4FFFFFFFFFFFFFFFFFFFFFFFFFFFFFFFF52
S315800242F4FFFFFFFFFFFFFFFFFFFFFFFFFFFFFFFF42
S31580024304FFFFFFFFFFFFFFFFFFFFFFFFFFFFFFFF31
S31580024314FFFFFFFFFFFFFFFFFFFFFFFFFFFFFFFF21
S31580024324FFFFFFFFFFFFFFFFFFFFFFFFFFFFFFFF11
S31580024334FFFFFFFFFFFFFFFFFFFFFFFFFFFFFFFF01
S31580024344FFFFFFFFFFFFFFFFFFFFFFFFFFFFFFFFF1
S31580024354FFFFFFFFFFFFFFFFFFFFFFFFFFFFFFFFE1
S31580024364FFFFFFFFFFFFFFFFFFFFFFFFFFFFFFFFD1
S31580024374FFFFFFFFFFFFFFFFFFFFFFFFFFFFFFFFC1
S31580024384FFFFFFFFFFFFFFFFFFFFFFFFFFFFFFFFB1
S31580024394FFFFFFFFFFFFFFFFFFFFFFFFFFFFFFFFA1
S315800243A4FFFFFFFFFFFFFFFFFFFFFFFFFFFFFFFF91
S315800243B4FFFFFFFFFFFFFFFFFFFFFFFFFFFFFFFF81
S315800243C4FFFFFFFFFFFFFFFFFFFFFFFFFFFFFFFF71
S315800243D4FFFFFFFFFFFFFFFFFFFFFFFFFFFFFFFF61
S315800243E4FFFFFFFFFFFFFFFFFFFFFFFFFFFFFFFF51
S315800243F4FFFFFFFFFFFFFFFFFFFFFFFFFFFFFFFF41
S31580024404FFFFFFFFFFFFFFFFFFFFFFFFFFFFFFFF30
S31580024414FFFFFFFFFFFFFFFFFFFFFFFFFFFFFFFF20
S31580024424FFFFFFFFFFFFFFFFFFFFFFFFFFFFFFFF10
S31580024434FFFFFFFFFFFFFFFFFFFFFFFFFFFFFFFF00
S31580024444FFFFFFFFFFFFFFFFFFFFFFFFFFFFFFFFF0
S31580024454FFFFFFFFFFFFFFFFFFFFFFFFFFFFFFFFE0
S31580024464FFFFFFFFFFFFFFFFFFFFFFFFFFFFFFFFD0
S31580024474FFFFFFFFFFFFFFFFFFFFFFFFFFFFFFFFC0
S31580024484FFFFFFFFFFFFFFFFFFFFFFFFFFFFFFFFB0
S31580024494FFFFFFFFFFFFFFFFFFFFFFFFFFFFFFFFA0
S315800244A4FFFFFFFFFFFFFFFFFFFFFFFFFFFFFFFF90
S315800244B4FFFFFFFFFFFFFFFFFFFFFFFFFFFFFFFF80
S315800244C4FFFFFFFFFFFFFFFFFFFFFFFFFFFFFFFF70
S315800244D4FFFFFFFFFFFFFFFFFFFFFFFFFFFFFFFF60
S315800244E4FFFFFFFFFFFFFFFFFFFFFFFFFFFFFFFF50
S315800244F4FFFFFFFFFFFFFFFFFFFFFFFFFFFFFFFF40
S31580024504FFFFFFFFFFFFFFFFFFFFFFFFFFFFFFFF2F
S31580024514FFFFFFFFFFFFFFFFFFFFFFFFFFFFFFFF1F
S31580024524FFFFFFFFFFFFFFFFFFFFFFFFFFFFFFFF0F
S31580024534FFFFFFFFFFFFFFFFFFFFFFFFFFFFFFFFFF
S31580024544FFFFFFFFFFFFFFFFFFFFFFFFFFFFFFFFEF
S31580024554FFFFFFFFFFFFFFFFFFFFFFFFFFFFFFFFDF
S31580024564FFFFFFFFFFFFFFFFFFFFFFFFFFFFFFFFCF
S31580024574FFFFFFFFFFFFFFFFFFFFFFFFFFFFFFFFBF
S31580024584FFFFFFFFFFFFFFFFFFFFFFFFFFFFFFFFAF
S31580024594FFFFFFFFFFFFFFFFFFFFFFFFFFFFFFFF9F
S315800245A4FFFFFFFFFFFFFFFFFFFFFFFFFFFFFFFF8F
S315800245B4FFFFFFFFFFFFFFFFFFFFFFFFFFFFFFFF7F
S315800245C4FFFFFFFFFFFFFFFFFFFFFFFFFFFFFFFF6F
S315800245D4FFFFFFFFFFFFFFFFFFFFFFFFFFFFFFFF5F
S315800245E4FFFFFFFFFFFFFFFFFFFFFFFFFFFFFFFF4F
S315800245F4FFFFFFFFFFFFFFFFFFFFFFFFFFFFFFFF3F
S31580024604FFFFFFFFFFFFFFFFFFFFFFFFFFFFFFFF2E
S31580024614FFFFFFFFFFFFFFFFFFFFFFFFFFFFFFFF1E
S31580024624FFFFFFFFFFFFFFFFFFFFFFFFFFFFFFFF0E
S31580024634FFFFFFFFFFFFFFFFFFFFFFFFFFFFFFFFFE
S31580024644FFFFFFFFFFFFFFFFFFFFFFFFFFFFFFFFEE
S31580024654FFFFFFFFFFFFFFFFFFFFFFFFFFFFFFFFDE
S31580024664FFFFFFFFFFFFFFFFFFFFFFFFFFFFFFFFCE
S31580024674FFFFFFFFFFFFFFFFFFFFFFFFFFFFFFFFBE
S31580024684FFFFFFFFFFFFFFFFFFFFFFFFFFFFFFFFAE
S31580024694FFFFFFFFFFFFFFFFFFFFFFFFFFFFFFFF9E
S315800246A4FFFFFFFFFFFFFFFFFFFFFFFFFFFFFFFF8E
S315800246B4FFFFFFFFFFFFFFFFFFFFFFFFFFFFFFFF7E
S315800246C4FFFFFFFFFFFFFFFFFFFFFFFFFFFFFFFF6E
S315800246D4FFFFFFFFFFFFFFFFFFFFFFFFFFFFFFFF5E
S315800246E4FFFFFFFFFFFFFFFFFFFFFFFFFFFFFFFF4E
S315800246F4FFFFFFFFFFFFFFFFFFFFFFFFFFFFFFFF3E
S31580024704FFFFFFFFFFFFFFFFFFFFFFFFFFFFFFFF2D
S31580024714FFFFFFFFFFFFFFFFFFFFFFFFFFFFFFFF1D
S31580024724FFFFFFFFFFFFFFFFFFFFFFFFFFFFFFFF0D
S31580024734FFFFFFFFFFFFFFFFFFFFFFFFFFFFFFFFFD
S31580024744FFFFFFFFFFFFFFFFFFFFFFFFFFFFFFFFED
S31580024754FFFFFFFFFFFFFFFFFFFFFFFFFFFFFFFFDD
S31580024764FFFFFFFFFFFFFFFFFFFFFFFFFFFFFFFFCD
S31580024774FFFFFFFFFFFFFFFFFFFFFFFFFFFFFFFFBD
S31580024784FFFFFFFFFFFFFFFFFFFFFFFFFFFFFFFFAD
S31580024794FFFFFFFFFFFFFFFFFFFFFFFFFFFFFFFF9D
S315800247A4FFFFFFFFFFFFFFFFFFFFFFFFFFFFFFFF8D
S315800247B4FFFFFFFFFFFFFFFFFFFFFFFFFFFFFFFF7D
S315800247C4FFFFFFFFFFFFFFFFFFFFFFFFFFFFFFFF6D
S315800247D4FFFFFFFFFFFFFFFFFFFFFFFFFFFFFFFF5D
S315800247E4FFFFFFFFFFFFFFFFFFFFFFFFFFFFFFFF4D
S315800247F4FFFFFFFFFFFFFFFFFFFFFFFFFFFFFFFF3D
S31580024804FFFFFFFFFFFFFFFFFFFFFFFFFFFFFFFF2C
S31580024814FFFFFFFFFFFFFFFFFFFFFFFFFFFFFFFF1C
S31580024824FFFFFFFFFFFFFFFFFFFFFFFFFFFFFFFF0C
S31580024834FFFFFFFFFFFFFFFFFFFFFFFFFFFFFFFFFC
S31580024844FFFFFFFFFFFFFFFFFFFFFFFFFFFFFFFFEC
S31580024854FFFFFFFFFFFFFFFFFFFFFFFFFFFFFFFFDC
S31580024864FFFFFFFFFFFFFFFFFFFFFFFFFFFFFFFFCC
S31580024874FFFFFFFFFFFFFFFFFFFFFFFFFFFFFFFFBC
S31580024884FFFFFFFFFFFFFFFFFFFFFFFFFFFFFFFFAC
S31580024894FFFFFFFFFFFFFFFFFFFFFFFFFFFFFFFF9C
S315800248A4FFFFFFFFFFFFFFFFFFFFFFFFFFFFFFFF8C
S315800248B4FFFFFFFFFFFFFFFFFFFFFFFFFFFFFFFF7C
S315800248C4FFFFFFFFFFFFFFFFFFFFFFFFFFFFFFFF6C
S315800248D4FFFFFFFFFFFFFFFFFFFFFFFFFFFFFFFF5C
S315800248E4FFFFFFFFFFFFFFFFFFFFFFFFFFFFFFFF4C
S315800248F4FFFFFFFFFFFFFFFFFFFFFFFFFFFFFFFF3C
S31580024904FFFFFFFFFFFFFFFFFFFFFFFFFFFFFFFF2B
S31580024914FFFFFFFFFFFFFFFFFFFFFFFFFFFFFFFF1B
S31580024924FFFFFFFFFFFFFFFFFFFFFFFFFFFFFFFF0B
S31580024934FFFFFFFFFFFFFFFFFFFFFFFFFFFFFFFFFB
S31580024944FFFFFFFFFFFFFFFFFFFFFFFFFFFFFFFFEB
S31580024954FFFFFFFFFFFFFFFFFFFFFFFFFFFFFFFFDB
S31580024964FFFFFFFFFFFFFFFFFFFFFFFFFFFFFFFFCB
S31580024974FFFFFFFFFFFFFFFFFFFFFFFFFFFFFFFFBB
S31580024984FFFFFFFFFFFFFFFFFFFFFFFFFFFFFFFFAB
S31580024994FFFFFFFFFFFFFFFFFFFFFFFFFFFFFFFF9B
S315800249A4FFFFFFFFFFFFFFFFFFFFFFFFFFFFFFFF8B
S315800249B4FFFFFFFFFFFFFFFFFFFFFFFFFFFFFFFF7B
S315800249C4FFFFFFFFFFFFFFFFFFFFFFFFFFFFFFFF6B
S315800249D4FFFFFFFFFFFFFFFFFFFFFFFFFFFFFFFF5B
S315800249E4FFFFFFFFFFFFFFFFFFFFFFFFFFFFFFFF4B
S315800249F4FFFFFFFFFFFFFFFFFFFFFFFFFFFFFFFF3B
S31580024A04FFFFFFFFFFFFFFFFFFFFFFFFFFFFFFFF2A
S31580024A14FFFFFFFFFFFFFFFFFFFFFFFFFFFFFFFF1A
S31580024A24FFFFFFFFFFFFFFFFFFFFFFFFFFFFFFFF0A
S31580024A34FFFFFFFFFFFFFFFFFFFFFFFFFFFFFFFFFA
S31580024A44FFFFFFFFFFFFFFFFFFFFFFFFFFFFFFFFEA
S31580024A54FFFFFFFFFFFFFFFFFFFFFFFFFFFFFFFFDA
S31580024A64FFFFFFFFFFFFFFFFFFFFFFFFFFFFFFFFCA
S31580024A74FFFFFFFFFFFFFFFFFFFFFFFFFFFFFFFFBA
S31580024A84FFFFFFFFFFFFFFFFFFFFFFFFFFFFFFFFAA
S31580024A94FFFFFFFFFFFFFFFFFFFFFFFFFFFFFFFF9A
S31580024AA4FFFFFFFFFFFFFFFFFFFFFFFFFFFFFFFF8A
S31580024AB4FFFFFFFFFFFFFFFFFFFFFFFFFFFFFFFF7A
S31580024AC4FFFFFFFFFFFFFFFFFFFFFFFFFFFFFFFF6A
S31580024AD4FFFFFFFFFFFFFFFFFFFFFFFFFFFFFFFF5A
S31580024AE4FFFFFFFFFFFFFFFFFFFFFFFFFFFFFFFF4A
S31580024AF4FFFFFFFFFFFFFFFFFFFFFFFFFFFFFFFF3A
S31580024B04FFFFFFFFFFFFFFFFFFFFFFFFFFFFFFFF29
S31580024B14FFFFFFFFFFFFFFFFFFFFFFFFFFFFFFFF19
S31580024B24FFFFFFFFFFFFFFFFFFFFFFFFFFFFFFFF09
S31580024B34FFFFFFFFFFFFFFFFFFFFFFFFFFFFFFFFF9
S31580024B44FFFFFFFFFFFFFFFFFFFFFFFFFFFFFFFFE9
S31580024B54FFFFFFFFFFFFFFFFFFFFFFFFFFFFFFFFD9
S31580024B64FFFFFFFFFFFFFFFFFFFFFFFFFFFFFFFFC9
S31580024B74FFFFFFFFFFFFFFFFFFFFFFFFFFFFFFFFB9
S31580024B84FFFFFFFFFFFFFFFFFFFFFFFFFFFFFFFFA9
S31580024B94FFFFFFFFFFFFFFFFFFFFFFFFFFFFFFFF99
S31580024BA4FFFFFFFFFFFFFFFFFFFFFFFFFFFFFFFF89
S31580024BB4FFFFFFFFFFFFFFFFFFFFFFFFFFFFFFFF79
S31580024BC4FFFFFFFFFFFFFFFFFFFFFFFFFFFFFFFF69
S31580024BD4FFFFFFFFFFFFFFFFFFFFFFFFFFFFFFFF59
S31580024BE4FFFFFFFFFFFFFFFFFFFFFFFFFFFFFFFF49
S31580024BF4FFFFFFFFFFFFFFFFFFFFFFFFFFFFFFFF39
S31580024C04FFFFFFFFFFFFFFFFFFFFFFFFFFFFFFFF28
S31580024C14FFFFFFFFFFFFFFFFFFFFFFFFFFFFFFFF18
S31580024C24FFFFFFFFFFFFFFFFFFFFFFFFFFFFFFFF08
S31580024C34FFFFFFFFFFFFFFFFFFFFFFFFFFFFFFFFF8
S31580024C44FFFFFFFFFFFFFFFFFFFFFFFFFFFFFFFFE8
S31580024C54FFFFFFFFFFFFFFFFFFFFFFFFFFFFFFFFD8
S31580024C64FFFFFFFFFFFFFFFFFFFFFFFFFFFFFFFFC8
S31580024C74FFFFFFFFFFFFFFFFFFFFFFFFFFFFFFFFB8
S31580024C84FFFFFFFFFFFFFFFFFFFFFFFFFFFFFFFFA8
S31580024C94FFFFFFFFFFFFFFFFFFFFFFFFFFFFFFFF98
S31580024CA4FFFFFFFFFFFFFFFFFFFFFFFFFFFFFFFF88
S31580024CB4FFFFFFFFFFFFFFFFFFFFFFFFFFFFFFFF78
S31580024CC4FFFFFFFFFFFFFFFFFFFFFFFFFFFFFFFF68
S31580024CD4FFFFFFFFFFFFFFFFFFFFFFFFFFFFFFFF58
S31580024CE4FFFFFFFFFFFFFFFFFFFFFFFFFFFFFFFF48
S31580024CF4FFFFFFFFFFFFFFFFFFFFFFFFFFFFFFFF38
S31580024D04FFFFFFFFFFFFFFFFFFFFFFFFFFFFFFFF27
S31580024D14FFFFFFFFFFFFFFFFFFFFFFFFFFFFFFFF17
S31580024D24FFFFFFFFFFFFFFFFFFFFFFFFFFFFFFFF07
S31580024D34FFFFFFFFFFFFFFFFFFFFFFFFFFFFFFFFF7
S31580024D44FFFFFFFFFFFFFFFFFFFFFFFFFFFFFFFFE7
S31580024D54FFFFFFFFFFFFFFFFFFFFFFFFFFFFFFFFD7
S31580024D64FFFFFFFFFFFFFFFFFFFFFFFFFFFFFFFFC7
S31580024D74FFFFFFFFFFFFFFFFFFFFFFFFFFFFFFFFB7
S31580024D84FFFFFFFFFFFFFFFFFFFFFFFFFFFFFFFFA7
S31580024D94FFFFFFFFFFFFFFFFFFFFFFFFFFFFFFFF97
S31580024DA4FFFFFFFFFFFFFFFFFFFFFFFFFFFFFFFF87
S31580024DB4FFFFFFFFFFFFFFFFFFFFFFFFFFFFFFFF77
S31580024DC4FFFFFFFFFFFFFFFFFFFFFFFFFFFFFFFF67
S31580024DD4FFFFFFFFFFFFFFFFFFFFFFFFFFFFFFFF57
S31580024DE4FFFFFFFFFFFFFFFFFFFFFFFFFFFFFFFF47
S31580024DF4FFFFFFFFFFFFFFFFFFFFFFFFFFFFFFFF37
S31580024E04FFFFFFFFFFFFFFFFFFFFFFFFFFFFFFFF26
S31580024E14FFFFFFFFFFFFFFFFFFFFFFFFFFFFFFFF16
S31580024E24FFFFFFFFFFFFFFFFFFFFFFFFFFFFFFFF06
S31580024E34FFFFFFFFFFFFFFFFFFFFFFFFFFFFFFFFF6
S31580024E44FFFFFFFFFFFFFFFFFFFFFFFFFFFFFFFFE6
S31580024E54FFFFFFFFFFFFFFFFFFFFFFFFFFFFFFFFD6
S31580024E64FFFFFFFFFFFFFFFFFFFFFFFFFFFFFFFFC6
S31580024E74FFFFFFFFFFFFFFFFFFFFFFFFFFFFFFFFB6
S31580024E84FFFFFFFFFFFFFFFFFFFFFFFFFFFFFFFFA6
S31580024E94FFFFFFFFFFFFFFFFFFFFFFFFFFFFFFFF96
S31580024EA4FFFFFFFFFFFFFFFFFFFFFFFFFFFFFFFF86
S31580024EB4FFFFFFFFFFFFFFFFFFFFFFFFFFFFFFFF76
S31580024EC4FFFFFFFFFFFFFFFFFFFFFFFFFFFFFFFF66
S31580024ED4FFFFFFFFFFFFFFFFFFFFFFFFFFFFFFFF56
S31580024EE4FFFFFFFFFFFFFFFFFFFFFFFFFFFFFFFF46
S31580024EF4FFFFFFFFFFFFFFFFFFFFFFFFFFFFFFFF36
S31580024F04FFFFFFFFFFFFFFFFFFFFFFFFFFFFFFFF25
S31580024F14FFFFFFFFFFFFFFFFFFFFFFFFFFFFFFFF15
S31580024F24FFFFFFFFFFFFFFFFFFFFFFFFFFFFFFFF05
S31580024F34FFFFFFFFFFFFFFFFFFFFFFFFFFFFFFFFF5
S31580024F44FFFFFFFFFFFFFFFFFFFFFFFFFFFFFFFFE5
S31580024F54FFFFFFFFFFFFFFFFFFFFFFFFFFFFFFFFD5
S31580024F64FFFFFFFFFFFFFFFFFFFFFFFFFFFFFFFFC5
S31580024F74FFFFFFFFFFFFFFFFFFFFFFFFFFFFFFFFB5
S31580024F84FFFFFFFFFFFFFFFFFFFFFFFFFFFFFFFFA5
S31580024F94FFFFFFFFFFFFFFFFFFFFFFFFFFFFFFFF95
S31580024FA4FFFFFFFFFFFFFFFFFFFFFFFFFFFFFFFF85
S31580024FB4FFFFFFFFFFFFFFFFFFFFFFFFFFFFFFFF75
S31580024FC4FFFFFFFFFFFFFFFFFFFFFFFFFFFFFFFF65
S31580024FD4FFFFFFFFFFFFFFFFFFFFFFFFFFFFFFFF55
S31580024FE4FFFFFFFFFFFFFFFFFFFFFFFFFFFFFFFF45
S31580024FF4FFFFFFFFFFFFFFFFFFFFFFFFFFFFFFFF35
S31580025004FFFFFFFFFFFFFFFFFFFFFFFFFFFFFFFF24
S31580025014FFFFFFFFFFFFFFFFFFFFFFFFFFFFFFFF14
S31580025024FFFFFFFFFFFFFFFFFFFFFFFFFFFFFFFF04
S31580025034FFFFFFFFFFFFFFFFFFFFFFFFFFFFFFFFF4
S31580025044FFFFFFFFFFFFFFFFFFFFFFFFFFFFFFFFE4
S31580025054FFFFFFFFFFFFFFFFFFFFFFFFFFFFFFFFD4
S31580025064FFFFFFFFFFFFFFFFFFFFFFFFFFFFFFFFC4
S31580025074FFFFFFFFFFFFFFFFFFFFFFFFFFFFFFFFB4
S31580025084FFFFFFFFFFFFFFFFFFFFFFFFFFFFFFFFA4
S31580025094FFFFFFFFFFFFFFFFFFFFFFFFFFFFFFFF94
S315800250A4FFFFFFFFFFFFFFFFFFFFFFFFFFFFFFFF84
S315800250B4FFFFFFFFFFFFFFFFFFFFFFFFFFFFFFFF74
S315800250C4FFFFFFFFFFFFFFFFFFFFFFFFFFFFFFFF64
S315800250D4FFFFFFFFFFFFFFFFFFFFFFFFFFFFFFFF54
S315800250E4FFFFFFFFFFFFFFFFFFFFFFFFFFFFFFFF44
S315800250F4FFFFFFFFFFFFFFFFFFFFFFFFFFFFFFFF34
S31580025104FFFFFFFFFFFFFFFFFFFFFFFFFFFFFFFF23
S31580025114FFFFFFFFFFFFFFFFFFFFFFFFFFFFFFFF13
S31580025124FFFFFFFFFFFFFFFFFFFFFFFFFFFFFFFF03
S31580025134FFFFFFFFFFFFFFFFFFFFFFFFFFFFFFFFF3
S31580025144FFFFFFFFFFFFFFFFFFFFFFFFFFFFFFFFE3
S31580025154FFFFFFFFFFFFFFFFFFFFFFFFFFFFFFFFD3
S31580025164FFFFFFFFFFFFFFFFFFFFFFFFFFFFFFFFC3
S31580025174FFFFFFFFFFFFFFFFFFFFFFFFFFFFFFFFB3
S31580025184FFFFFFFFFFFFFFFFFFFFFFFFFFFFFFFFA3
S31580025194FFFFFFFFFFFFFFFFFFFFFFFFFFFFFFFF93
S315800251A4FFFFFFFFFFFFFFFFFFFFFFFFFFFFFFFF83
S315800251B4FFFFFFFFFFFFFFFFFFFFFFFFFFFFFFFF73
S315800251C4FFFFFFFFFFFFFFFFFFFFFFFFFFFFFFFF63
S315800251D4FFFFFFFFFFFFFFFFFFFFFFFFFFFFFFFF53
S315800251E4FFFFFFFFFFFFFFFFFFFFFFFFFFFFFFFF43
S315800251F4FFFFFFFFFFFFFFFFFFFFFFFFFFFFFFFF33
S31580025204FFFFFFFFFFFFFFFFFFFFFFFFFFFFFFFF22
S31580025214FFFFFFFFFFFFFFFFFFFFFFFFFFFFFFFF12
S31580025224FFFFFFFFFFFFFFFFFFFFFFFFFFFFFFFF02
S31580025234FFFFFFFFFFFFFFFFFFFFFFFFFFFFFFFFF2
S31580025244FFFFFFFFFFFFFFFFFFFFFFFFFFFFFFFFE2
S31580025254FFFFFFFFFFFFFFFFFFFFFFFFFFFFFFFFD2
S31580025264FFFFFFFFFFFFFFFFFFFFFFFFFFFFFFFFC2
S31580025274FFFFFFFFFFFFFFFFFFFFFFFFFFFFFFFFB2
S31580025284FFFFFFFFFFFFFFFFFFFFFFFFFFFFFFFFA2
S31580025294FFFFFFFFFFFFFFFFFFFFFFFFFFFFFFFF92
S315800252A4FFFFFFFFFFFFFFFFFFFFFFFFFFFFFFFF82
S315800252B4FFFFFFFFFFFFFFFFFFFFFFFFFFFFFFFF72
S315800252C4FFFFFFFFFFFFFFFFFFFFFFFFFFFFFFFF62
S315800252D4FFFFFFFFFFFFFFFFFFFFFFFFFFFFFFFF52
S315800252E4FFFFFFFFFFFFFFFFFFFFFFFFFFFFFFFF42
S315800252F4FFFFFFFFFFFFFFFFFFFFFFFFFFFFFFFF32
S31580025304FFFFFFFFFFFFFFFFFFFFFFFFFFFFFFFF21
S31580025314FFFFFFFFFFFFFFFFFFFFFFFFFFFFFFFF11
S31580025324FFFFFFFFFFFFFFFFFFFFFFFFFFFFFFFF01
S31580025334FFFFFFFFFFFFFFFFFFFFFFFFFFFFFFFFF1
S31580025344FFFFFFFFFFFFFFFFFFFFFFFFFFFFFFFFE1
S31580025354FFFFFFFFFFFFFFFFFFFFFFFFFFFFFFFFD1
S31580025364FFFFFFFFFFFFFFFFFFFFFFFFFFFFFFFFC1
S31580025374FFFFFFFFFFFFFFFFFFFFFFFFFFFFFFFFB1
S31580025384FFFFFFFFFFFFFFFFFFFFFFFFFFFFFFFFA1
S31580025394FFFFFFFFFFFFFFFFFFFFFFFFFFFFFFFF91
S315800253A4FFFFFFFFFFFFFFFFFFFFFFFFFFFFFFFF81
S315800253B4FFFFFFFFFFFFFFFFFFFFFFFFFFFFFFFF71
S315800253C4FFFFFFFFFFFFFFFFFFFFFFFFFFFFFFFF61
S315800253D4FFFFFFFFFFFFFFFFFFFFFFFFFFFFFFFF51
S315800253E4FFFFFFFFFFFFFFFFFFFFFFFFFFFFFFFF41
S315800253F4FFFFFFFFFFFFFFFFFFFFFFFFFFFFFFFF31
S31580025404FFFFFFFFFFFFFFFFFFFFFFFFFFFFFFFF20
S31580025414FFFFFFFFFFFFFFFFFFFFFFFFFFFFFFFF10
S31580025424FFFFFFFFFFFFFFFFFFFFFFFFFFFFFFFF00
S31580025434FFFFFFFFFFFFFFFFFFFFFFFFFFFFFFFFF0
S31580025444FFFFFFFFFFFFFFFFFFFFFFFFFFFFFFFFE0
S31580025454FFFFFFFFFFFFFFFFFFFFFFFFFFFFFFFFD0
S31580025464FFFFFFFFFFFFFFFFFFFFFFFFFFFFFFFFC0
S31580025474FFFFFFFFFFFFFFFFFFFFFFFFFFFFFFFFB0
S31580025484FFFFFFFFFFFFFFFFFFFFFFFFFFFFFFFFA0
S31580025494FFFFFFFFFFFFFFFFFFFFFFFFFFFFFFFF90
S315800254A4FFFFFFFFFFFFFFFFFFFFFFFFFFFFFFFF80
S315800254B4FFFFFFFFFFFFFFFFFFFFFFFFFFFFFFFF70
S315800254C4FFFFFFFFFFFFFFFFFFFFFFFFFFFFFFFF60
S315800254D4FFFFFFFFFFFFFFFFFFFFFFFFFFFFFFFF50
S315800254E4FFFFFFFFFFFFFFFFFFFFFFFFFFFFFFFF40
S315800254F4FFFFFFFFFFFFFFFFFFFFFFFFFFFFFFFF30
S31580025504FFFFFFFFFFFFFFFFFFFFFFFFFFFFFFFF1F
S31580025514FFFFFFFFFFFFFFFFFFFFFFFFFFFFFFFF0F
S31580025524FFFFFFFFFFFFFFFFFFFFFFFFFFFFFFFFFF
S31580025534FFFFFFFFFFFFFFFFFFFFFFFFFFFFFFFFEF
S31580025544FFFFFFFFFFFFFFFFFFFFFFFFFFFFFFFFDF
S31580025554FFFFFFFFFFFFFFFFFFFFFFFFFFFFFFFFCF
S31580025564FFFFFFFFFFFFFFFFFFFFFFFFFFFFFFFFBF
S31580025574FFFFFFFFFFFFFFFFFFFFFFFFFFFFFFFFAF
S31580025584FFFFFFFFFFFFFFFFFFFFFFFFFFFFFFFF9F
S31580025594FFFFFFFFFFFFFFFFFFFFFFFFFFFFFFFF8F
S315800255A4FFFFFFFFFFFFFFFFFFFFFFFFFFFFFFFF7F
S315800255B4FFFFFFFFFFFFFFFFFFFFFFFFFFFFFFFF6F
S315800255C4FFFFFFFFFFFFFFFFFFFFFFFFFFFFFFFF5F
S315800255D4FFFFFFFFFFFFFFFFFFFFFFFFFFFFFFFF4F
S315800255E4FFFFFFFFFFFFFFFFFFFFFFFFFFFFFFFF3F
S315800255F4FFFFFFFFFFFFFFFFFFFFFFFFFFFFFFFF2F
S31580025604FFFFFFFFFFFFFFFFFFFFFFFFFFFFFFFF1E
S31580025614FFFFFFFFFFFFFFFFFFFFFFFFFFFFFFFF0E
S31580025624FFFFFFFFFFFFFFFFFFFFFFFFFFFFFFFFFE
S31580025634FFFFFFFFFFFFFFFFFFFFFFFFFFFFFFFFEE
S31580025644FFFFFFFFFFFFFFFFFFFFFFFFFFFFFFFFDE
S31580025654FFFFFFFFFFFFFFFFFFFFFFFFFFFFFFFFCE
S31580025664FFFFFFFFFFFFFFFFFFFFFFFFFFFFFFFFBE
S31580025674FFFFFFFFFFFFFFFFFFFFFFFFFFFFFFFFAE
S31580025684FFFFFFFFFFFFFFFFFFFFFFFFFFFFFFFF9E
S31580025694FFFFFFFFFFFFFFFFFFFFFFFFFFFFFFFF8E
S315800256A4FFFFFFFFFFFFFFFFFFFFFFFFFFFFFFFF7E
S315800256B4FFFFFFFFFFFFFFFFFFFFFFFFFFFFFFFF6E
S315800256C4FFFFFFFFFFFFFFFFFFFFFFFFFFFFFFFF5E
S315800256D4FFFFFFFFFFFFFFFFFFFFFFFFFFFFFFFF4E
S315800256E4FFFFFFFFFFFFFFFFFFFFFFFFFFFFFFFF3E
S315800256F4FFFFFFFFFFFFFFFFFFFFFFFFFFFFFFFF2E
S31580025704FFFFFFFFFFFFFFFFFFFFFFFFFFFFFFFF1D
S31580025714FFFFFFFFFFFFFFFFFFFFFFFFFFFFFFFF0D
S31580025724FFFFFFFFFFFFFFFFFFFFFFFFFFFFFFFFFD
S31580025734FFFFFFFFFFFFFFFFFFFFFFFFFFFFFFFFED
S31580025744FFFFFFFFFFFFFFFFFFFFFFFFFFFFFFFFDD
S31580025754FFFFFFFFFFFFFFFFFFFFFFFFFFFFFFFFCD
S31580025764FFFFFFFFFFFFFFFFFFFFFFFFFFFFFFFFBD
S31580025774FFFFFFFFFFFFFFFFFFFFFFFFFFFFFFFFAD
S31580025784FFFFFFFFFFFFFFFFFFFFFFFFFFFFFFFF9D
S31580025794FFFFFFFFFFFFFFFFFFFFFFFFFFFFFFFF8D
S315800257A4FFFFFFFFFFFFFFFFFFFFFFFFFFFFFFFF7D
S315800257B4FFFFFFFFFFFFFFFFFFFFFFFFFFFFFFFF6D
S315800257C4FFFFFFFFFFFFFFFFFFFFFFFFFFFFFFFF5D
S315800257D4FFFFFFFFFFFFFFFFFFFFFFFFFFFFFFFF4D
S315800257E4FFFFFFFFFFFFFFFFFFFFFFFFFFFFFFFF3D
S315800257F4FFFFFFFFFFFFFFFFFFFFFFFFFFFFFFFF2D
S31580025804FFFFFFFFFFFFFFFFFFFFFFFFFFFFFFFF1C
S31580025814FFFFFFFFFFFFFFFFFFFFFFFFFFFFFFFF0C
S31580025824FFFFFFFFFFFFFFFFFFFFFFFFFFFFFFFFFC
S31580025834FFFFFFFFFFFFFFFFFFFFFFFFFFFFFFFFEC
S31580025844FFFFFFFFFFFFFFFFFFFFFFFFFFFFFFFFDC
S31580025854FFFFFFFFFFFFFFFFFFFFFFFFFFFFFFFFCC
S31580025864FFFFFFFFFFFFFFFFFFFFFFFFFFFFFFFFBC
S31580025874FFFFFFFFFFFFFFFFFFFFFFFFFFFFFFFFAC
S31580025884FFFFFFFFFFFFFFFFFFFFFFFFFFFFFFFF9C
S31580025894FFFFFFFFFFFFFFFFFFFFFFFFFFFFFFFF8C
S315800258A4FFFFFFFFFFFFFFFFFFFFFFFFFFFFFFFF7C
S315800258B4FFFFFFFFFFFFFFFFFFFFFFFFFFFFFFFF6C
S315800258C4FFFFFFFFFFFFFFFFFFFFFFFFFFFFFFFF5C
S315800258D4FFFFFFFFFFFFFFFFFFFFFFFFFFFFFFFF4C
S315800258E4FFFFFFFFFFFFFFFFFFFFFFFFFFFFFFFF3C
S315800258F4FFFFFFFFFFFFFFFFFFFFFFFFFFFFFFFF2C
S31580025904FFFFFFFFFFFFFFFFFFFFFFFFFFFFFFFF1B
S31580025914FFFFFFFFFFFFFFFFFFFFFFFFFFFFFFFF0B
S31580025924FFFFFFFFFFFFFFFFFFFFFFFFFFFFFFFFFB
S31580025934FFFFFFFFFFFFFFFFFFFFFFFFFFFFFFFFEB
S31580025944FFFFFFFFFFFFFFFFFFFFFFFFFFFFFFFFDB
S31580025954FFFFFFFFFFFFFFFFFFFFFFFFFFFFFFFFCB
S31580025964FFFFFFFFFFFFFFFFFFFFFFFFFFFFFFFFBB
S31580025974FFFFFFFFFFFFFFFFFFFFFFFFFFFFFFFFAB
S31580025984FFFFFFFFFFFFFFFFFFFFFFFFFFFFFFFF9B
S31580025994FFFFFFFFFFFFFFFFFFFFFFFFFFFFFFFF8B
S315800259A4FFFFFFFFFFFFFFFFFFFFFFFFFFFFFFFF7B
S315800259B4FFFFFFFFFFFFFFFFFFFFFFFFFFFFFFFF6B
S315800259C4FFFFFFFFFFFFFFFFFFFFFFFFFFFFFFFF5B
S315800259D4FFFFFFFFFFFFFFFFFFFFFFFFFFFFFFFF4B
S315800259E4FFFFFFFFFFFFFFFFFFFFFFFFFFFFFFFF3B
S315800259F4FFFFFFFFFFFFFFFFFFFFFFFFFFFFFFFF2B
S31580025A04FFFFFFFFFFFFFFFFFFFFFFFFFFFFFFFF1A
S31580025A14FFFFFFFFFFFFFFFFFFFFFFFFFFFFFFFF0A
S31580025A24FFFFFFFFFFFFFFFFFFFFFFFFFFFFFFFFFA
S31580025A34FFFFFFFFFFFFFFFFFFFFFFFFFFFFFFFFEA
S31580025A44FFFFFFFFFFFFFFFFFFFFFFFFFFFFFFFFDA
S31580025A54FFFFFFFFFFFFFFFFFFFFFFFFFFFFFFFFCA
S31580025A64FFFFFFFFFFFFFFFFFFFFFFFFFFFFFFFFBA
S31580025A74FFFFFFFFFFFFFFFFFFFFFFFFFFFFFFFFAA
S31580025A84FFFFFFFFFFFFFFFFFFFFFFFFFFFFFFFF9A
S31580025A94FFFFFFFFFFFFFFFFFFFFFFFFFFFFFFFF8A
S31580025AA4FFFFFFFFFFFFFFFFFFFFFFFFFFFFFFFF7A
S31580025AB4FFFFFFFFFFFFFFFFFFFFFFFFFFFFFFFF6A
S31580025AC4FFFFFFFFFFFFFFFFFFFFFFFFFFFFFFFF5A
S31580025AD4FFFFFFFFFFFFFFFFFFFFFFFFFFFFFFFF4A
S31580025AE4FFFFFFFFFFFFFFFFFFFFFFFFFFFFFFFF3A
S31580025AF4FFFFFFFFFFFFFFFFFFFFFFFFFFFFFFFF2A
S31580025B04FFFFFFFFFFFFFFFFFFFFFFFFFFFFFFFF19
S31580025B14FFFFFFFFFFFFFFFFFFFFFFFFFFFFFFFF09
S31580025B24FFFFFFFFFFFFFFFFFFFFFFFFFFFFFFFFF9
S31580025B34FFFFFFFFFFFFFFFFFFFFFFFFFFFFFFFFE9
S31580025B44FFFFFFFFFFFFFFFFFFFFFFFFFFFFFFFFD9
S31580025B54FFFFFFFFFFFFFFFFFFFFFFFFFFFFFFFFC9
S31580025B64FFFFFFFFFFFFFFFFFFFFFFFFFFFFFFFFB9
S31580025B74FFFFFFFFFFFFFFFFFFFFFFFFFFFFFFFFA9
S31580025B84FFFFFFFFFFFFFFFFFFFFFFFFFFFFFFFF99
S31580025B94FFFFFFFFFFFFFFFFFFFFFFFFFFFFFFFF89
S31580025BA4FFFFFFFFFFFFFFFFFFFFFFFFFFFFFFFF79
S31580025BB4FFFFFFFFFFFFFFFFFFFFFFFFFFFFFFFF69
S31580025BC4FFFFFFFFFFFFFFFFFFFFFFFFFFFFFFFF59
S31580025BD4FFFFFFFFFFFFFFFFFFFFFFFFFFFFFFFF49
S31580025BE4FFFFFFFFFFFFFFFFFFFFFFFFFFFFFFFF39
S31580025BF4FFFFFFFFFFFFFFFFFFFFFFFFFFFFFFFF29
S31580025C04FFFFFFFFFFFFFFFFFFFFFFFFFFFFFFFF18
S31580025C14FFFFFFFFFFFFFFFFFFFFFFFFFFFFFFFF08
S31580025C24FFFFFFFFFFFFFFFFFFFFFFFFFFFFFFFFF8
S31580025C34FFFFFFFFFFFFFFFFFFFFFFFFFFFFFFFFE8
S31580025C44FFFFFFFFFFFFFFFFFFFFFFFFFFFFFFFFD8
S31580025C54FFFFFFFFFFFFFFFFFFFFFFFFFFFFFFFFC8
S31580025C64FFFFFFFFFFFFFFFFFFFFFFFFFFFFFFFFB8
S31580025C74FFFFFFFFFFFFFFFFFFFFFFFFFFFFFFFFA8
S31580025C84FFFFFFFFFFFFFFFFFFFFFFFFFFFFFFFF98
S31580025C94FFFFFFFFFFFFFFFFFFFFFFFFFFFFFFFF88
S31580025CA4FFFFFFFFFFFFFFFFFFFFFFFFFFFFFFFF78
S31580025CB4FFFFFFFFFFFFFFFFFFFFFFFFFFFFFFFF68
S31580025CC4FFFFFFFFFFFFFFFFFFFFFFFFFFFFFFFF58
S31580025CD4FFFFFFFFFFFFFFFFFFFFFFFFFFFFFFFF48
S31580025CE4FFFFFFFFFFFFFFFFFFFFFFFFFFFFFFFF38
S31580025CF4FFFFFFFFFFFFFFFFFFFFFFFFFFFFFFFF28
S31580025D04FFFFFFFFFFFFFFFFFFFFFFFFFFFFFFFF17
S31580025D14FFFFFFFFFFFFFFFFFFFFFFFFFFFFFFFF07
S31580025D24FFFFFFFFFFFFFFFFFFFFFFFFFFFFFFFFF7
S31580025D34FFFFFFFFFFFFFFFFFFFFFFFFFFFFFFFFE7
S31580025D44FFFFFFFFFFFFFFFFFFFFFFFFFFFFFFFFD7
S31580025D54FFFFFFFFFFFFFFFFFFFFFFFFFFFFFFFFC7
S31580025D64FFFFFFFFFFFFFFFFFFFFFFFFFFFFFFFFB7
S31580025D74FFFFFFFFFFFFFFFFFFFFFFFFFFFFFFFFA7
S31580025D84FFFFFFFFFFFFFFFFFFFFFFFFFFFFFFFF97
S31580025D94FFFFFFFFFFFFFFFFFFFFFFFFFFFFFFFF87
S31580025DA4FFFFFFFFFFFFFFFFFFFFFFFFFFFFFFFF77
S31580025DB4FFFFFFFFFFFFFFFFFFFFFFFFFFFFFFFF67
S31580025DC4FFFFFFFFFFFFFFFFFFFFFFFFFFFFFFFF57
S31580025DD4FFFFFFFFFFFFFFFFFFFFFFFFFFFFFFFF47
S31580025DE4FFFFFFFFFFFFFFFFFFFFFFFFFFFFFFFF37
S31580025DF4FFFFFFFFFFFFFFFFFFFFFFFFFFFFFFFF27
S31580025E04FFFFFFFFFFFFFFFFFFFFFFFFFFFFFFFF16
S31580025E14FFFFFFFFFFFFFFFFFFFFFFFFFFFFFFFF06
S31580025E24FFFFFFFFFFFFFFFFFFFFFFFFFFFFFFFFF6
S31580025E34FFFFFFFFFFFFFFFFFFFFFFFFFFFFFFFFE6
S31580025E44FFFFFFFFFFFFFFFFFFFFFFFFFFFFFFFFD6
S31580025E54FFFFFFFFFFFFFFFFFFFFFFFFFFFFFFFFC6
S31580025E64FFFFFFFFFFFFFFFFFFFFFFFFFFFFFFFFB6
S31580025E74FFFFFFFFFFFFFFFFFFFFFFFFFFFFFFFFA6
S31580025E84FFFFFFFFFFFFFFFFFFFFFFFFFFFFFFFF96
S31580025E94FFFFFFFFFFFFFFFFFFFFFFFFFFFFFFFF86
S31580025EA4FFFFFFFFFFFFFFFFFFFFFFFFFFFFFFFF76
S31580025EB4FFFFFFFFFFFFFFFFFFFFFFFFFFFFFFFF66
S31580025EC4FFFFFFFFFFFFFFFFFFFFFFFFFFFFFFFF56
S31580025ED4FFFFFFFFFFFFFFFFFFFFFFFFFFFFFFFF46
S31580025EE4FFFFFFFFFFFFFFFFFFFFFFFFFFFFFFFF36
S31580025EF4FFFFFFFFFFFFFFFFFFFFFFFFFFFFFFFF26
S31580025F04FFFFFFFFFFFFFFFFFFFFFFFFFFFFFFFF15
S31580025F14FFFFFFFFFFFFFFFFFFFFFFFFFFFFFFFF05
S31580025F24FFFFFFFFFFFFFFFFFFFFFFFFFFFFFFFFF5
S31580025F34FFFFFFFFFFFFFFFFFFFFFFFFFFFFFFFFE5
S31580025F44FFFFFFFFFFFFFFFFFFFFFFFFFFFFFFFFD5
S31580025F54FFFFFFFFFFFFFFFFFFFFFFFFFFFFFFFFC5
S31580025F64FFFFFFFFFFFFFFFFFFFFFFFFFFFFFFFFB5
S31580025F74FFFFFFFFFFFFFFFFFFFFFFFFFFFFFFFFA5
S31580025F84FFFFFFFFFFFFFFFFFFFFFFFFFFFFFFFF95
S31580025F94FFFFFFFFFFFFFFFFFFFFFFFFFFFFFFFF85
S31580025FA4FFFFFFFFFFFFFFFFFFFFFFFFFFFFFFFF75
S31580025FB4FFFFFFFFFFFFFFFFFFFFFFFFFFFFFFFF65
S31580025FC4FFFFFFFFFFFFFFFFFFFFFFFFFFFFFFFF55
S31580025FD4FFFFFFFFFFFFFFFFFFFFFFFFFFFFFFFF45
S31580025FE4FFFFFFFFFFFFFFFFFFFFFFFFFFFFFFFF35
S31580025FF4FFFFFFFFFFFFFFFFFFFFFFFFFFFFFFFF25
S31580026004FFFFFFFFFFFFFFFFFFFFFFFFFFFFFFFF14
S31580026014FFFFFFFFFFFFFFFFFFFFFFFFFFFFFFFF04
S31580026024FFFFFFFFFFFFFFFFFFFFFFFFFFFFFFFFF4
S31580026034FFFFFFFFFFFFFFFFFFFFFFFFFFFFFFFFE4
S31580026044FFFFFFFFFFFFFFFFFFFFFFFFFFFFFFFFD4
S31580026054FFFFFFFFFFFFFFFFFFFFFFFFFFFFFFFFC4
S31580026064FFFFFFFFFFFFFFFFFFFFFFFFFFFFFFFFB4
S31580026074FFFFFFFFFFFFFFFFFFFFFFFFFFFFFFFFA4
S31580026084FFFFFFFFFFFFFFFFFFFFFFFFFFFFFFFF94
S31580026094FFFFFFFFFFFFFFFFFFFFFFFFFFFFFFFF84
S315800260A4FFFFFFFFFFFFFFFFFFFFFFFFFFFFFFFF74
S315800260B4FFFFFFFFFFFFFFFFFFFFFFFFFFFFFFFF64
S315800260C4FFFFFFFFFFFFFFFFFFFFFFFFFFFFFFFF54
S315800260D4FFFFFFFFFFFFFFFFFFFFFFFFFFFFFFFF44
S315800260E4FFFFFFFFFFFFFFFFFFFFFFFFFFFFFFFF34
S315800260F4FFFFFFFFFFFFFFFFFFFFFFFFFFFFFFFF24
S31580026104FFFFFFFFFFFFFFFFFFFFFFFFFFFFFFFF13
S31580026114FFFFFFFFFFFFFFFFFFFFFFFFFFFFFFFF03
S31580026124FFFFFFFFFFFFFFFFFFFFFFFFFFFFFFFFF3
S31580026134FFFFFFFFFFFFFFFFFFFFFFFFFFFFFFFFE3
S31580026144FFFFFFFFFFFFFFFFFFFFFFFFFFFFFFFFD3
S31580026154FFFFFFFFFFFFFFFFFFFFFFFFFFFFFFFFC3
S31580026164FFFFFFFFFFFFFFFFFFFFFFFFFFFFFFFFB3
S31580026174FFFFFFFFFFFFFFFFFFFFFFFFFFFFFFFFA3
S31580026184FFFFFFFFFFFFFFFFFFFFFFFFFFFFFFFF93
S31580026194FFFFFFFFFFFFFFFFFFFFFFFFFFFFFFFF83
S315800261A4FFFFFFFFFFFFFFFFFFFFFFFFFFFFFFFF73
S315800261B4FFFFFFFFFFFFFFFFFFFFFFFFFFFFFFFF63
S315800261C4FFFFFFFFFFFFFFFFFFFFFFFFFFFFFFFF53
S315800261D4FFFFFFFFFFFFFFFFFFFFFFFFFFFFFFFF43
S315800261E4FFFFFFFFFFFFFFFFFFFFFFFFFFFFFFFF33
S315800261F4FFFFFFFFFFFFFFFFFFFFFFFFFFFFFFFF23
S31580026204FFFFFFFFFFFFFFFFFFFFFFFFFFFFFFFF12
S31580026214FFFFFFFFFFFFFFFFFFFFFFFFFFFFFFFF02
S31580026224FFFFFFFFFFFFFFFFFFFFFFFFFFFFFFFFF2
S31580026234FFFFFFFFFFFFFFFFFFFFFFFFFFFFFFFFE2
S31580026244FFFFFFFFFFFFFFFFFFFFFFFFFFFFFFFFD2
S31580026254FFFFFFFFFFFFFFFFFFFFFFFFFFFFFFFFC2
S31580026264FFFFFFFFFFFFFFFFFFFFFFFFFFFFFFFFB2
S31580026274FFFFFFFFFFFFFFFFFFFFFFFFFFFFFFFFA2
S31580026284FFFFFFFFFFFFFFFFFFFFFFFFFFFFFFFF92
S31580026294FFFFFFFFFFFFFFFFFFFFFFFFFFFFFFFF82
S315800262A4FFFFFFFFFFFFFFFFFFFFFFFFFFFFFFFF72
S315800262B4FFFFFFFFFFFFFFFFFFFFFFFFFFFFFFFF62
S315800262C4FFFFFFFFFFFFFFFFFFFFFFFFFFFFFFFF52
S315800262D4FFFFFFFFFFFFFFFFFFFFFFFFFFFFFFFF42
S315800262E4FFFFFFFFFFFFFFFFFFFFFFFFFFFFFFFF32
S315800262F4FFFFFFFFFFFFFFFFFFFFFFFFFFFFFFFF22
S31580026304FFFFFFFFFFFFFFFFFFFFFFFFFFFFFFFF11
S31580026314FFFFFFFFFFFFFFFFFFFFFFFFFFFFFFFF01
S31580026324FFFFFFFFFFFFFFFFFFFFFFFFFFFFFFFFF1
S31580026334FFFFFFFFFFFFFFFFFFFFFFFFFFFFFFFFE1
S31580026344FFFFFFFFFFFFFFFFFFFFFFFFFFFFFFFFD1
S31580026354FFFFFFFFFFFFFFFFFFFFFFFFFFFFFFFFC1
S31580026364FFFFFFFFFFFFFFFFFFFFFFFFFFFFFFFFB1
S31580026374FFFFFFFFFFFFFFFFFFFFFFFFFFFFFFFFA1
S31580026384FFFFFFFFFFFFFFFFFFFFFFFFFFFFFFFF91
S31580026394FFFFFFFFFFFFFFFFFFFFFFFFFFFFFFFF81
S315800263A4FFFFFFFFFFFFFFFFFFFFFFFFFFFFFFFF71
S315800263B4FFFFFFFFFFFFFFFFFFFFFFFFFFFFFFFF61
S315800263C4FFFFFFFFFFFFFFFFFFFFFFFFFFFFFFFF51
S315800263D4FFFFFFFFFFFFFFFFFFFFFFFFFFFFFFFF41
S315800263E4FFFFFFFFFFFFFFFFFFFFFFFFFFFFFFFF31
S315800263F4FFFFFFFFFFFFFFFFFFFFFFFFFFFFFFFF21
S31580026404FFFFFFFFFFFFFFFFFFFFFFFFFFFFFFFF10
S31580026414FFFFFFFFFFFFFFFFFFFFFFFFFFFFFFFF00
S31580026424FFFFFFFFFFFFFFFFFFFFFFFFFFFFFFFFF0
S31580026434FFFFFFFFFFFFFFFFFFFFFFFFFFFFFFFFE0
S31580026444FFFFFFFFFFFFFFFFFFFFFFFFFFFFFFFFD0
S31580026454FFFFFFFFFFFFFFFFFFFFFFFFFFFFFFFFC0
S31580026464FFFFFFFFFFFFFFFFFFFFFFFFFFFFFFFFB0
S31580026474FFFFFFFFFFFFFFFFFFFFFFFFFFFFFFFFA0
S31580026484FFFFFFFFFFFFFFFFFFFFFFFFFFFFFFFF90
S31580026494FFFFFFFFFFFFFFFFFFFFFFFFFFFFFFFF80
S315800264A4FFFFFFFFFFFFFFFFFFFFFFFFFFFFFFFF70
S315800264B4FFFFFFFFFFFFFFFFFFFFFFFFFFFFFFFF60
S315800264C4FFFFFFFFFFFFFFFFFFFFFFFFFFFFFFFF50
S315800264D4FFFFFFFFFFFFFFFFFFFFFFFFFFFFFFFF40
S315800264E4FFFFFFFFFFFFFFFFFFFFFFFFFFFFFFFF30
S315800264F4FFFFFFFFFFFFFFFFFFFFFFFFFFFFFFFF20
S31580026504FFFFFFFFFFFFFFFFFFFFFFFFFFFFFFFF0F
S31580026514FFFFFFFFFFFFFFFFFFFFFFFFFFFFFFFFFF
S31580026524FFFFFFFFFFFFFFFFFFFFFFFFFFFFFFFFEF
S31580026534FFFFFFFFFFFFFFFFFFFFFFFFFFFFFFFFDF
S31580026544FFFFFFFFFFFFFFFFFFFFFFFFFFFFFFFFCF
S31580026554FFFFFFFFFFFFFFFFFFFFFFFFFFFFFFFFBF
S31580026564FFFFFFFFFFFFFFFFFFFFFFFFFFFFFFFFAF
S31580026574FFFFFFFFFFFFFFFFFFFFFFFFFFFFFFFF9F
S31580026584FFFFFFFFFFFFFFFFFFFFFFFFFFFFFFFF8F
S31580026594FFFFFFFFFFFFFFFFFFFFFFFFFFFFFFFF7F
S315800265A4FFFFFFFFFFFFFFFFFFFFFFFFFFFFFFFF6F
S315800265B4FFFFFFFFFFFFFFFFFFFFFFFFFFFFFFFF5F
S315800265C4FFFFFFFFFFFFFFFFFFFFFFFFFFFFFFFF4F
S315800265D4FFFFFFFFFFFFFFFFFFFFFFFFFFFFFFFF3F
S315800265E4FFFFFFFFFFFFFFFFFFFFFFFFFFFFFFFF2F
S315800265F4FFFFFFFFFFFFFFFFFFFFFFFFFFFFFFFF1F
S31580026604FFFFFFFFFFFFFFFFFFFFFFFFFFFFFFFF0E
S31580026614FFFFFFFFFFFFFFFFFFFFFFFFFFFFFFFFFE
S31580026624FFFFFFFFFFFFFFFFFFFFFFFFFFFFFFFFEE
S31580026634FFFFFFFFFFFFFFFFFFFFFFFFFFFFFFFFDE
S31580026644FFFFFFFFFFFFFFFFFFFFFFFFFFFFFFFFCE
S31580026654FFFFFFFFFFFFFFFFFFFFFFFFFFFFFFFFBE
S31580026664FFFFFFFFFFFFFFFFFFFFFFFFFFFFFFFFAE
S31580026674FFFFFFFFFFFFFFFFFFFFFFFFFFFFFFFF9E
S31580026684FFFFFFFFFFFFFFFFFFFFFFFFFFFFFFFF8E
S31580026694FFFFFFFFFFFFFFFFFFFFFFFFFFFFFFFF7E
S315800266A4FFFFFFFFFFFFFFFFFFFFFFFFFFFFFFFF6E
S315800266B4FFFFFFFFFFFFFFFFFFFFFFFFFFFFFFFF5E
S315800266C4FFFFFFFFFFFFFFFFFFFFFFFFFFFFFFFF4E
S315800266D4FFFFFFFFFFFFFFFFFFFFFFFFFFFFFFFF3E
S315800266E4FFFFFFFFFFFFFFFFFFFFFFFFFFFFFFFF2E
S315800266F4FFFFFFFFFFFFFFFFFFFFFFFFFFFFFFFF1E
S31580026704FFFFFFFFFFFFFFFFFFFFFFFFFFFFFFFF0D
S31580026714FFFFFFFFFFFFFFFFFFFFFFFFFFFFFFFFFD
S31580026724FFFFFFFFFFFFFFFFFFFFFFFFFFFFFFFFED
S31580026734FFFFFFFFFFFFFFFFFFFFFFFFFFFFFFFFDD
S31580026744FFFFFFFFFFFFFFFFFFFFFFFFFFFFFFFFCD
S31580026754FFFFFFFFFFFFFFFFFFFFFFFFFFFFFFFFBD
S31580026764FFFFFFFFFFFFFFFFFFFFFFFFFFFFFFFFAD
S31580026774FFFFFFFFFFFFFFFFFFFFFFFFFFFFFFFF9D
S31580026784FFFFFFFFFFFFFFFFFFFFFFFFFFFFFFFF8D
S31580026794FFFFFFFFFFFFFFFFFFFFFFFFFFFFFFFF7D
S315800267A4FFFFFFFFFFFFFFFFFFFFFFFFFFFFFFFF6D
S315800267B4FFFFFFFFFFFFFFFFFFFFFFFFFFFFFFFF5D
S315800267C4FFFFFFFFFFFFFFFFFFFFFFFFFFFFFFFF4D
S315800267D4FFFFFFFFFFFFFFFFFFFFFFFFFFFFFFFF3D
S315800267E4FFFFFFFFFFFFFFFFFFFFFFFFFFFFFFFF2D
S315800267F4FFFFFFFFFFFFFFFFFFFFFFFFFFFFFFFF1D
S31580026804FFFFFFFFFFFFFFFFFFFFFFFFFFFFFFFF0C
S31580026814FFFFFFFFFFFFFFFFFFFFFFFFFFFFFFFFFC
S31580026824FFFFFFFFFFFFFFFFFFFFFFFFFFFFFFFFEC
S31580026834FFFFFFFFFFFFFFFFFFFFFFFFFFFFFFFFDC
S31580026844FFFFFFFFFFFFFFFFFFFFFFFFFFFFFFFFCC
S31580026854FFFFFFFFFFFFFFFFFFFFFFFFFFFFFFFFBC
S31580026864FFFFFFFFFFFFFFFFFFFFFFFFFFFFFFFFAC
S31580026874FFFFFFFFFFFFFFFFFFFFFFFFFFFFFFFF9C
S31580026884FFFFFFFFFFFFFFFFFFFFFFFFFFFFFFFF8C
S31580026894FFFFFFFFFFFFFFFFFFFFFFFFFFFFFFFF7C
S315800268A4FFFFFFFFFFFFFFFFFFFFFFFFFFFFFFFF6C
S315800268B4FFFFFFFFFFFFFFFFFFFFFFFFFFFFFFFF5C
S315800268C4FFFFFFFFFFFFFFFFFFFFFFFFFFFFFFFF4C
S315800268D4FFFFFFFFFFFFFFFFFFFFFFFFFFFFFFFF3C
S315800268E4FFFFFFFFFFFFFFFFFFFFFFFFFFFFFFFF2C
S315800268F4FFFFFFFFFFFFFFFFFFFFFFFFFFFFFFFF1C
S31580026904FFFFFFFFFFFFFFFFFFFFFFFFFFFFFFFF0B
S31580026914FFFFFFFFFFFFFFFFFFFFFFFFFFFFFFFFFB
S31580026924FFFFFFFFFFFFFFFFFFFFFFFFFFFFFFFFEB
S31580026934FFFFFFFFFFFFFFFFFFFFFFFFFFFFFFFFDB
S31580026944FFFFFFFFFFFFFFFFFFFFFFFFFFFFFFFFCB
S31580026954FFFFFFFFFFFFFFFFFFFFFFFFFFFFFFFFBB
S31580026964FFFFFFFFFFFFFFFFFFFFFFFFFFFFFFFFAB
S31580026974FFFFFFFFFFFFFFFFFFFFFFFFFFFFFFFF9B
S31580026984FFFFFFFFFFFFFFFFFFFFFFFFFFFFFFFF8B
S31580026994FFFFFFFFFFFFFFFFFFFFFFFFFFFFFFFF7B
S315800269A4FFFFFFFFFFFFFFFFFFFFFFFFFFFFFFFF6B
S315800269B4FFFFFFFFFFFFFFFFFFFFFFFFFFFFFFFF5B
S315800269C4FFFFFFFFFFFFFFFFFFFFFFFFFFFFFFFF4B
S315800269D4FFFFFFFFFFFFFFFFFFFFFFFFFFFFFFFF3B
S315800269E4FFFFFFFFFFFFFFFFFFFFFFFFFFFFFFFF2B
S311800269F4FFFFFFFFFFFFFFFFFFFFFFFF1B
S30D80026A00000000000000000006
S30D80026A08010E010101000000EC
S30980026A1000000000FA
S30D80026A140000000000000000F2
S30D80026A1C0000000000000000EA
S30D80026A240102010201000000DB
S30D80026A2C4745454C5900000064
S30D80026A34505431373033000063
S30780026A3C0200CE
S30980026A3E494E56548B
S30980026A42000007EBD6
S30980026A46000007E3DA
S30D80026A4A0000000000000000BC
S30780026A520000BA
S30780026A540000B8
S30780026A560000B6
S30780026A580005AF
S30780026A5A0004AE
S30B80026A5C260929175912D2
S30D80026A62505431373033000035
S30980026A6A00000000A0
S30980026A6E2019061944
S31580026A7249464C3535305F44465359353130315F5C
S31580026A82424F4F545F4D43555F54433338375F52BB
S31580026A925F31303030350000000000000000000017
S31580026AA2000000000000000000000000000000005C
S31580026AB2FFFFFFFFFFFFFFFFFFFFFFFFFFFFFFFF5C
S31580026AC2FFFFFFFFFFFFFFFFFFFFFFFFFFFFFFFF4C
S31580026AD2FFFFFFFFFFFFFFFFFFFFFFFFFFFFFFFF3C
S31580026AE2FFFFFFFFFFFFFFFFFFFFFFFFFFFFFFFF2C
S31580026AF2FFFFFFFFFFFFFFFFFFFFFFFFFFFFFFFF1C
S31580026B02FFFFFFFFFFFFFFFFFFFFFFFFFFFFFFFF0B
S31580026B12FFFFFFFFFFFFFFFFFFFFFFFFFFFFFFFFFB
S31580026B22FFFFFFFFFFFFFFFFFFFFFFFFFFFFFFFFEB
S31580026B32FFFFFFFFFFFFFFFFFFFFFFFFFFFFFFFFDB
S31580026B42FFFFFFFFFFFFFFFFFFFFFFFFFFFFFFFFCB
S31580026B52FFFFFFFFFFFFFFFFFFFFFFFFFFFFFFFFBB
S31580026B62FFFFFFFFFFFFFFFFFFFFFFFFFFFFFFFFAB
S31580026B72FFFFFFFFFFFFFFFFFFFFFFFFFFFFFFFF9B
S31580026B82FFFFFFFFFFFFFFFFFFFFFFFFFFFFFFFF8B
S31580026B92FFFFFFFFFFFFFFFFFFFFFFFFFFFFFFFF7B
S31580026BA2FFFFFFFFFFFFFFFFFFFFFFFFFFFFFFFF6B
S31580026BB2FFFFFFFFFFFFFFFFFFFFFFFFFFFFFFFF5B
S31580026BC2FFFFFFFFFFFFFFFFFFFFFFFFFFFFFFFF4B
S31580026BD2FFFFFFFFFFFFFFFFFFFFFFFFFFFFFFFF3B
S31580026BE2FFFFFFFFFFFFFFFFFFFFFFFFFFFFFFFF2B
S31580026BF2FFFFFFFFFFFFFFFFFFFFFFFFFFFFFFFF1B
S31580026C02FFFFFFFFFFFFFFFFFFFFFFFFFFFFFFFF0A
S31580026C12FFFFFFFFFFFFFFFFFFFFFFFFFFFFFFFFFA
S31580026C22FFFFFFFFFFFFFFFFFFFFFFFFFFFFFFFFEA
S31580026C32FFFFFFFFFFFFFFFFFFFFFFFFFFFFFFFFDA
S31580026C42FFFFFFFFFFFFFFFFFFFFFFFFFFFFFFFFCA
S31580026C52FFFFFFFFFFFFFFFFFFFFFFFFFFFFFFFFBA
S31580026C62FFFFFFFFFFFFFFFFFFFFFFFFFFFFFFFFAA
S31580026C72FFFFFFFFFFFFFFFFFFFFFFFFFFFFFFFF9A
S31580026C82FFFFFFFFFFFFFFFFFFFFFFFFFFFFFFFF8A
S31580026C92FFFFFFFFFFFFFFFFFFFFFFFFFFFFFFFF7A
S31580026CA2FFFFFFFFFFFFFFFFFFFFFFFFFFFFFFFF6A
S31580026CB2FFFFFFFFFFFFFFFFFFFFFFFFFFFFFFFF5A
S31580026CC2FFFFFFFFFFFFFFFFFFFFFFFFFFFFFFFF4A
S31580026CD2FFFFFFFFFFFFFFFFFFFFFFFFFFFFFFFF3A
S31580026CE2FFFFFFFFFFFFFFFFFFFFFFFFFFFFFFFF2A
S31580026CF2FFFFFFFFFFFFFFFFFFFFFFFFFFFFFFFF1A
S31580026D02FFFFFFFFFFFFFFFFFFFFFFFFFFFFFFFF09
S31580026D12FFFFFFFFFFFFFFFFFFFFFFFFFFFFFFFFF9
S31580026D22FFFFFFFFFFFFFFFFFFFFFFFFFFFFFFFFE9
S31580026D32FFFFFFFFFFFFFFFFFFFFFFFFFFFFFFFFD9
S31580026D42FFFFFFFFFFFFFFFFFFFFFFFFFFFFFFFFC9
S31580026D52FFFFFFFFFFFFFFFFFFFFFFFFFFFFFFFFB9
S31580026D62FFFFFFFFFFFFFFFFFFFFFFFFFFFFFFFFA9
S31580026D72FFFFFFFFFFFFFFFFFFFFFFFFFFFFFFFF99
S31580026D82FFFFFFFFFFFFFFFFFFFFFFFFFFFFFFFF89
S31580026D92FFFFFFFFFFFFFFFFFFFFFFFFFFFFFFFF79
S31580026DA2FFFFFFFFFFFFFFFFFFFFFFFFFFFFFFFF69
S31580026DB2FFFFFFFFFFFFFFFFFFFFFFFFFFFFFFFF59
S31580026DC2FFFFFFFFFFFFFFFFFFFFFFFFFFFFFFFF49
S31580026DD2FFFFFFFFFFFFFFFFFFFFFFFFFFFFFFFF39
S31580026DE2FFFFFFFFFFFFFFFFFFFFFFFFFFFFFFFF29
S31580026DF2FFFFFFFFFFFFFFFFFFFFFFFFFFFFFFFF19
S31580026E02FFFFFFFFFFFFFFFFFFFFFFFFFFFFFFFF08
S31580026E12FFFFFFFFFFFFFFFFFFFFFFFFFFFFFFFFF8
S31580026E22FFFFFFFFFFFFFFFFFFFFFFFFFFFFFFFFE8
S31580026E32FFFFFFFFFFFFFFFFFFFFFFFFFFFFFFFFD8
S31580026E42FFFFFFFFFFFFFFFFFFFFFFFFFFFFFFFFC8
S31580026E52FFFFFFFFFFFFFFFFFFFFFFFFFFFFFFFFB8
S31580026E62FFFFFFFFFFFFFFFFFFFFFFFFFFFFFFFFA8
S31580026E72FFFFFFFFFFFFFFFFFFFFFFFFFFFFFFFF98
S31580026E82FFFFFFFFFFFFFFFFFFFFFFFFFFFFFFFF88
S31580026E92FFFFFFFFFFFFFFFFFFFFFFFFFFFFFFFF78
S31580026EA2FFFFFFFFFFFFFFFFFFFFFFFFFFFFFFFF68
S31580026EB2FFFFFFFFFFFFFFFFFFFFFFFFFFFFFFFF58
S31580026EC2FFFFFFFFFFFFFFFFFFFFFFFFFFFFFFFF48
S31580026ED2FFFFFFFFFFFFFFFFFFFFFFFFFFFFFFFF38
S31580026EE2FFFFFFFFFFFFFFFFFFFFFFFFFFFFFFFF28
S31580026EF2FFFFFFFFFFFFFFFFFFFFFFFFFFFFFFFF18
S31580026F02FFFFFFFFFFFFFFFFFFFFFFFFFFFFFFFF07
S31580026F12FFFFFFFFFFFFFFFFFFFFFFFFFFFFFFFFF7
S31580026F22FFFFFFFFFFFFFFFFFFFFFFFFFFFFFFFFE7
S31580026F32FFFFFFFFFFFFFFFFFFFFFFFFFFFFFFFFD7
S31580026F42FFFFFFFFFFFFFFFFFFFFFFFFFFFFFFFFC7
S31580026F52FFFFFFFFFFFFFFFFFFFFFFFFFFFFFFFFB7
S31580026F62FFFFFFFFFFFFFFFFFFFFFFFFFFFFFFFFA7
S31580026F72FFFFFFFFFFFFFFFFFFFFFFFFFFFFFFFF97
S31580026F82FFFFFFFFFFFFFFFFFFFFFFFFFFFFFFFF87
S31580026F92FFFFFFFFFFFFFFFFFFFFFFFFFFFFFFFF77
S31580026FA2FFFFFFFFFFFFFFFFFFFFFFFFFFFFFFFF67
S31580026FB2FFFFFFFFFFFFFFFFFFFFFFFFFFFFFFFF57
S31580026FC2FFFFFFFFFFFFFFFFFFFFFFFFFFFFFFFF47
S31580026FD2FFFFFFFFFFFFFFFFFFFFFFFFFFFFFFFF37
S31580026FE2FFFFFFFFFFFFFFFFFFFFFFFFFFFFFFFF27
S31580026FF2FFFFFFFFFFFFFFFFFFFFFFFFFFFFFFFF17
S31580027002FFFFFFFFFFFFFFFFFFFFFFFFFFFFFFFF06
S31580027012FFFFFFFFFFFFFFFFFFFFFFFFFFFFFFFFF6
S31580027022FFFFFFFFFFFFFFFFFFFFFFFFFFFFFFFFE6
S31580027032FFFFFFFFFFFFFFFFFFFFFFFFFFFFFFFFD6
S31580027042FFFFFFFFFFFFFFFFFFFFFFFFFFFFFFFFC6
S31580027052FFFFFFFFFFFFFFFFFFFFFFFFFFFFFFFFB6
S31580027062FFFFFFFFFFFFFFFFFFFFFFFFFFFFFFFFA6
S31580027072FFFFFFFFFFFFFFFFFFFFFFFFFFFFFFFF96
S31580027082FFFFFFFFFFFFFFFFFFFFFFFFFFFFFFFF86
S31580027092FFFFFFFFFFFFFFFFFFFFFFFFFFFFFFFF76
S315800270A2FFFFFFFFFFFFFFFFFFFFFFFFFFFFFFFF66
S315800270B2FFFFFFFFFFFFFFFFFFFFFFFFFFFFFFFF56
S315800270C2FFFFFFFFFFFFFFFFFFFFFFFFFFFFFFFF46
S315800270D2FFFFFFFFFFFFFFFFFFFFFFFFFFFFFFFF36
S315800270E2FFFFFFFFFFFFFFFFFFFFFFFFFFFFFFFF26
S315800270F2FFFFFFFFFFFFFFFFFFFFFFFFFFFFFFFF16
S31580027102FFFFFFFFFFFFFFFFFFFFFFFFFFFFFFFF05
S31580027112FFFFFFFFFFFFFFFFFFFFFFFFFFFFFFFFF5
S31580027122FFFFFFFFFFFFFFFFFFFFFFFFFFFFFFFFE5
S31580027132FFFFFFFFFFFFFFFFFFFFFFFFFFFFFFFFD5
S31580027142FFFFFFFFFFFFFFFFFFFFFFFFFFFFFFFFC5
S31580027152FFFFFFFFFFFFFFFFFFFFFFFFFFFFFFFFB5
S31580027162FFFFFFFFFFFFFFFFFFFFFFFFFFFFFFFFA5
S31580027172FFFFFFFFFFFFFFFFFFFFFFFFFFFFFFFF95
S31580027182FFFFFFFFFFFFFFFFFFFFFFFFFFFFFFFF85
S31580027192FFFFFFFFFFFFFFFFFFFFFFFFFFFFFFFF75
S315800271A2FFFFFFFFFFFFFFFFFFFFFFFFFFFFFFFF65
S315800271B2FFFFFFFFFFFFFFFFFFFFFFFFFFFFFFFF55
S315800271C2FFFFFFFFFFFFFFFFFFFFFFFFFFFFFFFF45
S315800271D2FFFFFFFFFFFFFFFFFFFFFFFFFFFFFFFF35
S315800271E2FFFFFFFFFFFFFFFFFFFFFFFFFFFFFFFF25
S315800271F2FFFFFFFFFFFFFFFFFFFFFFFFFFFFFFFF15
S31580027202FFFFFFFFFFFFFFFFFFFFFFFFFFFFFFFF04
S31580027212FFFFFFFFFFFFFFFFFFFFFFFFFFFFFFFFF4
S31580027222FFFFFFFFFFFFFFFFFFFFFFFFFFFFFFFFE4
S31580027232FFFFFFFFFFFFFFFFFFFFFFFFFFFFFFFFD4
S31580027242FFFFFFFFFFFFFFFFFFFFFFFFFFFFFFFFC4
S31580027252FFFFFFFFFFFFFFFFFFFFFFFFFFFFFFFFB4
S31580027262FFFFFFFFFFFFFFFFFFFFFFFFFFFFFFFFA4
S31580027272FFFFFFFFFFFFFFFFFFFFFFFFFFFFFFFF94
S31580027282FFFFFFFFFFFFFFFFFFFFFFFFFFFFFFFF84
S31580027292FFFFFFFFFFFFFFFFFFFFFFFFFFFFFFFF74
S315800272A2FFFFFFFFFFFFFFFFFFFFFFFFFFFFFFFF64
S315800272B2FFFFFFFFFFFFFFFFFFFFFFFFFFFFFFFF54
S315800272C2FFFFFFFFFFFFFFFFFFFFFFFFFFFFFFFF44
S315800272D2FFFFFFFFFFFFFFFFFFFFFFFFFFFFFFFF34
S315800272E2FFFFFFFFFFFFFFFFFFFFFFFFFFFFFFFF24
S315800272F2FFFFFFFFFFFFFFFFFFFFFFFFFFFFFFFF14
S31580027302FFFFFFFFFFFFFFFFFFFFFFFFFFFFFFFF03
S31580027312FFFFFFFFFFFFFFFFFFFFFFFFFFFFFFFFF3
S31580027322FFFFFFFFFFFFFFFFFFFFFFFFFFFFFFFFE3
S31580027332FFFFFFFFFFFFFFFFFFFFFFFFFFFFFFFFD3
S31580027342FFFFFFFFFFFFFFFFFFFFFFFFFFFFFFFFC3
S31580027352FFFFFFFFFFFFFFFFFFFFFFFFFFFFFFFFB3
S31580027362FFFFFFFFFFFFFFFFFFFFFFFFFFFFFFFFA3
S31580027372FFFFFFFFFFFFFFFFFFFFFFFFFFFFFFFF93
S31580027382FFFFFFFFFFFFFFFFFFFFFFFFFFFFFFFF83
S31580027392FFFFFFFFFFFFFFFFFFFFFFFFFFFFFFFF73
S315800273A2FFFFFFFFFFFFFFFFFFFFFFFFFFFFFFFF63
S315800273B2FFFFFFFFFFFFFFFFFFFFFFFFFFFFFFFF53
S315800273C2FFFFFFFFFFFFFFFFFFFFFFFFFFFFFFFF43
S315800273D2FFFFFFFFFFFFFFFFFFFFFFFFFFFFFFFF33
S315800273E2FFFFFFFFFFFFFFFFFFFFFFFFFFFFFFFF23
S315800273F2FFFFFFFFFFFFFFFFFFFFFFFFFFFFFFFF13
S31580027402FFFFFFFFFFFFFFFFFFFFFFFFFFFFFFFF02
S31580027412FFFFFFFFFFFFFFFFFFFFFFFFFFFFFFFFF2
S31580027422FFFFFFFFFFFFFFFFFFFFFFFFFFFFFFFFE2
S31580027432FFFFFFFFFFFFFFFFFFFFFFFFFFFFFFFFD2
S31580027442FFFFFFFFFFFFFFFFFFFFFFFFFFFFFFFFC2
S31580027452FFFFFFFFFFFFFFFFFFFFFFFFFFFFFFFFB2
S31580027462FFFFFFFFFFFFFFFFFFFFFFFFFFFFFFFFA2
S31580027472FFFFFFFFFFFFFFFFFFFFFFFFFFFFFFFF92
S31580027482FFFFFFFFFFFFFFFFFFFFFFFFFFFFFFFF82
S31580027492FFFFFFFFFFFFFFFFFFFFFFFFFFFFFFFF72
S315800274A2FFFFFFFFFFFFFFFFFFFFFFFFFFFFFFFF62
S315800274B2FFFFFFFFFFFFFFFFFFFFFFFFFFFFFFFF52
S315800274C2FFFFFFFFFFFFFFFFFFFFFFFFFFFFFFFF42
S315800274D2FFFFFFFFFFFFFFFFFFFFFFFFFFFFFFFF32
S315800274E2FFFFFFFFFFFFFFFFFFFFFFFFFFFFFFFF22
S315800274F2FFFFFFFFFFFFFFFFFFFFFFFFFFFFFFFF12
S31580027502FFFFFFFFFFFFFFFFFFFFFFFFFFFFFFFF01
S31580027512FFFFFFFFFFFFFFFFFFFFFFFFFFFFFFFFF1
S31580027522FFFFFFFFFFFFFFFFFFFFFFFFFFFFFFFFE1
S31580027532FFFFFFFFFFFFFFFFFFFFFFFFFFFFFFFFD1
S31580027542FFFFFFFFFFFFFFFFFFFFFFFFFFFFFFFFC1
S31580027552FFFFFFFFFFFFFFFFFFFFFFFFFFFFFFFFB1
S31580027562FFFFFFFFFFFFFFFFFFFFFFFFFFFFFFFFA1
S31580027572FFFFFFFFFFFFFFFFFFFFFFFFFFFFFFFF91
S31580027582FFFFFFFFFFFFFFFFFFFFFFFFFFFFFFFF81
S31580027592FFFFFFFFFFFFFFFFFFFFFFFFFFFFFFFF71
S315800275A2FFFFFFFFFFFFFFFFFFFFFFFFFFFFFFFF61
S315800275B2FFFFFFFFFFFFFFFFFFFFFFFFFFFFFFFF51
S315800275C2FFFFFFFFFFFFFFFFFFFFFFFFFFFFFFFF41
S315800275D2FFFFFFFFFFFFFFFFFFFFFFFFFFFFFFFF31
S315800275E2FFFFFFFFFFFFFFFFFFFFFFFFFFFFFFFF21
S315800275F2FFFFFFFFFFFFFFFFFFFFFFFFFFFFFFFF11
S31580027602FFFFFFFFFFFFFFFFFFFFFFFFFFFFFFFF00
S31580027612FFFFFFFFFFFFFFFFFFFFFFFFFFFFFFFFF0
S31580027622FFFFFFFFFFFFFFFFFFFFFFFFFFFFFFFFE0
S31580027632FFFFFFFFFFFFFFFFFFFFFFFFFFFFFFFFD0
S31580027642FFFFFFFFFFFFFFFFFFFFFFFFFFFFFFFFC0
S31580027652FFFFFFFFFFFFFFFFFFFFFFFFFFFFFFFFB0
S31580027662FFFFFFFFFFFFFFFFFFFFFFFFFFFFFFFFA0
S31580027672FFFFFFFFFFFFFFFFFFFFFFFFFFFFFFFF90
S31580027682FFFFFFFFFFFFFFFFFFFFFFFFFFFFFFFF80
S31580027692FFFFFFFFFFFFFFFFFFFFFFFFFFFFFFFF70
S315800276A2FFFFFFFFFFFFFFFFFFFFFFFFFFFFFFFF60
S315800276B2FFFFFFFFFFFFFFFFFFFFFFFFFFFFFFFF50
S315800276C2FFFFFFFFFFFFFFFFFFFFFFFFFFFFFFFF40
S315800276D2FFFFFFFFFFFFFFFFFFFFFFFFFFFFFFFF30
S315800276E2FFFFFFFFFFFFFFFFFFFFFFFFFFFFFFFF20
S315800276F2FFFFFFFFFFFFFFFFFFFFFFFFFFFFFFFF10
S31580027702FFFFFFFFFFFFFFFFFFFFFFFFFFFFFFFFFF
S31580027712FFFFFFFFFFFFFFFFFFFFFFFFFFFFFFFFEF
S31580027722FFFFFFFFFFFFFFFFFFFFFFFFFFFFFFFFDF
S31580027732FFFFFFFFFFFFFFFFFFFFFFFFFFFFFFFFCF
S31580027742FFFFFFFFFFFFFFFFFFFFFFFFFFFFFFFFBF
S31580027752FFFFFFFFFFFFFFFFFFFFFFFFFFFFFFFFAF
S31580027762FFFFFFFFFFFFFFFFFFFFFFFFFFFFFFFF9F
S31580027772FFFFFFFFFFFFFFFFFFFFFFFFFFFFFFFF8F
S31580027782FFFFFFFFFFFFFFFFFFFFFFFFFFFFFFFF7F
S31580027792FFFFFFFFFFFFFFFFFFFFFFFFFFFFFFFF6F
S315800277A2FFFFFFFFFFFFFFFFFFFFFFFFFFFFFFFF5F
S315800277B2FFFFFFFFFFFFFFFFFFFFFFFFFFFFFFFF4F
S315800277C2FFFFFFFFFFFFFFFFFFFFFFFFFFFFFFFF3F
S315800277D2FFFFFFFFFFFFFFFFFFFFFFFFFFFFFFFF2F
S315800277E2FFFFFFFFFFFFFFFFFFFFFFFFFFFFFFFF1F
S315800277F2FFFFFFFFFFFFFFFFFFFFFFFFFFFFFFFF0F
S31580027802FFFFFFFFFFFFFFFFFFFFFFFFFFFFFFFFFE
S31580027812FFFFFFFFFFFFFFFFFFFFFFFFFFFFFFFFEE
S31580027822FFFFFFFFFFFFFFFFFFFFFFFFFFFFFFFFDE
S31580027832FFFFFFFFFFFFFFFFFFFFFFFFFFFFFFFFCE
S31580027842FFFFFFFFFFFFFFFFFFFFFFFFFFFFFFFFBE
S31580027852FFFFFFFFFFFFFFFFFFFFFFFFFFFFFFFFAE
S31580027862FFFFFFFFFFFFFFFFFFFFFFFFFFFFFFFF9E
S31580027872FFFFFFFFFFFFFFFFFFFFFFFFFFFFFFFF8E
S31580027882FFFFFFFFFFFFFFFFFFFFFFFFFFFFFFFF7E
S31580027892FFFFFFFFFFFFFFFFFFFFFFFFFFFFFFFF6E
S315800278A2FFFFFFFFFFFFFFFFFFFFFFFFFFFFFFFF5E
S315800278B2FFFFFFFFFFFFFFFFFFFFFFFFFFFFFFFF4E
S315800278C2FFFFFFFFFFFFFFFFFFFFFFFFFFFFFFFF3E
S315800278D2FFFFFFFFFFFFFFFFFFFFFFFFFFFFFFFF2E
S315800278E2FFFFFFFFFFFFFFFFFFFFFFFFFFFFFFFF1E
S315800278F2FFFFFFFFFFFFFFFFFFFFFFFFFFFFFFFF0E
S31580027902FFFFFFFFFFFFFFFFFFFFFFFFFFFFFFFFFD
S31580027912FFFFFFFFFFFFFFFFFFFFFFFFFFFFFFFFED
S31580027922FFFFFFFFFFFFFFFFFFFFFFFFFFFFFFFFDD
S31580027932FFFFFFFFFFFFFFFFFFFFFFFFFFFFFFFFCD
S31580027942FFFFFFFFFFFFFFFFFFFFFFFFFFFFFFFFBD
S31580027952FFFFFFFFFFFFFFFFFFFFFFFFFFFFFFFFAD
S31580027962FFFFFFFFFFFFFFFFFFFFFFFFFFFFFFFF9D
S31580027972FFFFFFFFFFFFFFFFFFFFFFFFFFFFFFFF8D
S31580027982FFFFFFFFFFFFFFFFFFFFFFFFFFFFFFFF7D
S31580027992FFFFFFFFFFFFFFFFFFFFFFFFFFFFFFFF6D
S315800279A2FFFFFFFFFFFFFFFFFFFFFFFFFFFFFFFF5D
S315800279B2FFFFFFFFFFFFFFFFFFFFFFFFFFFFFFFF4D
S315800279C2FFFFFFFFFFFFFFFFFFFFFFFFFFFFFFFF3D
S315800279D2FFFFFFFFFFFFFFFFFFFFFFFFFFFFFFFF2D
S315800279E2FFFFFFFFFFFFFFFFFFFFFFFFFFFFFFFF1D
S315800279F2FFFFFFFFFFFFFFFFFFFFFFFFFFFFFFFF0D
S31580027A02FFFFFFFFFFFFFFFFFFFFFFFFFFFFFFFFFC
S31580027A12FFFFFFFFFFFFFFFFFFFFFFFFFFFFFFFFEC
S31580027A22FFFFFFFFFFFFFFFFFFFFFFFFFFFFFFFFDC
S31580027A32FFFFFFFFFFFFFFFFFFFFFFFFFFFFFFFFCC
S31580027A42FFFFFFFFFFFFFFFFFFFFFFFFFFFFFFFFBC
S31580027A52FFFFFFFFFFFFFFFFFFFFFFFFFFFFFFFFAC
S31580027A62FFFFFFFFFFFFFFFFFFFFFFFFFFFFFFFF9C
S31580027A72FFFFFFFFFFFFFFFFFFFFFFFFFFFFFFFF8C
S31580027A82FFFFFFFFFFFFFFFFFFFFFFFFFFFFFFFF7C
S31580027A92FFFFFFFFFFFFFFFFFFFFFFFFFFFFFFFF6C
S31580027AA2FFFFFFFFFFFFFFFFFFFFFFFFFFFFFFFF5C
S31580027AB2FFFFFFFFFFFFFFFFFFFFFFFFFFFFFFFF4C
S31580027AC2FFFFFFFFFFFFFFFFFFFFFFFFFFFFFFFF3C
S31580027AD2FFFFFFFFFFFFFFFFFFFFFFFFFFFFFFFF2C
S31580027AE2FFFFFFFFFFFFFFFFFFFFFFFFFFFFFFFF1C
S31380027AF2FFFFFFFFFFFFFFFFFFFFFFFFFFFF0C
S31580027B0000000000000000000000000000000000ED
S31580027B1000000000000000000000000000000000DD
S31580027B2000000000000000000000000000000000CD
S31580027B3000000000000000000000000000000000BD
S31580027B4000000000000000000000000000000000AD
S31580027B50000000000000000000000000000000009D
S31580027B60000000000000000000000000000000008D
S31580027B70000000000000000000000000000000007D
S31580027B80000000000000000000000000000000006D
S31580027B90000000000000000000000000000000005D
S31580027BA0000000000000000000000000000000004D
S31580027BB0000000000000000000000000000000003D
S31580027BC0000000000000000000000000000000002D
S31580027BD0000000000000000000000000000000001D
S31580027BE0000000000000000000000000000000000D
S31580027BF000000000000000000000000000000000FD
S31580027C0000000000000000000000000000000000EC
S31580027C1000000000000000000000000000000000DC
S31580027C2000000000000000000000000000000000CC
S31580027C3000000000000000000000000000000000BC
S31580027C4000000000000000000000000000000000AC
S31580027C50000000000000000000000000000000009C
S31580027C60000000000000000000000000000000008C
S31580027C70000000000000000000000000000000007C
S31580027C80000000000000000000000000000000006C
S31580027C90000000000000000000000000000000005C
S31580027CA0000000000000000000000000000000004C
S31580027CB0000000000000000000000000000000003C
S31580027CC0000000000000000000000000000000002C
S31580027CD0000000000000000000000000000000001C
S31580027CE0000000000000000000000000000000000C
S31580027CF000000000000000000000000000000000FC
S31580027D0000000000000000000000000000000000EB
S31580027D1000000000000000000000000000000000DB
S31580027D2000000000000000000000000000000000CB
S31580027D3000000000000000000000000000000000BB
S31580027D4000000000000000000000000000000000AB
S31580027D50000000000000000000000000000000009B
S31580027D60000000000000000000000000000000008B
S31580027D70000000000000000000000000000000007B
S31580027D80000000000000000000000000000000006B
S31580027D90000000000000000000000000000000005B
S31580027DA0000000000000000000000000000000004B
S31580027DB0000000000000000000000000000000003B
S31580027DC0000000000000000000000000000000002B
S31580027DD0000000000000000000000000000000001B
S31580027DE0000000000000000000000000000000000B
S31580027DF000000000000000000000000000000000FB
S31580027E0000000000000000000000000000000000EA
S31580027E1000000000000000000000000000000000DA
S31580027E2000000000000000000000000000000000CA
S31580027E3000000000000000000000000000000000BA
S31580027E4000000000000000000000000000000000AA
S31580027E50000000000000000000000000000000009A
S31580027E60000000000000000000000000000000008A
S31580027E70000000000000000000000000000000007A
S31580027E80000000000000000000000000000000006A
S31580027E90000000000000000000000000000000005A
S31580027EA0000000000000000000000000000000004A
S31580027EB0000000000000000000000000000000003A
S31580027EC0000000000000000000000000000000002A
S31580027ED0000000000000000000000000000000001A
S31580027EE0000000000000000000000000000000000A
S31580027EF000000000000000000000000000000000FA
S31580027F0000000000000000000000000000000000E9
S31580027F1000000000000000000000000000000000D9
S31580027F2000000000000000000000000000000000C9
S31580027F3000000000000000000000000000000000B9
S31580027F4000000000000000000000000000000000A9
S31580027F500000000000000000000000000000000099
S31580027F600000000000000000000000000000000089
S31580027F700000000000000000000000000000000079
S31580027F800000000000000000000000000000000069
S31580027F900000000000000000000000000000000059
S31580027FA00000000000000000000000000000000049
S31580027FB00000000000000000000000000000000039
S31580027FC00000000000000000000000000000000029
S31580027FD00000000000000000000000000000000019
S31580027FE00000000000000000000000000000000009
S31580027FF000000000000000000000000000000000F9
S315AF4000003E0059B3000000A0ABBD6CD85442932715
S315AF40001000000000000000000000000000000000EB
S315AF40002000000000000000000000000000000000DB
S315AF40003000000000000000000000000000000000CB
S315AF40004000000000000000000000000000000000BB
S315AF40005000000000000000000000000000000000AB
S315AF400060000000000000000000000000000000009B
S315AF400070000000000000000000000000000000008B
S315AF400080000000000000000000000000000000007B
S315AF400090000000000000000000000000000000006B
S315AF4000A0000000000000000000000000000000005B
S315AF4000B0000000000000000000000000000000004B
S315AF4000C0000000000000000000000000000000003B
S315AF4000D0000000000000000000000000000000002B
S315AF4000E0000000000000000000000000000000001B
S315AF4000F0000000000000000000000000000000000B
S315AF40010000000000000000000000000000000000FA
S315AF40011000000000000000000000000000000000EA
S315AF40012000000000000000000000000000000000DA
S315AF40013000000000000000000000000000000000CA
S315AF40014000000000000000000000000000000000BA
S315AF40015000000000000000000000000000000000AA
S315AF400160000000000000000000000000000000009A
S315AF400170000000000000000000000000000000008A
S315AF400180000000000000000000000000000000007A
S315AF400190000000000000000000000000000000006A
S315AF4001A0000000000000000000000000000000005A
S315AF4001B0000000000000000000000000000000004A
S315AF4001C0000000000000000000000000000000003A
S315AF4001D0000000000000000000000000000000002A
S315AF4001E0000000000000000000000000000000001A
S309AF4001F0341221436C
S315AF4002003E0059B3000000A0ABBD6CD85442932713
S315AF40021000000000000000000000000000000000E9
S315AF40022000000000000000000000000000000000D9
S315AF40023000000000000000000000000000000000C9
S315AF40024000000000000000000000000000000000B9
S315AF40025000000000000000000000000000000000A9
S315AF4002600000000000000000000000000000000099
S315AF4002700000000000000000000000000000000089
S315AF4002800000000000000000000000000000000079
S315AF4002900000000000000000000000000000000069
S315AF4002A00000000000000000000000000000000059
S315AF4002B00000000000000000000000000000000049
S315AF4002C00000000000000000000000000000000039
S315AF4002D00000000000000000000000000000000029
S315AF4002E00000000000000000000000000000000019
S315AF4002F00000000000000000000000000000000009
S315AF40030000000000000000000000000000000000F8
S315AF40031000000000000000000000000000000000E8
S315AF40032000000000000000000000000000000000D8
S315AF40033000000000000000000000000000000000C8
S315AF40034000000000000000000000000000000000B8
S315AF40035000000000000000000000000000000000A8
S315AF4003600000000000000000000000000000000098
S315AF4003700000000000000000000000000000000088
S315AF4003800000000000000000000000000000000078
S315AF4003900000000000000000000000000000000068
S315AF4003A00000000000000000000000000000000058
S315AF4003B00000000000000000000000000000000048
S315AF4003C00000000000000000000000000000000038
S315AF4003D00000000000000000000000000000000028
S315AF4003E00000000000000000000000000000000018
S309AF4003F0341221436A
S315AF4004003E0059B3000000A0ABBD6CD85442932711
S315AF40041000000000000000000000000000000000E7
S315AF40042000000000000000000000000000000000D7
S315AF40043000000000000000000000000000000000C7
S315AF40044000000000000000000000000000000000B7
S315AF40045000000000000000000000000000000000A7
S315AF4004600000000000000000000000000000000097
S315AF4004700000000000000000000000000000000087
S315AF4004800000000000000000000000000000000077
S315AF4004900000000000000000000000000000000067
S315AF4004A00000000000000000000000000000000057
S315AF4004B00000000000000000000000000000000047
S315AF4004C00000000000000000000000000000000037
S315AF4004D00000000000000000000000000000000027
S315AF4004E00000000000000000000000000000000017
S315AF4004F00000000000000000000000000000000007
S315AF40050000000000000000000000000000000000F6
S315AF40051000000000000000000000000000000000E6
S315AF40052000000000000000000000000000000000D6
S315AF40053000000000000000000000000000000000C6
S315AF40054000000000000000000000000000000000B6
S315AF40055000000000000000000000000000000000A6
S315AF4005600000000000000000000000000000000096
S315AF4005700000000000000000000000000000000086
S315AF4005800000000000000000000000000000000076
S315AF4005900000000000000000000000000000000066
S315AF4005A00000000000000000000000000000000056
S315AF4005B00000000000000000000000000000000046
S315AF4005C00000000000000000000000000000000036
S315AF4005D00000000000000000000000000000000026
S315AF4005E00000000000000000000000000000000016
S309AF4005F03412214368
S315AF4006003E0059B3000000A0ABBD6CD8544293270F
S315AF40061000000000000000000000000000000000E5
S315AF40062000000000000000000000000000000000D5
S315AF40063000000000000000000000000000000000C5
S315AF40064000000000000000000000000000000000B5
S315AF40065000000000000000000000000000000000A5
S315AF4006600000000000000000000000000000000095
S315AF4006700000000000000000000000000000000085
S315AF4006800000000000000000000000000000000075
S315AF4006900000000000000000000000000000000065
S315AF4006A00000000000000000000000000000000055
S315AF4006B00000000000000000000000000000000045
S315AF4006C00000000000000000000000000000000035
S315AF4006D00000000000000000000000000000000025
S315AF4006E00000000000000000000000000000000015
S315AF4006F00000000000000000000000000000000005
S315AF40070000000000000000000000000000000000F4
S315AF40071000000000000000000000000000000000E4
S315AF40072000000000000000000000000000000000D4
S315AF40073000000000000000000000000000000000C4
S315AF40074000000000000000000000000000000000B4
S315AF40075000000000000000000000000000000000A4
S315AF4007600000000000000000000000000000000094
S315AF4007700000000000000000000000000000000084
S315AF4007800000000000000000000000000000000074
S315AF4007900000000000000000000000000000000064
S315AF4007A00000000000000000000000000000000054
S315AF4007B00000000000000000000000000000000044
S315AF4007C00000000000000000000000000000000034
S315AF4007D00000000000000000000000000000000024
S315AF4007E00000000000000000000000000000000014
S309AF4007F03412214366
S315AF4010003E0059B3000000A0ABBD6CD85442932705
S315AF40101000000000000000000000000000000000DB
S315AF40102000000000000000000000000000000000CB
S315AF40103000000000000000000000000000000000BB
S315AF40104000000000000000000000000000000000AB
S315AF401050000000000000000000000000000000009B
S315AF401060000000000000000000000000000000008B
S315AF401070000000000000000000000000000000007B
S315AF401080000000000000000000000000000000006B
S315AF401090000000000000000000000000000000005B
S315AF4010A0000000000000000000000000000000004B
S315AF4010B0000000000000000000000000000000003B
S315AF4010C0000000000000000000000000000000002B
S315AF4010D0000000000000000000000000000000001B
S315AF4010E0000000000000000000000000000000000B
S315AF4010F000000000000000000000000000000000FB
S315AF40110000000000000000000000000000000000EA
S315AF40111000000000000000000000000000000000DA
S315AF40112000000000000000000000000000000000CA
S315AF40113000000000000000000000000000000000BA
S315AF40114000000000000000000000000000000000AA
S315AF401150000000000000000000000000000000009A
S315AF401160000000000000000000000000000000008A
S315AF401170000000000000000000000000000000007A
S315AF401180000000000000000000000000000000006A
S315AF401190000000000000000000000000000000005A
S315AF4011A0000000000000000000000000000000004A
S315AF4011B0000000000000000000000000000000003A
S315AF4011C0000000000000000000000000000000002A
S315AF4011D0000000000000000000000000000000001A
S315AF4011E0000000000000000000000000000000000A
S309AF4011F0341221435C
S315AF4012003E0059B3000000A0ABBD6CD85442932703
S315AF40121000000000000000000000000000000000D9
S315AF40122000000000000000000000000000000000C9
S315AF40123000000000000000000000000000000000B9
S315AF40124000000000000000000000000000000000A9
S315AF4012500000000000000000000000000000000099
S315AF4012600000000000000000000000000000000089
S315AF4012700000000000000000000000000000000079
S315AF4012800000000000000000000000000000000069
S315AF4012900000000000000000000000000000000059
S315AF4012A00000000000000000000000000000000049
S315AF4012B00000000000000000000000000000000039
S315AF4012C00000000000000000000000000000000029
S315AF4012D00000000000000000000000000000000019
S315AF4012E00000000000000000000000000000000009
S315AF4012F000000000000000000000000000000000F9
S315AF40130000000000000000000000000000000000E8
S315AF40131000000000000000000000000000000000D8
S315AF40132000000000000000000000000000000000C8
S315AF40133000000000000000000000000000000000B8
S315AF40134000000000000000000000000000000000A8
S315AF4013500000000000000000000000000000000098
S315AF4013600000000000000000000000000000000088
S315AF4013700000000000000000000000000000000078
S315AF4013800000000000000000000000000000000068
S315AF4013900000000000000000000000000000000058
S315AF4013A00000000000000000000000000000000048
S315AF4013B00000000000000000000000000000000038
S315AF4013C00000000000000000000000000000000028
S315AF4013D00000000000000000000000000000000018
S315AF4013E00000000000000000000000000000000008
S309AF4013F0341221435A
S315AF4014003E0059B3000000A0ABBD6CD85442932701
S315AF40141000000000000000000000000000000000D7
S315AF40142000000000000000000000000000000000C7
S315AF40143000000000000000000000000000000000B7
S315AF40144000000000000000000000000000000000A7
S315AF4014500000000000000000000000000000000097
S315AF4014600000000000000000000000000000000087
S315AF4014700000000000000000000000000000000077
S315AF4014800000000000000000000000000000000067
S315AF4014900000000000000000000000000000000057
S315AF4014A00000000000000000000000000000000047
S315AF4014B00000000000000000000000000000000037
S315AF4014C00000000000000000000000000000000027
S315AF4014D00000000000000000000000000000000017
S315AF4014E00000000000000000000000000000000007
S315AF4014F000000000000000000000000000000000F7
S315AF40150000000000000000000000000000000000E6
S315AF40151000000000000000000000000000000000D6
S315AF40152000000000000000000000000000000000C6
S315AF40153000000000000000000000000000000000B6
S315AF40154000000000000000000000000000000000A6
S315AF4015500000000000000000000000000000000096
S315AF4015600000000000000000000000000000000086
S315AF4015700000000000000000000000000000000076
S315AF4015800000000000000000000000000000000066
S315AF4015900000000000000000000000000000000056
S315AF4015A00000000000000000000000000000000046
S315AF4015B00000000000000000000000000000000036
S315AF4015C00000000000000000000000000000000026
S315AF4015D00000000000000000000000000000000016
S315AF4015E00000000000000000000000000000000006
S309AF4015F03412214358
S315AF4016003E0059B3000000A0ABBD6CD854429327FF
S315AF40161000000000000000000000000000000000D5
S315AF40162000000000000000000000000000000000C5
S315AF40163000000000000000000000000000000000B5
S315AF40164000000000000000000000000000000000A5
S315AF4016500000000000000000000000000000000095
S315AF4016600000000000000000000000000000000085
S315AF4016700000000000000000000000000000000075
S315AF4016800000000000000000000000000000000065
S315AF4016900000000000000000000000000000000055
S315AF4016A00000000000000000000000000000000045
S315AF4016B00000000000000000000000000000000035
S315AF4016C00000000000000000000000000000000025
S315AF4016D00000000000000000000000000000000015
S315AF4016E00000000000000000000000000000000005
S315AF4016F000000000000000000000000000000000F5
S315AF40170000000000000000000000000000000000E4
S315AF40171000000000000000000000000000000000D4
S315AF40172000000000000000000000000000000000C4
S315AF40173000000000000000000000000000000000B4
S315AF40174000000000000000000000000000000000A4
S315AF4017500000000000000000000000000000000094
S315AF4017600000000000000000000000000000000084
S315AF4017700000000000000000000000000000000074
S315AF4017800000000000000000000000000000000064
S315AF4017900000000000000000000000000000000054
S315AF4017A00000000000000000000000000000000044
S315AF4017B00000000000000000000000000000000034
S315AF4017C00000000000000000000000000000000024
S315AF4017D00000000000000000000000000000000014
S315AF4017E00000000000000000000000000000000004
S309AF4017F03412214356
S705800000007A
