EventParameter;EventId;DTCClassRef;DemDtcValue;NodeRef;DebounceAlgorithmClass;EventKind;FreezeFrameClassRef;ExtendedDataClassRef;CallbackClearEventAllowed;CallbackEventDataChanged;CallbackEventStatusChanged;CallbackInitMForE;EvBufferTime;Recoverable;FailureCycleThreshold;DemRbDgsDfcName;demRbShiftView;EnableConditions;StorageConditions;IsReplacementEventOfStoco;OperationCycle;FailureCycle;AgingCycle;
DemEventParameter_ECU1_DTC00;1;DemDTC_ECU1_DTC00;721012;DemComponent_ECU1_DTC00;CounterBasedClass;DEM_EVENT_KIND_SWC;DemFreezeFrameClass_Ecu1;DemExtendedDataClass_0;-;-;NoCallbackConfiguredForEventStatusChange;-;0;DEM_RECOV;2;;
;
-;-;"-";DemOperationCycle_Ignition;DEM_OPCYC_WARMUP;-;
DemEventParameter_ECU1_DTC01;2;DemDTC_ECU1_DTC01;721011;DemComponent_ECU1_DTC01;CounterBasedClass;DEM_EVENT_KIND_SWC;DemFreezeFrameClass_Ecu1;DemExtendedDataClass_0;-;-;NoCallbackConfiguredForEventStatusChange;-;0;DEM_RECOV;2;;
;
-;-;"-";DemOperationCycle_Ignition;DEM_OPCYC_WARMUP;-;
DemEventParameter_ECU1_DTC02;3;DemDTC_ECU1_DTC02;720965;DemComponent_ECU1_DTC02;CounterBasedClass;DEM_EVENT_KIND_SWC;DemFreezeFrameClass_Ecu1;DemExtendedDataClass_0;-;-;NoCallbackConfiguredForEventStatusChange;-;0;DEM_RECOV;2;;
;
-;-;"-";DemOperationCycle_Ignition;DEM_OPCYC_WARMUP;-;
DemEventParameter_ECU1_DTC03;4;DemDTC_ECU1_DTC03;720981;DemComponent_ECU1_DTC03;CounterBasedClass;DEM_EVENT_KIND_SWC;DemFreezeFrameClass_Ecu1;DemExtendedDataClass_0;-;-;NoCallbackConfiguredForEventStatusChange;-;0;DEM_RECOV;2;;
;
-;-;"-";DemOperationCycle_Ignition;DEM_OPCYC_WARMUP;-;
DemEventParameter_ECU1_DTC04;5;DemDTC_ECU1_DTC04;720982;DemComponent_ECU1_DTC04;CounterBasedClass;DEM_EVENT_KIND_SWC;DemFreezeFrameClass_Ecu1;DemExtendedDataClass_0;-;-;NoCallbackConfiguredForEventStatusChange;-;0;DEM_RECOV;2;;
;
-;-;"-";DemOperationCycle_Ignition;DEM_OPCYC_WARMUP;-;
DemEventParameter_ECU1_DTC05;6;DemDTC_ECU1_DTC05;720983;DemComponent_ECU1_DTC05;CounterBasedClass;DEM_EVENT_KIND_SWC;DemFreezeFrameClass_Ecu1;DemExtendedDataClass_0;-;-;NoCallbackConfiguredForEventStatusChange;-;0;DEM_RECOV;2;;
;
-;-;"-";DemOperationCycle_Ignition;DEM_OPCYC_WARMUP;-;
DemEventParameter_ECU1_DTC06;7;DemDTC_ECU1_DTC06;721041;DemComponent_ECU1_DTC06;CounterBasedClass;DEM_EVENT_KIND_SWC;DemFreezeFrameClass_Ecu1;DemExtendedDataClass_0;-;-;NoCallbackConfiguredForEventStatusChange;-;0;DEM_RECOV;2;;
;
-;-;"-";DemOperationCycle_Ignition;DEM_OPCYC_WARMUP;-;
DemEventParameter_ECU1_DTC07;8;DemDTC_ECU1_DTC07;720984;DemComponent_ECU1_DTC07;CounterBasedClass;DEM_EVENT_KIND_SWC;DemFreezeFrameClass_Ecu1;DemExtendedDataClass_0;-;-;NoCallbackConfiguredForEventStatusChange;-;0;DEM_RECOV;2;;
;
-;-;"-";DemOperationCycle_Ignition;DEM_OPCYC_WARMUP;-;
DemEventParameter_ECU1_DTC08;9;DemDTC_ECU1_DTC08;720992;DemComponent_ECU1_DTC08;CounterBasedClass;DEM_EVENT_KIND_SWC;DemFreezeFrameClass_Ecu1;DemExtendedDataClass_0;-;-;NoCallbackConfiguredForEventStatusChange;-;0;DEM_RECOV;2;;
;
-;-;"-";DemOperationCycle_Ignition;DEM_OPCYC_WARMUP;-;
DemEventParameter_ECU1_DTC09;10;DemDTC_ECU1_DTC09;720960;DemComponent_ECU1_DTC09;CounterBasedClass;DEM_EVENT_KIND_SWC;DemFreezeFrameClass_Ecu1;DemExtendedDataClass_0;-;-;NoCallbackConfiguredForEventStatusChange;-;0;DEM_RECOV;2;;
;
-;-;"-";DemOperationCycle_Ignition;DEM_OPCYC_WARMUP;-;
DemEventParameter_ECU1_DTC10;11;DemDTC_ECU1_DTC10;720953;DemComponent_ECU1_DTC10;CounterBasedClass;DEM_EVENT_KIND_SWC;DemFreezeFrameClass_Ecu1;DemExtendedDataClass_0;-;-;NoCallbackConfiguredForEventStatusChange;-;0;DEM_RECOV;2;;
;
-;-;"-";DemOperationCycle_Ignition;DEM_OPCYC_WARMUP;-;
DemEventParameter_ECU1_DTC11;12;DemDTC_ECU1_DTC11;720985;DemComponent_ECU1_DTC11;CounterBasedClass;DEM_EVENT_KIND_SWC;DemFreezeFrameClass_Ecu1;DemExtendedDataClass_0;-;-;NoCallbackConfiguredForEventStatusChange;-;0;DEM_RECOV;2;;
;
-;-;"-";DemOperationCycle_Ignition;DEM_OPCYC_WARMUP;-;
DemEventParameter_ECU1_DTC12;13;DemDTC_ECU1_DTC12;721013;DemComponent_ECU1_DTC12;CounterBasedClass;DEM_EVENT_KIND_SWC;DemFreezeFrameClass_Ecu1;DemExtendedDataClass_0;-;-;NoCallbackConfiguredForEventStatusChange;-;0;DEM_RECOV;2;;
;
-;-;"-";DemOperationCycle_Ignition;DEM_OPCYC_WARMUP;-;
DemEventParameter_ECU1_DTC13;14;DemDTC_ECU1_DTC13;720933;DemComponent_ECU1_DTC13;CounterBasedClass;DEM_EVENT_KIND_SWC;DemFreezeFrameClass_Ecu1;DemExtendedDataClass_0;-;-;NoCallbackConfiguredForEventStatusChange;-;0;DEM_RECOV;2;;
;
-;-;"-";DemOperationCycle_Ignition;DEM_OPCYC_WARMUP;-;
DemEventParameter_ECU1_DTC14;15;DemDTC_ECU1_DTC14;720931;DemComponent_ECU1_DTC14;CounterBasedClass;DEM_EVENT_KIND_SWC;DemFreezeFrameClass_Ecu1;DemExtendedDataClass_0;-;-;NoCallbackConfiguredForEventStatusChange;-;0;DEM_RECOV;2;;
;
-;-;"-";DemOperationCycle_Ignition;DEM_OPCYC_WARMUP;-;
DemEventParameter_ECU1_DTC15;16;DemDTC_ECU1_DTC15;720929;DemComponent_ECU1_DTC15;CounterBasedClass;DEM_EVENT_KIND_SWC;DemFreezeFrameClass_Ecu1;DemExtendedDataClass_0;-;-;NoCallbackConfiguredForEventStatusChange;-;0;DEM_RECOV;2;;
;
-;-;"-";DemOperationCycle_Ignition;DEM_OPCYC_WARMUP;-;
DemEventParameter_ECU1_DTC16;17;DemDTC_ECU1_DTC16;720897;DemComponent_ECU1_DTC16;CounterBasedClass;DEM_EVENT_KIND_SWC;DemFreezeFrameClass_Ecu1;DemExtendedDataClass_0;-;-;NoCallbackConfiguredForEventStatusChange;-;0;DEM_RECOV;2;;
;
-;-;"-";DemOperationCycle_Ignition;DEM_OPCYC_WARMUP;-;
DemEventParameter_ECU1_DTC17;18;DemDTC_ECU1_DTC17;720896;DemComponent_ECU1_DTC17;CounterBasedClass;DEM_EVENT_KIND_SWC;DemFreezeFrameClass_Ecu1;DemExtendedDataClass_0;-;-;NoCallbackConfiguredForEventStatusChange;-;0;DEM_RECOV;2;;
;
-;-;"-";DemOperationCycle_Ignition;DEM_OPCYC_WARMUP;-;
DemEventParameter_ECU1_DTC18;19;DemDTC_ECU1_DTC18;720919;DemComponent_ECU1_DTC18;CounterBasedClass;DEM_EVENT_KIND_SWC;DemFreezeFrameClass_Ecu1;DemExtendedDataClass_0;-;-;NoCallbackConfiguredForEventStatusChange;-;0;DEM_RECOV;2;;
;
-;-;"-";DemOperationCycle_Ignition;DEM_OPCYC_WARMUP;-;
DemEventParameter_ECU1_DTC19;20;DemDTC_ECU1_DTC19;720918;DemComponent_ECU1_DTC19;CounterBasedClass;DEM_EVENT_KIND_SWC;DemFreezeFrameClass_Ecu1;DemExtendedDataClass_0;-;-;NoCallbackConfiguredForEventStatusChange;-;0;DEM_RECOV;2;;
;
-;-;"-";DemOperationCycle_Ignition;DEM_OPCYC_WARMUP;-;
DemEventParameter_ECU1_DTC20;21;DemDTC_ECU1_DTC20;721174;DemComponent_ECU1_DTC20;CounterBasedClass;DEM_EVENT_KIND_SWC;DemFreezeFrameClass_Ecu1;DemExtendedDataClass_0;-;-;NoCallbackConfiguredForEventStatusChange;-;0;DEM_RECOV;2;;
;
-;-;"-";DemOperationCycle_Ignition;DEM_OPCYC_WARMUP;-;
DemEventParameter_ECU1_DTC21;22;DemDTC_ECU1_DTC21;720969;DemComponent_ECU1_DTC21;CounterBasedClass;DEM_EVENT_KIND_SWC;DemFreezeFrameClass_Ecu1;DemExtendedDataClass_0;-;-;NoCallbackConfiguredForEventStatusChange;-;0;DEM_RECOV;2;;
;
-;-;"-";DemOperationCycle_Ignition;DEM_OPCYC_WARMUP;-;
DemEventParameter_ECU1_DTC22;23;DemDTC_ECU1_DTC22;721171;DemComponent_ECU1_DTC22;CounterBasedClass;DEM_EVENT_KIND_SWC;DemFreezeFrameClass_Ecu1;DemExtendedDataClass_0;-;-;NoCallbackConfiguredForEventStatusChange;-;0;DEM_RECOV;2;;
;
-;-;"-";DemOperationCycle_Ignition;DEM_OPCYC_WARMUP;-;
DemEventParameter_ECU1_DTC23;24;DemDTC_ECU1_DTC23;721024;DemComponent_ECU1_DTC23;CounterBasedClass;DEM_EVENT_KIND_SWC;DemFreezeFrameClass_Ecu1;DemExtendedDataClass_0;-;-;NoCallbackConfiguredForEventStatusChange;-;0;DEM_RECOV;2;;
;
-;-;"-";DemOperationCycle_Ignition;DEM_OPCYC_WARMUP;-;
DemEventParameter_ECU1_DTC24;25;DemDTC_ECU1_DTC24;721160;DemComponent_ECU1_DTC24;CounterBasedClass;DEM_EVENT_KIND_SWC;DemFreezeFrameClass_Ecu1;DemExtendedDataClass_0;-;-;NoCallbackConfiguredForEventStatusChange;-;0;DEM_RECOV;2;;
;
-;-;"-";DemOperationCycle_Ignition;DEM_OPCYC_WARMUP;-;
DemEventParameter_ECU1_DTC25;26;DemDTC_ECU1_DTC25;721169;DemComponent_ECU1_DTC25;CounterBasedClass;DEM_EVENT_KIND_SWC;DemFreezeFrameClass_Ecu1;DemExtendedDataClass_0;-;-;NoCallbackConfiguredForEventStatusChange;-;0;DEM_RECOV;2;;
;
-;-;"-";DemOperationCycle_Ignition;DEM_OPCYC_WARMUP;-;
DemEventParameter_ECU1_DTC26;27;DemDTC_ECU1_DTC26;720904;DemComponent_ECU1_DTC26;CounterBasedClass;DEM_EVENT_KIND_SWC;DemFreezeFrameClass_Ecu1;DemExtendedDataClass_0;-;-;NoCallbackConfiguredForEventStatusChange;-;0;DEM_RECOV;2;;
;
-;-;"-";DemOperationCycle_Ignition;DEM_OPCYC_WARMUP;-;
DemEventParameter_ECU1_DTC27;28;DemDTC_ECU1_DTC27;45328;DemComponent_ECU1_DTC27;CounterBasedClass;DEM_EVENT_KIND_SWC;DemFreezeFrameClass_Ecu1;DemExtendedDataClass_0;-;-;NoCallbackConfiguredForEventStatusChange;-;0;DEM_RECOV;2;;
;
-;-;"-";DemOperationCycle_Ignition;DEM_OPCYC_WARMUP;-;
DemEventParameter_ECU1_DTC28;29;DemDTC_ECU1_DTC28;45329;DemComponent_ECU1_DTC28;CounterBasedClass;DEM_EVENT_KIND_SWC;DemFreezeFrameClass_Ecu1;DemExtendedDataClass_0;-;-;NoCallbackConfiguredForEventStatusChange;-;0;DEM_RECOV;2;;
;
-;-;"-";DemOperationCycle_Ignition;DEM_OPCYC_WARMUP;-;
DemEventParameter_ECU1_DTC29;30;DemDTC_ECU1_DTC29;45330;DemComponent_ECU1_DTC29;CounterBasedClass;DEM_EVENT_KIND_SWC;DemFreezeFrameClass_Ecu1;DemExtendedDataClass_0;-;-;NoCallbackConfiguredForEventStatusChange;-;0;DEM_RECOV;2;;
;
-;-;"-";DemOperationCycle_Ignition;DEM_OPCYC_WARMUP;-;
DemEventParameter_ECU1_DTC30;31;DemDTC_ECU1_DTC30;45331;DemComponent_ECU1_DTC30;CounterBasedClass;DEM_EVENT_KIND_SWC;DemFreezeFrameClass_Ecu1;DemExtendedDataClass_0;-;-;NoCallbackConfiguredForEventStatusChange;-;0;DEM_RECOV;2;;
;
-;-;"-";DemOperationCycle_Ignition;DEM_OPCYC_WARMUP;-;
DemEventParameter_ECU1_DTC31;32;DemDTC_ECU1_DTC31;45332;DemComponent_ECU1_DTC31;CounterBasedClass;DEM_EVENT_KIND_SWC;DemFreezeFrameClass_Ecu1;DemExtendedDataClass_0;-;-;NoCallbackConfiguredForEventStatusChange;-;0;DEM_RECOV;2;;
;
-;-;"-";DemOperationCycle_Ignition;DEM_OPCYC_WARMUP;-;
DemEventParameter_ECU1_DTC32;33;DemDTC_ECU1_DTC32;721170;DemComponent_ECU1_DTC32;CounterBasedClass;DEM_EVENT_KIND_SWC;DemFreezeFrameClass_Ecu1;DemExtendedDataClass_0;-;-;NoCallbackConfiguredForEventStatusChange;-;0;DEM_RECOV;2;;
;
-;-;"-";DemOperationCycle_Ignition;DEM_OPCYC_WARMUP;-;
DemEventParameter_ECU1_DTC33;34;DemDTC_ECU1_DTC33;721029;DemComponent_ECU1_DTC33;CounterBasedClass;DEM_EVENT_KIND_SWC;DemFreezeFrameClass_Ecu1;DemExtendedDataClass_0;-;-;NoCallbackConfiguredForEventStatusChange;-;0;DEM_RECOV;2;;
;
-;-;"-";DemOperationCycle_Ignition;DEM_OPCYC_WARMUP;-;
DemEventParameter_ECU1_DTC34;35;DemDTC_ECU1_DTC34;16715810;DemComponent_ECU1_DTC34;CounterBasedClass;DEM_EVENT_KIND_SWC;DemFreezeFrameClass_Ecu1;DemExtendedDataClass_0;-;-;NoCallbackConfiguredForEventStatusChange;-;0;DEM_RECOV;2;;
;
-;-;"-";DemOperationCycle_Ignition;DEM_OPCYC_WARMUP;-;
DemEventParameter_ECU1_DTC35;36;DemDTC_ECU1_DTC35;16715811;DemComponent_ECU1_DTC35;CounterBasedClass;DEM_EVENT_KIND_SWC;DemFreezeFrameClass_Ecu1;DemExtendedDataClass_0;-;-;NoCallbackConfiguredForEventStatusChange;-;0;DEM_RECOV;2;;
;
-;-;"-";DemOperationCycle_Ignition;DEM_OPCYC_WARMUP;-;
DemEventParameter_ECU1_DTC36;37;DemDTC_ECU1_DTC36;16715812;DemComponent_ECU1_DTC36;CounterBasedClass;DEM_EVENT_KIND_SWC;DemFreezeFrameClass_Ecu1;DemExtendedDataClass_0;-;-;NoCallbackConfiguredForEventStatusChange;-;0;DEM_RECOV;2;;
;
-;-;"-";DemOperationCycle_Ignition;DEM_OPCYC_WARMUP;-;
DemEventParameter_ECU1_DTC37;38;DemDTC_ECU1_DTC37;16715813;DemComponent_ECU1_DTC37;CounterBasedClass;DEM_EVENT_KIND_SWC;DemFreezeFrameClass_Ecu1;DemExtendedDataClass_0;-;-;NoCallbackConfiguredForEventStatusChange;-;0;DEM_RECOV;2;;
;
-;-;"-";DemOperationCycle_Ignition;DEM_OPCYC_WARMUP;-;
DemEventParameter_ECU1_DTC38;39;DemDTC_ECU1_DTC38;16715814;DemComponent_ECU1_DTC38;CounterBasedClass;DEM_EVENT_KIND_SWC;DemFreezeFrameClass_Ecu1;DemExtendedDataClass_0;-;-;NoCallbackConfiguredForEventStatusChange;-;0;DEM_RECOV;2;;
;
-;-;"-";DemOperationCycle_Ignition;DEM_OPCYC_WARMUP;-;
DemEventParameter_ECU1_DTC39;40;DemDTC_ECU1_DTC39;16715815;DemComponent_ECU1_DTC39;CounterBasedClass;DEM_EVENT_KIND_SWC;DemFreezeFrameClass_Ecu1;DemExtendedDataClass_0;-;-;NoCallbackConfiguredForEventStatusChange;-;0;DEM_RECOV;2;;
;
-;-;"-";DemOperationCycle_Ignition;DEM_OPCYC_WARMUP;-;
DemEventParameter_ECU1_DTC40;41;DemDTC_ECU1_DTC40;16715816;DemComponent_ECU1_DTC40;CounterBasedClass;DEM_EVENT_KIND_SWC;DemFreezeFrameClass_Ecu1;DemExtendedDataClass_0;-;-;NoCallbackConfiguredForEventStatusChange;-;0;DEM_RECOV;2;;
;
-;-;"-";DemOperationCycle_Ignition;DEM_OPCYC_WARMUP;-;
DemEventParameter_ECU1_DTC41;42;DemDTC_ECU1_DTC41;16715817;DemComponent_ECU1_DTC41;CounterBasedClass;DEM_EVENT_KIND_SWC;DemFreezeFrameClass_Ecu1;DemExtendedDataClass_0;-;-;NoCallbackConfiguredForEventStatusChange;-;0;DEM_RECOV;2;;
;
-;-;"-";DemOperationCycle_Ignition;DEM_OPCYC_WARMUP;-;
DemEventParameter_ECU1_DTC42;43;DemDTC_ECU1_DTC42;16715818;DemComponent_ECU1_DTC42;CounterBasedClass;DEM_EVENT_KIND_SWC;DemFreezeFrameClass_Ecu1;DemExtendedDataClass_0;-;-;NoCallbackConfiguredForEventStatusChange;-;0;DEM_RECOV;2;;
;
-;-;"-";DemOperationCycle_Ignition;DEM_OPCYC_WARMUP;-;
DemEventParameter_ECU1_DTC43;44;DemDTC_ECU1_DTC43;16715819;DemComponent_ECU1_DTC43;CounterBasedClass;DEM_EVENT_KIND_SWC;DemFreezeFrameClass_Ecu1;DemExtendedDataClass_0;-;-;NoCallbackConfiguredForEventStatusChange;-;0;DEM_RECOV;2;;
;
-;-;"-";DemOperationCycle_Ignition;DEM_OPCYC_WARMUP;-;
DemEventParameter_ECU1_DTC44;45;DemDTC_ECU1_DTC44;16715820;DemComponent_ECU1_DTC44;CounterBasedClass;DEM_EVENT_KIND_SWC;DemFreezeFrameClass_Ecu1;DemExtendedDataClass_0;-;-;NoCallbackConfiguredForEventStatusChange;-;0;DEM_RECOV;2;;
;
-;-;"-";DemOperationCycle_Ignition;DEM_OPCYC_WARMUP;-;
DemEventParameter_ECU1_DTC45;46;DemDTC_ECU1_DTC45;16715821;DemComponent_ECU1_DTC45;CounterBasedClass;DEM_EVENT_KIND_SWC;DemFreezeFrameClass_Ecu1;DemExtendedDataClass_0;-;-;NoCallbackConfiguredForEventStatusChange;-;0;DEM_RECOV;2;;
;
-;-;"-";DemOperationCycle_Ignition;DEM_OPCYC_WARMUP;-;
DemEventParameter_ECU1_DTC46;47;DemDTC_ECU1_DTC46;16715822;DemComponent_ECU1_DTC46;CounterBasedClass;DEM_EVENT_KIND_SWC;DemFreezeFrameClass_Ecu1;DemExtendedDataClass_0;-;-;NoCallbackConfiguredForEventStatusChange;-;0;DEM_RECOV;2;;
;
-;-;"-";DemOperationCycle_Ignition;DEM_OPCYC_WARMUP;-;
DemEventParameter_ECU1_DTC47;48;DemDTC_ECU1_DTC47;16715823;DemComponent_ECU1_DTC47;CounterBasedClass;DEM_EVENT_KIND_SWC;DemFreezeFrameClass_Ecu1;DemExtendedDataClass_0;-;-;NoCallbackConfiguredForEventStatusChange;-;0;DEM_RECOV;2;;
;
-;-;"-";DemOperationCycle_Ignition;DEM_OPCYC_WARMUP;-;
DemEventParameter_ECU1_DTC48;49;DemDTC_ECU1_DTC48;16715824;DemComponent_ECU1_DTC48;CounterBasedClass;DEM_EVENT_KIND_SWC;DemFreezeFrameClass_Ecu1;DemExtendedDataClass_0;-;-;NoCallbackConfiguredForEventStatusChange;-;0;DEM_RECOV;2;;
;
-;-;"-";DemOperationCycle_Ignition;DEM_OPCYC_WARMUP;-;
DemEventParameter_ECU1_DTC49;50;DemDTC_ECU1_DTC49;16715825;DemComponent_ECU1_DTC49;CounterBasedClass;DEM_EVENT_KIND_SWC;DemFreezeFrameClass_Ecu1;DemExtendedDataClass_0;-;-;NoCallbackConfiguredForEventStatusChange;-;0;DEM_RECOV;2;;
;
-;-;"-";DemOperationCycle_Ignition;DEM_OPCYC_WARMUP;-;
DemEventParameter_ECU1_DTC50;51;DemDTC_ECU1_DTC50;16715826;DemComponent_ECU1_DTC50;CounterBasedClass;DEM_EVENT_KIND_SWC;DemFreezeFrameClass_Ecu1;DemExtendedDataClass_0;-;-;NoCallbackConfiguredForEventStatusChange;-;0;DEM_RECOV;2;;
;
-;-;"-";DemOperationCycle_Ignition;DEM_OPCYC_WARMUP;-;
DemEventParameter_ECU1_DTC51;52;DemDTC_ECU1_DTC51;16715827;DemComponent_ECU1_DTC51;CounterBasedClass;DEM_EVENT_KIND_SWC;DemFreezeFrameClass_Ecu1;DemExtendedDataClass_0;-;-;NoCallbackConfiguredForEventStatusChange;-;0;DEM_RECOV;2;;
;
-;-;"-";DemOperationCycle_Ignition;DEM_OPCYC_WARMUP;-;
DemEventParameter_ECU1_DTC52;53;DemDTC_ECU1_DTC52;16715828;DemComponent_ECU1_DTC52;CounterBasedClass;DEM_EVENT_KIND_SWC;DemFreezeFrameClass_Ecu1;DemExtendedDataClass_0;-;-;NoCallbackConfiguredForEventStatusChange;-;0;DEM_RECOV;2;;
;
-;-;"-";DemOperationCycle_Ignition;DEM_OPCYC_WARMUP;-;
DemEventParameter_ECU1_DTC53;54;DemDTC_ECU1_DTC53;16715829;DemComponent_ECU1_DTC53;CounterBasedClass;DEM_EVENT_KIND_SWC;DemFreezeFrameClass_Ecu1;DemExtendedDataClass_0;-;-;NoCallbackConfiguredForEventStatusChange;-;0;DEM_RECOV;2;;
;
-;-;"-";DemOperationCycle_Ignition;DEM_OPCYC_WARMUP;-;
DemEventParameter_ECU1_DTC54;55;DemDTC_ECU1_DTC54;16715830;DemComponent_ECU1_DTC54;CounterBasedClass;DEM_EVENT_KIND_SWC;DemFreezeFrameClass_Ecu1;DemExtendedDataClass_0;-;-;NoCallbackConfiguredForEventStatusChange;-;0;DEM_RECOV;2;;
;
-;-;"-";DemOperationCycle_Ignition;DEM_OPCYC_WARMUP;-;
DemEventParameter_ECU1_DTC55;56;DemDTC_ECU1_DTC55;16715831;DemComponent_ECU1_DTC55;CounterBasedClass;DEM_EVENT_KIND_SWC;DemFreezeFrameClass_Ecu1;DemExtendedDataClass_0;-;-;NoCallbackConfiguredForEventStatusChange;-;0;DEM_RECOV;2;;
;
-;-;"-";DemOperationCycle_Ignition;DEM_OPCYC_WARMUP;-;
DemEventParameter_ECU1_DTC56;57;DemDTC_ECU1_DTC56;16715832;DemComponent_ECU1_DTC56;CounterBasedClass;DEM_EVENT_KIND_SWC;DemFreezeFrameClass_Ecu1;DemExtendedDataClass_0;-;-;NoCallbackConfiguredForEventStatusChange;-;0;DEM_RECOV;2;;
;
-;-;"-";DemOperationCycle_Ignition;DEM_OPCYC_WARMUP;-;
DemEventParameter_ECU1_DTC57;58;DemDTC_ECU1_DTC57;16715833;DemComponent_ECU1_DTC57;CounterBasedClass;DEM_EVENT_KIND_SWC;DemFreezeFrameClass_Ecu1;DemExtendedDataClass_0;-;-;NoCallbackConfiguredForEventStatusChange;-;0;DEM_RECOV;2;;
;
-;-;"-";DemOperationCycle_Ignition;DEM_OPCYC_WARMUP;-;
DemEventParameter_ECU1_DTC58;59;DemDTC_ECU1_DTC58;16715834;DemComponent_ECU1_DTC58;CounterBasedClass;DEM_EVENT_KIND_SWC;DemFreezeFrameClass_Ecu1;DemExtendedDataClass_0;-;-;NoCallbackConfiguredForEventStatusChange;-;0;DEM_RECOV;2;;
;
-;-;"-";DemOperationCycle_Ignition;DEM_OPCYC_WARMUP;-;
DemEventParameter_ECU1_DTC59;60;DemDTC_ECU1_DTC59;16715835;DemComponent_ECU1_DTC59;CounterBasedClass;DEM_EVENT_KIND_SWC;DemFreezeFrameClass_Ecu1;DemExtendedDataClass_0;-;-;NoCallbackConfiguredForEventStatusChange;-;0;DEM_RECOV;2;;
;
-;-;"-";DemOperationCycle_Ignition;DEM_OPCYC_WARMUP;-;
DemEventParameter_ECU1_DTC60;61;DemDTC_ECU1_DTC60;16715836;DemComponent_ECU1_DTC60;CounterBasedClass;DEM_EVENT_KIND_SWC;DemFreezeFrameClass_Ecu1;DemExtendedDataClass_0;-;-;NoCallbackConfiguredForEventStatusChange;-;0;DEM_RECOV;2;;
;
-;-;"-";DemOperationCycle_Ignition;DEM_OPCYC_WARMUP;-;
DemEventParameter_ECU1_DTC61;62;DemDTC_ECU1_DTC61;16715837;DemComponent_ECU1_DTC61;CounterBasedClass;DEM_EVENT_KIND_SWC;DemFreezeFrameClass_Ecu1;DemExtendedDataClass_0;-;-;NoCallbackConfiguredForEventStatusChange;-;0;DEM_RECOV;2;;
;
-;-;"-";DemOperationCycle_Ignition;DEM_OPCYC_WARMUP;-;
DemEventParameter_ECU1_DTC62;63;DemDTC_ECU1_DTC62;16715838;DemComponent_ECU1_DTC62;CounterBasedClass;DEM_EVENT_KIND_SWC;DemFreezeFrameClass_Ecu1;DemExtendedDataClass_0;-;-;NoCallbackConfiguredForEventStatusChange;-;0;DEM_RECOV;2;;
;
-;-;"-";DemOperationCycle_Ignition;DEM_OPCYC_WARMUP;-;
DemEventParameter_ECU1_DTC63;64;DemDTC_ECU1_DTC63;16715839;DemComponent_ECU1_DTC63;CounterBasedClass;DEM_EVENT_KIND_SWC;DemFreezeFrameClass_Ecu1;DemExtendedDataClass_0;-;-;NoCallbackConfiguredForEventStatusChange;-;0;DEM_RECOV;2;;
;
-;-;"-";DemOperationCycle_Ignition;DEM_OPCYC_WARMUP;-;
DemEventParameter_ECU1_DTC64;65;DemDTC_ECU1_DTC64;16715840;DemComponent_ECU1_DTC64;CounterBasedClass;DEM_EVENT_KIND_SWC;DemFreezeFrameClass_Ecu1;DemExtendedDataClass_0;-;-;NoCallbackConfiguredForEventStatusChange;-;0;DEM_RECOV;2;;
;
-;-;"-";DemOperationCycle_Ignition;DEM_OPCYC_WARMUP;-;
DemEventParameter_ECU1_DTC65;66;DemDTC_ECU1_DTC65;16715841;DemComponent_ECU1_DTC65;CounterBasedClass;DEM_EVENT_KIND_SWC;DemFreezeFrameClass_Ecu1;DemExtendedDataClass_0;-;-;NoCallbackConfiguredForEventStatusChange;-;0;DEM_RECOV;2;;
;
-;-;"-";DemOperationCycle_Ignition;DEM_OPCYC_WARMUP;-;
DemEventParameter_ECU1_DTC66;67;DemDTC_ECU1_DTC66;16715842;DemComponent_ECU1_DTC66;CounterBasedClass;DEM_EVENT_KIND_SWC;DemFreezeFrameClass_Ecu1;DemExtendedDataClass_0;-;-;NoCallbackConfiguredForEventStatusChange;-;0;DEM_RECOV;2;;
;
-;-;"-";DemOperationCycle_Ignition;DEM_OPCYC_WARMUP;-;
DemEventParameter_ECU1_DTC67;68;DemDTC_ECU1_DTC67;16715843;DemComponent_ECU1_DTC67;CounterBasedClass;DEM_EVENT_KIND_SWC;DemFreezeFrameClass_Ecu1;DemExtendedDataClass_0;-;-;NoCallbackConfiguredForEventStatusChange;-;0;DEM_RECOV;2;;
;
-;-;"-";DemOperationCycle_Ignition;DEM_OPCYC_WARMUP;-;
DemEventParameter_ECU1_DTC68;69;DemDTC_ECU1_DTC68;16715844;DemComponent_ECU1_DTC68;CounterBasedClass;DEM_EVENT_KIND_SWC;DemFreezeFrameClass_Ecu1;DemExtendedDataClass_0;-;-;NoCallbackConfiguredForEventStatusChange;-;0;DEM_RECOV;2;;
;
-;-;"-";DemOperationCycle_Ignition;DEM_OPCYC_WARMUP;-;
DemEventParameter_ECU1_DTC69;70;DemDTC_ECU1_DTC69;16715845;DemComponent_ECU1_DTC69;CounterBasedClass;DEM_EVENT_KIND_SWC;DemFreezeFrameClass_Ecu1;DemExtendedDataClass_0;-;-;NoCallbackConfiguredForEventStatusChange;-;0;DEM_RECOV;2;;
;
-;-;"-";DemOperationCycle_Ignition;DEM_OPCYC_WARMUP;-;
DemEventParameter_ECU1_DTC70;71;DemDTC_ECU1_DTC70;16715846;DemComponent_ECU1_DTC70;CounterBasedClass;DEM_EVENT_KIND_SWC;DemFreezeFrameClass_Ecu1;DemExtendedDataClass_0;-;-;NoCallbackConfiguredForEventStatusChange;-;0;DEM_RECOV;2;;
;
-;-;"-";DemOperationCycle_Ignition;DEM_OPCYC_WARMUP;-;
DemEventParameter_ECU1_DTC71;72;DemDTC_ECU1_DTC71;16715847;DemComponent_ECU1_DTC71;CounterBasedClass;DEM_EVENT_KIND_SWC;DemFreezeFrameClass_Ecu1;DemExtendedDataClass_0;-;-;NoCallbackConfiguredForEventStatusChange;-;0;DEM_RECOV;2;;
;
-;-;"-";DemOperationCycle_Ignition;DEM_OPCYC_WARMUP;-;
DemEventParameter_ECU1_DTC72;73;DemDTC_ECU1_DTC72;16715848;DemComponent_ECU1_DTC72;CounterBasedClass;DEM_EVENT_KIND_SWC;DemFreezeFrameClass_Ecu1;DemExtendedDataClass_0;-;-;NoCallbackConfiguredForEventStatusChange;-;0;DEM_RECOV;2;;
;
-;-;"-";DemOperationCycle_Ignition;DEM_OPCYC_WARMUP;-;
DemEventParameter_ECU1_DTC73;74;DemDTC_ECU1_DTC73;16715849;DemComponent_ECU1_DTC73;CounterBasedClass;DEM_EVENT_KIND_SWC;DemFreezeFrameClass_Ecu1;DemExtendedDataClass_0;-;-;NoCallbackConfiguredForEventStatusChange;-;0;DEM_RECOV;2;;
;
-;-;"-";DemOperationCycle_Ignition;DEM_OPCYC_WARMUP;-;
DemEventParameter_ECU1_DTC74;75;DemDTC_ECU1_DTC74;16715850;DemComponent_ECU1_DTC74;CounterBasedClass;DEM_EVENT_KIND_SWC;DemFreezeFrameClass_Ecu1;DemExtendedDataClass_0;-;-;NoCallbackConfiguredForEventStatusChange;-;0;DEM_RECOV;2;;
;
-;-;"-";DemOperationCycle_Ignition;DEM_OPCYC_WARMUP;-;
DemEventParameter_ECU1_DTC75;76;DemDTC_ECU1_DTC75;16715851;DemComponent_ECU1_DTC75;CounterBasedClass;DEM_EVENT_KIND_SWC;DemFreezeFrameClass_Ecu1;DemExtendedDataClass_0;-;-;NoCallbackConfiguredForEventStatusChange;-;0;DEM_RECOV;2;;
;
-;-;"-";DemOperationCycle_Ignition;DEM_OPCYC_WARMUP;-;
DemEventParameter_ECU1_DTC76;77;DemDTC_ECU1_DTC76;16715852;DemComponent_ECU1_DTC76;CounterBasedClass;DEM_EVENT_KIND_SWC;DemFreezeFrameClass_Ecu1;DemExtendedDataClass_0;-;-;NoCallbackConfiguredForEventStatusChange;-;0;DEM_RECOV;2;;
;
-;-;"-";DemOperationCycle_Ignition;DEM_OPCYC_WARMUP;-;
DemEventParameter_ECU1_DTC77;78;DemDTC_ECU1_DTC77;16715853;DemComponent_ECU1_DTC77;CounterBasedClass;DEM_EVENT_KIND_SWC;DemFreezeFrameClass_Ecu1;DemExtendedDataClass_0;-;-;NoCallbackConfiguredForEventStatusChange;-;0;DEM_RECOV;2;;
;
-;-;"-";DemOperationCycle_Ignition;DEM_OPCYC_WARMUP;-;
DemEventParameter_ECU1_DTC78;79;DemDTC_ECU1_DTC78;16715854;DemComponent_ECU1_DTC78;CounterBasedClass;DEM_EVENT_KIND_SWC;DemFreezeFrameClass_Ecu1;DemExtendedDataClass_0;-;-;NoCallbackConfiguredForEventStatusChange;-;0;DEM_RECOV;2;;
;
-;-;"-";DemOperationCycle_Ignition;DEM_OPCYC_WARMUP;-;
DemEventParameter_ECU1_DTC79;80;DemDTC_ECU1_DTC79;16715855;DemComponent_ECU1_DTC79;CounterBasedClass;DEM_EVENT_KIND_SWC;DemFreezeFrameClass_Ecu1;DemExtendedDataClass_0;-;-;NoCallbackConfiguredForEventStatusChange;-;0;DEM_RECOV;2;;
;
-;-;"-";DemOperationCycle_Ignition;DEM_OPCYC_WARMUP;-;
DemEventParameter_ECU1_DTC80;81;DemDTC_ECU1_DTC80;16715856;DemComponent_ECU1_DTC80;CounterBasedClass;DEM_EVENT_KIND_SWC;DemFreezeFrameClass_Ecu1;DemExtendedDataClass_0;-;-;NoCallbackConfiguredForEventStatusChange;-;0;DEM_RECOV;2;;
;
-;-;"-";DemOperationCycle_Ignition;DEM_OPCYC_WARMUP;-;
DemEventParameter_ECU1_DTC81;82;DemDTC_ECU1_DTC81;16715857;DemComponent_ECU1_DTC81;CounterBasedClass;DEM_EVENT_KIND_SWC;DemFreezeFrameClass_Ecu1;DemExtendedDataClass_0;-;-;NoCallbackConfiguredForEventStatusChange;-;0;DEM_RECOV;2;;
;
-;-;"-";DemOperationCycle_Ignition;DEM_OPCYC_WARMUP;-;
DemEventParameter_ECU1_DTC82;83;DemDTC_ECU1_DTC82;16715858;DemComponent_ECU1_DTC82;CounterBasedClass;DEM_EVENT_KIND_SWC;DemFreezeFrameClass_Ecu1;DemExtendedDataClass_0;-;-;NoCallbackConfiguredForEventStatusChange;-;0;DEM_RECOV;2;;
;
-;-;"-";DemOperationCycle_Ignition;DEM_OPCYC_WARMUP;-;
DemEventParameter_ECU1_DTC83;84;DemDTC_ECU1_DTC83;16715859;DemComponent_ECU1_DTC83;CounterBasedClass;DEM_EVENT_KIND_SWC;DemFreezeFrameClass_Ecu1;DemExtendedDataClass_0;-;-;NoCallbackConfiguredForEventStatusChange;-;0;DEM_RECOV;2;;
;
-;-;"-";DemOperationCycle_Ignition;DEM_OPCYC_WARMUP;-;
DemEventParameter_ECU1_DTC84;85;DemDTC_ECU1_DTC84;16715860;DemComponent_ECU1_DTC84;CounterBasedClass;DEM_EVENT_KIND_SWC;DemFreezeFrameClass_Ecu1;DemExtendedDataClass_0;-;-;NoCallbackConfiguredForEventStatusChange;-;0;DEM_RECOV;2;;
;
-;-;"-";DemOperationCycle_Ignition;DEM_OPCYC_WARMUP;-;
DemEventParameter_ECU1_DTC85;86;DemDTC_ECU1_DTC85;16715861;DemComponent_ECU1_DTC85;CounterBasedClass;DEM_EVENT_KIND_SWC;DemFreezeFrameClass_Ecu1;DemExtendedDataClass_0;-;-;NoCallbackConfiguredForEventStatusChange;-;0;DEM_RECOV;2;;
;
-;-;"-";DemOperationCycle_Ignition;DEM_OPCYC_WARMUP;-;
DemEventParameter_ECU1_DTC86;87;DemDTC_ECU1_DTC86;16715862;DemComponent_ECU1_DTC86;CounterBasedClass;DEM_EVENT_KIND_SWC;DemFreezeFrameClass_Ecu1;DemExtendedDataClass_0;-;-;NoCallbackConfiguredForEventStatusChange;-;0;DEM_RECOV;2;;
;
-;-;"-";DemOperationCycle_Ignition;DEM_OPCYC_WARMUP;-;
DemEventParameter_ECU1_DTC87;88;DemDTC_ECU1_DTC87;16715863;DemComponent_ECU1_DTC87;CounterBasedClass;DEM_EVENT_KIND_SWC;DemFreezeFrameClass_Ecu1;DemExtendedDataClass_0;-;-;NoCallbackConfiguredForEventStatusChange;-;0;DEM_RECOV;2;;
;
-;-;"-";DemOperationCycle_Ignition;DEM_OPCYC_WARMUP;-;
DemEventParameter_ECU1_DTC88;89;DemDTC_ECU1_DTC88;16715864;DemComponent_ECU1_DTC88;CounterBasedClass;DEM_EVENT_KIND_SWC;DemFreezeFrameClass_Ecu1;DemExtendedDataClass_0;-;-;NoCallbackConfiguredForEventStatusChange;-;0;DEM_RECOV;2;;
;
-;-;"-";DemOperationCycle_Ignition;DEM_OPCYC_WARMUP;-;
DemEventParameter_ECU1_DTC89;90;DemDTC_ECU1_DTC89;16715865;DemComponent_ECU1_DTC89;CounterBasedClass;DEM_EVENT_KIND_SWC;DemFreezeFrameClass_Ecu1;DemExtendedDataClass_0;-;-;NoCallbackConfiguredForEventStatusChange;-;0;DEM_RECOV;2;;
;
-;-;"-";DemOperationCycle_Ignition;DEM_OPCYC_WARMUP;-;
DemEventParameter_ECU1_DTC90;91;DemDTC_ECU1_DTC90;16715866;DemComponent_ECU1_DTC90;CounterBasedClass;DEM_EVENT_KIND_SWC;DemFreezeFrameClass_Ecu1;DemExtendedDataClass_0;-;-;NoCallbackConfiguredForEventStatusChange;-;0;DEM_RECOV;2;;
;
-;-;"-";DemOperationCycle_Ignition;DEM_OPCYC_WARMUP;-;
DemEventParameter_ECU1_DTC91;92;DemDTC_ECU1_DTC91;16715867;DemComponent_ECU1_DTC91;CounterBasedClass;DEM_EVENT_KIND_SWC;DemFreezeFrameClass_Ecu1;DemExtendedDataClass_0;-;-;NoCallbackConfiguredForEventStatusChange;-;0;DEM_RECOV;2;;
;
-;-;"-";DemOperationCycle_Ignition;DEM_OPCYC_WARMUP;-;
DemEventParameter_ECU1_DTC92;93;DemDTC_ECU1_DTC92;16715868;DemComponent_ECU1_DTC92;CounterBasedClass;DEM_EVENT_KIND_SWC;DemFreezeFrameClass_Ecu1;DemExtendedDataClass_0;-;-;NoCallbackConfiguredForEventStatusChange;-;0;DEM_RECOV;2;;
;
-;-;"-";DemOperationCycle_Ignition;DEM_OPCYC_WARMUP;-;
DemEventParameter_ECU1_DTC93;94;DemDTC_ECU1_DTC93;16715869;DemComponent_ECU1_DTC93;CounterBasedClass;DEM_EVENT_KIND_SWC;DemFreezeFrameClass_Ecu1;DemExtendedDataClass_0;-;-;NoCallbackConfiguredForEventStatusChange;-;0;DEM_RECOV;2;;
;
-;-;"-";DemOperationCycle_Ignition;DEM_OPCYC_WARMUP;-;
DemEventParameter_ECU1_DTC94;95;DemDTC_ECU1_DTC94;16715870;DemComponent_ECU1_DTC94;CounterBasedClass;DEM_EVENT_KIND_SWC;DemFreezeFrameClass_Ecu1;DemExtendedDataClass_0;-;-;NoCallbackConfiguredForEventStatusChange;-;0;DEM_RECOV;2;;
;
-;-;"-";DemOperationCycle_Ignition;DEM_OPCYC_WARMUP;-;
DemEventParameter_ECU1_DTC95;96;DemDTC_ECU1_DTC95;16715871;DemComponent_ECU1_DTC95;CounterBasedClass;DEM_EVENT_KIND_SWC;DemFreezeFrameClass_Ecu1;DemExtendedDataClass_0;-;-;NoCallbackConfiguredForEventStatusChange;-;0;DEM_RECOV;2;;
;
-;-;"-";DemOperationCycle_Ignition;DEM_OPCYC_WARMUP;-;
DemEventParameter_ECU1_DTC96;97;DemDTC_ECU1_DTC96;16715872;DemComponent_ECU1_DTC96;CounterBasedClass;DEM_EVENT_KIND_SWC;DemFreezeFrameClass_Ecu1;DemExtendedDataClass_0;-;-;NoCallbackConfiguredForEventStatusChange;-;0;DEM_RECOV;2;;
;
-;-;"-";DemOperationCycle_Ignition;DEM_OPCYC_WARMUP;-;
DemEventParameter_ECU1_DTC97;98;DemDTC_ECU1_DTC97;16715873;DemComponent_ECU1_DTC97;CounterBasedClass;DEM_EVENT_KIND_SWC;DemFreezeFrameClass_Ecu1;DemExtendedDataClass_0;-;-;NoCallbackConfiguredForEventStatusChange;-;0;DEM_RECOV;2;;
;
-;-;"-";DemOperationCycle_Ignition;DEM_OPCYC_WARMUP;-;
DemEventParameter_ECU1_DTC98;99;DemDTC_ECU1_DTC98;16715874;DemComponent_ECU1_DTC98;CounterBasedClass;DEM_EVENT_KIND_SWC;DemFreezeFrameClass_Ecu1;DemExtendedDataClass_0;-;-;NoCallbackConfiguredForEventStatusChange;-;0;DEM_RECOV;2;;
;
-;-;"-";DemOperationCycle_Ignition;DEM_OPCYC_WARMUP;-;
DemEventParameter_ECU1_DTC99;100;DemDTC_ECU1_DTC99;16715875;DemComponent_ECU1_DTC99;CounterBasedClass;DEM_EVENT_KIND_SWC;DemFreezeFrameClass_Ecu1;DemExtendedDataClass_0;-;-;NoCallbackConfiguredForEventStatusChange;-;0;DEM_RECOV;2;;
;
-;-;"-";DemOperationCycle_Ignition;DEM_OPCYC_WARMUP;-;
DemEventParameter_ECU2_DTC00;101;DemDTC_ECU2_DTC00;1192969;DemComponent_ECU2_DTC00;CounterBasedClass;DEM_EVENT_KIND_SWC;DemFreezeFrameClass_Ecu2;DemExtendedDataClass_0;-;-;NoCallbackConfiguredForEventStatusChange;-;0;DEM_RECOV;2;;
;
-;-;"-";DemOperationCycle_Ignition;DEM_OPCYC_WARMUP;-;
DemEventParameter_ECU2_DTC01;102;DemDTC_ECU2_DTC01;1193291;DemComponent_ECU2_DTC01;CounterBasedClass;DEM_EVENT_KIND_SWC;DemFreezeFrameClass_Ecu2;DemExtendedDataClass_0;-;-;NoCallbackConfiguredForEventStatusChange;-;0;DEM_RECOV;2;;
;
-;-;"-";DemOperationCycle_Ignition;DEM_OPCYC_WARMUP;-;
DemEventParameter_ECU2_DTC02;103;DemDTC_ECU2_DTC02;1193547;DemComponent_ECU2_DTC02;CounterBasedClass;DEM_EVENT_KIND_SWC;DemFreezeFrameClass_Ecu2;DemExtendedDataClass_0;-;-;NoCallbackConfiguredForEventStatusChange;-;0;DEM_RECOV;2;;
;
-;-;"-";DemOperationCycle_Ignition;DEM_OPCYC_WARMUP;-;
DemEventParameter_ECU2_DTC03;104;DemDTC_ECU2_DTC03;1193729;DemComponent_ECU2_DTC03;CounterBasedClass;DEM_EVENT_KIND_SWC;DemFreezeFrameClass_Ecu2;DemExtendedDataClass_0;-;-;NoCallbackConfiguredForEventStatusChange;-;0;DEM_RECOV;2;;
;
-;-;"-";DemOperationCycle_Ignition;DEM_OPCYC_WARMUP;-;
DemEventParameter_ECU2_DTC04;105;DemDTC_ECU2_DTC04;1194009;DemComponent_ECU2_DTC04;CounterBasedClass;DEM_EVENT_KIND_SWC;DemFreezeFrameClass_Ecu2;DemExtendedDataClass_0;-;-;NoCallbackConfiguredForEventStatusChange;-;0;DEM_RECOV;2;;
;
-;-;"-";DemOperationCycle_Ignition;DEM_OPCYC_WARMUP;-;
DemEventParameter_ECU2_DTC05;106;DemDTC_ECU2_DTC05;1194241;DemComponent_ECU2_DTC05;CounterBasedClass;DEM_EVENT_KIND_SWC;DemFreezeFrameClass_Ecu2;DemExtendedDataClass_0;-;-;NoCallbackConfiguredForEventStatusChange;-;0;DEM_RECOV;2;;
;
-;-;"-";DemOperationCycle_Ignition;DEM_OPCYC_WARMUP;-;
DemEventParameter_ECU2_DTC06;107;DemDTC_ECU2_DTC06;1194521;DemComponent_ECU2_DTC06;CounterBasedClass;DEM_EVENT_KIND_SWC;DemFreezeFrameClass_Ecu2;DemExtendedDataClass_0;-;-;NoCallbackConfiguredForEventStatusChange;-;0;DEM_RECOV;2;;
;
-;-;"-";DemOperationCycle_Ignition;DEM_OPCYC_WARMUP;-;
DemEventParameter_ECU2_DTC07;108;DemDTC_ECU2_DTC07;1194753;DemComponent_ECU2_DTC07;CounterBasedClass;DEM_EVENT_KIND_SWC;DemFreezeFrameClass_Ecu2;DemExtendedDataClass_0;-;-;NoCallbackConfiguredForEventStatusChange;-;0;DEM_RECOV;2;;
;
-;-;"-";DemOperationCycle_Ignition;DEM_OPCYC_WARMUP;-;
DemEventParameter_ECU2_DTC08;109;DemDTC_ECU2_DTC08;1195033;DemComponent_ECU2_DTC08;CounterBasedClass;DEM_EVENT_KIND_SWC;DemFreezeFrameClass_Ecu2;DemExtendedDataClass_0;-;-;NoCallbackConfiguredForEventStatusChange;-;0;DEM_RECOV;2;;
;
-;-;"-";DemOperationCycle_Ignition;DEM_OPCYC_WARMUP;-;
DemEventParameter_ECU2_DTC09;110;DemDTC_ECU2_DTC09;1195265;DemComponent_ECU2_DTC09;CounterBasedClass;DEM_EVENT_KIND_SWC;DemFreezeFrameClass_Ecu2;DemExtendedDataClass_0;-;-;NoCallbackConfiguredForEventStatusChange;-;0;DEM_RECOV;2;;
;
-;-;"-";DemOperationCycle_Ignition;DEM_OPCYC_WARMUP;-;
DemEventParameter_ECU2_DTC10;111;DemDTC_ECU2_DTC10;1195545;DemComponent_ECU2_DTC10;CounterBasedClass;DEM_EVENT_KIND_SWC;DemFreezeFrameClass_Ecu2;DemExtendedDataClass_0;-;-;NoCallbackConfiguredForEventStatusChange;-;0;DEM_RECOV;2;;
;
-;-;"-";DemOperationCycle_Ignition;DEM_OPCYC_WARMUP;-;
DemEventParameter_ECU2_DTC11;112;DemDTC_ECU2_DTC11;1195777;DemComponent_ECU2_DTC11;CounterBasedClass;DEM_EVENT_KIND_SWC;DemFreezeFrameClass_Ecu2;DemExtendedDataClass_0;-;-;NoCallbackConfiguredForEventStatusChange;-;0;DEM_RECOV;2;;
;
-;-;"-";DemOperationCycle_Ignition;DEM_OPCYC_WARMUP;-;
DemEventParameter_ECU2_DTC12;113;DemDTC_ECU2_DTC12;1196033;DemComponent_ECU2_DTC12;CounterBasedClass;DEM_EVENT_KIND_SWC;DemFreezeFrameClass_Ecu2;DemExtendedDataClass_0;-;-;NoCallbackConfiguredForEventStatusChange;-;0;DEM_RECOV;2;;
;
-;-;"-";DemOperationCycle_Ignition;DEM_OPCYC_WARMUP;-;
DemEventParameter_ECU2_DTC13;114;DemDTC_ECU2_DTC13;1196313;DemComponent_ECU2_DTC13;CounterBasedClass;DEM_EVENT_KIND_SWC;DemFreezeFrameClass_Ecu2;DemExtendedDataClass_0;-;-;NoCallbackConfiguredForEventStatusChange;-;0;DEM_RECOV;2;;
;
-;-;"-";DemOperationCycle_Ignition;DEM_OPCYC_WARMUP;-;
DemEventParameter_ECU2_DTC14;115;DemDTC_ECU2_DTC14;1196545;DemComponent_ECU2_DTC14;CounterBasedClass;DEM_EVENT_KIND_SWC;DemFreezeFrameClass_Ecu2;DemExtendedDataClass_0;-;-;NoCallbackConfiguredForEventStatusChange;-;0;DEM_RECOV;2;;
;
-;-;"-";DemOperationCycle_Ignition;DEM_OPCYC_WARMUP;-;
DemEventParameter_ECU2_DTC15;116;DemDTC_ECU2_DTC15;1196875;DemComponent_ECU2_DTC15;CounterBasedClass;DEM_EVENT_KIND_SWC;DemFreezeFrameClass_Ecu2;DemExtendedDataClass_0;-;-;NoCallbackConfiguredForEventStatusChange;-;0;DEM_RECOV;2;;
;
-;-;"-";DemOperationCycle_Ignition;DEM_OPCYC_WARMUP;-;
DemEventParameter_ECU2_DTC16;117;DemDTC_ECU2_DTC16;1197131;DemComponent_ECU2_DTC16;CounterBasedClass;DEM_EVENT_KIND_SWC;DemFreezeFrameClass_Ecu2;DemExtendedDataClass_0;-;-;NoCallbackConfiguredForEventStatusChange;-;0;DEM_RECOV;2;;
;
-;-;"-";DemOperationCycle_Ignition;DEM_OPCYC_WARMUP;-;
DemEventParameter_ECU2_DTC17;118;DemDTC_ECU2_DTC17;1197313;DemComponent_ECU2_DTC17;CounterBasedClass;DEM_EVENT_KIND_SWC;DemFreezeFrameClass_Ecu2;DemExtendedDataClass_0;-;-;NoCallbackConfiguredForEventStatusChange;-;0;DEM_RECOV;2;;
;
-;-;"-";DemOperationCycle_Ignition;DEM_OPCYC_WARMUP;-;
DemEventParameter_ECU2_DTC18;119;DemDTC_ECU2_DTC18;1197591;DemComponent_ECU2_DTC18;CounterBasedClass;DEM_EVENT_KIND_SWC;DemFreezeFrameClass_Ecu2;DemExtendedDataClass_0;-;-;NoCallbackConfiguredForEventStatusChange;-;0;DEM_RECOV;2;;
;
-;-;"-";DemOperationCycle_Ignition;DEM_OPCYC_WARMUP;-;
DemEventParameter_ECU2_DTC19;120;DemDTC_ECU2_DTC19;1197846;DemComponent_ECU2_DTC19;CounterBasedClass;DEM_EVENT_KIND_SWC;DemFreezeFrameClass_Ecu2;DemExtendedDataClass_0;-;-;NoCallbackConfiguredForEventStatusChange;-;0;DEM_RECOV;2;;
;
-;-;"-";DemOperationCycle_Ignition;DEM_OPCYC_WARMUP;-;
DemEventParameter_ECU2_DTC20;121;DemDTC_ECU2_DTC20;1198089;DemComponent_ECU2_DTC20;CounterBasedClass;DEM_EVENT_KIND_SWC;DemFreezeFrameClass_Ecu2;DemExtendedDataClass_0;-;-;NoCallbackConfiguredForEventStatusChange;-;0;DEM_RECOV;2;;
;
-;-;"-";DemOperationCycle_Ignition;DEM_OPCYC_WARMUP;-;
DemEventParameter_ECU2_DTC21;122;DemDTC_ECU2_DTC21;1198345;DemComponent_ECU2_DTC21;CounterBasedClass;DEM_EVENT_KIND_SWC;DemFreezeFrameClass_Ecu2;DemExtendedDataClass_0;-;-;NoCallbackConfiguredForEventStatusChange;-;0;DEM_RECOV;2;;
;
-;-;"-";DemOperationCycle_Ignition;DEM_OPCYC_WARMUP;-;
DemEventParameter_ECU2_DTC22;123;DemDTC_ECU2_DTC22;1198601;DemComponent_ECU2_DTC22;CounterBasedClass;DEM_EVENT_KIND_SWC;DemFreezeFrameClass_Ecu2;DemExtendedDataClass_0;-;-;NoCallbackConfiguredForEventStatusChange;-;0;DEM_RECOV;2;;
;
-;-;"-";DemOperationCycle_Ignition;DEM_OPCYC_WARMUP;-;
DemEventParameter_ECU2_DTC23;124;DemDTC_ECU2_DTC23;1198870;DemComponent_ECU2_DTC23;CounterBasedClass;DEM_EVENT_KIND_SWC;DemFreezeFrameClass_Ecu2;DemExtendedDataClass_0;-;-;NoCallbackConfiguredForEventStatusChange;-;0;DEM_RECOV;2;;
;
-;-;"-";DemOperationCycle_Ignition;DEM_OPCYC_WARMUP;-;
DemEventParameter_ECU2_DTC24;125;DemDTC_ECU2_DTC24;1199238;DemComponent_ECU2_DTC24;CounterBasedClass;DEM_EVENT_KIND_SWC;DemFreezeFrameClass_Ecu2;DemExtendedDataClass_0;-;-;NoCallbackConfiguredForEventStatusChange;-;0;DEM_RECOV;2;;
;
-;-;"-";DemOperationCycle_Ignition;DEM_OPCYC_WARMUP;-;
DemEventParameter_ECU2_DTC25;126;DemDTC_ECU2_DTC25;16719897;DemComponent_ECU2_DTC25;CounterBasedClass;DEM_EVENT_KIND_SWC;DemFreezeFrameClass_Ecu2;DemExtendedDataClass_0;-;-;NoCallbackConfiguredForEventStatusChange;-;0;DEM_RECOV;2;;
;
-;-;"-";DemOperationCycle_Ignition;DEM_OPCYC_WARMUP;-;
DemEventParameter_ECU2_DTC26;127;DemDTC_ECU2_DTC26;16719898;DemComponent_ECU2_DTC26;CounterBasedClass;DEM_EVENT_KIND_SWC;DemFreezeFrameClass_Ecu2;DemExtendedDataClass_0;-;-;NoCallbackConfiguredForEventStatusChange;-;0;DEM_RECOV;2;;
;
-;-;"-";DemOperationCycle_Ignition;DEM_OPCYC_WARMUP;-;
DemEventParameter_ECU2_DTC27;128;DemDTC_ECU2_DTC27;16719899;DemComponent_ECU2_DTC27;CounterBasedClass;DEM_EVENT_KIND_SWC;DemFreezeFrameClass_Ecu2;DemExtendedDataClass_0;-;-;NoCallbackConfiguredForEventStatusChange;-;0;DEM_RECOV;2;;
;
-;-;"-";DemOperationCycle_Ignition;DEM_OPCYC_WARMUP;-;
DemEventParameter_ECU2_DTC28;129;DemDTC_ECU2_DTC28;16719900;DemComponent_ECU2_DTC28;CounterBasedClass;DEM_EVENT_KIND_SWC;DemFreezeFrameClass_Ecu2;DemExtendedDataClass_0;-;-;NoCallbackConfiguredForEventStatusChange;-;0;DEM_RECOV;2;;
;
-;-;"-";DemOperationCycle_Ignition;DEM_OPCYC_WARMUP;-;
DemEventParameter_ECU2_DTC29;130;DemDTC_ECU2_DTC29;16719901;DemComponent_ECU2_DTC29;CounterBasedClass;DEM_EVENT_KIND_SWC;DemFreezeFrameClass_Ecu2;DemExtendedDataClass_0;-;-;NoCallbackConfiguredForEventStatusChange;-;0;DEM_RECOV;2;;
;
-;-;"-";DemOperationCycle_Ignition;DEM_OPCYC_WARMUP;-;
DemEventParameter_ECU2_DTC30;131;DemDTC_ECU2_DTC30;16719902;DemComponent_ECU2_DTC30;CounterBasedClass;DEM_EVENT_KIND_SWC;DemFreezeFrameClass_Ecu2;DemExtendedDataClass_0;-;-;NoCallbackConfiguredForEventStatusChange;-;0;DEM_RECOV;2;;
;
-;-;"-";DemOperationCycle_Ignition;DEM_OPCYC_WARMUP;-;
DemEventParameter_ECU2_DTC31;132;DemDTC_ECU2_DTC31;16719903;DemComponent_ECU2_DTC31;CounterBasedClass;DEM_EVENT_KIND_SWC;DemFreezeFrameClass_Ecu2;DemExtendedDataClass_0;-;-;NoCallbackConfiguredForEventStatusChange;-;0;DEM_RECOV;2;;
;
-;-;"-";DemOperationCycle_Ignition;DEM_OPCYC_WARMUP;-;
DemEventParameter_ECU2_DTC32;133;DemDTC_ECU2_DTC32;16719904;DemComponent_ECU2_DTC32;CounterBasedClass;DEM_EVENT_KIND_SWC;DemFreezeFrameClass_Ecu2;DemExtendedDataClass_0;-;-;NoCallbackConfiguredForEventStatusChange;-;0;DEM_RECOV;2;;
;
-;-;"-";DemOperationCycle_Ignition;DEM_OPCYC_WARMUP;-;
DemEventParameter_ECU2_DTC33;134;DemDTC_ECU2_DTC33;16719905;DemComponent_ECU2_DTC33;CounterBasedClass;DEM_EVENT_KIND_SWC;DemFreezeFrameClass_Ecu2;DemExtendedDataClass_0;-;-;NoCallbackConfiguredForEventStatusChange;-;0;DEM_RECOV;2;;
;
-;-;"-";DemOperationCycle_Ignition;DEM_OPCYC_WARMUP;-;
DemEventParameter_ECU2_DTC34;135;DemDTC_ECU2_DTC34;16719906;DemComponent_ECU2_DTC34;CounterBasedClass;DEM_EVENT_KIND_SWC;DemFreezeFrameClass_Ecu2;DemExtendedDataClass_0;-;-;NoCallbackConfiguredForEventStatusChange;-;0;DEM_RECOV;2;;
;
-;-;"-";DemOperationCycle_Ignition;DEM_OPCYC_WARMUP;-;
DemEventParameter_ECU2_DTC35;136;DemDTC_ECU2_DTC35;16719907;DemComponent_ECU2_DTC35;CounterBasedClass;DEM_EVENT_KIND_SWC;DemFreezeFrameClass_Ecu2;DemExtendedDataClass_0;-;-;NoCallbackConfiguredForEventStatusChange;-;0;DEM_RECOV;2;;
;
-;-;"-";DemOperationCycle_Ignition;DEM_OPCYC_WARMUP;-;
DemEventParameter_ECU2_DTC36;137;DemDTC_ECU2_DTC36;16719908;DemComponent_ECU2_DTC36;CounterBasedClass;DEM_EVENT_KIND_SWC;DemFreezeFrameClass_Ecu2;DemExtendedDataClass_0;-;-;NoCallbackConfiguredForEventStatusChange;-;0;DEM_RECOV;2;;
;
-;-;"-";DemOperationCycle_Ignition;DEM_OPCYC_WARMUP;-;
DemEventParameter_ECU2_DTC37;138;DemDTC_ECU2_DTC37;16719909;DemComponent_ECU2_DTC37;CounterBasedClass;DEM_EVENT_KIND_SWC;DemFreezeFrameClass_Ecu2;DemExtendedDataClass_0;-;-;NoCallbackConfiguredForEventStatusChange;-;0;DEM_RECOV;2;;
;
-;-;"-";DemOperationCycle_Ignition;DEM_OPCYC_WARMUP;-;
DemEventParameter_ECU2_DTC38;139;DemDTC_ECU2_DTC38;16719910;DemComponent_ECU2_DTC38;CounterBasedClass;DEM_EVENT_KIND_SWC;DemFreezeFrameClass_Ecu2;DemExtendedDataClass_0;-;-;NoCallbackConfiguredForEventStatusChange;-;0;DEM_RECOV;2;;
;
-;-;"-";DemOperationCycle_Ignition;DEM_OPCYC_WARMUP;-;
DemEventParameter_ECU2_DTC39;140;DemDTC_ECU2_DTC39;16719911;DemComponent_ECU2_DTC39;CounterBasedClass;DEM_EVENT_KIND_SWC;DemFreezeFrameClass_Ecu2;DemExtendedDataClass_0;-;-;NoCallbackConfiguredForEventStatusChange;-;0;DEM_RECOV;2;;
;
-;-;"-";DemOperationCycle_Ignition;DEM_OPCYC_WARMUP;-;
DemEventParameter_ECU2_DTC40;141;DemDTC_ECU2_DTC40;16719912;DemComponent_ECU2_DTC40;CounterBasedClass;DEM_EVENT_KIND_SWC;DemFreezeFrameClass_Ecu2;DemExtendedDataClass_0;-;-;NoCallbackConfiguredForEventStatusChange;-;0;DEM_RECOV;2;;
;
-;-;"-";DemOperationCycle_Ignition;DEM_OPCYC_WARMUP;-;
DemEventParameter_ECU2_DTC41;142;DemDTC_ECU2_DTC41;16719913;DemComponent_ECU2_DTC41;CounterBasedClass;DEM_EVENT_KIND_SWC;DemFreezeFrameClass_Ecu2;DemExtendedDataClass_0;-;-;NoCallbackConfiguredForEventStatusChange;-;0;DEM_RECOV;2;;
;
-;-;"-";DemOperationCycle_Ignition;DEM_OPCYC_WARMUP;-;
DemEventParameter_ECU2_DTC42;143;DemDTC_ECU2_DTC42;16719914;DemComponent_ECU2_DTC42;CounterBasedClass;DEM_EVENT_KIND_SWC;DemFreezeFrameClass_Ecu2;DemExtendedDataClass_0;-;-;NoCallbackConfiguredForEventStatusChange;-;0;DEM_RECOV;2;;
;
-;-;"-";DemOperationCycle_Ignition;DEM_OPCYC_WARMUP;-;
DemEventParameter_ECU2_DTC43;144;DemDTC_ECU2_DTC43;16719915;DemComponent_ECU2_DTC43;CounterBasedClass;DEM_EVENT_KIND_SWC;DemFreezeFrameClass_Ecu2;DemExtendedDataClass_0;-;-;NoCallbackConfiguredForEventStatusChange;-;0;DEM_RECOV;2;;
;
-;-;"-";DemOperationCycle_Ignition;DEM_OPCYC_WARMUP;-;
DemEventParameter_ECU2_DTC44;145;DemDTC_ECU2_DTC44;16719916;DemComponent_ECU2_DTC44;CounterBasedClass;DEM_EVENT_KIND_SWC;DemFreezeFrameClass_Ecu2;DemExtendedDataClass_0;-;-;NoCallbackConfiguredForEventStatusChange;-;0;DEM_RECOV;2;;
;
-;-;"-";DemOperationCycle_Ignition;DEM_OPCYC_WARMUP;-;
DemEventParameter_ECU2_DTC45;146;DemDTC_ECU2_DTC45;16719917;DemComponent_ECU2_DTC45;CounterBasedClass;DEM_EVENT_KIND_SWC;DemFreezeFrameClass_Ecu2;DemExtendedDataClass_0;-;-;NoCallbackConfiguredForEventStatusChange;-;0;DEM_RECOV;2;;
;
-;-;"-";DemOperationCycle_Ignition;DEM_OPCYC_WARMUP;-;
DemEventParameter_ECU2_DTC46;147;DemDTC_ECU2_DTC46;16719918;DemComponent_ECU2_DTC46;CounterBasedClass;DEM_EVENT_KIND_SWC;DemFreezeFrameClass_Ecu2;DemExtendedDataClass_0;-;-;NoCallbackConfiguredForEventStatusChange;-;0;DEM_RECOV;2;;
;
-;-;"-";DemOperationCycle_Ignition;DEM_OPCYC_WARMUP;-;
DemEventParameter_ECU2_DTC47;148;DemDTC_ECU2_DTC47;16719919;DemComponent_ECU2_DTC47;CounterBasedClass;DEM_EVENT_KIND_SWC;DemFreezeFrameClass_Ecu2;DemExtendedDataClass_0;-;-;NoCallbackConfiguredForEventStatusChange;-;0;DEM_RECOV;2;;
;
-;-;"-";DemOperationCycle_Ignition;DEM_OPCYC_WARMUP;-;
DemEventParameter_ECU2_DTC48;149;DemDTC_ECU2_DTC48;16719920;DemComponent_ECU2_DTC48;CounterBasedClass;DEM_EVENT_KIND_SWC;DemFreezeFrameClass_Ecu2;DemExtendedDataClass_0;-;-;NoCallbackConfiguredForEventStatusChange;-;0;DEM_RECOV;2;;
;
-;-;"-";DemOperationCycle_Ignition;DEM_OPCYC_WARMUP;-;
DemEventParameter_ECU2_DTC49;150;DemDTC_ECU2_DTC49;16719921;DemComponent_ECU2_DTC49;CounterBasedClass;DEM_EVENT_KIND_SWC;DemFreezeFrameClass_Ecu2;DemExtendedDataClass_0;-;-;NoCallbackConfiguredForEventStatusChange;-;0;DEM_RECOV;2;;
;
-;-;"-";DemOperationCycle_Ignition;DEM_OPCYC_WARMUP;-;
DemEventParameter_ECU2_DTC50;151;DemDTC_ECU2_DTC50;16719922;DemComponent_ECU2_DTC50;CounterBasedClass;DEM_EVENT_KIND_SWC;DemFreezeFrameClass_Ecu2;DemExtendedDataClass_0;-;-;NoCallbackConfiguredForEventStatusChange;-;0;DEM_RECOV;2;;
;
-;-;"-";DemOperationCycle_Ignition;DEM_OPCYC_WARMUP;-;
DemEventParameter_ECU2_DTC51;152;DemDTC_ECU2_DTC51;16719923;DemComponent_ECU2_DTC51;CounterBasedClass;DEM_EVENT_KIND_SWC;DemFreezeFrameClass_Ecu2;DemExtendedDataClass_0;-;-;NoCallbackConfiguredForEventStatusChange;-;0;DEM_RECOV;2;;
;
-;-;"-";DemOperationCycle_Ignition;DEM_OPCYC_WARMUP;-;
DemEventParameter_ECU2_DTC52;153;DemDTC_ECU2_DTC52;16719924;DemComponent_ECU2_DTC52;CounterBasedClass;DEM_EVENT_KIND_SWC;DemFreezeFrameClass_Ecu2;DemExtendedDataClass_0;-;-;NoCallbackConfiguredForEventStatusChange;-;0;DEM_RECOV;2;;
;
-;-;"-";DemOperationCycle_Ignition;DEM_OPCYC_WARMUP;-;
DemEventParameter_ECU2_DTC53;154;DemDTC_ECU2_DTC53;16719925;DemComponent_ECU2_DTC53;CounterBasedClass;DEM_EVENT_KIND_SWC;DemFreezeFrameClass_Ecu2;DemExtendedDataClass_0;-;-;NoCallbackConfiguredForEventStatusChange;-;0;DEM_RECOV;2;;
;
-;-;"-";DemOperationCycle_Ignition;DEM_OPCYC_WARMUP;-;
DemEventParameter_ECU2_DTC54;155;DemDTC_ECU2_DTC54;16719926;DemComponent_ECU2_DTC54;CounterBasedClass;DEM_EVENT_KIND_SWC;DemFreezeFrameClass_Ecu2;DemExtendedDataClass_0;-;-;NoCallbackConfiguredForEventStatusChange;-;0;DEM_RECOV;2;;
;
-;-;"-";DemOperationCycle_Ignition;DEM_OPCYC_WARMUP;-;
DemEventParameter_ECU2_DTC55;156;DemDTC_ECU2_DTC55;16719927;DemComponent_ECU2_DTC55;CounterBasedClass;DEM_EVENT_KIND_SWC;DemFreezeFrameClass_Ecu2;DemExtendedDataClass_0;-;-;NoCallbackConfiguredForEventStatusChange;-;0;DEM_RECOV;2;;
;
-;-;"-";DemOperationCycle_Ignition;DEM_OPCYC_WARMUP;-;
DemEventParameter_ECU2_DTC56;157;DemDTC_ECU2_DTC56;16719928;DemComponent_ECU2_DTC56;CounterBasedClass;DEM_EVENT_KIND_SWC;DemFreezeFrameClass_Ecu2;DemExtendedDataClass_0;-;-;NoCallbackConfiguredForEventStatusChange;-;0;DEM_RECOV;2;;
;
-;-;"-";DemOperationCycle_Ignition;DEM_OPCYC_WARMUP;-;
DemEventParameter_ECU2_DTC57;158;DemDTC_ECU2_DTC57;16719929;DemComponent_ECU2_DTC57;CounterBasedClass;DEM_EVENT_KIND_SWC;DemFreezeFrameClass_Ecu2;DemExtendedDataClass_0;-;-;NoCallbackConfiguredForEventStatusChange;-;0;DEM_RECOV;2;;
;
-;-;"-";DemOperationCycle_Ignition;DEM_OPCYC_WARMUP;-;
DemEventParameter_ECU2_DTC58;159;DemDTC_ECU2_DTC58;16719930;DemComponent_ECU2_DTC58;CounterBasedClass;DEM_EVENT_KIND_SWC;DemFreezeFrameClass_Ecu2;DemExtendedDataClass_0;-;-;NoCallbackConfiguredForEventStatusChange;-;0;DEM_RECOV;2;;
;
-;-;"-";DemOperationCycle_Ignition;DEM_OPCYC_WARMUP;-;
DemEventParameter_ECU2_DTC59;160;DemDTC_ECU2_DTC59;16719931;DemComponent_ECU2_DTC59;CounterBasedClass;DEM_EVENT_KIND_SWC;DemFreezeFrameClass_Ecu2;DemExtendedDataClass_0;-;-;NoCallbackConfiguredForEventStatusChange;-;0;DEM_RECOV;2;;
;
-;-;"-";DemOperationCycle_Ignition;DEM_OPCYC_WARMUP;-;
DemEventParameter_ECU2_DTC60;161;DemDTC_ECU2_DTC60;16719932;DemComponent_ECU2_DTC60;CounterBasedClass;DEM_EVENT_KIND_SWC;DemFreezeFrameClass_Ecu2;DemExtendedDataClass_0;-;-;NoCallbackConfiguredForEventStatusChange;-;0;DEM_RECOV;2;;
;
-;-;"-";DemOperationCycle_Ignition;DEM_OPCYC_WARMUP;-;
DemEventParameter_ECU2_DTC61;162;DemDTC_ECU2_DTC61;16719933;DemComponent_ECU2_DTC61;CounterBasedClass;DEM_EVENT_KIND_SWC;DemFreezeFrameClass_Ecu2;DemExtendedDataClass_0;-;-;NoCallbackConfiguredForEventStatusChange;-;0;DEM_RECOV;2;;
;
-;-;"-";DemOperationCycle_Ignition;DEM_OPCYC_WARMUP;-;
DemEventParameter_ECU2_DTC62;163;DemDTC_ECU2_DTC62;16719934;DemComponent_ECU2_DTC62;CounterBasedClass;DEM_EVENT_KIND_SWC;DemFreezeFrameClass_Ecu2;DemExtendedDataClass_0;-;-;NoCallbackConfiguredForEventStatusChange;-;0;DEM_RECOV;2;;
;
-;-;"-";DemOperationCycle_Ignition;DEM_OPCYC_WARMUP;-;
DemEventParameter_ECU2_DTC63;164;DemDTC_ECU2_DTC63;16719935;DemComponent_ECU2_DTC63;CounterBasedClass;DEM_EVENT_KIND_SWC;DemFreezeFrameClass_Ecu2;DemExtendedDataClass_0;-;-;NoCallbackConfiguredForEventStatusChange;-;0;DEM_RECOV;2;;
;
-;-;"-";DemOperationCycle_Ignition;DEM_OPCYC_WARMUP;-;
DemEventParameter_ECU2_DTC64;165;DemDTC_ECU2_DTC64;16719936;DemComponent_ECU2_DTC64;CounterBasedClass;DEM_EVENT_KIND_SWC;DemFreezeFrameClass_Ecu2;DemExtendedDataClass_0;-;-;NoCallbackConfiguredForEventStatusChange;-;0;DEM_RECOV;2;;
;
-;-;"-";DemOperationCycle_Ignition;DEM_OPCYC_WARMUP;-;
DemEventParameter_ECU2_DTC65;166;DemDTC_ECU2_DTC65;16719937;DemComponent_ECU2_DTC65;CounterBasedClass;DEM_EVENT_KIND_SWC;DemFreezeFrameClass_Ecu2;DemExtendedDataClass_0;-;-;NoCallbackConfiguredForEventStatusChange;-;0;DEM_RECOV;2;;
;
-;-;"-";DemOperationCycle_Ignition;DEM_OPCYC_WARMUP;-;
DemEventParameter_ECU2_DTC66;167;DemDTC_ECU2_DTC66;16719938;DemComponent_ECU2_DTC66;CounterBasedClass;DEM_EVENT_KIND_SWC;DemFreezeFrameClass_Ecu2;DemExtendedDataClass_0;-;-;NoCallbackConfiguredForEventStatusChange;-;0;DEM_RECOV;2;;
;
-;-;"-";DemOperationCycle_Ignition;DEM_OPCYC_WARMUP;-;
DemEventParameter_ECU2_DTC67;168;DemDTC_ECU2_DTC67;16719939;DemComponent_ECU2_DTC67;CounterBasedClass;DEM_EVENT_KIND_SWC;DemFreezeFrameClass_Ecu2;DemExtendedDataClass_0;-;-;NoCallbackConfiguredForEventStatusChange;-;0;DEM_RECOV;2;;
;
-;-;"-";DemOperationCycle_Ignition;DEM_OPCYC_WARMUP;-;
DemEventParameter_ECU2_DTC68;169;DemDTC_ECU2_DTC68;16719940;DemComponent_ECU2_DTC68;CounterBasedClass;DEM_EVENT_KIND_SWC;DemFreezeFrameClass_Ecu2;DemExtendedDataClass_0;-;-;NoCallbackConfiguredForEventStatusChange;-;0;DEM_RECOV;2;;
;
-;-;"-";DemOperationCycle_Ignition;DEM_OPCYC_WARMUP;-;
DemEventParameter_ECU2_DTC69;170;DemDTC_ECU2_DTC69;16719941;DemComponent_ECU2_DTC69;CounterBasedClass;DEM_EVENT_KIND_SWC;DemFreezeFrameClass_Ecu2;DemExtendedDataClass_0;-;-;NoCallbackConfiguredForEventStatusChange;-;0;DEM_RECOV;2;;
;
-;-;"-";DemOperationCycle_Ignition;DEM_OPCYC_WARMUP;-;
DemEventParameter_ECU2_DTC70;171;DemDTC_ECU2_DTC70;16719942;DemComponent_ECU2_DTC70;CounterBasedClass;DEM_EVENT_KIND_SWC;DemFreezeFrameClass_Ecu2;DemExtendedDataClass_0;-;-;NoCallbackConfiguredForEventStatusChange;-;0;DEM_RECOV;2;;
;
-;-;"-";DemOperationCycle_Ignition;DEM_OPCYC_WARMUP;-;
DemEventParameter_ECU2_DTC71;172;DemDTC_ECU2_DTC71;16719943;DemComponent_ECU2_DTC71;CounterBasedClass;DEM_EVENT_KIND_SWC;DemFreezeFrameClass_Ecu2;DemExtendedDataClass_0;-;-;NoCallbackConfiguredForEventStatusChange;-;0;DEM_RECOV;2;;
;
-;-;"-";DemOperationCycle_Ignition;DEM_OPCYC_WARMUP;-;
DemEventParameter_ECU2_DTC72;173;DemDTC_ECU2_DTC72;16719944;DemComponent_ECU2_DTC72;CounterBasedClass;DEM_EVENT_KIND_SWC;DemFreezeFrameClass_Ecu2;DemExtendedDataClass_0;-;-;NoCallbackConfiguredForEventStatusChange;-;0;DEM_RECOV;2;;
;
-;-;"-";DemOperationCycle_Ignition;DEM_OPCYC_WARMUP;-;
DemEventParameter_ECU2_DTC73;174;DemDTC_ECU2_DTC73;16719945;DemComponent_ECU2_DTC73;CounterBasedClass;DEM_EVENT_KIND_SWC;DemFreezeFrameClass_Ecu2;DemExtendedDataClass_0;-;-;NoCallbackConfiguredForEventStatusChange;-;0;DEM_RECOV;2;;
;
-;-;"-";DemOperationCycle_Ignition;DEM_OPCYC_WARMUP;-;
DemEventParameter_ECU2_DTC74;175;DemDTC_ECU2_DTC74;16719946;DemComponent_ECU2_DTC74;CounterBasedClass;DEM_EVENT_KIND_SWC;DemFreezeFrameClass_Ecu2;DemExtendedDataClass_0;-;-;NoCallbackConfiguredForEventStatusChange;-;0;DEM_RECOV;2;;
;
-;-;"-";DemOperationCycle_Ignition;DEM_OPCYC_WARMUP;-;
DemEventParameter_ECU2_DTC75;176;DemDTC_ECU2_DTC75;16719947;DemComponent_ECU2_DTC75;CounterBasedClass;DEM_EVENT_KIND_SWC;DemFreezeFrameClass_Ecu2;DemExtendedDataClass_0;-;-;NoCallbackConfiguredForEventStatusChange;-;0;DEM_RECOV;2;;
;
-;-;"-";DemOperationCycle_Ignition;DEM_OPCYC_WARMUP;-;
DemEventParameter_ECU2_DTC76;177;DemDTC_ECU2_DTC76;16719948;DemComponent_ECU2_DTC76;CounterBasedClass;DEM_EVENT_KIND_SWC;DemFreezeFrameClass_Ecu2;DemExtendedDataClass_0;-;-;NoCallbackConfiguredForEventStatusChange;-;0;DEM_RECOV;2;;
;
-;-;"-";DemOperationCycle_Ignition;DEM_OPCYC_WARMUP;-;
DemEventParameter_ECU2_DTC77;178;DemDTC_ECU2_DTC77;16719949;DemComponent_ECU2_DTC77;CounterBasedClass;DEM_EVENT_KIND_SWC;DemFreezeFrameClass_Ecu2;DemExtendedDataClass_0;-;-;NoCallbackConfiguredForEventStatusChange;-;0;DEM_RECOV;2;;
;
-;-;"-";DemOperationCycle_Ignition;DEM_OPCYC_WARMUP;-;
DemEventParameter_ECU2_DTC78;179;DemDTC_ECU2_DTC78;16719950;DemComponent_ECU2_DTC78;CounterBasedClass;DEM_EVENT_KIND_SWC;DemFreezeFrameClass_Ecu2;DemExtendedDataClass_0;-;-;NoCallbackConfiguredForEventStatusChange;-;0;DEM_RECOV;2;;
;
-;-;"-";DemOperationCycle_Ignition;DEM_OPCYC_WARMUP;-;
DemEventParameter_ECU2_DTC79;180;DemDTC_ECU2_DTC79;16719951;DemComponent_ECU2_DTC79;CounterBasedClass;DEM_EVENT_KIND_SWC;DemFreezeFrameClass_Ecu2;DemExtendedDataClass_0;-;-;NoCallbackConfiguredForEventStatusChange;-;0;DEM_RECOV;2;;
;
-;-;"-";DemOperationCycle_Ignition;DEM_OPCYC_WARMUP;-;
DemEventParameter_ECU2_DTC80;181;DemDTC_ECU2_DTC80;16719952;DemComponent_ECU2_DTC80;CounterBasedClass;DEM_EVENT_KIND_SWC;DemFreezeFrameClass_Ecu2;DemExtendedDataClass_0;-;-;NoCallbackConfiguredForEventStatusChange;-;0;DEM_RECOV;2;;
;
-;-;"-";DemOperationCycle_Ignition;DEM_OPCYC_WARMUP;-;
DemEventParameter_ECU2_DTC81;182;DemDTC_ECU2_DTC81;16719953;DemComponent_ECU2_DTC81;CounterBasedClass;DEM_EVENT_KIND_SWC;DemFreezeFrameClass_Ecu2;DemExtendedDataClass_0;-;-;NoCallbackConfiguredForEventStatusChange;-;0;DEM_RECOV;2;;
;
-;-;"-";DemOperationCycle_Ignition;DEM_OPCYC_WARMUP;-;
DemEventParameter_ECU2_DTC82;183;DemDTC_ECU2_DTC82;16719954;DemComponent_ECU2_DTC82;CounterBasedClass;DEM_EVENT_KIND_SWC;DemFreezeFrameClass_Ecu2;DemExtendedDataClass_0;-;-;NoCallbackConfiguredForEventStatusChange;-;0;DEM_RECOV;2;;
;
-;-;"-";DemOperationCycle_Ignition;DEM_OPCYC_WARMUP;-;
DemEventParameter_ECU2_DTC83;184;DemDTC_ECU2_DTC83;16719955;DemComponent_ECU2_DTC83;CounterBasedClass;DEM_EVENT_KIND_SWC;DemFreezeFrameClass_Ecu2;DemExtendedDataClass_0;-;-;NoCallbackConfiguredForEventStatusChange;-;0;DEM_RECOV;2;;
;
-;-;"-";DemOperationCycle_Ignition;DEM_OPCYC_WARMUP;-;
DemEventParameter_ECU2_DTC84;185;DemDTC_ECU2_DTC84;16719956;DemComponent_ECU2_DTC84;CounterBasedClass;DEM_EVENT_KIND_SWC;DemFreezeFrameClass_Ecu2;DemExtendedDataClass_0;-;-;NoCallbackConfiguredForEventStatusChange;-;0;DEM_RECOV;2;;
;
-;-;"-";DemOperationCycle_Ignition;DEM_OPCYC_WARMUP;-;
DemEventParameter_ECU2_DTC85;186;DemDTC_ECU2_DTC85;16719957;DemComponent_ECU2_DTC85;CounterBasedClass;DEM_EVENT_KIND_SWC;DemFreezeFrameClass_Ecu2;DemExtendedDataClass_0;-;-;NoCallbackConfiguredForEventStatusChange;-;0;DEM_RECOV;2;;
;
-;-;"-";DemOperationCycle_Ignition;DEM_OPCYC_WARMUP;-;
DemEventParameter_ECU2_DTC86;187;DemDTC_ECU2_DTC86;16719958;DemComponent_ECU2_DTC86;CounterBasedClass;DEM_EVENT_KIND_SWC;DemFreezeFrameClass_Ecu2;DemExtendedDataClass_0;-;-;NoCallbackConfiguredForEventStatusChange;-;0;DEM_RECOV;2;;
;
-;-;"-";DemOperationCycle_Ignition;DEM_OPCYC_WARMUP;-;
DemEventParameter_ECU2_DTC87;188;DemDTC_ECU2_DTC87;16719959;DemComponent_ECU2_DTC87;CounterBasedClass;DEM_EVENT_KIND_SWC;DemFreezeFrameClass_Ecu2;DemExtendedDataClass_0;-;-;NoCallbackConfiguredForEventStatusChange;-;0;DEM_RECOV;2;;
;
-;-;"-";DemOperationCycle_Ignition;DEM_OPCYC_WARMUP;-;
DemEventParameter_ECU2_DTC88;189;DemDTC_ECU2_DTC88;16719960;DemComponent_ECU2_DTC88;CounterBasedClass;DEM_EVENT_KIND_SWC;DemFreezeFrameClass_Ecu2;DemExtendedDataClass_0;-;-;NoCallbackConfiguredForEventStatusChange;-;0;DEM_RECOV;2;;
;
-;-;"-";DemOperationCycle_Ignition;DEM_OPCYC_WARMUP;-;
DemEventParameter_ECU2_DTC89;190;DemDTC_ECU2_DTC89;16719961;DemComponent_ECU2_DTC89;CounterBasedClass;DEM_EVENT_KIND_SWC;DemFreezeFrameClass_Ecu2;DemExtendedDataClass_0;-;-;NoCallbackConfiguredForEventStatusChange;-;0;DEM_RECOV;2;;
;
-;-;"-";DemOperationCycle_Ignition;DEM_OPCYC_WARMUP;-;
DemEventParameter_ECU2_DTC90;191;DemDTC_ECU2_DTC90;16719962;DemComponent_ECU2_DTC90;CounterBasedClass;DEM_EVENT_KIND_SWC;DemFreezeFrameClass_Ecu2;DemExtendedDataClass_0;-;-;NoCallbackConfiguredForEventStatusChange;-;0;DEM_RECOV;2;;
;
-;-;"-";DemOperationCycle_Ignition;DEM_OPCYC_WARMUP;-;
DemEventParameter_ECU2_DTC91;192;DemDTC_ECU2_DTC91;16719963;DemComponent_ECU2_DTC91;CounterBasedClass;DEM_EVENT_KIND_SWC;DemFreezeFrameClass_Ecu2;DemExtendedDataClass_0;-;-;NoCallbackConfiguredForEventStatusChange;-;0;DEM_RECOV;2;;
;
-;-;"-";DemOperationCycle_Ignition;DEM_OPCYC_WARMUP;-;
DemEventParameter_ECU2_DTC92;193;DemDTC_ECU2_DTC92;16719964;DemComponent_ECU2_DTC92;CounterBasedClass;DEM_EVENT_KIND_SWC;DemFreezeFrameClass_Ecu2;DemExtendedDataClass_0;-;-;NoCallbackConfiguredForEventStatusChange;-;0;DEM_RECOV;2;;
;
-;-;"-";DemOperationCycle_Ignition;DEM_OPCYC_WARMUP;-;
DemEventParameter_ECU2_DTC93;194;DemDTC_ECU2_DTC93;16719965;DemComponent_ECU2_DTC93;CounterBasedClass;DEM_EVENT_KIND_SWC;DemFreezeFrameClass_Ecu2;DemExtendedDataClass_0;-;-;NoCallbackConfiguredForEventStatusChange;-;0;DEM_RECOV;2;;
;
-;-;"-";DemOperationCycle_Ignition;DEM_OPCYC_WARMUP;-;
DemEventParameter_ECU2_DTC94;195;DemDTC_ECU2_DTC94;16719966;DemComponent_ECU2_DTC94;CounterBasedClass;DEM_EVENT_KIND_SWC;DemFreezeFrameClass_Ecu2;DemExtendedDataClass_0;-;-;NoCallbackConfiguredForEventStatusChange;-;0;DEM_RECOV;2;;
;
-;-;"-";DemOperationCycle_Ignition;DEM_OPCYC_WARMUP;-;
DemEventParameter_ECU2_DTC95;196;DemDTC_ECU2_DTC95;16719967;DemComponent_ECU2_DTC95;CounterBasedClass;DEM_EVENT_KIND_SWC;DemFreezeFrameClass_Ecu2;DemExtendedDataClass_0;-;-;NoCallbackConfiguredForEventStatusChange;-;0;DEM_RECOV;2;;
;
-;-;"-";DemOperationCycle_Ignition;DEM_OPCYC_WARMUP;-;
DemEventParameter_ECU2_DTC96;197;DemDTC_ECU2_DTC96;16719968;DemComponent_ECU2_DTC96;CounterBasedClass;DEM_EVENT_KIND_SWC;DemFreezeFrameClass_Ecu2;DemExtendedDataClass_0;-;-;NoCallbackConfiguredForEventStatusChange;-;0;DEM_RECOV;2;;
;
-;-;"-";DemOperationCycle_Ignition;DEM_OPCYC_WARMUP;-;
DemEventParameter_ECU2_DTC97;198;DemDTC_ECU2_DTC97;16719969;DemComponent_ECU2_DTC97;CounterBasedClass;DEM_EVENT_KIND_SWC;DemFreezeFrameClass_Ecu2;DemExtendedDataClass_0;-;-;NoCallbackConfiguredForEventStatusChange;-;0;DEM_RECOV;2;;
;
-;-;"-";DemOperationCycle_Ignition;DEM_OPCYC_WARMUP;-;
DemEventParameter_ECU2_DTC98;199;DemDTC_ECU2_DTC98;16719970;DemComponent_ECU2_DTC98;CounterBasedClass;DEM_EVENT_KIND_SWC;DemFreezeFrameClass_Ecu2;DemExtendedDataClass_0;-;-;NoCallbackConfiguredForEventStatusChange;-;0;DEM_RECOV;2;;
;
-;-;"-";DemOperationCycle_Ignition;DEM_OPCYC_WARMUP;-;
DemEventParameter_ECU2_DTC99;200;DemDTC_ECU2_DTC99;16719971;DemComponent_ECU2_DTC99;CounterBasedClass;DEM_EVENT_KIND_SWC;DemFreezeFrameClass_Ecu2;DemExtendedDataClass_0;-;-;NoCallbackConfiguredForEventStatusChange;-;0;DEM_RECOV;2;;
;
-;-;"-";DemOperationCycle_Ignition;DEM_OPCYC_WARMUP;-;
DemEventParameter_ECU3_DTC00;201;DemDTC_ECU3_DTC00;722208;DemComponent_ECU3_DTC00;CounterBasedClass;DEM_EVENT_KIND_SWC;DemFreezeFrameClass_Ecu3;DemExtendedDataClass_0;-;-;NoCallbackConfiguredForEventStatusChange;-;0;DEM_RECOV;2;;
;
-;-;"-";DemOperationCycle_Ignition;DEM_OPCYC_WARMUP;-;
DemEventParameter_ECU3_DTC01;202;DemDTC_ECU3_DTC01;722176;DemComponent_ECU3_DTC01;CounterBasedClass;DEM_EVENT_KIND_SWC;DemFreezeFrameClass_Ecu3;DemExtendedDataClass_0;-;-;NoCallbackConfiguredForEventStatusChange;-;0;DEM_RECOV;2;;
;
-;-;"-";DemOperationCycle_Ignition;DEM_OPCYC_WARMUP;-;
DemEventParameter_ECU3_DTC02;203;DemDTC_ECU3_DTC02;722194;DemComponent_ECU3_DTC02;CounterBasedClass;DEM_EVENT_KIND_SWC;DemFreezeFrameClass_Ecu3;DemExtendedDataClass_0;-;-;NoCallbackConfiguredForEventStatusChange;-;0;DEM_RECOV;2;;
;
-;-;"-";DemOperationCycle_Ignition;DEM_OPCYC_WARMUP;-;
DemEventParameter_ECU3_DTC03;204;DemDTC_ECU3_DTC03;722177;DemComponent_ECU3_DTC03;CounterBasedClass;DEM_EVENT_KIND_SWC;DemFreezeFrameClass_Ecu3;DemExtendedDataClass_0;-;-;NoCallbackConfiguredForEventStatusChange;-;0;DEM_RECOV;2;;
;
-;-;"-";DemOperationCycle_Ignition;DEM_OPCYC_WARMUP;-;
DemEventParameter_ECU3_DTC04;205;DemDTC_ECU3_DTC04;722182;DemComponent_ECU3_DTC04;CounterBasedClass;DEM_EVENT_KIND_SWC;DemFreezeFrameClass_Ecu3;DemExtendedDataClass_0;-;-;NoCallbackConfiguredForEventStatusChange;-;0;DEM_RECOV;2;;
;
-;-;"-";DemOperationCycle_Ignition;DEM_OPCYC_WARMUP;-;
DemEventParameter_ECU3_DTC05;206;DemDTC_ECU3_DTC05;722178;DemComponent_ECU3_DTC05;CounterBasedClass;DEM_EVENT_KIND_SWC;DemFreezeFrameClass_Ecu3;DemExtendedDataClass_0;-;-;NoCallbackConfiguredForEventStatusChange;-;0;DEM_RECOV;2;;
;
-;-;"-";DemOperationCycle_Ignition;DEM_OPCYC_WARMUP;-;
DemEventParameter_ECU3_DTC06;207;DemDTC_ECU3_DTC06;722184;DemComponent_ECU3_DTC06;CounterBasedClass;DEM_EVENT_KIND_SWC;DemFreezeFrameClass_Ecu3;DemExtendedDataClass_0;-;-;NoCallbackConfiguredForEventStatusChange;-;0;DEM_RECOV;2;;
;
-;-;"-";DemOperationCycle_Ignition;DEM_OPCYC_WARMUP;-;
DemEventParameter_ECU3_DTC07;208;DemDTC_ECU3_DTC07;722192;DemComponent_ECU3_DTC07;CounterBasedClass;DEM_EVENT_KIND_SWC;DemFreezeFrameClass_Ecu3;DemExtendedDataClass_0;-;-;NoCallbackConfiguredForEventStatusChange;-;0;DEM_RECOV;2;;
;
-;-;"-";DemOperationCycle_Ignition;DEM_OPCYC_WARMUP;-;
DemEventParameter_ECU3_DTC08;209;DemDTC_ECU3_DTC08;722181;DemComponent_ECU3_DTC08;CounterBasedClass;DEM_EVENT_KIND_SWC;DemFreezeFrameClass_Ecu3;DemExtendedDataClass_0;-;-;NoCallbackConfiguredForEventStatusChange;-;0;DEM_RECOV;2;;
;
-;-;"-";DemOperationCycle_Ignition;DEM_OPCYC_WARMUP;-;
DemEventParameter_ECU3_DTC09;210;DemDTC_ECU3_DTC09;722183;DemComponent_ECU3_DTC09;CounterBasedClass;DEM_EVENT_KIND_SWC;DemFreezeFrameClass_Ecu3;DemExtendedDataClass_0;-;-;NoCallbackConfiguredForEventStatusChange;-;0;DEM_RECOV;2;;
;
-;-;"-";DemOperationCycle_Ignition;DEM_OPCYC_WARMUP;-;
DemEventParameter_ECU3_DTC10;211;DemDTC_ECU3_DTC10;722195;DemComponent_ECU3_DTC10;CounterBasedClass;DEM_EVENT_KIND_SWC;DemFreezeFrameClass_Ecu3;DemExtendedDataClass_0;-;-;NoCallbackConfiguredForEventStatusChange;-;0;DEM_RECOV;2;;
;
-;-;"-";DemOperationCycle_Ignition;DEM_OPCYC_WARMUP;-;
DemEventParameter_ECU3_DTC11;212;DemDTC_ECU3_DTC11;722196;DemComponent_ECU3_DTC11;CounterBasedClass;DEM_EVENT_KIND_SWC;DemFreezeFrameClass_Ecu3;DemExtendedDataClass_0;-;-;NoCallbackConfiguredForEventStatusChange;-;0;DEM_RECOV;2;;
;
-;-;"-";DemOperationCycle_Ignition;DEM_OPCYC_WARMUP;-;
DemEventParameter_ECU3_DTC12;213;DemDTC_ECU3_DTC12;13305088;DemComponent_ECU3_DTC12;CounterBasedClass;DEM_EVENT_KIND_SWC;DemFreezeFrameClass_Ecu3;DemExtendedDataClass_0;-;-;NoCallbackConfiguredForEventStatusChange;-;0;DEM_RECOV;2;;
;
-;-;"-";DemOperationCycle_Ignition;DEM_OPCYC_WARMUP;-;
DemEventParameter_ECU3_DTC13;214;DemDTC_ECU3_DTC13;1207883;DemComponent_ECU3_DTC13;CounterBasedClass;DEM_EVENT_KIND_SWC;DemFreezeFrameClass_Ecu3;DemExtendedDataClass_0;-;-;NoCallbackConfiguredForEventStatusChange;-;0;DEM_RECOV;2;;
;
-;-;"-";DemOperationCycle_Ignition;DEM_OPCYC_WARMUP;-;
DemEventParameter_ECU3_DTC14;215;DemDTC_ECU3_DTC14;1208073;DemComponent_ECU3_DTC14;CounterBasedClass;DEM_EVENT_KIND_SWC;DemFreezeFrameClass_Ecu3;DemExtendedDataClass_0;-;-;NoCallbackConfiguredForEventStatusChange;-;0;DEM_RECOV;2;;
;
-;-;"-";DemOperationCycle_Ignition;DEM_OPCYC_WARMUP;-;
DemEventParameter_ECU3_DTC15;216;DemDTC_ECU3_DTC15;1208329;DemComponent_ECU3_DTC15;CounterBasedClass;DEM_EVENT_KIND_SWC;DemFreezeFrameClass_Ecu3;DemExtendedDataClass_0;-;-;NoCallbackConfiguredForEventStatusChange;-;0;DEM_RECOV;2;;
;
-;-;"-";DemOperationCycle_Ignition;DEM_OPCYC_WARMUP;-;
DemEventParameter_ECU3_DTC16;217;DemDTC_ECU3_DTC16;1208585;DemComponent_ECU3_DTC16;CounterBasedClass;DEM_EVENT_KIND_SWC;DemFreezeFrameClass_Ecu3;DemExtendedDataClass_0;-;-;NoCallbackConfiguredForEventStatusChange;-;0;DEM_RECOV;2;;
;
-;-;"-";DemOperationCycle_Ignition;DEM_OPCYC_WARMUP;-;
DemEventParameter_ECU3_DTC17;218;DemDTC_ECU3_DTC17;1208841;DemComponent_ECU3_DTC17;CounterBasedClass;DEM_EVENT_KIND_SWC;DemFreezeFrameClass_Ecu3;DemExtendedDataClass_0;-;-;NoCallbackConfiguredForEventStatusChange;-;0;DEM_RECOV;2;;
;
-;-;"-";DemOperationCycle_Ignition;DEM_OPCYC_WARMUP;-;
DemEventParameter_ECU3_DTC18;219;DemDTC_ECU3_DTC18;16723986;DemComponent_ECU3_DTC18;CounterBasedClass;DEM_EVENT_KIND_SWC;DemFreezeFrameClass_Ecu3;DemExtendedDataClass_0;-;-;NoCallbackConfiguredForEventStatusChange;-;0;DEM_RECOV;2;;
;
-;-;"-";DemOperationCycle_Ignition;DEM_OPCYC_WARMUP;-;
DemEventParameter_ECU3_DTC19;220;DemDTC_ECU3_DTC19;16723987;DemComponent_ECU3_DTC19;CounterBasedClass;DEM_EVENT_KIND_SWC;DemFreezeFrameClass_Ecu3;DemExtendedDataClass_0;-;-;NoCallbackConfiguredForEventStatusChange;-;0;DEM_RECOV;2;;
;
-;-;"-";DemOperationCycle_Ignition;DEM_OPCYC_WARMUP;-;
DemEventParameter_ECU3_DTC20;221;DemDTC_ECU3_DTC20;16723988;DemComponent_ECU3_DTC20;CounterBasedClass;DEM_EVENT_KIND_SWC;DemFreezeFrameClass_Ecu3;DemExtendedDataClass_0;-;-;NoCallbackConfiguredForEventStatusChange;-;0;DEM_RECOV;2;;
;
-;-;"-";DemOperationCycle_Ignition;DEM_OPCYC_WARMUP;-;
DemEventParameter_ECU3_DTC21;222;DemDTC_ECU3_DTC21;16723989;DemComponent_ECU3_DTC21;CounterBasedClass;DEM_EVENT_KIND_SWC;DemFreezeFrameClass_Ecu3;DemExtendedDataClass_0;-;-;NoCallbackConfiguredForEventStatusChange;-;0;DEM_RECOV;2;;
;
-;-;"-";DemOperationCycle_Ignition;DEM_OPCYC_WARMUP;-;
DemEventParameter_ECU3_DTC22;223;DemDTC_ECU3_DTC22;16723990;DemComponent_ECU3_DTC22;CounterBasedClass;DEM_EVENT_KIND_SWC;DemFreezeFrameClass_Ecu3;DemExtendedDataClass_0;-;-;NoCallbackConfiguredForEventStatusChange;-;0;DEM_RECOV;2;;
;
-;-;"-";DemOperationCycle_Ignition;DEM_OPCYC_WARMUP;-;
DemEventParameter_ECU3_DTC23;224;DemDTC_ECU3_DTC23;16723991;DemComponent_ECU3_DTC23;CounterBasedClass;DEM_EVENT_KIND_SWC;DemFreezeFrameClass_Ecu3;DemExtendedDataClass_0;-;-;NoCallbackConfiguredForEventStatusChange;-;0;DEM_RECOV;2;;
;
-;-;"-";DemOperationCycle_Ignition;DEM_OPCYC_WARMUP;-;
DemEventParameter_ECU3_DTC24;225;DemDTC_ECU3_DTC24;16723992;DemComponent_ECU3_DTC24;CounterBasedClass;DEM_EVENT_KIND_SWC;DemFreezeFrameClass_Ecu3;DemExtendedDataClass_0;-;-;NoCallbackConfiguredForEventStatusChange;-;0;DEM_RECOV;2;;
;
-;-;"-";DemOperationCycle_Ignition;DEM_OPCYC_WARMUP;-;
DemEventParameter_ECU3_DTC25;226;DemDTC_ECU3_DTC25;16723993;DemComponent_ECU3_DTC25;CounterBasedClass;DEM_EVENT_KIND_SWC;DemFreezeFrameClass_Ecu3;DemExtendedDataClass_0;-;-;NoCallbackConfiguredForEventStatusChange;-;0;DEM_RECOV;2;;
;
-;-;"-";DemOperationCycle_Ignition;DEM_OPCYC_WARMUP;-;
DemEventParameter_ECU3_DTC26;227;DemDTC_ECU3_DTC26;16723994;DemComponent_ECU3_DTC26;CounterBasedClass;DEM_EVENT_KIND_SWC;DemFreezeFrameClass_Ecu3;DemExtendedDataClass_0;-;-;NoCallbackConfiguredForEventStatusChange;-;0;DEM_RECOV;2;;
;
-;-;"-";DemOperationCycle_Ignition;DEM_OPCYC_WARMUP;-;
DemEventParameter_ECU3_DTC27;228;DemDTC_ECU3_DTC27;16723995;DemComponent_ECU3_DTC27;CounterBasedClass;DEM_EVENT_KIND_SWC;DemFreezeFrameClass_Ecu3;DemExtendedDataClass_0;-;-;NoCallbackConfiguredForEventStatusChange;-;0;DEM_RECOV;2;;
;
-;-;"-";DemOperationCycle_Ignition;DEM_OPCYC_WARMUP;-;
DemEventParameter_ECU3_DTC28;229;DemDTC_ECU3_DTC28;16723996;DemComponent_ECU3_DTC28;CounterBasedClass;DEM_EVENT_KIND_SWC;DemFreezeFrameClass_Ecu3;DemExtendedDataClass_0;-;-;NoCallbackConfiguredForEventStatusChange;-;0;DEM_RECOV;2;;
;
-;-;"-";DemOperationCycle_Ignition;DEM_OPCYC_WARMUP;-;
DemEventParameter_ECU3_DTC29;230;DemDTC_ECU3_DTC29;16723997;DemComponent_ECU3_DTC29;CounterBasedClass;DEM_EVENT_KIND_SWC;DemFreezeFrameClass_Ecu3;DemExtendedDataClass_0;-;-;NoCallbackConfiguredForEventStatusChange;-;0;DEM_RECOV;2;;
;
-;-;"-";DemOperationCycle_Ignition;DEM_OPCYC_WARMUP;-;
DemEventParameter_ECU3_DTC30;231;DemDTC_ECU3_DTC30;16723998;DemComponent_ECU3_DTC30;CounterBasedClass;DEM_EVENT_KIND_SWC;DemFreezeFrameClass_Ecu3;DemExtendedDataClass_0;-;-;NoCallbackConfiguredForEventStatusChange;-;0;DEM_RECOV;2;;
;
-;-;"-";DemOperationCycle_Ignition;DEM_OPCYC_WARMUP;-;
DemEventParameter_ECU3_DTC31;232;DemDTC_ECU3_DTC31;16723999;DemComponent_ECU3_DTC31;CounterBasedClass;DEM_EVENT_KIND_SWC;DemFreezeFrameClass_Ecu3;DemExtendedDataClass_0;-;-;NoCallbackConfiguredForEventStatusChange;-;0;DEM_RECOV;2;;
;
-;-;"-";DemOperationCycle_Ignition;DEM_OPCYC_WARMUP;-;
DemEventParameter_ECU3_DTC32;233;DemDTC_ECU3_DTC32;16724000;DemComponent_ECU3_DTC32;CounterBasedClass;DEM_EVENT_KIND_SWC;DemFreezeFrameClass_Ecu3;DemExtendedDataClass_0;-;-;NoCallbackConfiguredForEventStatusChange;-;0;DEM_RECOV;2;;
;
-;-;"-";DemOperationCycle_Ignition;DEM_OPCYC_WARMUP;-;
DemEventParameter_ECU3_DTC33;234;DemDTC_ECU3_DTC33;16724001;DemComponent_ECU3_DTC33;CounterBasedClass;DEM_EVENT_KIND_SWC;DemFreezeFrameClass_Ecu3;DemExtendedDataClass_0;-;-;NoCallbackConfiguredForEventStatusChange;-;0;DEM_RECOV;2;;
;
-;-;"-";DemOperationCycle_Ignition;DEM_OPCYC_WARMUP;-;
DemEventParameter_ECU3_DTC34;235;DemDTC_ECU3_DTC34;16724002;DemComponent_ECU3_DTC34;CounterBasedClass;DEM_EVENT_KIND_SWC;DemFreezeFrameClass_Ecu3;DemExtendedDataClass_0;-;-;NoCallbackConfiguredForEventStatusChange;-;0;DEM_RECOV;2;;
;
-;-;"-";DemOperationCycle_Ignition;DEM_OPCYC_WARMUP;-;
DemEventParameter_ECU3_DTC35;236;DemDTC_ECU3_DTC35;16724003;DemComponent_ECU3_DTC35;CounterBasedClass;DEM_EVENT_KIND_SWC;DemFreezeFrameClass_Ecu3;DemExtendedDataClass_0;-;-;NoCallbackConfiguredForEventStatusChange;-;0;DEM_RECOV;2;;
;
-;-;"-";DemOperationCycle_Ignition;DEM_OPCYC_WARMUP;-;
DemEventParameter_ECU3_DTC36;237;DemDTC_ECU3_DTC36;16724004;DemComponent_ECU3_DTC36;CounterBasedClass;DEM_EVENT_KIND_SWC;DemFreezeFrameClass_Ecu3;DemExtendedDataClass_0;-;-;NoCallbackConfiguredForEventStatusChange;-;0;DEM_RECOV;2;;
;
-;-;"-";DemOperationCycle_Ignition;DEM_OPCYC_WARMUP;-;
DemEventParameter_ECU3_DTC37;238;DemDTC_ECU3_DTC37;16724005;DemComponent_ECU3_DTC37;CounterBasedClass;DEM_EVENT_KIND_SWC;DemFreezeFrameClass_Ecu3;DemExtendedDataClass_0;-;-;NoCallbackConfiguredForEventStatusChange;-;0;DEM_RECOV;2;;
;
-;-;"-";DemOperationCycle_Ignition;DEM_OPCYC_WARMUP;-;
DemEventParameter_ECU3_DTC38;239;DemDTC_ECU3_DTC38;16724006;DemComponent_ECU3_DTC38;CounterBasedClass;DEM_EVENT_KIND_SWC;DemFreezeFrameClass_Ecu3;DemExtendedDataClass_0;-;-;NoCallbackConfiguredForEventStatusChange;-;0;DEM_RECOV;2;;
;
-;-;"-";DemOperationCycle_Ignition;DEM_OPCYC_WARMUP;-;
DemEventParameter_ECU3_DTC39;240;DemDTC_ECU3_DTC39;16724007;DemComponent_ECU3_DTC39;CounterBasedClass;DEM_EVENT_KIND_SWC;DemFreezeFrameClass_Ecu3;DemExtendedDataClass_0;-;-;NoCallbackConfiguredForEventStatusChange;-;0;DEM_RECOV;2;;
;
-;-;"-";DemOperationCycle_Ignition;DEM_OPCYC_WARMUP;-;
DemEventParameter_ECU3_DTC40;241;DemDTC_ECU3_DTC40;16724008;DemComponent_ECU3_DTC40;CounterBasedClass;DEM_EVENT_KIND_SWC;DemFreezeFrameClass_Ecu3;DemExtendedDataClass_0;-;-;NoCallbackConfiguredForEventStatusChange;-;0;DEM_RECOV;2;;
;
-;-;"-";DemOperationCycle_Ignition;DEM_OPCYC_WARMUP;-;
DemEventParameter_ECU3_DTC41;242;DemDTC_ECU3_DTC41;16724009;DemComponent_ECU3_DTC41;CounterBasedClass;DEM_EVENT_KIND_SWC;DemFreezeFrameClass_Ecu3;DemExtendedDataClass_0;-;-;NoCallbackConfiguredForEventStatusChange;-;0;DEM_RECOV;2;;
;
-;-;"-";DemOperationCycle_Ignition;DEM_OPCYC_WARMUP;-;
DemEventParameter_ECU3_DTC42;243;DemDTC_ECU3_DTC42;16724010;DemComponent_ECU3_DTC42;CounterBasedClass;DEM_EVENT_KIND_SWC;DemFreezeFrameClass_Ecu3;DemExtendedDataClass_0;-;-;NoCallbackConfiguredForEventStatusChange;-;0;DEM_RECOV;2;;
;
-;-;"-";DemOperationCycle_Ignition;DEM_OPCYC_WARMUP;-;
DemEventParameter_ECU3_DTC43;244;DemDTC_ECU3_DTC43;16724011;DemComponent_ECU3_DTC43;CounterBasedClass;DEM_EVENT_KIND_SWC;DemFreezeFrameClass_Ecu3;DemExtendedDataClass_0;-;-;NoCallbackConfiguredForEventStatusChange;-;0;DEM_RECOV;2;;
;
-;-;"-";DemOperationCycle_Ignition;DEM_OPCYC_WARMUP;-;
DemEventParameter_ECU3_DTC44;245;DemDTC_ECU3_DTC44;16724012;DemComponent_ECU3_DTC44;CounterBasedClass;DEM_EVENT_KIND_SWC;DemFreezeFrameClass_Ecu3;DemExtendedDataClass_0;-;-;NoCallbackConfiguredForEventStatusChange;-;0;DEM_RECOV;2;;
;
-;-;"-";DemOperationCycle_Ignition;DEM_OPCYC_WARMUP;-;
DemEventParameter_ECU3_DTC45;246;DemDTC_ECU3_DTC45;16724013;DemComponent_ECU3_DTC45;CounterBasedClass;DEM_EVENT_KIND_SWC;DemFreezeFrameClass_Ecu3;DemExtendedDataClass_0;-;-;NoCallbackConfiguredForEventStatusChange;-;0;DEM_RECOV;2;;
;
-;-;"-";DemOperationCycle_Ignition;DEM_OPCYC_WARMUP;-;
DemEventParameter_ECU3_DTC46;247;DemDTC_ECU3_DTC46;16724014;DemComponent_ECU3_DTC46;CounterBasedClass;DEM_EVENT_KIND_SWC;DemFreezeFrameClass_Ecu3;DemExtendedDataClass_0;-;-;NoCallbackConfiguredForEventStatusChange;-;0;DEM_RECOV;2;;
;
-;-;"-";DemOperationCycle_Ignition;DEM_OPCYC_WARMUP;-;
DemEventParameter_ECU3_DTC47;248;DemDTC_ECU3_DTC47;16724015;DemComponent_ECU3_DTC47;CounterBasedClass;DEM_EVENT_KIND_SWC;DemFreezeFrameClass_Ecu3;DemExtendedDataClass_0;-;-;NoCallbackConfiguredForEventStatusChange;-;0;DEM_RECOV;2;;
;
-;-;"-";DemOperationCycle_Ignition;DEM_OPCYC_WARMUP;-;
DemEventParameter_ECU3_DTC48;249;DemDTC_ECU3_DTC48;16724016;DemComponent_ECU3_DTC48;CounterBasedClass;DEM_EVENT_KIND_SWC;DemFreezeFrameClass_Ecu3;DemExtendedDataClass_0;-;-;NoCallbackConfiguredForEventStatusChange;-;0;DEM_RECOV;2;;
;
-;-;"-";DemOperationCycle_Ignition;DEM_OPCYC_WARMUP;-;
DemEventParameter_ECU3_DTC49;250;DemDTC_ECU3_DTC49;16724017;DemComponent_ECU3_DTC49;CounterBasedClass;DEM_EVENT_KIND_SWC;DemFreezeFrameClass_Ecu3;DemExtendedDataClass_0;-;-;NoCallbackConfiguredForEventStatusChange;-;0;DEM_RECOV;2;;
;
-;-;"-";DemOperationCycle_Ignition;DEM_OPCYC_WARMUP;-;
DemEventParameter_ECU3_DTC50;251;DemDTC_ECU3_DTC50;16724018;DemComponent_ECU3_DTC50;CounterBasedClass;DEM_EVENT_KIND_SWC;DemFreezeFrameClass_Ecu3;DemExtendedDataClass_0;-;-;NoCallbackConfiguredForEventStatusChange;-;0;DEM_RECOV;2;;
;
-;-;"-";DemOperationCycle_Ignition;DEM_OPCYC_WARMUP;-;
DemEventParameter_ECU3_DTC51;252;DemDTC_ECU3_DTC51;16724019;DemComponent_ECU3_DTC51;CounterBasedClass;DEM_EVENT_KIND_SWC;DemFreezeFrameClass_Ecu3;DemExtendedDataClass_0;-;-;NoCallbackConfiguredForEventStatusChange;-;0;DEM_RECOV;2;;
;
-;-;"-";DemOperationCycle_Ignition;DEM_OPCYC_WARMUP;-;
DemEventParameter_ECU3_DTC52;253;DemDTC_ECU3_DTC52;16724020;DemComponent_ECU3_DTC52;CounterBasedClass;DEM_EVENT_KIND_SWC;DemFreezeFrameClass_Ecu3;DemExtendedDataClass_0;-;-;NoCallbackConfiguredForEventStatusChange;-;0;DEM_RECOV;2;;
;
-;-;"-";DemOperationCycle_Ignition;DEM_OPCYC_WARMUP;-;
DemEventParameter_ECU3_DTC53;254;DemDTC_ECU3_DTC53;16724021;DemComponent_ECU3_DTC53;CounterBasedClass;DEM_EVENT_KIND_SWC;DemFreezeFrameClass_Ecu3;DemExtendedDataClass_0;-;-;NoCallbackConfiguredForEventStatusChange;-;0;DEM_RECOV;2;;
;
-;-;"-";DemOperationCycle_Ignition;DEM_OPCYC_WARMUP;-;
DemEventParameter_ECU3_DTC54;255;DemDTC_ECU3_DTC54;16724022;DemComponent_ECU3_DTC54;CounterBasedClass;DEM_EVENT_KIND_SWC;DemFreezeFrameClass_Ecu3;DemExtendedDataClass_0;-;-;NoCallbackConfiguredForEventStatusChange;-;0;DEM_RECOV;2;;
;
-;-;"-";DemOperationCycle_Ignition;DEM_OPCYC_WARMUP;-;
DemEventParameter_ECU3_DTC55;256;DemDTC_ECU3_DTC55;16724023;DemComponent_ECU3_DTC55;CounterBasedClass;DEM_EVENT_KIND_SWC;DemFreezeFrameClass_Ecu3;DemExtendedDataClass_0;-;-;NoCallbackConfiguredForEventStatusChange;-;0;DEM_RECOV;2;;
;
-;-;"-";DemOperationCycle_Ignition;DEM_OPCYC_WARMUP;-;
DemEventParameter_ECU3_DTC56;257;DemDTC_ECU3_DTC56;16724024;DemComponent_ECU3_DTC56;CounterBasedClass;DEM_EVENT_KIND_SWC;DemFreezeFrameClass_Ecu3;DemExtendedDataClass_0;-;-;NoCallbackConfiguredForEventStatusChange;-;0;DEM_RECOV;2;;
;
-;-;"-";DemOperationCycle_Ignition;DEM_OPCYC_WARMUP;-;
DemEventParameter_ECU3_DTC57;258;DemDTC_ECU3_DTC57;16724025;DemComponent_ECU3_DTC57;CounterBasedClass;DEM_EVENT_KIND_SWC;DemFreezeFrameClass_Ecu3;DemExtendedDataClass_0;-;-;NoCallbackConfiguredForEventStatusChange;-;0;DEM_RECOV;2;;
;
-;-;"-";DemOperationCycle_Ignition;DEM_OPCYC_WARMUP;-;
DemEventParameter_ECU3_DTC58;259;DemDTC_ECU3_DTC58;16724026;DemComponent_ECU3_DTC58;CounterBasedClass;DEM_EVENT_KIND_SWC;DemFreezeFrameClass_Ecu3;DemExtendedDataClass_0;-;-;NoCallbackConfiguredForEventStatusChange;-;0;DEM_RECOV;2;;
;
-;-;"-";DemOperationCycle_Ignition;DEM_OPCYC_WARMUP;-;
DemEventParameter_ECU3_DTC59;260;DemDTC_ECU3_DTC59;16724027;DemComponent_ECU3_DTC59;CounterBasedClass;DEM_EVENT_KIND_SWC;DemFreezeFrameClass_Ecu3;DemExtendedDataClass_0;-;-;NoCallbackConfiguredForEventStatusChange;-;0;DEM_RECOV;2;;
;
-;-;"-";DemOperationCycle_Ignition;DEM_OPCYC_WARMUP;-;
DemEventParameter_ECU3_DTC60;261;DemDTC_ECU3_DTC60;16724028;DemComponent_ECU3_DTC60;CounterBasedClass;DEM_EVENT_KIND_SWC;DemFreezeFrameClass_Ecu3;DemExtendedDataClass_0;-;-;NoCallbackConfiguredForEventStatusChange;-;0;DEM_RECOV;2;;
;
-;-;"-";DemOperationCycle_Ignition;DEM_OPCYC_WARMUP;-;
DemEventParameter_ECU3_DTC61;262;DemDTC_ECU3_DTC61;16724029;DemComponent_ECU3_DTC61;CounterBasedClass;DEM_EVENT_KIND_SWC;DemFreezeFrameClass_Ecu3;DemExtendedDataClass_0;-;-;NoCallbackConfiguredForEventStatusChange;-;0;DEM_RECOV;2;;
;
-;-;"-";DemOperationCycle_Ignition;DEM_OPCYC_WARMUP;-;
DemEventParameter_ECU3_DTC62;263;DemDTC_ECU3_DTC62;16724030;DemComponent_ECU3_DTC62;CounterBasedClass;DEM_EVENT_KIND_SWC;DemFreezeFrameClass_Ecu3;DemExtendedDataClass_0;-;-;NoCallbackConfiguredForEventStatusChange;-;0;DEM_RECOV;2;;
;
-;-;"-";DemOperationCycle_Ignition;DEM_OPCYC_WARMUP;-;
DemEventParameter_ECU3_DTC63;264;DemDTC_ECU3_DTC63;16724031;DemComponent_ECU3_DTC63;CounterBasedClass;DEM_EVENT_KIND_SWC;DemFreezeFrameClass_Ecu3;DemExtendedDataClass_0;-;-;NoCallbackConfiguredForEventStatusChange;-;0;DEM_RECOV;2;;
;
-;-;"-";DemOperationCycle_Ignition;DEM_OPCYC_WARMUP;-;
DemEventParameter_ECU3_DTC64;265;DemDTC_ECU3_DTC64;16724032;DemComponent_ECU3_DTC64;CounterBasedClass;DEM_EVENT_KIND_SWC;DemFreezeFrameClass_Ecu3;DemExtendedDataClass_0;-;-;NoCallbackConfiguredForEventStatusChange;-;0;DEM_RECOV;2;;
;
-;-;"-";DemOperationCycle_Ignition;DEM_OPCYC_WARMUP;-;
DemEventParameter_ECU3_DTC65;266;DemDTC_ECU3_DTC65;16724033;DemComponent_ECU3_DTC65;CounterBasedClass;DEM_EVENT_KIND_SWC;DemFreezeFrameClass_Ecu3;DemExtendedDataClass_0;-;-;NoCallbackConfiguredForEventStatusChange;-;0;DEM_RECOV;2;;
;
-;-;"-";DemOperationCycle_Ignition;DEM_OPCYC_WARMUP;-;
DemEventParameter_ECU3_DTC66;267;DemDTC_ECU3_DTC66;16724034;DemComponent_ECU3_DTC66;CounterBasedClass;DEM_EVENT_KIND_SWC;DemFreezeFrameClass_Ecu3;DemExtendedDataClass_0;-;-;NoCallbackConfiguredForEventStatusChange;-;0;DEM_RECOV;2;;
;
-;-;"-";DemOperationCycle_Ignition;DEM_OPCYC_WARMUP;-;
DemEventParameter_ECU3_DTC67;268;DemDTC_ECU3_DTC67;16724035;DemComponent_ECU3_DTC67;CounterBasedClass;DEM_EVENT_KIND_SWC;DemFreezeFrameClass_Ecu3;DemExtendedDataClass_0;-;-;NoCallbackConfiguredForEventStatusChange;-;0;DEM_RECOV;2;;
;
-;-;"-";DemOperationCycle_Ignition;DEM_OPCYC_WARMUP;-;
DemEventParameter_ECU3_DTC68;269;DemDTC_ECU3_DTC68;16724036;DemComponent_ECU3_DTC68;CounterBasedClass;DEM_EVENT_KIND_SWC;DemFreezeFrameClass_Ecu3;DemExtendedDataClass_0;-;-;NoCallbackConfiguredForEventStatusChange;-;0;DEM_RECOV;2;;
;
-;-;"-";DemOperationCycle_Ignition;DEM_OPCYC_WARMUP;-;
DemEventParameter_ECU3_DTC69;270;DemDTC_ECU3_DTC69;16724037;DemComponent_ECU3_DTC69;CounterBasedClass;DEM_EVENT_KIND_SWC;DemFreezeFrameClass_Ecu3;DemExtendedDataClass_0;-;-;NoCallbackConfiguredForEventStatusChange;-;0;DEM_RECOV;2;;
;
-;-;"-";DemOperationCycle_Ignition;DEM_OPCYC_WARMUP;-;
DemEventParameter_ECU3_DTC70;271;DemDTC_ECU3_DTC70;16724038;DemComponent_ECU3_DTC70;CounterBasedClass;DEM_EVENT_KIND_SWC;DemFreezeFrameClass_Ecu3;DemExtendedDataClass_0;-;-;NoCallbackConfiguredForEventStatusChange;-;0;DEM_RECOV;2;;
;
-;-;"-";DemOperationCycle_Ignition;DEM_OPCYC_WARMUP;-;
DemEventParameter_ECU3_DTC71;272;DemDTC_ECU3_DTC71;16724039;DemComponent_ECU3_DTC71;CounterBasedClass;DEM_EVENT_KIND_SWC;DemFreezeFrameClass_Ecu3;DemExtendedDataClass_0;-;-;NoCallbackConfiguredForEventStatusChange;-;0;DEM_RECOV;2;;
;
-;-;"-";DemOperationCycle_Ignition;DEM_OPCYC_WARMUP;-;
DemEventParameter_ECU3_DTC72;273;DemDTC_ECU3_DTC72;16724040;DemComponent_ECU3_DTC72;CounterBasedClass;DEM_EVENT_KIND_SWC;DemFreezeFrameClass_Ecu3;DemExtendedDataClass_0;-;-;NoCallbackConfiguredForEventStatusChange;-;0;DEM_RECOV;2;;
;
-;-;"-";DemOperationCycle_Ignition;DEM_OPCYC_WARMUP;-;
DemEventParameter_ECU3_DTC73;274;DemDTC_ECU3_DTC73;16724041;DemComponent_ECU3_DTC73;CounterBasedClass;DEM_EVENT_KIND_SWC;DemFreezeFrameClass_Ecu3;DemExtendedDataClass_0;-;-;NoCallbackConfiguredForEventStatusChange;-;0;DEM_RECOV;2;;
;
-;-;"-";DemOperationCycle_Ignition;DEM_OPCYC_WARMUP;-;
DemEventParameter_ECU3_DTC74;275;DemDTC_ECU3_DTC74;16724042;DemComponent_ECU3_DTC74;CounterBasedClass;DEM_EVENT_KIND_SWC;DemFreezeFrameClass_Ecu3;DemExtendedDataClass_0;-;-;NoCallbackConfiguredForEventStatusChange;-;0;DEM_RECOV;2;;
;
-;-;"-";DemOperationCycle_Ignition;DEM_OPCYC_WARMUP;-;
DemEventParameter_ECU3_DTC75;276;DemDTC_ECU3_DTC75;16724043;DemComponent_ECU3_DTC75;CounterBasedClass;DEM_EVENT_KIND_SWC;DemFreezeFrameClass_Ecu3;DemExtendedDataClass_0;-;-;NoCallbackConfiguredForEventStatusChange;-;0;DEM_RECOV;2;;
;
-;-;"-";DemOperationCycle_Ignition;DEM_OPCYC_WARMUP;-;
DemEventParameter_ECU3_DTC76;277;DemDTC_ECU3_DTC76;16724044;DemComponent_ECU3_DTC76;CounterBasedClass;DEM_EVENT_KIND_SWC;DemFreezeFrameClass_Ecu3;DemExtendedDataClass_0;-;-;NoCallbackConfiguredForEventStatusChange;-;0;DEM_RECOV;2;;
;
-;-;"-";DemOperationCycle_Ignition;DEM_OPCYC_WARMUP;-;
DemEventParameter_ECU3_DTC77;278;DemDTC_ECU3_DTC77;16724045;DemComponent_ECU3_DTC77;CounterBasedClass;DEM_EVENT_KIND_SWC;DemFreezeFrameClass_Ecu3;DemExtendedDataClass_0;-;-;NoCallbackConfiguredForEventStatusChange;-;0;DEM_RECOV;2;;
;
-;-;"-";DemOperationCycle_Ignition;DEM_OPCYC_WARMUP;-;
DemEventParameter_ECU3_DTC78;279;DemDTC_ECU3_DTC78;16724046;DemComponent_ECU3_DTC78;CounterBasedClass;DEM_EVENT_KIND_SWC;DemFreezeFrameClass_Ecu3;DemExtendedDataClass_0;-;-;NoCallbackConfiguredForEventStatusChange;-;0;DEM_RECOV;2;;
;
-;-;"-";DemOperationCycle_Ignition;DEM_OPCYC_WARMUP;-;
DemEventParameter_ECU3_DTC79;280;DemDTC_ECU3_DTC79;16724047;DemComponent_ECU3_DTC79;CounterBasedClass;DEM_EVENT_KIND_SWC;DemFreezeFrameClass_Ecu3;DemExtendedDataClass_0;-;-;NoCallbackConfiguredForEventStatusChange;-;0;DEM_RECOV;2;;
;
-;-;"-";DemOperationCycle_Ignition;DEM_OPCYC_WARMUP;-;
DemEventParameter_ECU3_DTC80;281;DemDTC_ECU3_DTC80;16724048;DemComponent_ECU3_DTC80;CounterBasedClass;DEM_EVENT_KIND_SWC;DemFreezeFrameClass_Ecu3;DemExtendedDataClass_0;-;-;NoCallbackConfiguredForEventStatusChange;-;0;DEM_RECOV;2;;
;
-;-;"-";DemOperationCycle_Ignition;DEM_OPCYC_WARMUP;-;
DemEventParameter_ECU3_DTC81;282;DemDTC_ECU3_DTC81;16724049;DemComponent_ECU3_DTC81;CounterBasedClass;DEM_EVENT_KIND_SWC;DemFreezeFrameClass_Ecu3;DemExtendedDataClass_0;-;-;NoCallbackConfiguredForEventStatusChange;-;0;DEM_RECOV;2;;
;
-;-;"-";DemOperationCycle_Ignition;DEM_OPCYC_WARMUP;-;
DemEventParameter_ECU3_DTC82;283;DemDTC_ECU3_DTC82;16724050;DemComponent_ECU3_DTC82;CounterBasedClass;DEM_EVENT_KIND_SWC;DemFreezeFrameClass_Ecu3;DemExtendedDataClass_0;-;-;NoCallbackConfiguredForEventStatusChange;-;0;DEM_RECOV;2;;
;
-;-;"-";DemOperationCycle_Ignition;DEM_OPCYC_WARMUP;-;
DemEventParameter_ECU3_DTC83;284;DemDTC_ECU3_DTC83;16724051;DemComponent_ECU3_DTC83;CounterBasedClass;DEM_EVENT_KIND_SWC;DemFreezeFrameClass_Ecu3;DemExtendedDataClass_0;-;-;NoCallbackConfiguredForEventStatusChange;-;0;DEM_RECOV;2;;
;
-;-;"-";DemOperationCycle_Ignition;DEM_OPCYC_WARMUP;-;
DemEventParameter_ECU3_DTC84;285;DemDTC_ECU3_DTC84;16724052;DemComponent_ECU3_DTC84;CounterBasedClass;DEM_EVENT_KIND_SWC;DemFreezeFrameClass_Ecu3;DemExtendedDataClass_0;-;-;NoCallbackConfiguredForEventStatusChange;-;0;DEM_RECOV;2;;
;
-;-;"-";DemOperationCycle_Ignition;DEM_OPCYC_WARMUP;-;
DemEventParameter_ECU3_DTC85;286;DemDTC_ECU3_DTC85;16724053;DemComponent_ECU3_DTC85;CounterBasedClass;DEM_EVENT_KIND_SWC;DemFreezeFrameClass_Ecu3;DemExtendedDataClass_0;-;-;NoCallbackConfiguredForEventStatusChange;-;0;DEM_RECOV;2;;
;
-;-;"-";DemOperationCycle_Ignition;DEM_OPCYC_WARMUP;-;
DemEventParameter_ECU3_DTC86;287;DemDTC_ECU3_DTC86;16724054;DemComponent_ECU3_DTC86;CounterBasedClass;DEM_EVENT_KIND_SWC;DemFreezeFrameClass_Ecu3;DemExtendedDataClass_0;-;-;NoCallbackConfiguredForEventStatusChange;-;0;DEM_RECOV;2;;
;
-;-;"-";DemOperationCycle_Ignition;DEM_OPCYC_WARMUP;-;
DemEventParameter_ECU3_DTC87;288;DemDTC_ECU3_DTC87;16724055;DemComponent_ECU3_DTC87;CounterBasedClass;DEM_EVENT_KIND_SWC;DemFreezeFrameClass_Ecu3;DemExtendedDataClass_0;-;-;NoCallbackConfiguredForEventStatusChange;-;0;DEM_RECOV;2;;
;
-;-;"-";DemOperationCycle_Ignition;DEM_OPCYC_WARMUP;-;
DemEventParameter_ECU3_DTC88;289;DemDTC_ECU3_DTC88;16724056;DemComponent_ECU3_DTC88;CounterBasedClass;DEM_EVENT_KIND_SWC;DemFreezeFrameClass_Ecu3;DemExtendedDataClass_0;-;-;NoCallbackConfiguredForEventStatusChange;-;0;DEM_RECOV;2;;
;
-;-;"-";DemOperationCycle_Ignition;DEM_OPCYC_WARMUP;-;
DemEventParameter_ECU3_DTC89;290;DemDTC_ECU3_DTC89;16724057;DemComponent_ECU3_DTC89;CounterBasedClass;DEM_EVENT_KIND_SWC;DemFreezeFrameClass_Ecu3;DemExtendedDataClass_0;-;-;NoCallbackConfiguredForEventStatusChange;-;0;DEM_RECOV;2;;
;
-;-;"-";DemOperationCycle_Ignition;DEM_OPCYC_WARMUP;-;
DemEventParameter_ECU3_DTC90;291;DemDTC_ECU3_DTC90;16724058;DemComponent_ECU3_DTC90;CounterBasedClass;DEM_EVENT_KIND_SWC;DemFreezeFrameClass_Ecu3;DemExtendedDataClass_0;-;-;NoCallbackConfiguredForEventStatusChange;-;0;DEM_RECOV;2;;
;
-;-;"-";DemOperationCycle_Ignition;DEM_OPCYC_WARMUP;-;
DemEventParameter_ECU3_DTC91;292;DemDTC_ECU3_DTC91;16724059;DemComponent_ECU3_DTC91;CounterBasedClass;DEM_EVENT_KIND_SWC;DemFreezeFrameClass_Ecu3;DemExtendedDataClass_0;-;-;NoCallbackConfiguredForEventStatusChange;-;0;DEM_RECOV;2;;
;
-;-;"-";DemOperationCycle_Ignition;DEM_OPCYC_WARMUP;-;
DemEventParameter_ECU3_DTC92;293;DemDTC_ECU3_DTC92;16724060;DemComponent_ECU3_DTC92;CounterBasedClass;DEM_EVENT_KIND_SWC;DemFreezeFrameClass_Ecu3;DemExtendedDataClass_0;-;-;NoCallbackConfiguredForEventStatusChange;-;0;DEM_RECOV;2;;
;
-;-;"-";DemOperationCycle_Ignition;DEM_OPCYC_WARMUP;-;
DemEventParameter_ECU3_DTC93;294;DemDTC_ECU3_DTC93;16724061;DemComponent_ECU3_DTC93;CounterBasedClass;DEM_EVENT_KIND_SWC;DemFreezeFrameClass_Ecu3;DemExtendedDataClass_0;-;-;NoCallbackConfiguredForEventStatusChange;-;0;DEM_RECOV;2;;
;
-;-;"-";DemOperationCycle_Ignition;DEM_OPCYC_WARMUP;-;
DemEventParameter_ECU3_DTC94;295;DemDTC_ECU3_DTC94;16724062;DemComponent_ECU3_DTC94;CounterBasedClass;DEM_EVENT_KIND_SWC;DemFreezeFrameClass_Ecu3;DemExtendedDataClass_0;-;-;NoCallbackConfiguredForEventStatusChange;-;0;DEM_RECOV;2;;
;
-;-;"-";DemOperationCycle_Ignition;DEM_OPCYC_WARMUP;-;
DemEventParameter_ECU3_DTC95;296;DemDTC_ECU3_DTC95;16724063;DemComponent_ECU3_DTC95;CounterBasedClass;DEM_EVENT_KIND_SWC;DemFreezeFrameClass_Ecu3;DemExtendedDataClass_0;-;-;NoCallbackConfiguredForEventStatusChange;-;0;DEM_RECOV;2;;
;
-;-;"-";DemOperationCycle_Ignition;DEM_OPCYC_WARMUP;-;
DemEventParameter_ECU3_DTC96;297;DemDTC_ECU3_DTC96;16724064;DemComponent_ECU3_DTC96;CounterBasedClass;DEM_EVENT_KIND_SWC;DemFreezeFrameClass_Ecu3;DemExtendedDataClass_0;-;-;NoCallbackConfiguredForEventStatusChange;-;0;DEM_RECOV;2;;
;
-;-;"-";DemOperationCycle_Ignition;DEM_OPCYC_WARMUP;-;
DemEventParameter_ECU3_DTC97;298;DemDTC_ECU3_DTC97;16724065;DemComponent_ECU3_DTC97;CounterBasedClass;DEM_EVENT_KIND_SWC;DemFreezeFrameClass_Ecu3;DemExtendedDataClass_0;-;-;NoCallbackConfiguredForEventStatusChange;-;0;DEM_RECOV;2;;
;
-;-;"-";DemOperationCycle_Ignition;DEM_OPCYC_WARMUP;-;
DemEventParameter_ECU3_DTC98;299;DemDTC_ECU3_DTC98;16724066;DemComponent_ECU3_DTC98;CounterBasedClass;DEM_EVENT_KIND_SWC;DemFreezeFrameClass_Ecu3;DemExtendedDataClass_0;-;-;NoCallbackConfiguredForEventStatusChange;-;0;DEM_RECOV;2;;
;
-;-;"-";DemOperationCycle_Ignition;DEM_OPCYC_WARMUP;-;
DemEventParameter_ECU3_DTC99;300;DemDTC_ECU3_DTC99;16724067;DemComponent_ECU3_DTC99;CounterBasedClass;DEM_EVENT_KIND_SWC;DemFreezeFrameClass_Ecu3;DemExtendedDataClass_0;-;-;NoCallbackConfiguredForEventStatusChange;-;0;DEM_RECOV;2;;
;
-;-;"-";DemOperationCycle_Ignition;DEM_OPCYC_WARMUP;-;
DemEventParameter_ECU4_DTC00;301;DemDTC_ECU4_DTC00;721952;DemComponent_ECU4_DTC00;CounterBasedClass;DEM_EVENT_KIND_SWC;DemFreezeFrameClass_Ecu4;DemExtendedDataClass_0;-;-;NoCallbackConfiguredForEventStatusChange;-;0;DEM_RECOV;2;;
;
-;-;"-";DemOperationCycle_Ignition;DEM_OPCYC_WARMUP;-;
DemEventParameter_ECU4_DTC01;302;DemDTC_ECU4_DTC01;721920;DemComponent_ECU4_DTC01;CounterBasedClass;DEM_EVENT_KIND_SWC;DemFreezeFrameClass_Ecu4;DemExtendedDataClass_0;-;-;NoCallbackConfiguredForEventStatusChange;-;0;DEM_RECOV;2;;
;
-;-;"-";DemOperationCycle_Ignition;DEM_OPCYC_WARMUP;-;
DemEventParameter_ECU4_DTC02;303;DemDTC_ECU4_DTC02;721937;DemComponent_ECU4_DTC02;CounterBasedClass;DEM_EVENT_KIND_SWC;DemFreezeFrameClass_Ecu4;DemExtendedDataClass_0;-;-;NoCallbackConfiguredForEventStatusChange;-;0;DEM_RECOV;2;;
;
-;-;"-";DemOperationCycle_Ignition;DEM_OPCYC_WARMUP;-;
DemEventParameter_ECU4_DTC03;304;DemDTC_ECU4_DTC03;721921;DemComponent_ECU4_DTC03;CounterBasedClass;DEM_EVENT_KIND_SWC;DemFreezeFrameClass_Ecu4;DemExtendedDataClass_0;-;-;NoCallbackConfiguredForEventStatusChange;-;0;DEM_RECOV;2;;
;
-;-;"-";DemOperationCycle_Ignition;DEM_OPCYC_WARMUP;-;
DemEventParameter_ECU4_DTC04;305;DemDTC_ECU4_DTC04;721926;DemComponent_ECU4_DTC04;CounterBasedClass;DEM_EVENT_KIND_SWC;DemFreezeFrameClass_Ecu4;DemExtendedDataClass_0;-;-;NoCallbackConfiguredForEventStatusChange;-;0;DEM_RECOV;2;;
;
-;-;"-";DemOperationCycle_Ignition;DEM_OPCYC_WARMUP;-;
DemEventParameter_ECU4_DTC05;306;DemDTC_ECU4_DTC05;721922;DemComponent_ECU4_DTC05;CounterBasedClass;DEM_EVENT_KIND_SWC;DemFreezeFrameClass_Ecu4;DemExtendedDataClass_0;-;-;NoCallbackConfiguredForEventStatusChange;-;0;DEM_RECOV;2;;
;
-;-;"-";DemOperationCycle_Ignition;DEM_OPCYC_WARMUP;-;
DemEventParameter_ECU4_DTC06;307;DemDTC_ECU4_DTC06;721928;DemComponent_ECU4_DTC06;CounterBasedClass;DEM_EVENT_KIND_SWC;DemFreezeFrameClass_Ecu4;DemExtendedDataClass_0;-;-;NoCallbackConfiguredForEventStatusChange;-;0;DEM_RECOV;2;;
;
-;-;"-";DemOperationCycle_Ignition;DEM_OPCYC_WARMUP;-;
DemEventParameter_ECU4_DTC07;308;DemDTC_ECU4_DTC07;721936;DemComponent_ECU4_DTC07;CounterBasedClass;DEM_EVENT_KIND_SWC;DemFreezeFrameClass_Ecu4;DemExtendedDataClass_0;-;-;NoCallbackConfiguredForEventStatusChange;-;0;DEM_RECOV;2;;
;
-;-;"-";DemOperationCycle_Ignition;DEM_OPCYC_WARMUP;-;
DemEventParameter_ECU4_DTC08;309;DemDTC_ECU4_DTC08;721925;DemComponent_ECU4_DTC08;CounterBasedClass;DEM_EVENT_KIND_SWC;DemFreezeFrameClass_Ecu4;DemExtendedDataClass_0;-;-;NoCallbackConfiguredForEventStatusChange;-;0;DEM_RECOV;2;;
;
-;-;"-";DemOperationCycle_Ignition;DEM_OPCYC_WARMUP;-;
DemEventParameter_ECU4_DTC09;310;DemDTC_ECU4_DTC09;721927;DemComponent_ECU4_DTC09;CounterBasedClass;DEM_EVENT_KIND_SWC;DemFreezeFrameClass_Ecu4;DemExtendedDataClass_0;-;-;NoCallbackConfiguredForEventStatusChange;-;0;DEM_RECOV;2;;
;
-;-;"-";DemOperationCycle_Ignition;DEM_OPCYC_WARMUP;-;
DemEventParameter_ECU4_DTC10;311;DemDTC_ECU4_DTC10;721942;DemComponent_ECU4_DTC10;CounterBasedClass;DEM_EVENT_KIND_SWC;DemFreezeFrameClass_Ecu4;DemExtendedDataClass_0;-;-;NoCallbackConfiguredForEventStatusChange;-;0;DEM_RECOV;2;;
;
-;-;"-";DemOperationCycle_Ignition;DEM_OPCYC_WARMUP;-;
DemEventParameter_ECU4_DTC11;312;DemDTC_ECU4_DTC11;721943;DemComponent_ECU4_DTC11;CounterBasedClass;DEM_EVENT_KIND_SWC;DemFreezeFrameClass_Ecu4;DemExtendedDataClass_0;-;-;NoCallbackConfiguredForEventStatusChange;-;0;DEM_RECOV;2;;
;
-;-;"-";DemOperationCycle_Ignition;DEM_OPCYC_WARMUP;-;
DemEventParameter_ECU4_DTC12;313;DemDTC_ECU4_DTC12;721941;DemComponent_ECU4_DTC12;CounterBasedClass;DEM_EVENT_KIND_SWC;DemFreezeFrameClass_Ecu4;DemExtendedDataClass_0;-;-;NoCallbackConfiguredForEventStatusChange;-;0;DEM_RECOV;2;;
;
-;-;"-";DemOperationCycle_Ignition;DEM_OPCYC_WARMUP;-;
DemEventParameter_ECU4_DTC13;314;DemDTC_ECU4_DTC13;1203465;DemComponent_ECU4_DTC13;CounterBasedClass;DEM_EVENT_KIND_SWC;DemFreezeFrameClass_Ecu4;DemExtendedDataClass_0;-;-;NoCallbackConfiguredForEventStatusChange;-;0;DEM_RECOV;2;;
;
-;-;"-";DemOperationCycle_Ignition;DEM_OPCYC_WARMUP;-;
DemEventParameter_ECU4_DTC14;315;DemDTC_ECU4_DTC14;1203721;DemComponent_ECU4_DTC14;CounterBasedClass;DEM_EVENT_KIND_SWC;DemFreezeFrameClass_Ecu4;DemExtendedDataClass_0;-;-;NoCallbackConfiguredForEventStatusChange;-;0;DEM_RECOV;2;;
;
-;-;"-";DemOperationCycle_Ignition;DEM_OPCYC_WARMUP;-;
DemEventParameter_ECU4_DTC15;316;DemDTC_ECU4_DTC15;1203977;DemComponent_ECU4_DTC15;CounterBasedClass;DEM_EVENT_KIND_SWC;DemFreezeFrameClass_Ecu4;DemExtendedDataClass_0;-;-;NoCallbackConfiguredForEventStatusChange;-;0;DEM_RECOV;2;;
;
-;-;"-";DemOperationCycle_Ignition;DEM_OPCYC_WARMUP;-;
DemEventParameter_ECU4_DTC16;317;DemDTC_ECU4_DTC16;1207561;DemComponent_ECU4_DTC16;CounterBasedClass;DEM_EVENT_KIND_SWC;DemFreezeFrameClass_Ecu4;DemExtendedDataClass_0;-;-;NoCallbackConfiguredForEventStatusChange;-;0;DEM_RECOV;2;;
;
-;-;"-";DemOperationCycle_Ignition;DEM_OPCYC_WARMUP;-;
DemEventParameter_ECU4_DTC17;318;DemDTC_ECU4_DTC17;16728081;DemComponent_ECU4_DTC17;CounterBasedClass;DEM_EVENT_KIND_SWC;DemFreezeFrameClass_Ecu4;DemExtendedDataClass_0;-;-;NoCallbackConfiguredForEventStatusChange;-;0;DEM_RECOV;2;;
;
-;-;"-";DemOperationCycle_Ignition;DEM_OPCYC_WARMUP;-;
DemEventParameter_ECU4_DTC18;319;DemDTC_ECU4_DTC18;16728082;DemComponent_ECU4_DTC18;CounterBasedClass;DEM_EVENT_KIND_SWC;DemFreezeFrameClass_Ecu4;DemExtendedDataClass_0;-;-;NoCallbackConfiguredForEventStatusChange;-;0;DEM_RECOV;2;;
;
-;-;"-";DemOperationCycle_Ignition;DEM_OPCYC_WARMUP;-;
DemEventParameter_ECU4_DTC19;320;DemDTC_ECU4_DTC19;16728083;DemComponent_ECU4_DTC19;CounterBasedClass;DEM_EVENT_KIND_SWC;DemFreezeFrameClass_Ecu4;DemExtendedDataClass_0;-;-;NoCallbackConfiguredForEventStatusChange;-;0;DEM_RECOV;2;;
;
-;-;"-";DemOperationCycle_Ignition;DEM_OPCYC_WARMUP;-;
DemEventParameter_ECU4_DTC20;321;DemDTC_ECU4_DTC20;16728084;DemComponent_ECU4_DTC20;CounterBasedClass;DEM_EVENT_KIND_SWC;DemFreezeFrameClass_Ecu4;DemExtendedDataClass_0;-;-;NoCallbackConfiguredForEventStatusChange;-;0;DEM_RECOV;2;;
;
-;-;"-";DemOperationCycle_Ignition;DEM_OPCYC_WARMUP;-;
DemEventParameter_ECU4_DTC21;322;DemDTC_ECU4_DTC21;16728085;DemComponent_ECU4_DTC21;CounterBasedClass;DEM_EVENT_KIND_SWC;DemFreezeFrameClass_Ecu4;DemExtendedDataClass_0;-;-;NoCallbackConfiguredForEventStatusChange;-;0;DEM_RECOV;2;;
;
-;-;"-";DemOperationCycle_Ignition;DEM_OPCYC_WARMUP;-;
DemEventParameter_ECU4_DTC22;323;DemDTC_ECU4_DTC22;16728086;DemComponent_ECU4_DTC22;CounterBasedClass;DEM_EVENT_KIND_SWC;DemFreezeFrameClass_Ecu4;DemExtendedDataClass_0;-;-;NoCallbackConfiguredForEventStatusChange;-;0;DEM_RECOV;2;;
;
-;-;"-";DemOperationCycle_Ignition;DEM_OPCYC_WARMUP;-;
DemEventParameter_ECU4_DTC23;324;DemDTC_ECU4_DTC23;16728087;DemComponent_ECU4_DTC23;CounterBasedClass;DEM_EVENT_KIND_SWC;DemFreezeFrameClass_Ecu4;DemExtendedDataClass_0;-;-;NoCallbackConfiguredForEventStatusChange;-;0;DEM_RECOV;2;;
;
-;-;"-";DemOperationCycle_Ignition;DEM_OPCYC_WARMUP;-;
DemEventParameter_ECU4_DTC24;325;DemDTC_ECU4_DTC24;16728088;DemComponent_ECU4_DTC24;CounterBasedClass;DEM_EVENT_KIND_SWC;DemFreezeFrameClass_Ecu4;DemExtendedDataClass_0;-;-;NoCallbackConfiguredForEventStatusChange;-;0;DEM_RECOV;2;;
;
-;-;"-";DemOperationCycle_Ignition;DEM_OPCYC_WARMUP;-;
DemEventParameter_ECU4_DTC25;326;DemDTC_ECU4_DTC25;16728089;DemComponent_ECU4_DTC25;CounterBasedClass;DEM_EVENT_KIND_SWC;DemFreezeFrameClass_Ecu4;DemExtendedDataClass_0;-;-;NoCallbackConfiguredForEventStatusChange;-;0;DEM_RECOV;2;;
;
-;-;"-";DemOperationCycle_Ignition;DEM_OPCYC_WARMUP;-;
DemEventParameter_ECU4_DTC26;327;DemDTC_ECU4_DTC26;16728090;DemComponent_ECU4_DTC26;CounterBasedClass;DEM_EVENT_KIND_SWC;DemFreezeFrameClass_Ecu4;DemExtendedDataClass_0;-;-;NoCallbackConfiguredForEventStatusChange;-;0;DEM_RECOV;2;;
;
-;-;"-";DemOperationCycle_Ignition;DEM_OPCYC_WARMUP;-;
DemEventParameter_ECU4_DTC27;328;DemDTC_ECU4_DTC27;16728091;DemComponent_ECU4_DTC27;CounterBasedClass;DEM_EVENT_KIND_SWC;DemFreezeFrameClass_Ecu4;DemExtendedDataClass_0;-;-;NoCallbackConfiguredForEventStatusChange;-;0;DEM_RECOV;2;;
;
-;-;"-";DemOperationCycle_Ignition;DEM_OPCYC_WARMUP;-;
DemEventParameter_ECU4_DTC28;329;DemDTC_ECU4_DTC28;16728092;DemComponent_ECU4_DTC28;CounterBasedClass;DEM_EVENT_KIND_SWC;DemFreezeFrameClass_Ecu4;DemExtendedDataClass_0;-;-;NoCallbackConfiguredForEventStatusChange;-;0;DEM_RECOV;2;;
;
-;-;"-";DemOperationCycle_Ignition;DEM_OPCYC_WARMUP;-;
DemEventParameter_ECU4_DTC29;330;DemDTC_ECU4_DTC29;16728093;DemComponent_ECU4_DTC29;CounterBasedClass;DEM_EVENT_KIND_SWC;DemFreezeFrameClass_Ecu4;DemExtendedDataClass_0;-;-;NoCallbackConfiguredForEventStatusChange;-;0;DEM_RECOV;2;;
;
-;-;"-";DemOperationCycle_Ignition;DEM_OPCYC_WARMUP;-;
DemEventParameter_ECU4_DTC30;331;DemDTC_ECU4_DTC30;16728094;DemComponent_ECU4_DTC30;CounterBasedClass;DEM_EVENT_KIND_SWC;DemFreezeFrameClass_Ecu4;DemExtendedDataClass_0;-;-;NoCallbackConfiguredForEventStatusChange;-;0;DEM_RECOV;2;;
;
-;-;"-";DemOperationCycle_Ignition;DEM_OPCYC_WARMUP;-;
DemEventParameter_ECU4_DTC31;332;DemDTC_ECU4_DTC31;16728095;DemComponent_ECU4_DTC31;CounterBasedClass;DEM_EVENT_KIND_SWC;DemFreezeFrameClass_Ecu4;DemExtendedDataClass_0;-;-;NoCallbackConfiguredForEventStatusChange;-;0;DEM_RECOV;2;;
;
-;-;"-";DemOperationCycle_Ignition;DEM_OPCYC_WARMUP;-;
DemEventParameter_ECU4_DTC32;333;DemDTC_ECU4_DTC32;16728096;DemComponent_ECU4_DTC32;CounterBasedClass;DEM_EVENT_KIND_SWC;DemFreezeFrameClass_Ecu4;DemExtendedDataClass_0;-;-;NoCallbackConfiguredForEventStatusChange;-;0;DEM_RECOV;2;;
;
-;-;"-";DemOperationCycle_Ignition;DEM_OPCYC_WARMUP;-;
DemEventParameter_ECU4_DTC33;334;DemDTC_ECU4_DTC33;16728097;DemComponent_ECU4_DTC33;CounterBasedClass;DEM_EVENT_KIND_SWC;DemFreezeFrameClass_Ecu4;DemExtendedDataClass_0;-;-;NoCallbackConfiguredForEventStatusChange;-;0;DEM_RECOV;2;;
;
-;-;"-";DemOperationCycle_Ignition;DEM_OPCYC_WARMUP;-;
DemEventParameter_ECU4_DTC34;335;DemDTC_ECU4_DTC34;16728098;DemComponent_ECU4_DTC34;CounterBasedClass;DEM_EVENT_KIND_SWC;DemFreezeFrameClass_Ecu4;DemExtendedDataClass_0;-;-;NoCallbackConfiguredForEventStatusChange;-;0;DEM_RECOV;2;;
;
-;-;"-";DemOperationCycle_Ignition;DEM_OPCYC_WARMUP;-;
DemEventParameter_ECU4_DTC35;336;DemDTC_ECU4_DTC35;16728099;DemComponent_ECU4_DTC35;CounterBasedClass;DEM_EVENT_KIND_SWC;DemFreezeFrameClass_Ecu4;DemExtendedDataClass_0;-;-;NoCallbackConfiguredForEventStatusChange;-;0;DEM_RECOV;2;;
;
-;-;"-";DemOperationCycle_Ignition;DEM_OPCYC_WARMUP;-;
DemEventParameter_ECU4_DTC36;337;DemDTC_ECU4_DTC36;16728100;DemComponent_ECU4_DTC36;CounterBasedClass;DEM_EVENT_KIND_SWC;DemFreezeFrameClass_Ecu4;DemExtendedDataClass_0;-;-;NoCallbackConfiguredForEventStatusChange;-;0;DEM_RECOV;2;;
;
-;-;"-";DemOperationCycle_Ignition;DEM_OPCYC_WARMUP;-;
DemEventParameter_ECU4_DTC37;338;DemDTC_ECU4_DTC37;16728101;DemComponent_ECU4_DTC37;CounterBasedClass;DEM_EVENT_KIND_SWC;DemFreezeFrameClass_Ecu4;DemExtendedDataClass_0;-;-;NoCallbackConfiguredForEventStatusChange;-;0;DEM_RECOV;2;;
;
-;-;"-";DemOperationCycle_Ignition;DEM_OPCYC_WARMUP;-;
DemEventParameter_ECU4_DTC38;339;DemDTC_ECU4_DTC38;16728102;DemComponent_ECU4_DTC38;CounterBasedClass;DEM_EVENT_KIND_SWC;DemFreezeFrameClass_Ecu4;DemExtendedDataClass_0;-;-;NoCallbackConfiguredForEventStatusChange;-;0;DEM_RECOV;2;;
;
-;-;"-";DemOperationCycle_Ignition;DEM_OPCYC_WARMUP;-;
DemEventParameter_ECU4_DTC39;340;DemDTC_ECU4_DTC39;16728103;DemComponent_ECU4_DTC39;CounterBasedClass;DEM_EVENT_KIND_SWC;DemFreezeFrameClass_Ecu4;DemExtendedDataClass_0;-;-;NoCallbackConfiguredForEventStatusChange;-;0;DEM_RECOV;2;;
;
-;-;"-";DemOperationCycle_Ignition;DEM_OPCYC_WARMUP;-;
DemEventParameter_ECU4_DTC40;341;DemDTC_ECU4_DTC40;16728104;DemComponent_ECU4_DTC40;CounterBasedClass;DEM_EVENT_KIND_SWC;DemFreezeFrameClass_Ecu4;DemExtendedDataClass_0;-;-;NoCallbackConfiguredForEventStatusChange;-;0;DEM_RECOV;2;;
;
-;-;"-";DemOperationCycle_Ignition;DEM_OPCYC_WARMUP;-;
DemEventParameter_ECU4_DTC41;342;DemDTC_ECU4_DTC41;16728105;DemComponent_ECU4_DTC41;CounterBasedClass;DEM_EVENT_KIND_SWC;DemFreezeFrameClass_Ecu4;DemExtendedDataClass_0;-;-;NoCallbackConfiguredForEventStatusChange;-;0;DEM_RECOV;2;;
;
-;-;"-";DemOperationCycle_Ignition;DEM_OPCYC_WARMUP;-;
DemEventParameter_ECU4_DTC42;343;DemDTC_ECU4_DTC42;16728106;DemComponent_ECU4_DTC42;CounterBasedClass;DEM_EVENT_KIND_SWC;DemFreezeFrameClass_Ecu4;DemExtendedDataClass_0;-;-;NoCallbackConfiguredForEventStatusChange;-;0;DEM_RECOV;2;;
;
-;-;"-";DemOperationCycle_Ignition;DEM_OPCYC_WARMUP;-;
DemEventParameter_ECU4_DTC43;344;DemDTC_ECU4_DTC43;16728107;DemComponent_ECU4_DTC43;CounterBasedClass;DEM_EVENT_KIND_SWC;DemFreezeFrameClass_Ecu4;DemExtendedDataClass_0;-;-;NoCallbackConfiguredForEventStatusChange;-;0;DEM_RECOV;2;;
;
-;-;"-";DemOperationCycle_Ignition;DEM_OPCYC_WARMUP;-;
DemEventParameter_ECU4_DTC44;345;DemDTC_ECU4_DTC44;16728108;DemComponent_ECU4_DTC44;CounterBasedClass;DEM_EVENT_KIND_SWC;DemFreezeFrameClass_Ecu4;DemExtendedDataClass_0;-;-;NoCallbackConfiguredForEventStatusChange;-;0;DEM_RECOV;2;;
;
-;-;"-";DemOperationCycle_Ignition;DEM_OPCYC_WARMUP;-;
DemEventParameter_ECU4_DTC45;346;DemDTC_ECU4_DTC45;16728109;DemComponent_ECU4_DTC45;CounterBasedClass;DEM_EVENT_KIND_SWC;DemFreezeFrameClass_Ecu4;DemExtendedDataClass_0;-;-;NoCallbackConfiguredForEventStatusChange;-;0;DEM_RECOV;2;;
;
-;-;"-";DemOperationCycle_Ignition;DEM_OPCYC_WARMUP;-;
DemEventParameter_ECU4_DTC46;347;DemDTC_ECU4_DTC46;16728110;DemComponent_ECU4_DTC46;CounterBasedClass;DEM_EVENT_KIND_SWC;DemFreezeFrameClass_Ecu4;DemExtendedDataClass_0;-;-;NoCallbackConfiguredForEventStatusChange;-;0;DEM_RECOV;2;;
;
-;-;"-";DemOperationCycle_Ignition;DEM_OPCYC_WARMUP;-;
DemEventParameter_ECU4_DTC47;348;DemDTC_ECU4_DTC47;16728111;DemComponent_ECU4_DTC47;CounterBasedClass;DEM_EVENT_KIND_SWC;DemFreezeFrameClass_Ecu4;DemExtendedDataClass_0;-;-;NoCallbackConfiguredForEventStatusChange;-;0;DEM_RECOV;2;;
;
-;-;"-";DemOperationCycle_Ignition;DEM_OPCYC_WARMUP;-;
DemEventParameter_ECU4_DTC48;349;DemDTC_ECU4_DTC48;16728112;DemComponent_ECU4_DTC48;CounterBasedClass;DEM_EVENT_KIND_SWC;DemFreezeFrameClass_Ecu4;DemExtendedDataClass_0;-;-;NoCallbackConfiguredForEventStatusChange;-;0;DEM_RECOV;2;;
;
-;-;"-";DemOperationCycle_Ignition;DEM_OPCYC_WARMUP;-;
DemEventParameter_ECU4_DTC49;350;DemDTC_ECU4_DTC49;16728113;DemComponent_ECU4_DTC49;CounterBasedClass;DEM_EVENT_KIND_SWC;DemFreezeFrameClass_Ecu4;DemExtendedDataClass_0;-;-;NoCallbackConfiguredForEventStatusChange;-;0;DEM_RECOV;2;;
;
-;-;"-";DemOperationCycle_Ignition;DEM_OPCYC_WARMUP;-;
DemEventParameter_ECU4_DTC50;351;DemDTC_ECU4_DTC50;16728114;DemComponent_ECU4_DTC50;CounterBasedClass;DEM_EVENT_KIND_SWC;DemFreezeFrameClass_Ecu4;DemExtendedDataClass_0;-;-;NoCallbackConfiguredForEventStatusChange;-;0;DEM_RECOV;2;;
;
-;-;"-";DemOperationCycle_Ignition;DEM_OPCYC_WARMUP;-;
DemEventParameter_ECU4_DTC51;352;DemDTC_ECU4_DTC51;16728115;DemComponent_ECU4_DTC51;CounterBasedClass;DEM_EVENT_KIND_SWC;DemFreezeFrameClass_Ecu4;DemExtendedDataClass_0;-;-;NoCallbackConfiguredForEventStatusChange;-;0;DEM_RECOV;2;;
;
-;-;"-";DemOperationCycle_Ignition;DEM_OPCYC_WARMUP;-;
DemEventParameter_ECU4_DTC52;353;DemDTC_ECU4_DTC52;16728116;DemComponent_ECU4_DTC52;CounterBasedClass;DEM_EVENT_KIND_SWC;DemFreezeFrameClass_Ecu4;DemExtendedDataClass_0;-;-;NoCallbackConfiguredForEventStatusChange;-;0;DEM_RECOV;2;;
;
-;-;"-";DemOperationCycle_Ignition;DEM_OPCYC_WARMUP;-;
DemEventParameter_ECU4_DTC53;354;DemDTC_ECU4_DTC53;16728117;DemComponent_ECU4_DTC53;CounterBasedClass;DEM_EVENT_KIND_SWC;DemFreezeFrameClass_Ecu4;DemExtendedDataClass_0;-;-;NoCallbackConfiguredForEventStatusChange;-;0;DEM_RECOV;2;;
;
-;-;"-";DemOperationCycle_Ignition;DEM_OPCYC_WARMUP;-;
DemEventParameter_ECU4_DTC54;355;DemDTC_ECU4_DTC54;16728118;DemComponent_ECU4_DTC54;CounterBasedClass;DEM_EVENT_KIND_SWC;DemFreezeFrameClass_Ecu4;DemExtendedDataClass_0;-;-;NoCallbackConfiguredForEventStatusChange;-;0;DEM_RECOV;2;;
;
-;-;"-";DemOperationCycle_Ignition;DEM_OPCYC_WARMUP;-;
DemEventParameter_ECU4_DTC55;356;DemDTC_ECU4_DTC55;16728119;DemComponent_ECU4_DTC55;CounterBasedClass;DEM_EVENT_KIND_SWC;DemFreezeFrameClass_Ecu4;DemExtendedDataClass_0;-;-;NoCallbackConfiguredForEventStatusChange;-;0;DEM_RECOV;2;;
;
-;-;"-";DemOperationCycle_Ignition;DEM_OPCYC_WARMUP;-;
DemEventParameter_ECU4_DTC56;357;DemDTC_ECU4_DTC56;16728120;DemComponent_ECU4_DTC56;CounterBasedClass;DEM_EVENT_KIND_SWC;DemFreezeFrameClass_Ecu4;DemExtendedDataClass_0;-;-;NoCallbackConfiguredForEventStatusChange;-;0;DEM_RECOV;2;;
;
-;-;"-";DemOperationCycle_Ignition;DEM_OPCYC_WARMUP;-;
DemEventParameter_ECU4_DTC57;358;DemDTC_ECU4_DTC57;16728121;DemComponent_ECU4_DTC57;CounterBasedClass;DEM_EVENT_KIND_SWC;DemFreezeFrameClass_Ecu4;DemExtendedDataClass_0;-;-;NoCallbackConfiguredForEventStatusChange;-;0;DEM_RECOV;2;;
;
-;-;"-";DemOperationCycle_Ignition;DEM_OPCYC_WARMUP;-;
DemEventParameter_ECU4_DTC58;359;DemDTC_ECU4_DTC58;16728122;DemComponent_ECU4_DTC58;CounterBasedClass;DEM_EVENT_KIND_SWC;DemFreezeFrameClass_Ecu4;DemExtendedDataClass_0;-;-;NoCallbackConfiguredForEventStatusChange;-;0;DEM_RECOV;2;;
;
-;-;"-";DemOperationCycle_Ignition;DEM_OPCYC_WARMUP;-;
DemEventParameter_ECU4_DTC59;360;DemDTC_ECU4_DTC59;16728123;DemComponent_ECU4_DTC59;CounterBasedClass;DEM_EVENT_KIND_SWC;DemFreezeFrameClass_Ecu4;DemExtendedDataClass_0;-;-;NoCallbackConfiguredForEventStatusChange;-;0;DEM_RECOV;2;;
;
-;-;"-";DemOperationCycle_Ignition;DEM_OPCYC_WARMUP;-;
DemEventParameter_ECU4_DTC60;361;DemDTC_ECU4_DTC60;16728124;DemComponent_ECU4_DTC60;CounterBasedClass;DEM_EVENT_KIND_SWC;DemFreezeFrameClass_Ecu4;DemExtendedDataClass_0;-;-;NoCallbackConfiguredForEventStatusChange;-;0;DEM_RECOV;2;;
;
-;-;"-";DemOperationCycle_Ignition;DEM_OPCYC_WARMUP;-;
DemEventParameter_ECU4_DTC61;362;DemDTC_ECU4_DTC61;16728125;DemComponent_ECU4_DTC61;CounterBasedClass;DEM_EVENT_KIND_SWC;DemFreezeFrameClass_Ecu4;DemExtendedDataClass_0;-;-;NoCallbackConfiguredForEventStatusChange;-;0;DEM_RECOV;2;;
;
-;-;"-";DemOperationCycle_Ignition;DEM_OPCYC_WARMUP;-;
DemEventParameter_ECU4_DTC62;363;DemDTC_ECU4_DTC62;16728126;DemComponent_ECU4_DTC62;CounterBasedClass;DEM_EVENT_KIND_SWC;DemFreezeFrameClass_Ecu4;DemExtendedDataClass_0;-;-;NoCallbackConfiguredForEventStatusChange;-;0;DEM_RECOV;2;;
;
-;-;"-";DemOperationCycle_Ignition;DEM_OPCYC_WARMUP;-;
DemEventParameter_ECU4_DTC63;364;DemDTC_ECU4_DTC63;16728127;DemComponent_ECU4_DTC63;CounterBasedClass;DEM_EVENT_KIND_SWC;DemFreezeFrameClass_Ecu4;DemExtendedDataClass_0;-;-;NoCallbackConfiguredForEventStatusChange;-;0;DEM_RECOV;2;;
;
-;-;"-";DemOperationCycle_Ignition;DEM_OPCYC_WARMUP;-;
DemEventParameter_ECU4_DTC64;365;DemDTC_ECU4_DTC64;16728128;DemComponent_ECU4_DTC64;CounterBasedClass;DEM_EVENT_KIND_SWC;DemFreezeFrameClass_Ecu4;DemExtendedDataClass_0;-;-;NoCallbackConfiguredForEventStatusChange;-;0;DEM_RECOV;2;;
;
-;-;"-";DemOperationCycle_Ignition;DEM_OPCYC_WARMUP;-;
DemEventParameter_ECU4_DTC65;366;DemDTC_ECU4_DTC65;16728129;DemComponent_ECU4_DTC65;CounterBasedClass;DEM_EVENT_KIND_SWC;DemFreezeFrameClass_Ecu4;DemExtendedDataClass_0;-;-;NoCallbackConfiguredForEventStatusChange;-;0;DEM_RECOV;2;;
;
-;-;"-";DemOperationCycle_Ignition;DEM_OPCYC_WARMUP;-;
DemEventParameter_ECU4_DTC66;367;DemDTC_ECU4_DTC66;16728130;DemComponent_ECU4_DTC66;CounterBasedClass;DEM_EVENT_KIND_SWC;DemFreezeFrameClass_Ecu4;DemExtendedDataClass_0;-;-;NoCallbackConfiguredForEventStatusChange;-;0;DEM_RECOV;2;;
;
-;-;"-";DemOperationCycle_Ignition;DEM_OPCYC_WARMUP;-;
DemEventParameter_ECU4_DTC67;368;DemDTC_ECU4_DTC67;16728131;DemComponent_ECU4_DTC67;CounterBasedClass;DEM_EVENT_KIND_SWC;DemFreezeFrameClass_Ecu4;DemExtendedDataClass_0;-;-;NoCallbackConfiguredForEventStatusChange;-;0;DEM_RECOV;2;;
;
-;-;"-";DemOperationCycle_Ignition;DEM_OPCYC_WARMUP;-;
DemEventParameter_ECU4_DTC68;369;DemDTC_ECU4_DTC68;16728132;DemComponent_ECU4_DTC68;CounterBasedClass;DEM_EVENT_KIND_SWC;DemFreezeFrameClass_Ecu4;DemExtendedDataClass_0;-;-;NoCallbackConfiguredForEventStatusChange;-;0;DEM_RECOV;2;;
;
-;-;"-";DemOperationCycle_Ignition;DEM_OPCYC_WARMUP;-;
DemEventParameter_ECU4_DTC69;370;DemDTC_ECU4_DTC69;16728133;DemComponent_ECU4_DTC69;CounterBasedClass;DEM_EVENT_KIND_SWC;DemFreezeFrameClass_Ecu4;DemExtendedDataClass_0;-;-;NoCallbackConfiguredForEventStatusChange;-;0;DEM_RECOV;2;;
;
-;-;"-";DemOperationCycle_Ignition;DEM_OPCYC_WARMUP;-;
DemEventParameter_ECU4_DTC70;371;DemDTC_ECU4_DTC70;16728134;DemComponent_ECU4_DTC70;CounterBasedClass;DEM_EVENT_KIND_SWC;DemFreezeFrameClass_Ecu4;DemExtendedDataClass_0;-;-;NoCallbackConfiguredForEventStatusChange;-;0;DEM_RECOV;2;;
;
-;-;"-";DemOperationCycle_Ignition;DEM_OPCYC_WARMUP;-;
DemEventParameter_ECU4_DTC71;372;DemDTC_ECU4_DTC71;16728135;DemComponent_ECU4_DTC71;CounterBasedClass;DEM_EVENT_KIND_SWC;DemFreezeFrameClass_Ecu4;DemExtendedDataClass_0;-;-;NoCallbackConfiguredForEventStatusChange;-;0;DEM_RECOV;2;;
;
-;-;"-";DemOperationCycle_Ignition;DEM_OPCYC_WARMUP;-;
DemEventParameter_ECU4_DTC72;373;DemDTC_ECU4_DTC72;16728136;DemComponent_ECU4_DTC72;CounterBasedClass;DEM_EVENT_KIND_SWC;DemFreezeFrameClass_Ecu4;DemExtendedDataClass_0;-;-;NoCallbackConfiguredForEventStatusChange;-;0;DEM_RECOV;2;;
;
-;-;"-";DemOperationCycle_Ignition;DEM_OPCYC_WARMUP;-;
DemEventParameter_ECU4_DTC73;374;DemDTC_ECU4_DTC73;16728137;DemComponent_ECU4_DTC73;CounterBasedClass;DEM_EVENT_KIND_SWC;DemFreezeFrameClass_Ecu4;DemExtendedDataClass_0;-;-;NoCallbackConfiguredForEventStatusChange;-;0;DEM_RECOV;2;;
;
-;-;"-";DemOperationCycle_Ignition;DEM_OPCYC_WARMUP;-;
DemEventParameter_ECU4_DTC74;375;DemDTC_ECU4_DTC74;16728138;DemComponent_ECU4_DTC74;CounterBasedClass;DEM_EVENT_KIND_SWC;DemFreezeFrameClass_Ecu4;DemExtendedDataClass_0;-;-;NoCallbackConfiguredForEventStatusChange;-;0;DEM_RECOV;2;;
;
-;-;"-";DemOperationCycle_Ignition;DEM_OPCYC_WARMUP;-;
DemEventParameter_ECU4_DTC75;376;DemDTC_ECU4_DTC75;16728139;DemComponent_ECU4_DTC75;CounterBasedClass;DEM_EVENT_KIND_SWC;DemFreezeFrameClass_Ecu4;DemExtendedDataClass_0;-;-;NoCallbackConfiguredForEventStatusChange;-;0;DEM_RECOV;2;;
;
-;-;"-";DemOperationCycle_Ignition;DEM_OPCYC_WARMUP;-;
DemEventParameter_ECU4_DTC76;377;DemDTC_ECU4_DTC76;16728140;DemComponent_ECU4_DTC76;CounterBasedClass;DEM_EVENT_KIND_SWC;DemFreezeFrameClass_Ecu4;DemExtendedDataClass_0;-;-;NoCallbackConfiguredForEventStatusChange;-;0;DEM_RECOV;2;;
;
-;-;"-";DemOperationCycle_Ignition;DEM_OPCYC_WARMUP;-;
DemEventParameter_ECU4_DTC77;378;DemDTC_ECU4_DTC77;16728141;DemComponent_ECU4_DTC77;CounterBasedClass;DEM_EVENT_KIND_SWC;DemFreezeFrameClass_Ecu4;DemExtendedDataClass_0;-;-;NoCallbackConfiguredForEventStatusChange;-;0;DEM_RECOV;2;;
;
-;-;"-";DemOperationCycle_Ignition;DEM_OPCYC_WARMUP;-;
DemEventParameter_ECU4_DTC78;379;DemDTC_ECU4_DTC78;16728142;DemComponent_ECU4_DTC78;CounterBasedClass;DEM_EVENT_KIND_SWC;DemFreezeFrameClass_Ecu4;DemExtendedDataClass_0;-;-;NoCallbackConfiguredForEventStatusChange;-;0;DEM_RECOV;2;;
;
-;-;"-";DemOperationCycle_Ignition;DEM_OPCYC_WARMUP;-;
DemEventParameter_ECU4_DTC79;380;DemDTC_ECU4_DTC79;16728143;DemComponent_ECU4_DTC79;CounterBasedClass;DEM_EVENT_KIND_SWC;DemFreezeFrameClass_Ecu4;DemExtendedDataClass_0;-;-;NoCallbackConfiguredForEventStatusChange;-;0;DEM_RECOV;2;;
;
-;-;"-";DemOperationCycle_Ignition;DEM_OPCYC_WARMUP;-;
DemEventParameter_ECU4_DTC80;381;DemDTC_ECU4_DTC80;16728144;DemComponent_ECU4_DTC80;CounterBasedClass;DEM_EVENT_KIND_SWC;DemFreezeFrameClass_Ecu4;DemExtendedDataClass_0;-;-;NoCallbackConfiguredForEventStatusChange;-;0;DEM_RECOV;2;;
;
-;-;"-";DemOperationCycle_Ignition;DEM_OPCYC_WARMUP;-;
DemEventParameter_ECU4_DTC81;382;DemDTC_ECU4_DTC81;16728145;DemComponent_ECU4_DTC81;CounterBasedClass;DEM_EVENT_KIND_SWC;DemFreezeFrameClass_Ecu4;DemExtendedDataClass_0;-;-;NoCallbackConfiguredForEventStatusChange;-;0;DEM_RECOV;2;;
;
-;-;"-";DemOperationCycle_Ignition;DEM_OPCYC_WARMUP;-;
DemEventParameter_ECU4_DTC82;383;DemDTC_ECU4_DTC82;16728146;DemComponent_ECU4_DTC82;CounterBasedClass;DEM_EVENT_KIND_SWC;DemFreezeFrameClass_Ecu4;DemExtendedDataClass_0;-;-;NoCallbackConfiguredForEventStatusChange;-;0;DEM_RECOV;2;;
;
-;-;"-";DemOperationCycle_Ignition;DEM_OPCYC_WARMUP;-;
DemEventParameter_ECU4_DTC83;384;DemDTC_ECU4_DTC83;16728147;DemComponent_ECU4_DTC83;CounterBasedClass;DEM_EVENT_KIND_SWC;DemFreezeFrameClass_Ecu4;DemExtendedDataClass_0;-;-;NoCallbackConfiguredForEventStatusChange;-;0;DEM_RECOV;2;;
;
-;-;"-";DemOperationCycle_Ignition;DEM_OPCYC_WARMUP;-;
DemEventParameter_ECU4_DTC84;385;DemDTC_ECU4_DTC84;16728148;DemComponent_ECU4_DTC84;CounterBasedClass;DEM_EVENT_KIND_SWC;DemFreezeFrameClass_Ecu4;DemExtendedDataClass_0;-;-;NoCallbackConfiguredForEventStatusChange;-;0;DEM_RECOV;2;;
;
-;-;"-";DemOperationCycle_Ignition;DEM_OPCYC_WARMUP;-;
DemEventParameter_ECU4_DTC85;386;DemDTC_ECU4_DTC85;16728149;DemComponent_ECU4_DTC85;CounterBasedClass;DEM_EVENT_KIND_SWC;DemFreezeFrameClass_Ecu4;DemExtendedDataClass_0;-;-;NoCallbackConfiguredForEventStatusChange;-;0;DEM_RECOV;2;;
;
-;-;"-";DemOperationCycle_Ignition;DEM_OPCYC_WARMUP;-;
DemEventParameter_ECU4_DTC86;387;DemDTC_ECU4_DTC86;16728150;DemComponent_ECU4_DTC86;CounterBasedClass;DEM_EVENT_KIND_SWC;DemFreezeFrameClass_Ecu4;DemExtendedDataClass_0;-;-;NoCallbackConfiguredForEventStatusChange;-;0;DEM_RECOV;2;;
;
-;-;"-";DemOperationCycle_Ignition;DEM_OPCYC_WARMUP;-;
DemEventParameter_ECU4_DTC87;388;DemDTC_ECU4_DTC87;16728151;DemComponent_ECU4_DTC87;CounterBasedClass;DEM_EVENT_KIND_SWC;DemFreezeFrameClass_Ecu4;DemExtendedDataClass_0;-;-;NoCallbackConfiguredForEventStatusChange;-;0;DEM_RECOV;2;;
;
-;-;"-";DemOperationCycle_Ignition;DEM_OPCYC_WARMUP;-;
DemEventParameter_ECU4_DTC88;389;DemDTC_ECU4_DTC88;16728152;DemComponent_ECU4_DTC88;CounterBasedClass;DEM_EVENT_KIND_SWC;DemFreezeFrameClass_Ecu4;DemExtendedDataClass_0;-;-;NoCallbackConfiguredForEventStatusChange;-;0;DEM_RECOV;2;;
;
-;-;"-";DemOperationCycle_Ignition;DEM_OPCYC_WARMUP;-;
DemEventParameter_ECU4_DTC89;390;DemDTC_ECU4_DTC89;16728153;DemComponent_ECU4_DTC89;CounterBasedClass;DEM_EVENT_KIND_SWC;DemFreezeFrameClass_Ecu4;DemExtendedDataClass_0;-;-;NoCallbackConfiguredForEventStatusChange;-;0;DEM_RECOV;2;;
;
-;-;"-";DemOperationCycle_Ignition;DEM_OPCYC_WARMUP;-;
DemEventParameter_ECU4_DTC90;391;DemDTC_ECU4_DTC90;16728154;DemComponent_ECU4_DTC90;CounterBasedClass;DEM_EVENT_KIND_SWC;DemFreezeFrameClass_Ecu4;DemExtendedDataClass_0;-;-;NoCallbackConfiguredForEventStatusChange;-;0;DEM_RECOV;2;;
;
-;-;"-";DemOperationCycle_Ignition;DEM_OPCYC_WARMUP;-;
DemEventParameter_ECU4_DTC91;392;DemDTC_ECU4_DTC91;16728155;DemComponent_ECU4_DTC91;CounterBasedClass;DEM_EVENT_KIND_SWC;DemFreezeFrameClass_Ecu4;DemExtendedDataClass_0;-;-;NoCallbackConfiguredForEventStatusChange;-;0;DEM_RECOV;2;;
;
-;-;"-";DemOperationCycle_Ignition;DEM_OPCYC_WARMUP;-;
DemEventParameter_ECU4_DTC92;393;DemDTC_ECU4_DTC92;16728156;DemComponent_ECU4_DTC92;CounterBasedClass;DEM_EVENT_KIND_SWC;DemFreezeFrameClass_Ecu4;DemExtendedDataClass_0;-;-;NoCallbackConfiguredForEventStatusChange;-;0;DEM_RECOV;2;;
;
-;-;"-";DemOperationCycle_Ignition;DEM_OPCYC_WARMUP;-;
DemEventParameter_ECU4_DTC93;394;DemDTC_ECU4_DTC93;16728157;DemComponent_ECU4_DTC93;CounterBasedClass;DEM_EVENT_KIND_SWC;DemFreezeFrameClass_Ecu4;DemExtendedDataClass_0;-;-;NoCallbackConfiguredForEventStatusChange;-;0;DEM_RECOV;2;;
;
-;-;"-";DemOperationCycle_Ignition;DEM_OPCYC_WARMUP;-;
DemEventParameter_ECU4_DTC94;395;DemDTC_ECU4_DTC94;16728158;DemComponent_ECU4_DTC94;CounterBasedClass;DEM_EVENT_KIND_SWC;DemFreezeFrameClass_Ecu4;DemExtendedDataClass_0;-;-;NoCallbackConfiguredForEventStatusChange;-;0;DEM_RECOV;2;;
;
-;-;"-";DemOperationCycle_Ignition;DEM_OPCYC_WARMUP;-;
DemEventParameter_ECU4_DTC95;396;DemDTC_ECU4_DTC95;16728159;DemComponent_ECU4_DTC95;CounterBasedClass;DEM_EVENT_KIND_SWC;DemFreezeFrameClass_Ecu4;DemExtendedDataClass_0;-;-;NoCallbackConfiguredForEventStatusChange;-;0;DEM_RECOV;2;;
;
-;-;"-";DemOperationCycle_Ignition;DEM_OPCYC_WARMUP;-;
DemEventParameter_ECU4_DTC96;397;DemDTC_ECU4_DTC96;16728160;DemComponent_ECU4_DTC96;CounterBasedClass;DEM_EVENT_KIND_SWC;DemFreezeFrameClass_Ecu4;DemExtendedDataClass_0;-;-;NoCallbackConfiguredForEventStatusChange;-;0;DEM_RECOV;2;;
;
-;-;"-";DemOperationCycle_Ignition;DEM_OPCYC_WARMUP;-;
DemEventParameter_ECU4_DTC97;398;DemDTC_ECU4_DTC97;16728161;DemComponent_ECU4_DTC97;CounterBasedClass;DEM_EVENT_KIND_SWC;DemFreezeFrameClass_Ecu4;DemExtendedDataClass_0;-;-;NoCallbackConfiguredForEventStatusChange;-;0;DEM_RECOV;2;;
;
-;-;"-";DemOperationCycle_Ignition;DEM_OPCYC_WARMUP;-;
DemEventParameter_ECU4_DTC98;399;DemDTC_ECU4_DTC98;16728162;DemComponent_ECU4_DTC98;CounterBasedClass;DEM_EVENT_KIND_SWC;DemFreezeFrameClass_Ecu4;DemExtendedDataClass_0;-;-;NoCallbackConfiguredForEventStatusChange;-;0;DEM_RECOV;2;;
;
-;-;"-";DemOperationCycle_Ignition;DEM_OPCYC_WARMUP;-;
DemEventParameter_ECU4_DTC99;400;DemDTC_ECU4_DTC99;16728163;DemComponent_ECU4_DTC99;CounterBasedClass;DEM_EVENT_KIND_SWC;DemFreezeFrameClass_Ecu4;DemExtendedDataClass_0;-;-;NoCallbackConfiguredForEventStatusChange;-;0;DEM_RECOV;2;;
;
-;-;"-";DemOperationCycle_Ignition;DEM_OPCYC_WARMUP;-;
DemEventParameter_ECU5_DTC00;401;DemDTC_ECU5_DTC00;722448;DemComponent_ECU5_DTC00;CounterBasedClass;DEM_EVENT_KIND_SWC;DemFreezeFrameClass_Ecu5;DemExtendedDataClass_0;-;-;NoCallbackConfiguredForEventStatusChange;-;0;DEM_RECOV;2;;
;
-;-;"-";DemOperationCycle_Ignition;DEM_OPCYC_WARMUP;-;
DemEventParameter_ECU5_DTC01;402;DemDTC_ECU5_DTC01;722466;DemComponent_ECU5_DTC01;CounterBasedClass;DEM_EVENT_KIND_SWC;DemFreezeFrameClass_Ecu5;DemExtendedDataClass_0;-;-;NoCallbackConfiguredForEventStatusChange;-;0;DEM_RECOV;2;;
;
-;-;"-";DemOperationCycle_Ignition;DEM_OPCYC_WARMUP;-;
DemEventParameter_ECU5_DTC02;403;DemDTC_ECU5_DTC02;722531;DemComponent_ECU5_DTC02;CounterBasedClass;DEM_EVENT_KIND_SWC;DemFreezeFrameClass_Ecu5;DemExtendedDataClass_0;-;-;NoCallbackConfiguredForEventStatusChange;-;0;DEM_RECOV;2;;
;
-;-;"-";DemOperationCycle_Ignition;DEM_OPCYC_WARMUP;-;
DemEventParameter_ECU5_DTC03;404;DemDTC_ECU5_DTC03;722532;DemComponent_ECU5_DTC03;CounterBasedClass;DEM_EVENT_KIND_SWC;DemFreezeFrameClass_Ecu5;DemExtendedDataClass_0;-;-;NoCallbackConfiguredForEventStatusChange;-;0;DEM_RECOV;2;;
;
-;-;"-";DemOperationCycle_Ignition;DEM_OPCYC_WARMUP;-;
DemEventParameter_ECU5_DTC04;405;DemDTC_ECU5_DTC04;722537;DemComponent_ECU5_DTC04;CounterBasedClass;DEM_EVENT_KIND_SWC;DemFreezeFrameClass_Ecu5;DemExtendedDataClass_0;-;-;NoCallbackConfiguredForEventStatusChange;-;0;DEM_RECOV;2;;
;
-;-;"-";DemOperationCycle_Ignition;DEM_OPCYC_WARMUP;-;
DemEventParameter_ECU5_DTC05;406;DemDTC_ECU5_DTC05;722565;DemComponent_ECU5_DTC05;CounterBasedClass;DEM_EVENT_KIND_SWC;DemFreezeFrameClass_Ecu5;DemExtendedDataClass_0;-;-;NoCallbackConfiguredForEventStatusChange;-;0;DEM_RECOV;2;;
;
-;-;"-";DemOperationCycle_Ignition;DEM_OPCYC_WARMUP;-;
DemEventParameter_ECU5_DTC06;407;DemDTC_ECU5_DTC06;722566;DemComponent_ECU5_DTC06;CounterBasedClass;DEM_EVENT_KIND_SWC;DemFreezeFrameClass_Ecu5;DemExtendedDataClass_0;-;-;NoCallbackConfiguredForEventStatusChange;-;0;DEM_RECOV;2;;
;
-;-;"-";DemOperationCycle_Ignition;DEM_OPCYC_WARMUP;-;
DemEventParameter_ECU5_DTC07;408;DemDTC_ECU5_DTC07;722567;DemComponent_ECU5_DTC07;CounterBasedClass;DEM_EVENT_KIND_SWC;DemFreezeFrameClass_Ecu5;DemExtendedDataClass_0;-;-;NoCallbackConfiguredForEventStatusChange;-;0;DEM_RECOV;2;;
;
-;-;"-";DemOperationCycle_Ignition;DEM_OPCYC_WARMUP;-;
DemEventParameter_ECU5_DTC08;409;DemDTC_ECU5_DTC08;722568;DemComponent_ECU5_DTC08;CounterBasedClass;DEM_EVENT_KIND_SWC;DemFreezeFrameClass_Ecu5;DemExtendedDataClass_0;-;-;NoCallbackConfiguredForEventStatusChange;-;0;DEM_RECOV;2;;
;
-;-;"-";DemOperationCycle_Ignition;DEM_OPCYC_WARMUP;-;
DemEventParameter_ECU5_DTC09;410;DemDTC_ECU5_DTC09;722452;DemComponent_ECU5_DTC09;CounterBasedClass;DEM_EVENT_KIND_SWC;DemFreezeFrameClass_Ecu5;DemExtendedDataClass_0;-;-;NoCallbackConfiguredForEventStatusChange;-;0;DEM_RECOV;2;;
;
-;-;"-";DemOperationCycle_Ignition;DEM_OPCYC_WARMUP;-;
DemEventParameter_ECU5_DTC10;411;DemDTC_ECU5_DTC10;722450;DemComponent_ECU5_DTC10;CounterBasedClass;DEM_EVENT_KIND_SWC;DemFreezeFrameClass_Ecu5;DemExtendedDataClass_0;-;-;NoCallbackConfiguredForEventStatusChange;-;0;DEM_RECOV;2;;
;
-;-;"-";DemOperationCycle_Ignition;DEM_OPCYC_WARMUP;-;
DemEventParameter_ECU5_DTC11;412;DemDTC_ECU5_DTC11;722545;DemComponent_ECU5_DTC11;CounterBasedClass;DEM_EVENT_KIND_SWC;DemFreezeFrameClass_Ecu5;DemExtendedDataClass_0;-;-;NoCallbackConfiguredForEventStatusChange;-;0;DEM_RECOV;2;;
;
-;-;"-";DemOperationCycle_Ignition;DEM_OPCYC_WARMUP;-;
DemEventParameter_ECU5_DTC12;413;DemDTC_ECU5_DTC12;722470;DemComponent_ECU5_DTC12;CounterBasedClass;DEM_EVENT_KIND_SWC;DemFreezeFrameClass_Ecu5;DemExtendedDataClass_0;-;-;NoCallbackConfiguredForEventStatusChange;-;0;DEM_RECOV;2;;
;
-;-;"-";DemOperationCycle_Ignition;DEM_OPCYC_WARMUP;-;
DemEventParameter_ECU5_DTC13;414;DemDTC_ECU5_DTC13;722471;DemComponent_ECU5_DTC13;CounterBasedClass;DEM_EVENT_KIND_SWC;DemFreezeFrameClass_Ecu5;DemExtendedDataClass_0;-;-;NoCallbackConfiguredForEventStatusChange;-;0;DEM_RECOV;2;;
;
-;-;"-";DemOperationCycle_Ignition;DEM_OPCYC_WARMUP;-;
DemEventParameter_ECU5_DTC14;415;DemDTC_ECU5_DTC14;722482;DemComponent_ECU5_DTC14;CounterBasedClass;DEM_EVENT_KIND_SWC;DemFreezeFrameClass_Ecu5;DemExtendedDataClass_0;-;-;NoCallbackConfiguredForEventStatusChange;-;0;DEM_RECOV;2;;
;
-;-;"-";DemOperationCycle_Ignition;DEM_OPCYC_WARMUP;-;
DemEventParameter_ECU5_DTC15;416;DemDTC_ECU5_DTC15;722483;DemComponent_ECU5_DTC15;CounterBasedClass;DEM_EVENT_KIND_SWC;DemFreezeFrameClass_Ecu5;DemExtendedDataClass_0;-;-;NoCallbackConfiguredForEventStatusChange;-;0;DEM_RECOV;2;;
;
-;-;"-";DemOperationCycle_Ignition;DEM_OPCYC_WARMUP;-;
DemEventParameter_ECU5_DTC16;417;DemDTC_ECU5_DTC16;722484;DemComponent_ECU5_DTC16;CounterBasedClass;DEM_EVENT_KIND_SWC;DemFreezeFrameClass_Ecu5;DemExtendedDataClass_0;-;-;NoCallbackConfiguredForEventStatusChange;-;0;DEM_RECOV;2;;
;
-;-;"-";DemOperationCycle_Ignition;DEM_OPCYC_WARMUP;-;
DemEventParameter_ECU5_DTC17;418;DemDTC_ECU5_DTC17;722485;DemComponent_ECU5_DTC17;CounterBasedClass;DEM_EVENT_KIND_SWC;DemFreezeFrameClass_Ecu5;DemExtendedDataClass_0;-;-;NoCallbackConfiguredForEventStatusChange;-;0;DEM_RECOV;2;;
;
-;-;"-";DemOperationCycle_Ignition;DEM_OPCYC_WARMUP;-;
DemEventParameter_ECU5_DTC18;419;DemDTC_ECU5_DTC18;722449;DemComponent_ECU5_DTC18;CounterBasedClass;DEM_EVENT_KIND_SWC;DemFreezeFrameClass_Ecu5;DemExtendedDataClass_0;-;-;NoCallbackConfiguredForEventStatusChange;-;0;DEM_RECOV;2;;
;
-;-;"-";DemOperationCycle_Ignition;DEM_OPCYC_WARMUP;-;
DemEventParameter_ECU5_DTC19;420;DemDTC_ECU5_DTC19;722544;DemComponent_ECU5_DTC19;CounterBasedClass;DEM_EVENT_KIND_SWC;DemFreezeFrameClass_Ecu5;DemExtendedDataClass_0;-;-;NoCallbackConfiguredForEventStatusChange;-;0;DEM_RECOV;2;;
;
-;-;"-";DemOperationCycle_Ignition;DEM_OPCYC_WARMUP;-;
DemEventParameter_ECU5_DTC20;421;DemDTC_ECU5_DTC20;722453;DemComponent_ECU5_DTC20;CounterBasedClass;DEM_EVENT_KIND_SWC;DemFreezeFrameClass_Ecu5;DemExtendedDataClass_0;-;-;NoCallbackConfiguredForEventStatusChange;-;0;DEM_RECOV;2;;
;
-;-;"-";DemOperationCycle_Ignition;DEM_OPCYC_WARMUP;-;
DemEventParameter_ECU5_DTC21;422;DemDTC_ECU5_DTC21;722436;DemComponent_ECU5_DTC21;CounterBasedClass;DEM_EVENT_KIND_SWC;DemFreezeFrameClass_Ecu5;DemExtendedDataClass_0;-;-;NoCallbackConfiguredForEventStatusChange;-;0;DEM_RECOV;2;;
;
-;-;"-";DemOperationCycle_Ignition;DEM_OPCYC_WARMUP;-;
DemEventParameter_ECU5_DTC22;423;DemDTC_ECU5_DTC22;46609;DemComponent_ECU5_DTC22;CounterBasedClass;DEM_EVENT_KIND_SWC;DemFreezeFrameClass_Ecu5;DemExtendedDataClass_0;-;-;NoCallbackConfiguredForEventStatusChange;-;0;DEM_RECOV;2;;
;
-;-;"-";DemOperationCycle_Ignition;DEM_OPCYC_WARMUP;-;
DemEventParameter_ECU5_DTC23;424;DemDTC_ECU5_DTC23;1184331;DemComponent_ECU5_DTC23;CounterBasedClass;DEM_EVENT_KIND_SWC;DemFreezeFrameClass_Ecu5;DemExtendedDataClass_0;-;-;NoCallbackConfiguredForEventStatusChange;-;0;DEM_RECOV;2;;
;
-;-;"-";DemOperationCycle_Ignition;DEM_OPCYC_WARMUP;-;
DemEventParameter_ECU5_DTC24;425;DemDTC_ECU5_DTC24;1184537;DemComponent_ECU5_DTC24;CounterBasedClass;DEM_EVENT_KIND_SWC;DemFreezeFrameClass_Ecu5;DemExtendedDataClass_0;-;-;NoCallbackConfiguredForEventStatusChange;-;0;DEM_RECOV;2;;
;
-;-;"-";DemOperationCycle_Ignition;DEM_OPCYC_WARMUP;-;
DemEventParameter_ECU5_DTC25;426;DemDTC_ECU5_DTC25;1184587;DemComponent_ECU5_DTC25;CounterBasedClass;DEM_EVENT_KIND_SWC;DemFreezeFrameClass_Ecu5;DemExtendedDataClass_0;-;-;NoCallbackConfiguredForEventStatusChange;-;0;DEM_RECOV;2;;
;
-;-;"-";DemOperationCycle_Ignition;DEM_OPCYC_WARMUP;-;
DemEventParameter_ECU5_DTC26;427;DemDTC_ECU5_DTC26;16732186;DemComponent_ECU5_DTC26;CounterBasedClass;DEM_EVENT_KIND_SWC;DemFreezeFrameClass_Ecu5;DemExtendedDataClass_0;-;-;NoCallbackConfiguredForEventStatusChange;-;0;DEM_RECOV;2;;
;
-;-;"-";DemOperationCycle_Ignition;DEM_OPCYC_WARMUP;-;
DemEventParameter_ECU5_DTC27;428;DemDTC_ECU5_DTC27;16732187;DemComponent_ECU5_DTC27;CounterBasedClass;DEM_EVENT_KIND_SWC;DemFreezeFrameClass_Ecu5;DemExtendedDataClass_0;-;-;NoCallbackConfiguredForEventStatusChange;-;0;DEM_RECOV;2;;
;
-;-;"-";DemOperationCycle_Ignition;DEM_OPCYC_WARMUP;-;
DemEventParameter_ECU5_DTC28;429;DemDTC_ECU5_DTC28;16732188;DemComponent_ECU5_DTC28;CounterBasedClass;DEM_EVENT_KIND_SWC;DemFreezeFrameClass_Ecu5;DemExtendedDataClass_0;-;-;NoCallbackConfiguredForEventStatusChange;-;0;DEM_RECOV;2;;
;
-;-;"-";DemOperationCycle_Ignition;DEM_OPCYC_WARMUP;-;
DemEventParameter_ECU5_DTC29;430;DemDTC_ECU5_DTC29;16732189;DemComponent_ECU5_DTC29;CounterBasedClass;DEM_EVENT_KIND_SWC;DemFreezeFrameClass_Ecu5;DemExtendedDataClass_0;-;-;NoCallbackConfiguredForEventStatusChange;-;0;DEM_RECOV;2;;
;
-;-;"-";DemOperationCycle_Ignition;DEM_OPCYC_WARMUP;-;
DemEventParameter_ECU5_DTC30;431;DemDTC_ECU5_DTC30;16732190;DemComponent_ECU5_DTC30;CounterBasedClass;DEM_EVENT_KIND_SWC;DemFreezeFrameClass_Ecu5;DemExtendedDataClass_0;-;-;NoCallbackConfiguredForEventStatusChange;-;0;DEM_RECOV;2;;
;
-;-;"-";DemOperationCycle_Ignition;DEM_OPCYC_WARMUP;-;
DemEventParameter_ECU5_DTC31;432;DemDTC_ECU5_DTC31;16732191;DemComponent_ECU5_DTC31;CounterBasedClass;DEM_EVENT_KIND_SWC;DemFreezeFrameClass_Ecu5;DemExtendedDataClass_0;-;-;NoCallbackConfiguredForEventStatusChange;-;0;DEM_RECOV;2;;
;
-;-;"-";DemOperationCycle_Ignition;DEM_OPCYC_WARMUP;-;
DemEventParameter_ECU5_DTC32;433;DemDTC_ECU5_DTC32;16732192;DemComponent_ECU5_DTC32;CounterBasedClass;DEM_EVENT_KIND_SWC;DemFreezeFrameClass_Ecu5;DemExtendedDataClass_0;-;-;NoCallbackConfiguredForEventStatusChange;-;0;DEM_RECOV;2;;
;
-;-;"-";DemOperationCycle_Ignition;DEM_OPCYC_WARMUP;-;
DemEventParameter_ECU5_DTC33;434;DemDTC_ECU5_DTC33;16732193;DemComponent_ECU5_DTC33;CounterBasedClass;DEM_EVENT_KIND_SWC;DemFreezeFrameClass_Ecu5;DemExtendedDataClass_0;-;-;NoCallbackConfiguredForEventStatusChange;-;0;DEM_RECOV;2;;
;
-;-;"-";DemOperationCycle_Ignition;DEM_OPCYC_WARMUP;-;
DemEventParameter_ECU5_DTC34;435;DemDTC_ECU5_DTC34;16732194;DemComponent_ECU5_DTC34;CounterBasedClass;DEM_EVENT_KIND_SWC;DemFreezeFrameClass_Ecu5;DemExtendedDataClass_0;-;-;NoCallbackConfiguredForEventStatusChange;-;0;DEM_RECOV;2;;
;
-;-;"-";DemOperationCycle_Ignition;DEM_OPCYC_WARMUP;-;
DemEventParameter_ECU5_DTC35;436;DemDTC_ECU5_DTC35;16732195;DemComponent_ECU5_DTC35;CounterBasedClass;DEM_EVENT_KIND_SWC;DemFreezeFrameClass_Ecu5;DemExtendedDataClass_0;-;-;NoCallbackConfiguredForEventStatusChange;-;0;DEM_RECOV;2;;
;
-;-;"-";DemOperationCycle_Ignition;DEM_OPCYC_WARMUP;-;
DemEventParameter_ECU5_DTC36;437;DemDTC_ECU5_DTC36;16732196;DemComponent_ECU5_DTC36;CounterBasedClass;DEM_EVENT_KIND_SWC;DemFreezeFrameClass_Ecu5;DemExtendedDataClass_0;-;-;NoCallbackConfiguredForEventStatusChange;-;0;DEM_RECOV;2;;
;
-;-;"-";DemOperationCycle_Ignition;DEM_OPCYC_WARMUP;-;
DemEventParameter_ECU5_DTC37;438;DemDTC_ECU5_DTC37;16732197;DemComponent_ECU5_DTC37;CounterBasedClass;DEM_EVENT_KIND_SWC;DemFreezeFrameClass_Ecu5;DemExtendedDataClass_0;-;-;NoCallbackConfiguredForEventStatusChange;-;0;DEM_RECOV;2;;
;
-;-;"-";DemOperationCycle_Ignition;DEM_OPCYC_WARMUP;-;
DemEventParameter_ECU5_DTC38;439;DemDTC_ECU5_DTC38;16732198;DemComponent_ECU5_DTC38;CounterBasedClass;DEM_EVENT_KIND_SWC;DemFreezeFrameClass_Ecu5;DemExtendedDataClass_0;-;-;NoCallbackConfiguredForEventStatusChange;-;0;DEM_RECOV;2;;
;
-;-;"-";DemOperationCycle_Ignition;DEM_OPCYC_WARMUP;-;
DemEventParameter_ECU5_DTC39;440;DemDTC_ECU5_DTC39;16732199;DemComponent_ECU5_DTC39;CounterBasedClass;DEM_EVENT_KIND_SWC;DemFreezeFrameClass_Ecu5;DemExtendedDataClass_0;-;-;NoCallbackConfiguredForEventStatusChange;-;0;DEM_RECOV;2;;
;
-;-;"-";DemOperationCycle_Ignition;DEM_OPCYC_WARMUP;-;
DemEventParameter_ECU5_DTC40;441;DemDTC_ECU5_DTC40;16732200;DemComponent_ECU5_DTC40;CounterBasedClass;DEM_EVENT_KIND_SWC;DemFreezeFrameClass_Ecu5;DemExtendedDataClass_0;-;-;NoCallbackConfiguredForEventStatusChange;-;0;DEM_RECOV;2;;
;
-;-;"-";DemOperationCycle_Ignition;DEM_OPCYC_WARMUP;-;
DemEventParameter_ECU5_DTC41;442;DemDTC_ECU5_DTC41;16732201;DemComponent_ECU5_DTC41;CounterBasedClass;DEM_EVENT_KIND_SWC;DemFreezeFrameClass_Ecu5;DemExtendedDataClass_0;-;-;NoCallbackConfiguredForEventStatusChange;-;0;DEM_RECOV;2;;
;
-;-;"-";DemOperationCycle_Ignition;DEM_OPCYC_WARMUP;-;
DemEventParameter_ECU5_DTC42;443;DemDTC_ECU5_DTC42;16732202;DemComponent_ECU5_DTC42;CounterBasedClass;DEM_EVENT_KIND_SWC;DemFreezeFrameClass_Ecu5;DemExtendedDataClass_0;-;-;NoCallbackConfiguredForEventStatusChange;-;0;DEM_RECOV;2;;
;
-;-;"-";DemOperationCycle_Ignition;DEM_OPCYC_WARMUP;-;
DemEventParameter_ECU5_DTC43;444;DemDTC_ECU5_DTC43;16732203;DemComponent_ECU5_DTC43;CounterBasedClass;DEM_EVENT_KIND_SWC;DemFreezeFrameClass_Ecu5;DemExtendedDataClass_0;-;-;NoCallbackConfiguredForEventStatusChange;-;0;DEM_RECOV;2;;
;
-;-;"-";DemOperationCycle_Ignition;DEM_OPCYC_WARMUP;-;
DemEventParameter_ECU5_DTC44;445;DemDTC_ECU5_DTC44;16732204;DemComponent_ECU5_DTC44;CounterBasedClass;DEM_EVENT_KIND_SWC;DemFreezeFrameClass_Ecu5;DemExtendedDataClass_0;-;-;NoCallbackConfiguredForEventStatusChange;-;0;DEM_RECOV;2;;
;
-;-;"-";DemOperationCycle_Ignition;DEM_OPCYC_WARMUP;-;
DemEventParameter_ECU5_DTC45;446;DemDTC_ECU5_DTC45;16732205;DemComponent_ECU5_DTC45;CounterBasedClass;DEM_EVENT_KIND_SWC;DemFreezeFrameClass_Ecu5;DemExtendedDataClass_0;-;-;NoCallbackConfiguredForEventStatusChange;-;0;DEM_RECOV;2;;
;
-;-;"-";DemOperationCycle_Ignition;DEM_OPCYC_WARMUP;-;
DemEventParameter_ECU5_DTC46;447;DemDTC_ECU5_DTC46;16732206;DemComponent_ECU5_DTC46;CounterBasedClass;DEM_EVENT_KIND_SWC;DemFreezeFrameClass_Ecu5;DemExtendedDataClass_0;-;-;NoCallbackConfiguredForEventStatusChange;-;0;DEM_RECOV;2;;
;
-;-;"-";DemOperationCycle_Ignition;DEM_OPCYC_WARMUP;-;
DemEventParameter_ECU5_DTC47;448;DemDTC_ECU5_DTC47;16732207;DemComponent_ECU5_DTC47;CounterBasedClass;DEM_EVENT_KIND_SWC;DemFreezeFrameClass_Ecu5;DemExtendedDataClass_0;-;-;NoCallbackConfiguredForEventStatusChange;-;0;DEM_RECOV;2;;
;
-;-;"-";DemOperationCycle_Ignition;DEM_OPCYC_WARMUP;-;
DemEventParameter_ECU5_DTC48;449;DemDTC_ECU5_DTC48;16732208;DemComponent_ECU5_DTC48;CounterBasedClass;DEM_EVENT_KIND_SWC;DemFreezeFrameClass_Ecu5;DemExtendedDataClass_0;-;-;NoCallbackConfiguredForEventStatusChange;-;0;DEM_RECOV;2;;
;
-;-;"-";DemOperationCycle_Ignition;DEM_OPCYC_WARMUP;-;
DemEventParameter_ECU5_DTC49;450;DemDTC_ECU5_DTC49;16732209;DemComponent_ECU5_DTC49;CounterBasedClass;DEM_EVENT_KIND_SWC;DemFreezeFrameClass_Ecu5;DemExtendedDataClass_0;-;-;NoCallbackConfiguredForEventStatusChange;-;0;DEM_RECOV;2;;
;
-;-;"-";DemOperationCycle_Ignition;DEM_OPCYC_WARMUP;-;
DemEventParameter_ECU5_DTC50;451;DemDTC_ECU5_DTC50;16732210;DemComponent_ECU5_DTC50;CounterBasedClass;DEM_EVENT_KIND_SWC;DemFreezeFrameClass_Ecu5;DemExtendedDataClass_0;-;-;NoCallbackConfiguredForEventStatusChange;-;0;DEM_RECOV;2;;
;
-;-;"-";DemOperationCycle_Ignition;DEM_OPCYC_WARMUP;-;
DemEventParameter_ECU5_DTC51;452;DemDTC_ECU5_DTC51;16732211;DemComponent_ECU5_DTC51;CounterBasedClass;DEM_EVENT_KIND_SWC;DemFreezeFrameClass_Ecu5;DemExtendedDataClass_0;-;-;NoCallbackConfiguredForEventStatusChange;-;0;DEM_RECOV;2;;
;
-;-;"-";DemOperationCycle_Ignition;DEM_OPCYC_WARMUP;-;
DemEventParameter_ECU5_DTC52;453;DemDTC_ECU5_DTC52;16732212;DemComponent_ECU5_DTC52;CounterBasedClass;DEM_EVENT_KIND_SWC;DemFreezeFrameClass_Ecu5;DemExtendedDataClass_0;-;-;NoCallbackConfiguredForEventStatusChange;-;0;DEM_RECOV;2;;
;
-;-;"-";DemOperationCycle_Ignition;DEM_OPCYC_WARMUP;-;
DemEventParameter_ECU5_DTC53;454;DemDTC_ECU5_DTC53;16732213;DemComponent_ECU5_DTC53;CounterBasedClass;DEM_EVENT_KIND_SWC;DemFreezeFrameClass_Ecu5;DemExtendedDataClass_0;-;-;NoCallbackConfiguredForEventStatusChange;-;0;DEM_RECOV;2;;
;
-;-;"-";DemOperationCycle_Ignition;DEM_OPCYC_WARMUP;-;
DemEventParameter_ECU5_DTC54;455;DemDTC_ECU5_DTC54;16732214;DemComponent_ECU5_DTC54;CounterBasedClass;DEM_EVENT_KIND_SWC;DemFreezeFrameClass_Ecu5;DemExtendedDataClass_0;-;-;NoCallbackConfiguredForEventStatusChange;-;0;DEM_RECOV;2;;
;
-;-;"-";DemOperationCycle_Ignition;DEM_OPCYC_WARMUP;-;
DemEventParameter_ECU5_DTC55;456;DemDTC_ECU5_DTC55;16732215;DemComponent_ECU5_DTC55;CounterBasedClass;DEM_EVENT_KIND_SWC;DemFreezeFrameClass_Ecu5;DemExtendedDataClass_0;-;-;NoCallbackConfiguredForEventStatusChange;-;0;DEM_RECOV;2;;
;
-;-;"-";DemOperationCycle_Ignition;DEM_OPCYC_WARMUP;-;
DemEventParameter_ECU5_DTC56;457;DemDTC_ECU5_DTC56;16732216;DemComponent_ECU5_DTC56;CounterBasedClass;DEM_EVENT_KIND_SWC;DemFreezeFrameClass_Ecu5;DemExtendedDataClass_0;-;-;NoCallbackConfiguredForEventStatusChange;-;0;DEM_RECOV;2;;
;
-;-;"-";DemOperationCycle_Ignition;DEM_OPCYC_WARMUP;-;
DemEventParameter_ECU5_DTC57;458;DemDTC_ECU5_DTC57;16732217;DemComponent_ECU5_DTC57;CounterBasedClass;DEM_EVENT_KIND_SWC;DemFreezeFrameClass_Ecu5;DemExtendedDataClass_0;-;-;NoCallbackConfiguredForEventStatusChange;-;0;DEM_RECOV;2;;
;
-;-;"-";DemOperationCycle_Ignition;DEM_OPCYC_WARMUP;-;
DemEventParameter_ECU5_DTC58;459;DemDTC_ECU5_DTC58;16732218;DemComponent_ECU5_DTC58;CounterBasedClass;DEM_EVENT_KIND_SWC;DemFreezeFrameClass_Ecu5;DemExtendedDataClass_0;-;-;NoCallbackConfiguredForEventStatusChange;-;0;DEM_RECOV;2;;
;
-;-;"-";DemOperationCycle_Ignition;DEM_OPCYC_WARMUP;-;
DemEventParameter_ECU5_DTC59;460;DemDTC_ECU5_DTC59;16732219;DemComponent_ECU5_DTC59;CounterBasedClass;DEM_EVENT_KIND_SWC;DemFreezeFrameClass_Ecu5;DemExtendedDataClass_0;-;-;NoCallbackConfiguredForEventStatusChange;-;0;DEM_RECOV;2;;
;
-;-;"-";DemOperationCycle_Ignition;DEM_OPCYC_WARMUP;-;
DemEventParameter_ECU5_DTC60;461;DemDTC_ECU5_DTC60;16732220;DemComponent_ECU5_DTC60;CounterBasedClass;DEM_EVENT_KIND_SWC;DemFreezeFrameClass_Ecu5;DemExtendedDataClass_0;-;-;NoCallbackConfiguredForEventStatusChange;-;0;DEM_RECOV;2;;
;
-;-;"-";DemOperationCycle_Ignition;DEM_OPCYC_WARMUP;-;
DemEventParameter_ECU5_DTC61;462;DemDTC_ECU5_DTC61;16732221;DemComponent_ECU5_DTC61;CounterBasedClass;DEM_EVENT_KIND_SWC;DemFreezeFrameClass_Ecu5;DemExtendedDataClass_0;-;-;NoCallbackConfiguredForEventStatusChange;-;0;DEM_RECOV;2;;
;
-;-;"-";DemOperationCycle_Ignition;DEM_OPCYC_WARMUP;-;
DemEventParameter_ECU5_DTC62;463;DemDTC_ECU5_DTC62;16732222;DemComponent_ECU5_DTC62;CounterBasedClass;DEM_EVENT_KIND_SWC;DemFreezeFrameClass_Ecu5;DemExtendedDataClass_0;-;-;NoCallbackConfiguredForEventStatusChange;-;0;DEM_RECOV;2;;
;
-;-;"-";DemOperationCycle_Ignition;DEM_OPCYC_WARMUP;-;
DemEventParameter_ECU5_DTC63;464;DemDTC_ECU5_DTC63;16732223;DemComponent_ECU5_DTC63;CounterBasedClass;DEM_EVENT_KIND_SWC;DemFreezeFrameClass_Ecu5;DemExtendedDataClass_0;-;-;NoCallbackConfiguredForEventStatusChange;-;0;DEM_RECOV;2;;
;
-;-;"-";DemOperationCycle_Ignition;DEM_OPCYC_WARMUP;-;
DemEventParameter_ECU5_DTC64;465;DemDTC_ECU5_DTC64;16732224;DemComponent_ECU5_DTC64;CounterBasedClass;DEM_EVENT_KIND_SWC;DemFreezeFrameClass_Ecu5;DemExtendedDataClass_0;-;-;NoCallbackConfiguredForEventStatusChange;-;0;DEM_RECOV;2;;
;
-;-;"-";DemOperationCycle_Ignition;DEM_OPCYC_WARMUP;-;
DemEventParameter_ECU5_DTC65;466;DemDTC_ECU5_DTC65;16732225;DemComponent_ECU5_DTC65;CounterBasedClass;DEM_EVENT_KIND_SWC;DemFreezeFrameClass_Ecu5;DemExtendedDataClass_0;-;-;NoCallbackConfiguredForEventStatusChange;-;0;DEM_RECOV;2;;
;
-;-;"-";DemOperationCycle_Ignition;DEM_OPCYC_WARMUP;-;
DemEventParameter_ECU5_DTC66;467;DemDTC_ECU5_DTC66;16732226;DemComponent_ECU5_DTC66;CounterBasedClass;DEM_EVENT_KIND_SWC;DemFreezeFrameClass_Ecu5;DemExtendedDataClass_0;-;-;NoCallbackConfiguredForEventStatusChange;-;0;DEM_RECOV;2;;
;
-;-;"-";DemOperationCycle_Ignition;DEM_OPCYC_WARMUP;-;
DemEventParameter_ECU5_DTC67;468;DemDTC_ECU5_DTC67;16732227;DemComponent_ECU5_DTC67;CounterBasedClass;DEM_EVENT_KIND_SWC;DemFreezeFrameClass_Ecu5;DemExtendedDataClass_0;-;-;NoCallbackConfiguredForEventStatusChange;-;0;DEM_RECOV;2;;
;
-;-;"-";DemOperationCycle_Ignition;DEM_OPCYC_WARMUP;-;
DemEventParameter_ECU5_DTC68;469;DemDTC_ECU5_DTC68;16732228;DemComponent_ECU5_DTC68;CounterBasedClass;DEM_EVENT_KIND_SWC;DemFreezeFrameClass_Ecu5;DemExtendedDataClass_0;-;-;NoCallbackConfiguredForEventStatusChange;-;0;DEM_RECOV;2;;
;
-;-;"-";DemOperationCycle_Ignition;DEM_OPCYC_WARMUP;-;
DemEventParameter_ECU5_DTC69;470;DemDTC_ECU5_DTC69;16732229;DemComponent_ECU5_DTC69;CounterBasedClass;DEM_EVENT_KIND_SWC;DemFreezeFrameClass_Ecu5;DemExtendedDataClass_0;-;-;NoCallbackConfiguredForEventStatusChange;-;0;DEM_RECOV;2;;
;
-;-;"-";DemOperationCycle_Ignition;DEM_OPCYC_WARMUP;-;
DemEventParameter_ECU5_DTC70;471;DemDTC_ECU5_DTC70;16732230;DemComponent_ECU5_DTC70;CounterBasedClass;DEM_EVENT_KIND_SWC;DemFreezeFrameClass_Ecu5;DemExtendedDataClass_0;-;-;NoCallbackConfiguredForEventStatusChange;-;0;DEM_RECOV;2;;
;
-;-;"-";DemOperationCycle_Ignition;DEM_OPCYC_WARMUP;-;
DemEventParameter_ECU5_DTC71;472;DemDTC_ECU5_DTC71;16732231;DemComponent_ECU5_DTC71;CounterBasedClass;DEM_EVENT_KIND_SWC;DemFreezeFrameClass_Ecu5;DemExtendedDataClass_0;-;-;NoCallbackConfiguredForEventStatusChange;-;0;DEM_RECOV;2;;
;
-;-;"-";DemOperationCycle_Ignition;DEM_OPCYC_WARMUP;-;
DemEventParameter_ECU5_DTC72;473;DemDTC_ECU5_DTC72;16732232;DemComponent_ECU5_DTC72;CounterBasedClass;DEM_EVENT_KIND_SWC;DemFreezeFrameClass_Ecu5;DemExtendedDataClass_0;-;-;NoCallbackConfiguredForEventStatusChange;-;0;DEM_RECOV;2;;
;
-;-;"-";DemOperationCycle_Ignition;DEM_OPCYC_WARMUP;-;
DemEventParameter_ECU5_DTC73;474;DemDTC_ECU5_DTC73;16732233;DemComponent_ECU5_DTC73;CounterBasedClass;DEM_EVENT_KIND_SWC;DemFreezeFrameClass_Ecu5;DemExtendedDataClass_0;-;-;NoCallbackConfiguredForEventStatusChange;-;0;DEM_RECOV;2;;
;
-;-;"-";DemOperationCycle_Ignition;DEM_OPCYC_WARMUP;-;
DemEventParameter_ECU5_DTC74;475;DemDTC_ECU5_DTC74;16732234;DemComponent_ECU5_DTC74;CounterBasedClass;DEM_EVENT_KIND_SWC;DemFreezeFrameClass_Ecu5;DemExtendedDataClass_0;-;-;NoCallbackConfiguredForEventStatusChange;-;0;DEM_RECOV;2;;
;
-;-;"-";DemOperationCycle_Ignition;DEM_OPCYC_WARMUP;-;
DemEventParameter_ECU5_DTC75;476;DemDTC_ECU5_DTC75;16732235;DemComponent_ECU5_DTC75;CounterBasedClass;DEM_EVENT_KIND_SWC;DemFreezeFrameClass_Ecu5;DemExtendedDataClass_0;-;-;NoCallbackConfiguredForEventStatusChange;-;0;DEM_RECOV;2;;
;
-;-;"-";DemOperationCycle_Ignition;DEM_OPCYC_WARMUP;-;
DemEventParameter_ECU5_DTC76;477;DemDTC_ECU5_DTC76;16732236;DemComponent_ECU5_DTC76;CounterBasedClass;DEM_EVENT_KIND_SWC;DemFreezeFrameClass_Ecu5;DemExtendedDataClass_0;-;-;NoCallbackConfiguredForEventStatusChange;-;0;DEM_RECOV;2;;
;
-;-;"-";DemOperationCycle_Ignition;DEM_OPCYC_WARMUP;-;
DemEventParameter_ECU5_DTC77;478;DemDTC_ECU5_DTC77;16732237;DemComponent_ECU5_DTC77;CounterBasedClass;DEM_EVENT_KIND_SWC;DemFreezeFrameClass_Ecu5;DemExtendedDataClass_0;-;-;NoCallbackConfiguredForEventStatusChange;-;0;DEM_RECOV;2;;
;
-;-;"-";DemOperationCycle_Ignition;DEM_OPCYC_WARMUP;-;
DemEventParameter_ECU5_DTC78;479;DemDTC_ECU5_DTC78;16732238;DemComponent_ECU5_DTC78;CounterBasedClass;DEM_EVENT_KIND_SWC;DemFreezeFrameClass_Ecu5;DemExtendedDataClass_0;-;-;NoCallbackConfiguredForEventStatusChange;-;0;DEM_RECOV;2;;
;
-;-;"-";DemOperationCycle_Ignition;DEM_OPCYC_WARMUP;-;
DemEventParameter_ECU5_DTC79;480;DemDTC_ECU5_DTC79;16732239;DemComponent_ECU5_DTC79;CounterBasedClass;DEM_EVENT_KIND_SWC;DemFreezeFrameClass_Ecu5;DemExtendedDataClass_0;-;-;NoCallbackConfiguredForEventStatusChange;-;0;DEM_RECOV;2;;
;
-;-;"-";DemOperationCycle_Ignition;DEM_OPCYC_WARMUP;-;
DemEventParameter_ECU5_DTC80;481;DemDTC_ECU5_DTC80;16732240;DemComponent_ECU5_DTC80;CounterBasedClass;DEM_EVENT_KIND_SWC;DemFreezeFrameClass_Ecu5;DemExtendedDataClass_0;-;-;NoCallbackConfiguredForEventStatusChange;-;0;DEM_RECOV;2;;
;
-;-;"-";DemOperationCycle_Ignition;DEM_OPCYC_WARMUP;-;
DemEventParameter_ECU5_DTC81;482;DemDTC_ECU5_DTC81;16732241;DemComponent_ECU5_DTC81;CounterBasedClass;DEM_EVENT_KIND_SWC;DemFreezeFrameClass_Ecu5;DemExtendedDataClass_0;-;-;NoCallbackConfiguredForEventStatusChange;-;0;DEM_RECOV;2;;
;
-;-;"-";DemOperationCycle_Ignition;DEM_OPCYC_WARMUP;-;
DemEventParameter_ECU5_DTC82;483;DemDTC_ECU5_DTC82;16732242;DemComponent_ECU5_DTC82;CounterBasedClass;DEM_EVENT_KIND_SWC;DemFreezeFrameClass_Ecu5;DemExtendedDataClass_0;-;-;NoCallbackConfiguredForEventStatusChange;-;0;DEM_RECOV;2;;
;
-;-;"-";DemOperationCycle_Ignition;DEM_OPCYC_WARMUP;-;
DemEventParameter_ECU5_DTC83;484;DemDTC_ECU5_DTC83;16732243;DemComponent_ECU5_DTC83;CounterBasedClass;DEM_EVENT_KIND_SWC;DemFreezeFrameClass_Ecu5;DemExtendedDataClass_0;-;-;NoCallbackConfiguredForEventStatusChange;-;0;DEM_RECOV;2;;
;
-;-;"-";DemOperationCycle_Ignition;DEM_OPCYC_WARMUP;-;
DemEventParameter_ECU5_DTC84;485;DemDTC_ECU5_DTC84;16732244;DemComponent_ECU5_DTC84;CounterBasedClass;DEM_EVENT_KIND_SWC;DemFreezeFrameClass_Ecu5;DemExtendedDataClass_0;-;-;NoCallbackConfiguredForEventStatusChange;-;0;DEM_RECOV;2;;
;
-;-;"-";DemOperationCycle_Ignition;DEM_OPCYC_WARMUP;-;
DemEventParameter_ECU5_DTC85;486;DemDTC_ECU5_DTC85;16732245;DemComponent_ECU5_DTC85;CounterBasedClass;DEM_EVENT_KIND_SWC;DemFreezeFrameClass_Ecu5;DemExtendedDataClass_0;-;-;NoCallbackConfiguredForEventStatusChange;-;0;DEM_RECOV;2;;
;
-;-;"-";DemOperationCycle_Ignition;DEM_OPCYC_WARMUP;-;
DemEventParameter_ECU5_DTC86;487;DemDTC_ECU5_DTC86;16732246;DemComponent_ECU5_DTC86;CounterBasedClass;DEM_EVENT_KIND_SWC;DemFreezeFrameClass_Ecu5;DemExtendedDataClass_0;-;-;NoCallbackConfiguredForEventStatusChange;-;0;DEM_RECOV;2;;
;
-;-;"-";DemOperationCycle_Ignition;DEM_OPCYC_WARMUP;-;
DemEventParameter_ECU5_DTC87;488;DemDTC_ECU5_DTC87;16732247;DemComponent_ECU5_DTC87;CounterBasedClass;DEM_EVENT_KIND_SWC;DemFreezeFrameClass_Ecu5;DemExtendedDataClass_0;-;-;NoCallbackConfiguredForEventStatusChange;-;0;DEM_RECOV;2;;
;
-;-;"-";DemOperationCycle_Ignition;DEM_OPCYC_WARMUP;-;
DemEventParameter_ECU5_DTC88;489;DemDTC_ECU5_DTC88;16732248;DemComponent_ECU5_DTC88;CounterBasedClass;DEM_EVENT_KIND_SWC;DemFreezeFrameClass_Ecu5;DemExtendedDataClass_0;-;-;NoCallbackConfiguredForEventStatusChange;-;0;DEM_RECOV;2;;
;
-;-;"-";DemOperationCycle_Ignition;DEM_OPCYC_WARMUP;-;
DemEventParameter_ECU5_DTC89;490;DemDTC_ECU5_DTC89;16732249;DemComponent_ECU5_DTC89;CounterBasedClass;DEM_EVENT_KIND_SWC;DemFreezeFrameClass_Ecu5;DemExtendedDataClass_0;-;-;NoCallbackConfiguredForEventStatusChange;-;0;DEM_RECOV;2;;
;
-;-;"-";DemOperationCycle_Ignition;DEM_OPCYC_WARMUP;-;
DemEventParameter_ECU5_DTC90;491;DemDTC_ECU5_DTC90;16732250;DemComponent_ECU5_DTC90;CounterBasedClass;DEM_EVENT_KIND_SWC;DemFreezeFrameClass_Ecu5;DemExtendedDataClass_0;-;-;NoCallbackConfiguredForEventStatusChange;-;0;DEM_RECOV;2;;
;
-;-;"-";DemOperationCycle_Ignition;DEM_OPCYC_WARMUP;-;
DemEventParameter_ECU5_DTC91;492;DemDTC_ECU5_DTC91;16732251;DemComponent_ECU5_DTC91;CounterBasedClass;DEM_EVENT_KIND_SWC;DemFreezeFrameClass_Ecu5;DemExtendedDataClass_0;-;-;NoCallbackConfiguredForEventStatusChange;-;0;DEM_RECOV;2;;
;
-;-;"-";DemOperationCycle_Ignition;DEM_OPCYC_WARMUP;-;
DemEventParameter_ECU5_DTC92;493;DemDTC_ECU5_DTC92;16732252;DemComponent_ECU5_DTC92;CounterBasedClass;DEM_EVENT_KIND_SWC;DemFreezeFrameClass_Ecu5;DemExtendedDataClass_0;-;-;NoCallbackConfiguredForEventStatusChange;-;0;DEM_RECOV;2;;
;
-;-;"-";DemOperationCycle_Ignition;DEM_OPCYC_WARMUP;-;
DemEventParameter_ECU5_DTC93;494;DemDTC_ECU5_DTC93;16732253;DemComponent_ECU5_DTC93;CounterBasedClass;DEM_EVENT_KIND_SWC;DemFreezeFrameClass_Ecu5;DemExtendedDataClass_0;-;-;NoCallbackConfiguredForEventStatusChange;-;0;DEM_RECOV;2;;
;
-;-;"-";DemOperationCycle_Ignition;DEM_OPCYC_WARMUP;-;
DemEventParameter_ECU5_DTC94;495;DemDTC_ECU5_DTC94;16732254;DemComponent_ECU5_DTC94;CounterBasedClass;DEM_EVENT_KIND_SWC;DemFreezeFrameClass_Ecu5;DemExtendedDataClass_0;-;-;NoCallbackConfiguredForEventStatusChange;-;0;DEM_RECOV;2;;
;
-;-;"-";DemOperationCycle_Ignition;DEM_OPCYC_WARMUP;-;
DemEventParameter_ECU5_DTC95;496;DemDTC_ECU5_DTC95;16732255;DemComponent_ECU5_DTC95;CounterBasedClass;DEM_EVENT_KIND_SWC;DemFreezeFrameClass_Ecu5;DemExtendedDataClass_0;-;-;NoCallbackConfiguredForEventStatusChange;-;0;DEM_RECOV;2;;
;
-;-;"-";DemOperationCycle_Ignition;DEM_OPCYC_WARMUP;-;
DemEventParameter_ECU5_DTC96;497;DemDTC_ECU5_DTC96;16732256;DemComponent_ECU5_DTC96;CounterBasedClass;DEM_EVENT_KIND_SWC;DemFreezeFrameClass_Ecu5;DemExtendedDataClass_0;-;-;NoCallbackConfiguredForEventStatusChange;-;0;DEM_RECOV;2;;
;
-;-;"-";DemOperationCycle_Ignition;DEM_OPCYC_WARMUP;-;
DemEventParameter_ECU5_DTC97;498;DemDTC_ECU5_DTC97;16732257;DemComponent_ECU5_DTC97;CounterBasedClass;DEM_EVENT_KIND_SWC;DemFreezeFrameClass_Ecu5;DemExtendedDataClass_0;-;-;NoCallbackConfiguredForEventStatusChange;-;0;DEM_RECOV;2;;
;
-;-;"-";DemOperationCycle_Ignition;DEM_OPCYC_WARMUP;-;
DemEventParameter_ECU5_DTC98;499;DemDTC_ECU5_DTC98;16732258;DemComponent_ECU5_DTC98;CounterBasedClass;DEM_EVENT_KIND_SWC;DemFreezeFrameClass_Ecu5;DemExtendedDataClass_0;-;-;NoCallbackConfiguredForEventStatusChange;-;0;DEM_RECOV;2;;
;
-;-;"-";DemOperationCycle_Ignition;DEM_OPCYC_WARMUP;-;
DemEventParameter_ECU5_DTC99;500;DemDTC_ECU5_DTC99;16732259;DemComponent_ECU5_DTC99;CounterBasedClass;DEM_EVENT_KIND_SWC;DemFreezeFrameClass_Ecu5;DemExtendedDataClass_0;-;-;NoCallbackConfiguredForEventStatusChange;-;0;DEM_RECOV;2;;
;
-;-;"-";DemOperationCycle_Ignition;DEM_OPCYC_WARMUP;-;

