15:36:38,692 [INFO] --------------------------------------------------------------------------------------
15:36:38,692 [INFO] EMF Modeling Workflow Engine 1.5.1, Build v20191121-1148
15:36:38,692 [INFO] (c) 2005-2009 openarchitectureware.org and contributors
15:36:38,692 [INFO] --------------------------------------------------------------------------------------
15:36:38,692 [INFO] running workflow: C:\ETAS\RTA-CAR_9.2.1\ISOLAR-AB_9.2.1\configuration\org.eclipse.osgi\901\0\.cp\gen\SrvLibs\Bfx\Bfx\scripts\Bfx_Prepare.oaw
15:36:38,692 [INFO] 
15:36:38,695 [INFO] BCTXtendComponent: executing 'Bfx_Prepare'
15:36:41,836 [INFO] workflow completed in 3141ms!
15:36:41,852 [INFO] --------------------------------------------------------------------------------------
15:36:41,852 [INFO] EMF Modeling Workflow Engine 1.5.1, Build v20191121-1148
15:36:41,852 [INFO] (c) 2005-2009 openarchitectureware.org and contributors
15:36:41,852 [INFO] --------------------------------------------------------------------------------------
15:36:41,852 [INFO] running workflow: C:\ETAS\RTA-CAR_9.2.1\ISOLAR-AB_9.2.1\configuration\org.eclipse.osgi\901\0\.cp\gen\Diagnosis\CanTp\scripts\datagenerator\CanTp_Prepare.mwe
15:36:41,852 [INFO] 
15:36:41,853 [INFO] BCTXtendComponent: executing 'CanTp_Prepare'
15:36:41,856 [INFO] CanTp_Prepare for Active Variant: __KW_COMMON 
15:36:41,857 [INFO] workflow completed in 4ms!
15:36:41,873 [INFO] --------------------------------------------------------------------------------------
15:36:41,874 [INFO] EMF Modeling Workflow Engine 1.5.1, Build v20191121-1148
15:36:41,874 [INFO] (c) 2005-2009 openarchitectureware.org and contributors
15:36:41,874 [INFO] --------------------------------------------------------------------------------------
15:36:41,874 [INFO] running workflow: C:\ETAS\RTA-CAR_9.2.1\ISOLAR-AB_9.2.1\configuration\org.eclipse.osgi\901\0\.cp\gen\CanStack\CanTrcv\scripts\templates\forwarder\CanTrcv_Forward.mwe
15:36:41,874 [INFO] 
15:36:41,874 [INFO] BCTXtendComponent: executing 'CanTrcv_Forward'
15:36:41,879 [INFO] Starting CanTrcv forwarding:
15:36:41,879 [INFO] Starting CanTrcv GenerateId
15:36:41,880 [INFO] Finished CanTrcv GenerateId
15:36:41,880 [INFO] Check if SPI configured:
15:36:41,880 [INFO] Yes -> forward to SPI
15:36:41,880 [INFO] Starting CanTrcv Spi forwarding:
15:36:41,881 [INFO] CanTrcv forwarding Spi finished.
15:36:41,881 [INFO] Check if DEM configured:
15:36:41,881 [INFO] Yes -> forward to DEM
15:36:41,881 [INFO] CanTrcv_ForwardDem
15:36:41,881 [INFO] CanTrcv: Warning: No DEM canTrcvDemEventParameterRefs configured (at least ShortName) so nothing forwarded for CanTrcvChannel_0 to DEM
15:36:41,881 [INFO] CanTrcv forwarding finished.
15:36:41,881 [INFO] workflow completed in 7ms!
15:36:42,001 [INFO] --------------------------------------------------------------------------------------
15:36:42,001 [INFO] EMF Modeling Workflow Engine 1.5.1, Build v20191121-1148
15:36:42,001 [INFO] (c) 2005-2009 openarchitectureware.org and contributors
15:36:42,002 [INFO] --------------------------------------------------------------------------------------
15:36:42,002 [INFO] running workflow: C:\ETAS\RTA-CAR_9.2.1\ISOLAR-AB_9.2.1\configuration\org.eclipse.osgi\901\0\.cp\gen\ComServices\ComM\scripts\common\templates\generateid\ComM_GenerateId.oaw
15:36:42,002 [INFO] 
15:36:42,004 [INFO] BCTXtendComponent: executing 'templates::generateid::ComM_GenerateId_Id'
15:36:42,006 [INFO]  Configured ComMUserIdentifiers are used. No UserIds are generated by ComM 
15:36:42,006 [INFO] workflow completed in 3ms!
15:36:42,044 [INFO] --------------------------------------------------------------------------------------
15:36:42,044 [INFO] EMF Modeling Workflow Engine 1.5.1, Build v20191121-1148
15:36:42,044 [INFO] (c) 2005-2009 openarchitectureware.org and contributors
15:36:42,044 [INFO] --------------------------------------------------------------------------------------
15:36:42,044 [INFO] running workflow: C:\ETAS\RTA-CAR_9.2.1\ISOLAR-AB_9.2.1\configuration\org.eclipse.osgi\901\0\.cp\gen\CUCEL\ComStack\scripts\ComStack_Validate.oaw
15:36:42,044 [INFO] 
15:36:42,045 [INFO] BCTCheckComponent: slot model check file(s): ComStack_Validate 
15:36:42,056 [INFO] workflow completed in 11ms!
15:36:42,072 [INFO] --------------------------------------------------------------------------------------
15:36:42,072 [INFO] EMF Modeling Workflow Engine 1.5.1, Build v20191121-1148
15:36:42,072 [INFO] (c) 2005-2009 openarchitectureware.org and contributors
15:36:42,072 [INFO] --------------------------------------------------------------------------------------
15:36:42,072 [INFO] running workflow: C:\ETAS\RTA-CAR_9.2.1\ISOLAR-AB_9.2.1\configuration\org.eclipse.osgi\901\0\.cp\gen\E2EServices\Crc\scripts\Crc_Validate.oaw
15:36:42,072 [INFO] 
15:36:42,073 [INFO] BCTCodeGenerator: generating 'Crc_Report_txt::Crc_Report_gen FOR model' => []
15:36:42,075 [INFO] BCTCheckComponent: slot model check file(s): Crc_Validator 
15:36:42,086 [INFO] workflow completed in 13ms!
15:36:42,104 [INFO] --------------------------------------------------------------------------------------
15:36:42,104 [INFO] EMF Modeling Workflow Engine 1.5.1, Build v20191121-1148
15:36:42,104 [INFO] (c) 2005-2009 openarchitectureware.org and contributors
15:36:42,104 [INFO] --------------------------------------------------------------------------------------
15:36:42,104 [INFO] running workflow: C:\ETAS\RTA-CAR_9.2.1\ISOLAR-AB_9.2.1\configuration\org.eclipse.osgi\901\0\.cp\gen\Diagnosis\Det\scripts\validator\Det_Validate.mwe
15:36:42,104 [INFO] 
15:36:42,106 [INFO] BCTCheckComponent: slot model check file(s): Det_Validate 
15:36:42,118 [INFO] workflow completed in 12ms!
15:36:42,132 [INFO] --------------------------------------------------------------------------------------
15:36:42,133 [INFO] EMF Modeling Workflow Engine 1.5.1, Build v20191121-1148
15:36:42,133 [INFO] (c) 2005-2009 openarchitectureware.org and contributors
15:36:42,133 [INFO] --------------------------------------------------------------------------------------
15:36:42,133 [INFO] running workflow: C:\ETAS\RTA-CAR_9.2.1\ISOLAR-AB_9.2.1\configuration\org.eclipse.osgi\901\0\.cp\gen\ESM\EcuM\scripts\EcuM_Forward.mwe
15:36:42,133 [INFO] 
15:36:42,133 [INFO] BCTXtendComponent: executing ' templates::EcuM_NvMForward'
15:36:42,134 [INFO] <INFO> User can configure the EcuM parameter EcuMRbNvMBlockDeviceId so that the NvM device Id for ECUM_CFG_NVM_BLOCK NvM block gets forwarded
15:36:42,136 [INFO] <WARN> EcuM parameter EcuMRbNvMBlockDeviceId is not configured. Currently, NvMNvramDeviceId is forwarded default value 0
15:36:42,138 [INFO] workflow completed in 5ms!
15:36:42,156 [INFO] --------------------------------------------------------------------------------------
15:36:42,157 [INFO] EMF Modeling Workflow Engine 1.5.1, Build v20191121-1148
15:36:42,157 [INFO] (c) 2005-2009 openarchitectureware.org and contributors
15:36:42,157 [INFO] --------------------------------------------------------------------------------------
15:36:42,157 [INFO] running workflow: C:\ETAS\RTA-CAR_9.2.1\ISOLAR-AB_9.2.1\configuration\org.eclipse.osgi\901\0\.cp\gen\ESM\EcuM\scripts\EcuM_GenerateId.mwe
15:36:42,157 [INFO] 
15:36:42,158 [INFO] BCTXtendComponent: executing ' templates::EcuM_Prepare'
15:36:42,161 [INFO] workflow completed in 3ms!
15:36:42,185 [INFO] --------------------------------------------------------------------------------------
15:36:42,185 [INFO] EMF Modeling Workflow Engine 1.5.1, Build v20191121-1148
15:36:42,185 [INFO] (c) 2005-2009 openarchitectureware.org and contributors
15:36:42,185 [INFO] --------------------------------------------------------------------------------------
15:36:42,185 [INFO] running workflow: C:\ETAS\RTA-CAR_9.2.1\ISOLAR-AB_9.2.1\configuration\org.eclipse.osgi\901\0\.cp\gen\SrvLibs\Mfx\Mfx\scripts\Mfx_Prepare.oaw
15:36:42,185 [INFO] 
15:36:42,186 [INFO] BCTXtendComponent: executing 'Mfx_Prepare'
15:36:42,187 [INFO] workflow completed in 1ms!
15:36:42,211 [INFO] --------------------------------------------------------------------------------------
15:36:42,211 [INFO] EMF Modeling Workflow Engine 1.5.1, Build v20191121-1148
15:36:42,211 [INFO] (c) 2005-2009 openarchitectureware.org and contributors
15:36:42,211 [INFO] --------------------------------------------------------------------------------------
15:36:42,211 [INFO] running workflow: C:\ETAS\RTA-CAR_9.2.1\ISOLAR-AB_9.2.1\configuration\org.eclipse.osgi\901\0\.cp\gen\ComServices\Nm\scripts\common\templates\generateid\Nm_GenerateId.oaw
15:36:42,211 [INFO] 
15:36:42,212 [INFO] BCTXtendComponent: executing 'templates::generateid::Nm_GenerateId_Id'
15:36:42,213 [INFO] ExtensionAdvice registered: CanNm_Nm_Aspects
15:36:42,213 [INFO] ExtensionAdvice 'FrNm_Nm_Aspects' could not be found and will be ignored.
15:36:42,214 [INFO] ExtensionAdvice 'UdpNm_Nm_Aspects' could not be found and will be ignored.
15:36:42,214 [INFO] ExtensionAdvice 'J1939Nm_Nm_Aspects' could not be found and will be ignored.
15:36:42,221 [INFO] workflow completed in 8ms!
15:36:43,782 [INFO] --------------------------------------------------------------------------------------
15:36:43,782 [INFO] EMF Modeling Workflow Engine 1.5.1, Build v20191121-1148
15:36:43,782 [INFO] (c) 2005-2009 openarchitectureware.org and contributors
15:36:43,782 [INFO] --------------------------------------------------------------------------------------
15:36:43,782 [INFO] running workflow: C:\ETAS\RTA-CAR_9.2.1\ISOLAR-AB_9.2.1\configuration\org.eclipse.osgi\901\0\.cp\gen\ComServices\PduR\scripts\templates\forward\PduR_Forward.oaw
15:36:43,782 [INFO] 
15:36:43,783 [INFO] BCTXtendComponent: executing ' templates::forward::PduR_Forward'
15:36:43,788 [INFO] >>> WARNING <<<: PduR forwarding to DEM not executed because 'PduR' or 'DEM' configuration is not available. Is this intended?
15:36:43,789 [INFO] BCTXtendComponent: executing ' templates::forward::PduR_Forward'
15:36:43,794 [INFO] PduRDsmReInitMainFunction is not forwarded as rba_ArxmlGen is not present or PduRDSMReInitEnabled is configured as False.
15:36:43,794 [INFO] workflow completed in 12ms!
15:36:43,916 [INFO] --------------------------------------------------------------------------------------
15:36:43,916 [INFO] EMF Modeling Workflow Engine 1.5.1, Build v20191121-1148
15:36:43,916 [INFO] (c) 2005-2009 openarchitectureware.org and contributors
15:36:43,916 [INFO] --------------------------------------------------------------------------------------
15:36:43,916 [INFO] running workflow: C:\ETAS\RTA-CAR_9.2.1\ISOLAR-AB_9.2.1\configuration\org.eclipse.osgi\901\0\.cp\gen\WdgS\WdgIf\scripts\WdgIf_Id_Generate.oaw
15:36:43,916 [INFO] 
15:36:43,918 [INFO] BCTXtendComponent: executing 'WdgIf_Genutils'
15:36:43,920 [INFO] workflow completed in 2ms!
15:36:43,939 [INFO] --------------------------------------------------------------------------------------
15:36:43,939 [INFO] EMF Modeling Workflow Engine 1.5.1, Build v20191121-1148
15:36:43,939 [INFO] (c) 2005-2009 openarchitectureware.org and contributors
15:36:43,939 [INFO] --------------------------------------------------------------------------------------
15:36:43,939 [INFO] running workflow: C:\ETAS\RTA-CAR_9.2.1\ISOLAR-AB_9.2.1\configuration\org.eclipse.osgi\901\0\.cp\gen\ComServices\Xcp\scripts\common\templates\forward\Xcp_Forward_CpuLoad.oaw
15:36:43,939 [INFO] 
15:36:43,940 [INFO] BCTXtendComponent: executing 'Xcp_Forward_CpuLoad'
15:36:43,941 [INFO] workflow completed in 1ms!
15:36:43,956 [INFO] --------------------------------------------------------------------------------------
15:36:43,956 [INFO] EMF Modeling Workflow Engine 1.5.1, Build v20191121-1148
15:36:43,956 [INFO] (c) 2005-2009 openarchitectureware.org and contributors
15:36:43,956 [INFO] --------------------------------------------------------------------------------------
15:36:43,956 [INFO] running workflow: C:\ETAS\RTA-CAR_9.2.1\ISOLAR-AB_9.2.1\configuration\org.eclipse.osgi\901\0\.cp\gen\ComServices\Xcp\scripts\common\templates\forward\Xcp_Forward_DmeUser.oaw
15:36:43,956 [INFO] 
15:36:43,957 [INFO] BCTXtendComponent: executing 'Xcp_Forward_DmeUser'
15:36:43,958 [INFO] [XCP] Xcp or rba_Dme are not configured. Nothing to forward.
15:36:43,958 [INFO] workflow completed in 1ms!
15:36:43,975 [INFO] --------------------------------------------------------------------------------------
15:36:43,975 [INFO] EMF Modeling Workflow Engine 1.5.1, Build v20191121-1148
15:36:43,975 [INFO] (c) 2005-2009 openarchitectureware.org and contributors
15:36:43,975 [INFO] --------------------------------------------------------------------------------------
15:36:43,975 [INFO] running workflow: C:\ETAS\RTA-CAR_9.2.1\ISOLAR-AB_9.2.1\configuration\org.eclipse.osgi\901\0\.cp\gen\ComServices\Xcp\scripts\common\templates\forward\Xcp_Forward_rba_Byp.oaw
15:36:43,975 [INFO] 
15:36:43,976 [INFO] BCTXtendComponent: executing 'Xcp_Forward_rba_Byp'
15:36:43,979 [INFO] [XCP] Xcp or rba_Byp are not configured. Nothing to forward.
15:36:43,979 [INFO] workflow completed in 3ms!
15:36:43,994 [INFO] --------------------------------------------------------------------------------------
15:36:43,994 [INFO] EMF Modeling Workflow Engine 1.5.1, Build v20191121-1148
15:36:43,994 [INFO] (c) 2005-2009 openarchitectureware.org and contributors
15:36:43,994 [INFO] --------------------------------------------------------------------------------------
15:36:43,994 [INFO] running workflow: C:\ETAS\RTA-CAR_9.2.1\ISOLAR-AB_9.2.1\configuration\org.eclipse.osgi\901\0\.cp\gen\ComServices\Xcp\scripts\common\templates\forward\Xcp_Forward_rba_MemLay.oaw
15:36:43,994 [INFO] 
15:36:43,995 [INFO] BCTXtendComponent: executing 'Xcp_Forward_rba_MemLay'
15:36:43,996 [INFO] [XCP] Xcp or rba_MemLay are not configured. Nothing to forward.
15:36:43,996 [INFO] workflow completed in 1ms!
15:36:44,012 [INFO] --------------------------------------------------------------------------------------
15:36:44,012 [INFO] EMF Modeling Workflow Engine 1.5.1, Build v20191121-1148
15:36:44,012 [INFO] (c) 2005-2009 openarchitectureware.org and contributors
15:36:44,012 [INFO] --------------------------------------------------------------------------------------
15:36:44,012 [INFO] running workflow: C:\ETAS\RTA-CAR_9.2.1\ISOLAR-AB_9.2.1\configuration\org.eclipse.osgi\901\0\.cp\gen\ComServices\Xcp\scripts\common\templates\generateid\Xcp_GenerateId.oaw
15:36:44,012 [INFO] 
15:36:44,012 [INFO] BCTXtendComponent: executing 'Xcp_GenerateId_Id'
15:36:44,015 [INFO] workflow completed in 3ms!
15:36:44,094 [INFO] --------------------------------------------------------------------------------------
15:36:44,094 [INFO] EMF Modeling Workflow Engine 1.5.1, Build v20191121-1148
15:36:44,094 [INFO] (c) 2005-2009 openarchitectureware.org and contributors
15:36:44,094 [INFO] --------------------------------------------------------------------------------------
15:36:44,094 [INFO] running workflow: C:\ETAS\RTA-CAR_9.2.1\ISOLAR-AB_9.2.1\configuration\org.eclipse.osgi\901\0\.cp\gen\SrvLibs\Bfx\Bfx\scripts\Bfx_Validate.oaw
15:36:44,094 [INFO] 
15:36:44,095 [INFO] BCTCheckComponent: slot model check file(s): Bfx_Validate 
15:36:44,107 [INFO] workflow completed in 12ms!
15:36:44,129 [INFO] --------------------------------------------------------------------------------------
15:36:44,129 [INFO] EMF Modeling Workflow Engine 1.5.1, Build v20191121-1148
15:36:44,129 [INFO] (c) 2005-2009 openarchitectureware.org and contributors
15:36:44,129 [INFO] --------------------------------------------------------------------------------------
15:36:44,129 [INFO] running workflow: C:\ETAS\RTA-CAR_9.2.1\ISOLAR-AB_9.2.1\configuration\org.eclipse.osgi\901\0\.cp\gen\CanStack\CanIf\scripts\templates\generateid\CanIf_GenerateId.oaw
15:36:44,129 [INFO] 
15:36:44,130 [INFO] BCTXtendComponent: executing 'templates::generateid::CanIf_GenerateId_Id'
15:36:44,174 [INFO] workflow completed in 44ms!
15:36:44,208 [INFO] --------------------------------------------------------------------------------------
15:36:44,208 [INFO] EMF Modeling Workflow Engine 1.5.1, Build v20191121-1148
15:36:44,208 [INFO] (c) 2005-2009 openarchitectureware.org and contributors
15:36:44,208 [INFO] --------------------------------------------------------------------------------------
15:36:44,208 [INFO] running workflow: C:\ETAS\RTA-CAR_9.2.1\ISOLAR-AB_9.2.1\configuration\org.eclipse.osgi\901\0\.cp\gen\CanStack\CanNm\scripts\templates\generateid\CanNm_GenerateId.oaw
15:36:44,209 [INFO] 
15:36:44,209 [INFO] BCTXtendComponent: executing 'templates::generateid::CanNm_GenerateId_Id'
15:36:44,211 [INFO] workflow completed in 2ms!
15:36:44,230 [INFO] --------------------------------------------------------------------------------------
15:36:44,230 [INFO] EMF Modeling Workflow Engine 1.5.1, Build v20191121-1148
15:36:44,230 [INFO] (c) 2005-2009 openarchitectureware.org and contributors
15:36:44,230 [INFO] --------------------------------------------------------------------------------------
15:36:44,230 [INFO] running workflow: C:\ETAS\RTA-CAR_9.2.1\ISOLAR-AB_9.2.1\configuration\org.eclipse.osgi\901\0\.cp\gen\CanStack\CanSM\scripts\templates\generateid\CanSM_GenerateId.oaw
15:36:44,230 [INFO] 
15:36:44,230 [INFO] BCTXtendComponent: executing 'templates::generateid::CanSM::CanSM_GenerateId_Id'
15:36:44,232 [INFO] Starting DEM forwarding for each CanSM network:
15:36:44,233 [INFO] >>> WARNING <<<: CanSM forwarding to DEM module not executed because DEM Forwarding switch is disabled or DEM configuration is not available.So, Dem Forwarding not executed for CanSMManagerNetwork 'Can_Network_CANNODE_00'
15:36:44,233 [INFO] >>> WARNING <<<: CanSM forwarding to DEM module not executed because DEM Forwarding switch is disabled or DEM configuration is not available.So, Dem Forwarding not executed for CanSMManagerNetwork 'Can_Network_CANNODE_01'
15:36:44,233 [INFO] >>> WARNING <<<: CanSM forwarding to DEM module not executed because DEM Forwarding switch is disabled or DEM configuration is not available.So, Dem Forwarding not executed for CanSMManagerNetwork 'Can_Network_CANNODE_02'
15:36:44,233 [INFO] >>> WARNING <<<: CanSM forwarding to DEM module not executed because DEM Forwarding switch is disabled or DEM configuration is not available.So, Dem Forwarding not executed for CanSMManagerNetwork 'Can_Network_CANNODE_03'
15:36:44,233 [INFO] DEM forwarding finished.
15:36:44,233 [INFO] BCTXtendComponent: executing 'templates::forward::CanSM_GenerateId_Id'
15:36:44,235 [INFO] workflow completed in 5ms!
15:36:44,370 [INFO] --------------------------------------------------------------------------------------
15:36:44,371 [INFO] EMF Modeling Workflow Engine 1.5.1, Build v20191121-1148
15:36:44,371 [INFO] (c) 2005-2009 openarchitectureware.org and contributors
15:36:44,371 [INFO] --------------------------------------------------------------------------------------
15:36:44,371 [INFO] running workflow: C:\ETAS\RTA-CAR_9.2.1\ISOLAR-AB_9.2.1\configuration\org.eclipse.osgi\901\0\.cp\gen\CanStack\CanTrcv\scripts\templates\CanTrcv_GenerateEOC.mwe
15:36:44,371 [INFO] 
15:36:44,371 [INFO] BCTCodeGenerator: generating 'CanTrcv_EOC_Arxml::Generate FOR model' => []
15:36:44,374 [INFO] workflow completed in 3ms!
15:36:44,413 [INFO] --------------------------------------------------------------------------------------
15:36:44,414 [INFO] EMF Modeling Workflow Engine 1.5.1, Build v20191121-1148
15:36:44,414 [INFO] (c) 2005-2009 openarchitectureware.org and contributors
15:36:44,414 [INFO] --------------------------------------------------------------------------------------
15:36:44,414 [INFO] running workflow: C:\ETAS\RTA-CAR_9.2.1\ISOLAR-AB_9.2.1\configuration\org.eclipse.osgi\901\0\.cp\gen\CUCEL\ComStack\scripts\ComStack_Generate.oaw
15:36:44,414 [INFO] 
15:36:44,414 [INFO] BCTCodeGenerator: generating 'ComStack_Cfg_h::Generate FOR model' => []
15:36:44,416 [INFO] BCTCodeGenerator: generating 'ComStack_Types_arxml::Generate FOR model' => []
15:36:44,417 [INFO] workflow completed in 3ms!
15:36:44,432 [INFO] --------------------------------------------------------------------------------------
15:36:44,433 [INFO] EMF Modeling Workflow Engine 1.5.1, Build v20191121-1148
15:36:44,433 [INFO] (c) 2005-2009 openarchitectureware.org and contributors
15:36:44,433 [INFO] --------------------------------------------------------------------------------------
15:36:44,433 [INFO] running workflow: C:\ETAS\RTA-CAR_9.2.1\ISOLAR-AB_9.2.1\configuration\org.eclipse.osgi\901\0\.cp\gen\E2EServices\Crc\scripts\Crc_Generate.oaw
15:36:44,433 [INFO] 
15:36:44,433 [INFO] BCTCodeGenerator: generating 'Crc_Cfg_h::Generate(var1) FOR model' => []
15:36:44,435 [INFO] BCTCodeGenerator: generating 'Crc_h::Generate FOR model' => []
15:36:44,436 [INFO] BCTCodeGenerator: generating 'Crc_c::Generate FOR model' => []
15:36:44,437 [INFO] BCTCodeGenerator: generating 'Crc_Cfg_c::Generate FOR model' => []
15:36:44,438 [INFO] BCTCodeGenerator: generating 'Crc_Cfg_BSWMD_arxml::Generate FOR model' => []
15:36:44,440 [INFO] workflow completed in 7ms!
15:36:44,458 [INFO] --------------------------------------------------------------------------------------
15:36:44,458 [INFO] EMF Modeling Workflow Engine 1.5.1, Build v20191121-1148
15:36:44,458 [INFO] (c) 2005-2009 openarchitectureware.org and contributors
15:36:44,458 [INFO] --------------------------------------------------------------------------------------
15:36:44,458 [INFO] running workflow: C:\ETAS\RTA-CAR_9.2.1\ISOLAR-AB_9.2.1\configuration\org.eclipse.osgi\901\0\.cp\gen\Diagnosis\Det\scripts\filegenerator\Det_Generate.mwe
15:36:44,458 [INFO] 
15:36:44,460 [INFO] BCTCodeGenerator: generating 'Det::Root FOR model' => []
15:36:44,471 [INFO] workflow completed in 11ms!
15:36:44,489 [INFO] --------------------------------------------------------------------------------------
15:36:44,489 [INFO] EMF Modeling Workflow Engine 1.5.1, Build v20191121-1148
15:36:44,489 [INFO] (c) 2005-2009 openarchitectureware.org and contributors
15:36:44,489 [INFO] --------------------------------------------------------------------------------------
15:36:44,489 [INFO] running workflow: C:\ETAS\RTA-CAR_9.2.1\ISOLAR-AB_9.2.1\configuration\org.eclipse.osgi\901\0\.cp\gen\ESM\EcuM\scripts\EcuM_PbDetermineForward.mwe
15:36:44,489 [INFO] 
15:36:44,491 [INFO] BCTXtendComponent: executing ' templates::EcuM_PbDetermineForward'
15:36:44,491 [INFO] workflow completed in 0ms!
15:36:44,512 [INFO] --------------------------------------------------------------------------------------
15:36:44,513 [INFO] EMF Modeling Workflow Engine 1.5.1, Build v20191121-1148
15:36:44,513 [INFO] (c) 2005-2009 openarchitectureware.org and contributors
15:36:44,513 [INFO] --------------------------------------------------------------------------------------
15:36:44,513 [INFO] running workflow: C:\ETAS\RTA-CAR_9.2.1\ISOLAR-AB_9.2.1\configuration\org.eclipse.osgi\901\0\.cp\gen\ESM\EcuM\scripts\EcuM_RbMonitoringValidate.mwe
15:36:44,513 [INFO] 
15:36:44,513 [INFO] BCTCheckComponent: slot model check file(s): validator::EcuM_RbMonitoringCheck 
15:36:44,526 [INFO] workflow completed in 13ms!
15:36:44,548 [INFO] --------------------------------------------------------------------------------------
15:36:44,549 [INFO] EMF Modeling Workflow Engine 1.5.1, Build v20191121-1148
15:36:44,549 [INFO] (c) 2005-2009 openarchitectureware.org and contributors
15:36:44,549 [INFO] --------------------------------------------------------------------------------------
15:36:44,549 [INFO] running workflow: C:\ETAS\RTA-CAR_9.2.1\ISOLAR-AB_9.2.1\configuration\org.eclipse.osgi\901\0\.cp\gen\ESM\EcuM\scripts\EcuM_Validate.mwe
15:36:44,549 [INFO] 
15:36:44,550 [INFO] BCTCheckComponent: slot model check file(s): validator::EcuM_StartupCheck_PB 
15:36:44,561 [INFO] BCTCheckComponent: slot model check file(s): validator::EcuM_StartupCheck_PCLT 
15:36:44,578 [INFO] BCTCheckComponent: slot model check file(s): validator::EcuM_SleepCheck 
15:36:44,589 [INFO] workflow completed in 40ms!
15:36:44,615 [INFO] --------------------------------------------------------------------------------------
15:36:44,616 [INFO] EMF Modeling Workflow Engine 1.5.1, Build v20191121-1148
15:36:44,616 [INFO] (c) 2005-2009 openarchitectureware.org and contributors
15:36:44,616 [INFO] --------------------------------------------------------------------------------------
15:36:44,616 [INFO] running workflow: C:\ETAS\RTA-CAR_9.2.1\ISOLAR-AB_9.2.1\configuration\org.eclipse.osgi\901\0\.cp\gen\SrvLibs\Mfx\Mfx\scripts\Mfx_Validate.oaw
15:36:44,616 [INFO] 
15:36:44,616 [INFO] BCTCheckComponent: slot model check file(s): Mfx_Validate 
15:36:44,628 [INFO] workflow completed in 12ms!
15:36:44,646 [INFO] --------------------------------------------------------------------------------------
15:36:44,646 [INFO] EMF Modeling Workflow Engine 1.5.1, Build v20191121-1148
15:36:44,646 [INFO] (c) 2005-2009 openarchitectureware.org and contributors
15:36:44,646 [INFO] --------------------------------------------------------------------------------------
15:36:44,646 [INFO] running workflow: C:\ETAS\RTA-CAR_9.2.1\ISOLAR-AB_9.2.1\configuration\org.eclipse.osgi\901\0\.cp\gen\ComServices\Nm\scripts\common\templates\forward\Nm_Forward.oaw
15:36:44,646 [INFO] 
15:36:44,647 [INFO] BCTXtendComponent: executing 'templates::forward::Nm_Forward'
15:36:44,648 [INFO]  Forwarding of main function period(NmMainFunctionPeriod) does not occur , since Nm coordinator feature is disabled 
15:36:44,648 [INFO] workflow completed in 1ms!
15:36:44,671 [INFO] --------------------------------------------------------------------------------------
15:36:44,671 [INFO] EMF Modeling Workflow Engine 1.5.1, Build v20191121-1148
15:36:44,671 [INFO] (c) 2005-2009 openarchitectureware.org and contributors
15:36:44,671 [INFO] --------------------------------------------------------------------------------------
15:36:44,671 [INFO] running workflow: C:\ETAS\RTA-CAR_9.2.1\ISOLAR-AB_9.2.1\configuration\org.eclipse.osgi\901\0\.cp\gen\WdgS\WdgIf\scripts\WdgIf_Validate.oaw
15:36:44,671 [INFO] 
15:36:44,672 [INFO] BCTCheckComponent: slot model check file(s): WdgIf_Validator 
15:36:44,684 [INFO] workflow completed in 12ms!
15:36:44,699 [INFO] --------------------------------------------------------------------------------------
15:36:44,699 [INFO] EMF Modeling Workflow Engine 1.5.1, Build v20191121-1148
15:36:44,699 [INFO] (c) 2005-2009 openarchitectureware.org and contributors
15:36:44,699 [INFO] --------------------------------------------------------------------------------------
15:36:44,699 [INFO] running workflow: C:\ETAS\RTA-CAR_9.2.1\ISOLAR-AB_9.2.1\configuration\org.eclipse.osgi\901\0\.cp\gen\ComServices\Xcp\scripts\common\templates\forward\Xcp_Forward_rba_ArxmlGen.oaw
15:36:44,699 [INFO] 
15:36:44,700 [INFO] BCTXtendComponent: executing 'Xcp_Forward_rba_ArxmlGen_BSWMD'
15:36:44,706 [INFO] workflow completed in 6ms!
15:36:44,730 [INFO] --------------------------------------------------------------------------------------
15:36:44,730 [INFO] EMF Modeling Workflow Engine 1.5.1, Build v20191121-1148
15:36:44,730 [INFO] (c) 2005-2009 openarchitectureware.org and contributors
15:36:44,730 [INFO] --------------------------------------------------------------------------------------
15:36:44,730 [INFO] running workflow: C:\ETAS\RTA-CAR_9.2.1\ISOLAR-AB_9.2.1\configuration\org.eclipse.osgi\901\0\.cp\gen\SrvLibs\Bfx\Bfx\scripts\Bfx_Generate.oaw
15:36:44,730 [INFO] 
15:36:44,731 [INFO] BCTCodeGenerator: generating 'Bfx_Cfg_h::Generate FOR model' => []
15:36:44,737 [INFO] workflow completed in 6ms!
15:36:44,754 [INFO] --------------------------------------------------------------------------------------
15:36:44,754 [INFO] EMF Modeling Workflow Engine 1.5.1, Build v20191121-1148
15:36:44,754 [INFO] (c) 2005-2009 openarchitectureware.org and contributors
15:36:44,754 [INFO] --------------------------------------------------------------------------------------
15:36:44,754 [INFO] running workflow: C:\ETAS\RTA-CAR_9.2.1\ISOLAR-AB_9.2.1\configuration\org.eclipse.osgi\901\0\.cp\gen\CanStack\CanNm\scripts\templates\forward\CanNm_Forward.oaw
15:36:44,754 [INFO] 
15:36:44,754 [INFO] BCTXtendComponent: executing ' templates::forward::CanNm_Forward'
15:36:44,756 [INFO] workflow completed in 2ms!
15:36:44,856 [INFO] --------------------------------------------------------------------------------------
15:36:44,856 [INFO] EMF Modeling Workflow Engine 1.5.1, Build v20191121-1148
15:36:44,856 [INFO] (c) 2005-2009 openarchitectureware.org and contributors
15:36:44,856 [INFO] --------------------------------------------------------------------------------------
15:36:44,856 [INFO] running workflow: C:\ETAS\RTA-CAR_9.2.1\ISOLAR-AB_9.2.1\configuration\org.eclipse.osgi\901\0\.cp\gen\CanStack\CanNm\scripts\templates\validator\CanNm_Validate.oaw
15:36:44,856 [INFO] 
15:36:44,857 [INFO] BCTCheckComponent: slot model check file(s): templates::CanNm::validator::CanNm_Validate 
15:36:44,857 [INFO] ExtensionAdvice 'Com_CanNm_Aspects' could not be found and will be ignored.
15:36:44,859 [INFO] ExtensionAdvice registered: PduR_CanNm_Aspects
15:36:44,859 [INFO] ExtensionAdvice 'CanSM_CanNm_Aspects' could not be found and will be ignored.
15:36:44,882 [INFO] workflow completed in 25ms!
15:36:44,882 [WARN] [WARNING]: CanNmCC_CanNmCluster_0_1 CanNmMsgTimeoutTime should be configured less than the CanNmMsgCycleTime(Element: autosar40.ecucdescription.impl.EcucContainerValueImpl@76590e74 (shortName: CanNmCC_CanNmCluster_0_1) (index: <unset>); Reported by: -UNKNOWN-)
15:36:44,882 [WARN] [WARNING]: CanNmCC_CanNmCluster_0_1 : CanNmUserDataTxPdu is configured but CanNmCOMUserDataSupport is Disabled (Element: autosar40.ecucdescription.impl.EcucContainerValueImpl@76590e74 (shortName: CanNmCC_CanNmCluster_0_1) (index: <unset>); Reported by: -UNKNOWN-)
15:36:44,899 [INFO] --------------------------------------------------------------------------------------
15:36:44,900 [INFO] EMF Modeling Workflow Engine 1.5.1, Build v20191121-1148
15:36:44,900 [INFO] (c) 2005-2009 openarchitectureware.org and contributors
15:36:44,900 [INFO] --------------------------------------------------------------------------------------
15:36:44,900 [INFO] running workflow: C:\ETAS\RTA-CAR_9.2.1\ISOLAR-AB_9.2.1\configuration\org.eclipse.osgi\901\0\.cp\gen\CanStack\CanSM\scripts\templates\forward\CanSM_Forward.oaw
15:36:44,900 [INFO] 
15:36:44,900 [INFO] BCTXtendComponent: executing ' templates::forward::CanSM_Forward'
15:36:44,902 [INFO] forwarding the values for measurement variables
15:36:44,903 [INFO] forwarding the value of Number of can networks into Measurement variable of type Array of uint8
15:36:44,904 [INFO] forwarding the value of Number of can networks into Measurement variable of type Array of Boolean
15:36:44,904 [INFO] forwarding the value of Number of can networks into Measurement variable of type Array of enum
15:36:44,904 [INFO] forwarding the value of Number of can networks into Measurement variable of type Array of structure
15:36:44,904 [INFO] BCTXtendComponent: executing 'templates::forward::CanSM_Forward'
15:36:44,906 [INFO] workflow completed in 6ms!
15:36:44,995 [INFO] --------------------------------------------------------------------------------------
15:36:44,995 [INFO] EMF Modeling Workflow Engine 1.5.1, Build v20191121-1148
15:36:44,995 [INFO] (c) 2005-2009 openarchitectureware.org and contributors
15:36:44,995 [INFO] --------------------------------------------------------------------------------------
15:36:44,995 [INFO] running workflow: C:\ETAS\RTA-CAR_9.2.1\ISOLAR-AB_9.2.1\configuration\org.eclipse.osgi\901\0\.cp\gen\CanStack\CanSM\scripts\templates\validator\CanSM_Validate.oaw
15:36:44,995 [INFO] 
15:36:44,996 [INFO] BCTCheckComponent: slot model check file(s): templates::CanSM::validator::CanSM_Validate 
15:36:44,997 [INFO] ExtensionAdvice registered: ComM_CanSM_Aspects
15:36:44,998 [INFO] ExtensionAdvice 'cantrcv_cansm_aspects' could not be found and will be ignored.
15:36:44,998 [INFO] ExtensionAdvice 'dem_cansm_aspects' could not be found and will be ignored.
15:36:45,012 [INFO] workflow completed in 16ms!
15:36:45,012 [WARN] [WARNING]:  CanSM WARNING::  The CanSMBusOffErrorId configured in CanStateManagerNetworks is duplicated
for more than one CanSM Network. Please check your configuration.(Element: autosar40.ecucdescription.impl.EcucModuleConfigurationValuesImpl@398229b1 (shortName: CanSM) (ecucDefEdition: <unset>, implementationConfigVariant: VARIANT-PRE-COMPILE, postBuildVariantUsed: <unset>); Reported by: -UNKNOWN-)
15:36:45,012 [WARN] [WARNING]:  canSMTransceiverId for all the canSMManagerNetworks is not unique. Please configure correctly.(Element: autosar40.ecucdescription.impl.EcucModuleConfigurationValuesImpl@398229b1 (shortName: CanSM) (ecucDefEdition: <unset>, implementationConfigVariant: VARIANT-PRE-COMPILE, postBuildVariantUsed: <unset>); Reported by: -UNKNOWN-)
15:36:45,035 [INFO] --------------------------------------------------------------------------------------
15:36:45,035 [INFO] EMF Modeling Workflow Engine 1.5.1, Build v20191121-1148
15:36:45,035 [INFO] (c) 2005-2009 openarchitectureware.org and contributors
15:36:45,035 [INFO] --------------------------------------------------------------------------------------
15:36:45,035 [INFO] running workflow: C:\ETAS\RTA-CAR_9.2.1\ISOLAR-AB_9.2.1\configuration\org.eclipse.osgi\901\0\.cp\gen\CanStack\CanTrcv\scripts\templates\validator\CanTrcv_Validate.mwe
15:36:45,035 [INFO] 
15:36:45,036 [INFO] BCTCheckComponent: slot model check file(s): templates::CanTrcv::validator::CanTrcv_Validations 
15:36:45,056 [INFO] workflow completed in 20ms!
15:36:45,074 [INFO] --------------------------------------------------------------------------------------
15:36:45,074 [INFO] EMF Modeling Workflow Engine 1.5.1, Build v20191121-1148
15:36:45,074 [INFO] (c) 2005-2009 openarchitectureware.org and contributors
15:36:45,074 [INFO] --------------------------------------------------------------------------------------
15:36:45,074 [INFO] running workflow: C:\ETAS\RTA-CAR_9.2.1\ISOLAR-AB_9.2.1\configuration\org.eclipse.osgi\901\0\.cp\gen\ComServices\ComM\scripts\common\templates\forward\ComM_Forward.oaw
15:36:45,074 [INFO] 
15:36:45,076 [INFO] BCTXtendComponent: executing ' templates::ComM_Forward'
15:36:45,079 [INFO] Starting forwarding of Number of ComM channels information into Measurement variables for ComM
15:36:45,079 [INFO] forwarding of Number of user mode information into Measurement variables ComM_UserStruct
15:36:45,079 [INFO] Forwarding User size Information into application data type of variable ComM_UserStruct
15:36:45,079 [INFO] Forwarding User size Information into implementation data type of variable ComM_UserStruct
15:36:45,080 [INFO] forwarding Number of channels information to Measurement variable ComM_ChannelStruct
15:36:45,080 [INFO] Forwarding channel size to application data type of variable ComM_ChannelStruct
15:36:45,080 [INFO] Forwarding channel size to implementation data type of variable ComM_ChannelStruct
15:36:45,080 [INFO] BCTXtendComponent: executing ' templates::ComM_Forward'
15:36:45,082 [INFO] Starting forwarding of Main functions and their periods for  ComM channels:
15:36:45,084 [INFO] Forwarding of main functions and periods finished.
15:36:45,084 [INFO] BCTXtendComponent: executing ' templates::ComM_Forward'
15:36:45,086 [INFO] Forwarding callback information to Com
15:36:45,088 [INFO] BCTXtendComponent: executing ' templates::ComM_Forward'
15:36:45,089 [INFO] Forwarding callback information to NvM
15:36:45,090 [INFO] workflow completed in 13ms!
15:36:45,123 [INFO] --------------------------------------------------------------------------------------
15:36:45,123 [INFO] EMF Modeling Workflow Engine 1.5.1, Build v20191121-1148
15:36:45,123 [INFO] (c) 2005-2009 openarchitectureware.org and contributors
15:36:45,123 [INFO] --------------------------------------------------------------------------------------
15:36:45,124 [INFO] running workflow: C:\ETAS\RTA-CAR_9.2.1\ISOLAR-AB_9.2.1\configuration\org.eclipse.osgi\901\0\.cp\gen\Diagnosis\Dem\scripts\datagenerator\Dem_GenerateID.mwe
15:36:45,124 [INFO] 
15:36:45,125 [INFO] BCTXtendComponent: executing 'Dem_id'
15:36:45,162 [INFO] workflow completed in 37ms!
15:36:45,240 [INFO] --------------------------------------------------------------------------------------
15:36:45,240 [INFO] EMF Modeling Workflow Engine 1.5.1, Build v20191121-1148
15:36:45,240 [INFO] (c) 2005-2009 openarchitectureware.org and contributors
15:36:45,240 [INFO] --------------------------------------------------------------------------------------
15:36:45,240 [INFO] running workflow: C:\ETAS\RTA-CAR_9.2.1\ISOLAR-AB_9.2.1\configuration\org.eclipse.osgi\901\0\.cp\gen\ESM\EcuM\scripts\EcuM_Generate.mwe
15:36:45,240 [INFO] 
15:36:45,242 [INFO] BCTCodeGenerator: generating 'EcuM_Cfg_h::Generate FOR model' => []
15:36:45,247 [INFO] CdtBeautifier using default formatter settings.
15:36:45,249 [INFO] Formatting of 'C:\ETAS\RTA-CAR_9.2.1\ISOLAR-AB\workspace\bsw_temp\EcuM\EcuM_Cfg.h' finished...
15:36:45,250 [INFO] BCTCodeGenerator: generating 'EcuM_Cfg_Startup_h::Generate FOR model' => []
15:36:45,253 [INFO] PRINT [null, null, const Adc_ConfigType *AdcInitConfigPtr_cpst;, null, null, const Adc_ConfigType *AdcInitConfigPtr_cpst;, null, null, const Adc_ConfigType *AdcInitConfigPtr_cpst;, null, const Det_ConfigType *DetInitConfigPtr_cpst;, const Dem_ConfigType *DemInitConfigPtr_cpst;, const Mcu_ConfigType *McuInitConfigPtr_cpst;, null, const Gpt_ConfigType *GptInitConfigPtr_cpst;, const Port_ConfigType *PortInitConfigPtr_cpst;, const Adc_ConfigType *AdcInitConfigPtr_cpst;, const Pwm_17_GtmCcu6_ConfigType *Pwm_17_GtmCcu6InitConfigPtr_cpst;, const Icu_17_TimerIp_ConfigType *Icu_17_TimerIpInitConfigPtr_cpst;, const Fls_ConfigType *FlsInitConfigPtr_cpst;, const Spi_ConfigType *SpiInitConfigPtr_cpst;, const I2c_ConfigType *I2cInitConfigPtr_cpst;, null, null]
15:36:45,253 [INFO] CdtBeautifier using default formatter settings.
15:36:45,254 [INFO] Formatting of 'C:\ETAS\RTA-CAR_9.2.1\ISOLAR-AB\workspace\bsw_temp\EcuM\EcuM_Cfg_Startup.h' finished...
15:36:45,255 [INFO] BCTCodeGenerator: generating 'EcuM_Cfg_CbkStartup_h::Generate FOR model' => []
15:36:45,255 [INFO] CdtBeautifier using default formatter settings.
15:36:45,255 [INFO] Formatting of 'C:\ETAS\RTA-CAR_9.2.1\ISOLAR-AB\workspace\bsw_temp\EcuM\EcuM_Cfg_CbkStartup.h' finished...
15:36:45,256 [INFO] BCTCodeGenerator: generating 'EcuM_Cfg_Startup_c::Generate FOR model' => []
15:36:45,260 [INFO] CdtBeautifier using default formatter settings.
15:36:45,262 [INFO] Formatting of 'C:\ETAS\RTA-CAR_9.2.1\ISOLAR-AB\workspace\bsw_temp\EcuM\EcuM_Cfg_Startup.c' finished...
15:36:45,264 [INFO] BCTCodeGenerator: generating 'EcuM_Cfg_c::Generate FOR model' => []
15:36:45,267 [INFO] CdtBeautifier using default formatter settings.
15:36:45,269 [INFO] Formatting of 'C:\ETAS\RTA-CAR_9.2.1\ISOLAR-AB\workspace\bsw_temp\EcuM\EcuM_Cfg.c' finished...
15:36:45,270 [INFO] BCTCodeGenerator: generating 'EcuM_Generated_Types_h::Generate FOR model' => []
15:36:45,270 [INFO] CdtBeautifier using default formatter settings.
15:36:45,271 [INFO] Formatting of 'C:\ETAS\RTA-CAR_9.2.1\ISOLAR-AB\workspace\bsw_temp\EcuM\EcuM_Generated_Types.h' finished...
15:36:45,272 [INFO] BCTCodeGenerator: generating 'EcuM_Lcfg_c::Generate FOR model' => []
15:36:45,273 [INFO] CdtBeautifier using default formatter settings.
15:36:45,273 [INFO] Formatting of 'C:\ETAS\RTA-CAR_9.2.1\ISOLAR-AB\workspace\bsw_temp\EcuM\EcuM_Lcfg.c' finished...
15:36:45,274 [INFO] BCTCodeGenerator: generating 'EcuM_PBcfg_c::Generate FOR model' => []
15:36:45,277 [INFO] CdtBeautifier using default formatter settings.
15:36:45,278 [INFO] Formatting of 'C:\ETAS\RTA-CAR_9.2.1\ISOLAR-AB\workspace\bsw_temp\EcuM\EcuM_PBcfg.c' finished...
15:36:45,278 [INFO] BCTCodeGenerator: generating 'EcuM_Cfg_RbExt_h::Generate FOR model' => []
15:36:45,279 [INFO] CdtBeautifier using default formatter settings.
15:36:45,280 [INFO] Formatting of 'C:\ETAS\RTA-CAR_9.2.1\ISOLAR-AB\workspace\bsw_temp\EcuM\EcuM_Cfg_RbExt.h' finished...
15:36:45,281 [INFO] BCTCodeGenerator: generating 'EcuM_Cfg_SWCD_arxml::Generate FOR model' => []
15:36:45,288 [INFO] BCTCodeGenerator: generating 'EcuM_Cfg_BSWMD_arxml::Generate FOR model' => []
15:36:45,294 [INFO] BCTCodeGenerator: generating 'EcuM_Cfg_Shutdown_c::Generate FOR model' => []
15:36:45,295 [INFO] CdtBeautifier using default formatter settings.
15:36:45,296 [INFO] Formatting of 'C:\ETAS\RTA-CAR_9.2.1\ISOLAR-AB\workspace\bsw_temp\EcuM\EcuM_Cfg_Shutdown.c' finished...
15:36:45,297 [INFO] BCTCodeGenerator: generating 'EcuM_Cfg_Sleep_c::Generate FOR model' => []
15:36:45,297 [INFO] CdtBeautifier using default formatter settings.
15:36:45,298 [INFO] Formatting of 'C:\ETAS\RTA-CAR_9.2.1\ISOLAR-AB\workspace\bsw_temp\EcuM\EcuM_Cfg_Sleep.c' finished...
15:36:45,299 [INFO] BCTCodeGenerator: generating 'EcuM_Cfg_SynchPoint_c::Generate FOR model' => []
15:36:45,301 [INFO] CdtBeautifier using default formatter settings.
15:36:45,302 [INFO] Formatting of 'C:\ETAS\RTA-CAR_9.2.1\ISOLAR-AB\workspace\bsw_temp\EcuM\EcuM_Cfg_SynchPoint.c' finished...
15:36:45,302 [INFO] BCTCodeGenerator: generating 'EcuM_Cfg_SynchPoint_h::Generate FOR model' => []
15:36:45,305 [INFO] CdtBeautifier using default formatter settings.
15:36:45,305 [INFO] Formatting of 'C:\ETAS\RTA-CAR_9.2.1\ISOLAR-AB\workspace\bsw_temp\EcuM\EcuM_Cfg_SynchPoint.h' finished...
15:36:45,306 [INFO] BCTCodeGenerator: generating 'EcuM_Cfg_Version_h::Generate FOR model' => []
15:36:45,308 [INFO] CdtBeautifier using default formatter settings.
15:36:45,309 [INFO] Formatting of 'C:\ETAS\RTA-CAR_9.2.1\ISOLAR-AB\workspace\bsw_temp\EcuM\EcuM_Cfg_Version.h' finished...
15:36:45,309 [INFO] workflow completed in 67ms!
15:36:45,328 [INFO] --------------------------------------------------------------------------------------
15:36:45,329 [INFO] EMF Modeling Workflow Engine 1.5.1, Build v20191121-1148
15:36:45,329 [INFO] (c) 2005-2009 openarchitectureware.org and contributors
15:36:45,329 [INFO] --------------------------------------------------------------------------------------
15:36:45,329 [INFO] running workflow: C:\ETAS\RTA-CAR_9.2.1\ISOLAR-AB_9.2.1\configuration\org.eclipse.osgi\901\0\.cp\gen\ESM\EcuM\scripts\EcuM_PbDetermineValidate.mwe
15:36:45,329 [INFO] 
15:36:45,329 [INFO] BCTCheckComponent: slot model check file(s): validator::EcuM_PbDetermineCheck 
15:36:45,342 [INFO] workflow completed in 13ms!
15:36:45,362 [INFO] --------------------------------------------------------------------------------------
15:36:45,362 [INFO] EMF Modeling Workflow Engine 1.5.1, Build v20191121-1148
15:36:45,362 [INFO] (c) 2005-2009 openarchitectureware.org and contributors
15:36:45,362 [INFO] --------------------------------------------------------------------------------------
15:36:45,362 [INFO] running workflow: C:\ETAS\RTA-CAR_9.2.1\ISOLAR-AB_9.2.1\configuration\org.eclipse.osgi\901\0\.cp\gen\ESM\EcuM\scripts\EcuM_RbMonitoringGenerate.mwe
15:36:45,362 [INFO] 
15:36:45,364 [INFO] BCTCodeGenerator: generating 'EcuM_Cfg_RbMo_c::Generate FOR model' => []
15:36:45,365 [INFO] CdtBeautifier using default formatter settings.
15:36:45,366 [INFO] Formatting of 'C:\ETAS\RTA-CAR_9.2.1\ISOLAR-AB\workspace\bsw_temp\EcuM\EcuM_Cfg_RbMo.c' finished...
15:36:45,366 [INFO] BCTCodeGenerator: generating 'EcuM_Cfg_RbMo_h::Generate FOR model' => []
15:36:45,368 [INFO] CdtBeautifier using default formatter settings.
15:36:45,369 [INFO] Formatting of 'C:\ETAS\RTA-CAR_9.2.1\ISOLAR-AB\workspace\bsw_temp\EcuM\EcuM_Cfg_RbMo.h' finished...
15:36:45,369 [INFO] workflow completed in 5ms!
15:36:45,386 [INFO] --------------------------------------------------------------------------------------
15:36:45,386 [INFO] EMF Modeling Workflow Engine 1.5.1, Build v20191121-1148
15:36:45,386 [INFO] (c) 2005-2009 openarchitectureware.org and contributors
15:36:45,386 [INFO] --------------------------------------------------------------------------------------
15:36:45,386 [INFO] running workflow: C:\ETAS\RTA-CAR_9.2.1\ISOLAR-AB_9.2.1\configuration\org.eclipse.osgi\901\0\.cp\gen\ESM\EcuM\scripts\EcuM_WarningReport.mwe
15:36:45,386 [INFO] 
15:36:45,387 [INFO] BCTCodeGenerator: generating 'EcuM_WarningReport_txt::Generate FOR model' => []
15:36:45,393 [INFO] workflow completed in 6ms!
15:36:45,420 [INFO] --------------------------------------------------------------------------------------
15:36:45,420 [INFO] EMF Modeling Workflow Engine 1.5.1, Build v20191121-1148
15:36:45,420 [INFO] (c) 2005-2009 openarchitectureware.org and contributors
15:36:45,420 [INFO] --------------------------------------------------------------------------------------
15:36:45,420 [INFO] running workflow: C:\ETAS\RTA-CAR_9.2.1\ISOLAR-AB_9.2.1\configuration\org.eclipse.osgi\901\0\.cp\gen\SrvLibs\Mfx\Mfx\scripts\Mfx_Generate.oaw
15:36:45,420 [INFO] 
15:36:45,421 [INFO] BCTCodeGenerator: generating 'Mfx_Cfg_h::Generate FOR model' => []
15:36:45,475 [INFO] workflow completed in 54ms!
15:36:45,491 [INFO] --------------------------------------------------------------------------------------
15:36:45,491 [INFO] EMF Modeling Workflow Engine 1.5.1, Build v20191121-1148
15:36:45,491 [INFO] (c) 2005-2009 openarchitectureware.org and contributors
15:36:45,491 [INFO] --------------------------------------------------------------------------------------
15:36:45,491 [INFO] running workflow: C:\ETAS\RTA-CAR_9.2.1\ISOLAR-AB_9.2.1\configuration\org.eclipse.osgi\901\0\.cp\gen\WdgS\WdgIf\scripts\WdgIf_Generate.oaw
15:36:45,491 [INFO] 
15:36:45,493 [INFO] BCTCodeGenerator: generating 'WdgIf_Cfg_h::xPandWdgIf_Cfg_h FOR model' => []
15:36:45,496 [INFO] BCTCodeGenerator: generating 'WdgIf_Cfg_h::xPandWdgIf_PBcfg_h FOR model' => []
15:36:45,497 [INFO] BCTCodeGenerator: generating 'WdgIf_Cfg_c::xPandWdgIf_Cfg_c FOR model' => []
15:36:45,501 [INFO] BCTCodeGenerator: generating 'WdgIf_Cfg_c::xPandWdgIf_PBcfg_c FOR model' => []
15:36:45,503 [INFO] BCTCodeGenerator: generating 'WdgIf_Cfg_BSWMD_arxml::Root FOR model' => []
15:36:45,506 [INFO] BCTCodeGenerator: generating 'WdgIf_Rb_h::xPandWdgIf_Rb_h FOR model' => []
15:36:45,508 [INFO] workflow completed in 15ms!
15:36:45,527 [INFO] --------------------------------------------------------------------------------------
15:36:45,527 [INFO] EMF Modeling Workflow Engine 1.5.1, Build v20191121-1148
15:36:45,527 [INFO] (c) 2005-2009 openarchitectureware.org and contributors
15:36:45,527 [INFO] --------------------------------------------------------------------------------------
15:36:45,527 [INFO] running workflow: C:\ETAS\RTA-CAR_9.2.1\ISOLAR-AB_9.2.1\configuration\org.eclipse.osgi\901\0\.cp\gen\Diagnosis\rba_DemObdBasic\scripts\datagenerator\rba_DemObdBasic_IdGenerator.mwe
15:36:45,527 [INFO] 
15:36:45,528 [INFO] BCTXtendComponent: executing 'rba_DemObdBasic_id'
15:36:45,530 [INFO] DemDtrIds are configured for all DemDtrs. Nothing to forward.
15:36:45,530 [INFO] workflow completed in 2ms!
15:36:45,553 [INFO] --------------------------------------------------------------------------------------
15:36:45,553 [INFO] EMF Modeling Workflow Engine 1.5.1, Build v20191121-1148
15:36:45,553 [INFO] (c) 2005-2009 openarchitectureware.org and contributors
15:36:45,553 [INFO] --------------------------------------------------------------------------------------
15:36:45,553 [INFO] running workflow: C:\ETAS\RTA-CAR_9.2.1\ISOLAR-AB_9.2.1\configuration\org.eclipse.osgi\901\0\.cp\gen\CanStack\CanSM\scripts\templates\CanSM_Generate.oaw
15:36:45,553 [INFO] 
15:36:45,554 [INFO] BCTCodeGenerator: generating 'templates::CanSM::CanSM_Cfg_h::Generate FOR model.ecu.canSM' => []
15:36:45,555 [INFO] ExtensionAdvice registered: ComM_CanSM_Aspects
15:36:45,555 [INFO] ExtensionAdvice 'cantrcv_cansm_aspects' could not be found and will be ignored.
15:36:45,555 [INFO] ExtensionAdvice 'Dem_CanSM_Aspects' could not be found and will be ignored.
15:36:45,559 [INFO] BCTCodeGenerator: generating 'templates::CanSM::CanSM_PBcfg_c::Generate FOR model' => []
15:36:45,560 [INFO] ExtensionAdvice registered: ComM_CanSM_Aspects
15:36:45,564 [INFO] BCTCodeGenerator: generating 'templates::CanSM::CanSM_PBcfg_h::Generate FOR model.ecu.canSM' => []
15:36:45,565 [INFO] ExtensionAdvice registered: ComM_CanSM_Aspects
15:36:45,565 [INFO] ExtensionAdvice 'cantrcv_cansm_aspects' could not be found and will be ignored.
15:36:45,565 [INFO] ExtensionAdvice 'Dem_CanSM_Aspects' could not be found and will be ignored.
15:36:45,567 [INFO] workflow completed in 13ms!
15:36:45,591 [INFO] --------------------------------------------------------------------------------------
15:36:45,591 [INFO] EMF Modeling Workflow Engine 1.5.1, Build v20191121-1148
15:36:45,591 [INFO] (c) 2005-2009 openarchitectureware.org and contributors
15:36:45,591 [INFO] --------------------------------------------------------------------------------------
15:36:45,591 [INFO] running workflow: C:\ETAS\RTA-CAR_9.2.1\ISOLAR-AB_9.2.1\configuration\org.eclipse.osgi\901\0\.cp\gen\CanStack\CanTrcv\scripts\templates\bswmd\CanTrcv_BSWMD_Forward.mwe
15:36:45,591 [INFO] 
15:36:45,592 [INFO] BCTXtendComponent: executing 'CanTrcv_BSWMD_Create'
15:36:45,597 [INFO] Starting forwarding of Main functions and their periods for  CanTrcv Module:
15:36:45,598 [INFO] Forwarding of main functions and periods finished.
15:36:45,598 [INFO] workflow completed in 6ms!
15:36:45,621 [INFO] --------------------------------------------------------------------------------------
15:36:45,622 [INFO] EMF Modeling Workflow Engine 1.5.1, Build v20191121-1148
15:36:45,622 [INFO] (c) 2005-2009 openarchitectureware.org and contributors
15:36:45,622 [INFO] --------------------------------------------------------------------------------------
15:36:45,622 [INFO] running workflow: C:\ETAS\RTA-CAR_9.2.1\ISOLAR-AB_9.2.1\configuration\org.eclipse.osgi\901\0\.cp\gen\ComServices\Com\scripts\common\templates\generateid\Com_GenerateId.oaw
15:36:45,622 [INFO] 
15:36:45,623 [INFO] BCTXtendComponent: executing 'templates::generateid::Com_GenerateId_Id'
15:36:45,655 [INFO] Prepare "__KW_COMMON" variant
15:36:45,696 [INFO] workflow completed in 73ms!
15:36:45,740 [INFO] --------------------------------------------------------------------------------------
15:36:45,740 [INFO] EMF Modeling Workflow Engine 1.5.1, Build v20191121-1148
15:36:45,740 [INFO] (c) 2005-2009 openarchitectureware.org and contributors
15:36:45,740 [INFO] --------------------------------------------------------------------------------------
15:36:45,740 [INFO] running workflow: C:\ETAS\RTA-CAR_9.2.1\ISOLAR-AB_9.2.1\configuration\org.eclipse.osgi\901\0\.cp\gen\Diagnosis\Dem\scripts\forwarder\Dem_Forwarder.mwe
15:36:45,740 [INFO] 
15:36:45,741 [INFO] BCTXtendComponent: executing 'Dem_FwdToDem'
15:36:45,750 [INFO] BCTXtendComponent: executing 'Dem_FwdToDcm'
15:36:45,752 [INFO] BCTXtendComponent: executing 'Dem_FwdToNvm'
15:36:45,752 [INFO] ExtensionAdvice registered: rba_DemObdBasic_Aspects
15:36:45,752 [INFO] ExtensionAdvice 'rba_DemBfm_Aspects' could not be found and will be ignored.
15:36:45,807 [INFO] workflow completed in 66ms!
15:36:45,859 [INFO] --------------------------------------------------------------------------------------
15:36:45,859 [INFO] EMF Modeling Workflow Engine 1.5.1, Build v20191121-1148
15:36:45,859 [INFO] (c) 2005-2009 openarchitectureware.org and contributors
15:36:45,859 [INFO] --------------------------------------------------------------------------------------
15:36:45,859 [INFO] running workflow: C:\ETAS\RTA-CAR_9.2.1\ISOLAR-AB_9.2.1\configuration\org.eclipse.osgi\901\0\.cp\gen\ESM\EcuM\scripts\EcuM_PbDetermineGenerate.mwe
15:36:45,859 [INFO] 
15:36:45,860 [INFO] BCTCodeGenerator: generating 'EcuM_Cfg_PbExt_c::Generate FOR model' => []
15:36:45,860 [INFO] CdtBeautifier using default formatter settings.
15:36:45,861 [INFO] Formatting of 'C:\ETAS\RTA-CAR_9.2.1\ISOLAR-AB\workspace\bsw_temp\EcuM\EcuM_Cfg_PbExt.c' finished...
15:36:45,862 [INFO] BCTCodeGenerator: generating 'EcuM_Cfg_PbExt_h::Generate FOR model' => []
15:36:45,862 [INFO] CdtBeautifier using default formatter settings.
15:36:45,862 [INFO] Formatting of 'C:\ETAS\RTA-CAR_9.2.1\ISOLAR-AB\workspace\bsw_temp\EcuM\EcuM_Cfg_PbExt.h' finished...
15:36:45,864 [INFO] workflow completed in 4ms!
15:36:45,882 [INFO] --------------------------------------------------------------------------------------
15:36:45,883 [INFO] EMF Modeling Workflow Engine 1.5.1, Build v20191121-1148
15:36:45,883 [INFO] (c) 2005-2009 openarchitectureware.org and contributors
15:36:45,883 [INFO] --------------------------------------------------------------------------------------
15:36:45,883 [INFO] running workflow: C:\ETAS\RTA-CAR_9.2.1\ISOLAR-AB_9.2.1\configuration\org.eclipse.osgi\901\0\.cp\gen\WdgS\WdgM\scripts\WdgM_Id_Generate.oaw
15:36:45,883 [INFO] 
15:36:45,884 [INFO] BCTXtendComponent: executing 'WdgM_Genutils'
15:36:45,888 [INFO] workflow completed in 4ms!
15:36:45,975 [INFO] --------------------------------------------------------------------------------------
15:36:45,976 [INFO] EMF Modeling Workflow Engine 1.5.1, Build v20191121-1148
15:36:45,976 [INFO] (c) 2005-2009 openarchitectureware.org and contributors
15:36:45,976 [INFO] --------------------------------------------------------------------------------------
15:36:45,976 [INFO] running workflow: C:\ETAS\RTA-CAR_9.2.1\ISOLAR-AB_9.2.1\configuration\org.eclipse.osgi\901\0\.cp\gen\ComServices\ComM\scripts\common\templates\validator\ComM_Validate.oaw
15:36:45,976 [INFO] 
15:36:45,977 [INFO] BCTCheckComponent: slot model check file(s): templates::ComM::validator::ComM_Validate 
15:36:45,977 [INFO] ExtensionAdvice registered: Nm_ComM_Aspects
15:36:46,001 [INFO] workflow completed in 24ms!
15:36:46,064 [INFO] --------------------------------------------------------------------------------------
15:36:46,065 [INFO] EMF Modeling Workflow Engine 1.5.1, Build v20191121-1148
15:36:46,065 [INFO] (c) 2005-2009 openarchitectureware.org and contributors
15:36:46,065 [INFO] --------------------------------------------------------------------------------------
15:36:46,065 [INFO] running workflow: C:\ETAS\RTA-CAR_9.2.1\ISOLAR-AB_9.2.1\configuration\org.eclipse.osgi\901\0\.cp\gen\ComServices\Nm\scripts\common\templates\validator\Nm_Validate_Var1.oaw
15:36:46,065 [INFO] 
15:36:46,066 [INFO] BCTCheckComponent(CanNmVal): slot model check file(s): templates::Nm::validator::Nm_Validate_Var1 
15:36:46,067 [INFO] ExtensionAdvice registered: CanNm_Nm_Aspects
15:36:46,067 [INFO] ExtensionAdvice 'FrNm_Nm_Aspects' could not be found and will be ignored.
15:36:46,067 [INFO] ExtensionAdvice 'UdpNm_Nm_Aspects' could not be found and will be ignored.
15:36:46,067 [INFO] ExtensionAdvice 'J1939Nm_Nm_Aspects' could not be found and will be ignored.
15:36:46,091 [INFO] workflow completed in 25ms!
15:36:46,114 [INFO] --------------------------------------------------------------------------------------
15:36:46,114 [INFO] EMF Modeling Workflow Engine 1.5.1, Build v20191121-1148
15:36:46,114 [INFO] (c) 2005-2009 openarchitectureware.org and contributors
15:36:46,114 [INFO] --------------------------------------------------------------------------------------
15:36:46,114 [INFO] running workflow: C:\ETAS\RTA-CAR_9.2.1\ISOLAR-AB_9.2.1\configuration\org.eclipse.osgi\901\0\.cp\gen\WdgS\WdgM\scripts\WdgM_Validate.oaw
15:36:46,114 [INFO] 
15:36:46,114 [INFO] BCTCheckComponent: slot model check file(s): WdgM_Validator 
15:36:46,129 [INFO] workflow completed in 15ms!
15:36:46,230 [INFO] --------------------------------------------------------------------------------------
15:36:46,230 [INFO] EMF Modeling Workflow Engine 1.5.1, Build v20191121-1148
15:36:46,230 [INFO] (c) 2005-2009 openarchitectureware.org and contributors
15:36:46,230 [INFO] --------------------------------------------------------------------------------------
15:36:46,230 [INFO] running workflow: C:\ETAS\RTA-CAR_9.2.1\ISOLAR-AB_9.2.1\configuration\org.eclipse.osgi\901\0\.cp\gen\ComServices\Xcp\scripts\common\templates\validator\Xcp_Validate.oaw
15:36:46,230 [INFO] 
15:36:46,230 [INFO] BCTCheckComponent: slot model check file(s): Xcp_Validate_General Xcp_Validate_Can Xcp_Validate_Cdd Xcp_Validate_Eth Xcp_Validate_Fr Xcp_Validate_MDG1 
15:36:46,231 [INFO] ExtensionAdvice 'SoAd_Xcp_Aspects' could not be found and will be ignored.
15:36:46,232 [INFO] ExtensionAdvice registered: CanIf_Xcp_Aspects
15:36:46,232 [INFO] ExtensionAdvice 'FrIf_Xcp_Aspects' could not be found and will be ignored.
15:36:46,257 [INFO] workflow completed in 27ms!
15:36:46,273 [INFO] --------------------------------------------------------------------------------------
15:36:46,273 [INFO] EMF Modeling Workflow Engine 1.5.1, Build v20191121-1148
15:36:46,273 [INFO] (c) 2005-2009 openarchitectureware.org and contributors
15:36:46,273 [INFO] --------------------------------------------------------------------------------------
15:36:46,273 [INFO] running workflow: C:\ETAS\RTA-CAR_9.2.1\ISOLAR-AB_9.2.1\configuration\org.eclipse.osgi\901\0\.cp\gen\Diagnosis\rba_DemObdBasic\scripts\forwarder\rba_DemObdBasic_Forwarder.mwe
15:36:46,273 [INFO] 
15:36:46,274 [INFO] BCTXtendComponent: executing 'rba_DemObdBasic_FwdToNvM'
15:36:46,282 [INFO] workflow completed in 8ms!
15:36:46,305 [INFO] --------------------------------------------------------------------------------------
15:36:46,305 [INFO] EMF Modeling Workflow Engine 1.5.1, Build v20191121-1148
15:36:46,305 [INFO] (c) 2005-2009 openarchitectureware.org and contributors
15:36:46,305 [INFO] --------------------------------------------------------------------------------------
15:36:46,305 [INFO] running workflow: C:\ETAS\RTA-CAR_9.2.1\ISOLAR-AB_9.2.1\configuration\org.eclipse.osgi\901\0\.cp\gen\CanStack\CanIf\scripts\templates\forward\CanIf_Forward.oaw
15:36:46,305 [INFO] 
15:36:46,306 [INFO] BCTXtendComponent: executing ' templates::forward::CanIf_Forward_DemParams'
15:36:46,311 [INFO] Forwarding of Implementation datatype containers of  CanIf_ControllerState
15:36:46,312 [INFO] Forwarding of Application datatype containers of  CanIf_ControllerState
15:36:46,314 [INFO] Forwarding of measurement containers of  CanIf_ControllerState
15:36:46,315 [INFO] Forwarding of measurement containers of  CanIf_ControllerState finished successfully... Forwarding Text Entry values...
15:36:46,315 [INFO] Forwarding of Implementation datatype containers of  CanIf_Prv_TxNotification_aen
15:36:46,316 [INFO] Forwarding of Application datatype containers of  CanIf_Prv_TxNotification_aen
15:36:46,317 [INFO] Forwarding of measurement containers of  CanIf_Prv_TxNotification_aen
15:36:46,318 [INFO] Forwarding of measurement containers of  CanIf_Prv_TxNotification_aen finished successfully
15:36:46,321 [INFO] Forwarding of Implementation datatype containers of  CanIf_TxSDUBuffer
15:36:46,324 [INFO] Forwarding of Application datatype containers of  CanIf_TxSDUBuffer
15:36:46,328 [INFO] Forwarding of measurement containers of  CanIf_TxSDUBuffer
15:36:46,338 [INFO] Forwarding of measurement containers of  CanIf_TxSDUBuffer finished successfully
15:36:46,339 [INFO] Forwarding of Implementation datatype containers of  CanIf_TxBuffer
15:36:46,343 [INFO] Forwarding of Application datatype containers of  CanIf_TxBuffer
15:36:46,347 [INFO] Forwarding of measurement containers of  CanIf_TxBuffer
15:36:46,354 [INFO] Forwarding of measurement containers of  CanIf_TxBuffer finished successfully
15:36:46,354 [INFO] Forwarding of Implementation datatype containers of  CanIf_Prv_TxBufferRam_ast
15:36:46,355 [INFO] Forwarding of Application datatype containers of  CanIf_Prv_TxBufferRam_ast
15:36:46,356 [INFO] Forwarding of measurement containers of  CanIf_Prv_TxBufferRam_ast
15:36:46,357 [INFO] Forwarding of measurement containers of  CanIf_Prv_TxBufferRam_ast finished successfully... Forwarding Text Entry values...
15:36:46,357 [INFO] BCTXtendComponent: executing 'templates::BSWMD::CanIf_BSWMD_Create'
15:36:46,358 [INFO] ExtensionAdvice registered: PduR_CanIf_Aspects
15:36:46,362 [INFO] workflow completed in 56ms!
15:36:46,389 [INFO] --------------------------------------------------------------------------------------
15:36:46,389 [INFO] EMF Modeling Workflow Engine 1.5.1, Build v20191121-1148
15:36:46,389 [INFO] (c) 2005-2009 openarchitectureware.org and contributors
15:36:46,389 [INFO] --------------------------------------------------------------------------------------
15:36:46,389 [INFO] running workflow: C:\ETAS\RTA-CAR_9.2.1\ISOLAR-AB_9.2.1\configuration\org.eclipse.osgi\901\0\.cp\gen\CanStack\CanTrcv\scripts\templates\CanTrcv_Generate.mwe
15:36:46,389 [INFO] 
15:36:46,390 [INFO] BCTCodeGenerator: generating 'templates::cantrcv::cantrcv_cfg_h::Root FOR model.ecu' => C:\ETAS\RTA-CAR_9.2.1\ISOLAR-AB\workspace\bsw_temp\CanTrcv
15:36:46,402 [ERROR] CanTrcv Config error: CanTrcvChannel_0 Pn Baudrate not correct configured. Possible Values are 125,250,500,1000 Set to 500KBaud
15:36:46,417 [INFO] BCTCodeGenerator: generating 'templates::cantrcv::cantrcv_cfg_c::Root FOR model.ecu' => C:\ETAS\RTA-CAR_9.2.1\ISOLAR-AB\workspace\bsw_temp\CanTrcv
15:36:46,431 [INFO] workflow completed in 41ms!
15:36:46,450 [INFO] --------------------------------------------------------------------------------------
15:36:46,451 [INFO] EMF Modeling Workflow Engine 1.5.1, Build v20191121-1148
15:36:46,451 [INFO] (c) 2005-2009 openarchitectureware.org and contributors
15:36:46,451 [INFO] --------------------------------------------------------------------------------------
15:36:46,451 [INFO] running workflow: C:\ETAS\RTA-CAR_9.2.1\ISOLAR-AB_9.2.1\configuration\org.eclipse.osgi\901\0\.cp\gen\CanStack\CanTrcv\scripts\templates\CanTrcv_GeneratePBL.mwe
15:36:46,451 [INFO] 
15:36:46,451 [INFO] BCTCodeGenerator: generating 'templates::cantrcv::cantrcv_PBcfg_c::Root FOR model.ecu' => C:\ETAS\RTA-CAR_9.2.1\ISOLAR-AB\workspace\bsw_temp\CanTrcv
15:36:46,457 [INFO] workflow completed in 6ms!
15:36:46,485 [INFO] --------------------------------------------------------------------------------------
15:36:46,485 [INFO] EMF Modeling Workflow Engine 1.5.1, Build v20191121-1148
15:36:46,485 [INFO] (c) 2005-2009 openarchitectureware.org and contributors
15:36:46,485 [INFO] --------------------------------------------------------------------------------------
15:36:46,485 [INFO] running workflow: C:\ETAS\RTA-CAR_9.2.1\ISOLAR-AB_9.2.1\configuration\org.eclipse.osgi\901\0\.cp\gen\ComServices\ComM\scripts\common\templates\ComM_Generate.oaw
15:36:46,485 [INFO] 
15:36:46,486 [INFO] BCTCodeGenerator: generating 'templates::ComM::ComM_Root::Root FOR model' => []
15:36:46,486 [INFO] ExtensionAdvice registered: Nm_ComM_Aspects
15:36:46,500 [INFO] BCTCodeGenerator: generating 'arxml::ComM_Cfg_Swcd_arxml::Generate FOR model' => []
15:36:46,500 [INFO] ExtensionAdvice registered: Nm_ComM_Aspects
15:36:46,505 [INFO] BCTCodeGenerator: generating 'arxml::ComM_BSWMD_arxml::Generate FOR model' => []
15:36:46,505 [INFO] ExtensionAdvice '' could not be found and will be ignored.
15:36:46,509 [INFO] BCTCodeGenerator: generating 'ComM_EOC_arxml::Generate FOR model' => []
15:36:46,512 [INFO] workflow completed in 26ms!
15:36:46,528 [INFO] --------------------------------------------------------------------------------------
15:36:46,528 [INFO] EMF Modeling Workflow Engine 1.5.1, Build v20191121-1148
15:36:46,528 [INFO] (c) 2005-2009 openarchitectureware.org and contributors
15:36:46,528 [INFO] --------------------------------------------------------------------------------------
15:36:46,528 [INFO] running workflow: C:\ETAS\RTA-CAR_9.2.1\ISOLAR-AB_9.2.1\configuration\org.eclipse.osgi\901\0\.cp\gen\ComServices\ComM\scripts\common\templates\ComM_Generate_PB.oaw
15:36:46,528 [INFO] 
15:36:46,529 [INFO] BCTCodeGenerator: generating 'templates::ComM::ComM_Root::Root_PB FOR model' => []
15:36:46,529 [INFO] ExtensionAdvice registered: Nm_ComM_Aspects
15:36:46,537 [INFO] workflow completed in 7ms!
15:36:46,557 [INFO] --------------------------------------------------------------------------------------
15:36:46,557 [INFO] EMF Modeling Workflow Engine 1.5.1, Build v20191121-1148
15:36:46,557 [INFO] (c) 2005-2009 openarchitectureware.org and contributors
15:36:46,557 [INFO] --------------------------------------------------------------------------------------
15:36:46,557 [INFO] running workflow: C:\ETAS\RTA-CAR_9.2.1\ISOLAR-AB_9.2.1\configuration\org.eclipse.osgi\901\0\.cp\gen\Diagnosis\Dcm\scripts\datagenerator\Dcm_GenerateID.oaw
15:36:46,557 [INFO] 
15:36:46,558 [INFO] BCTXtendComponent: executing 'scripts::datagenerator::Dcm_Id'
15:36:46,571 [INFO] BCTXtendComponent: executing 'scripts::datagenerator::Dcm_Id'
15:36:46,571 [INFO] ExtensionAdvice 'i15031_srv1' could not be found and will be ignored.
15:36:46,573 [INFO] workflow completed in 14ms!
15:36:46,974 [INFO] --------------------------------------------------------------------------------------
15:36:46,974 [INFO] EMF Modeling Workflow Engine 1.5.1, Build v20191121-1148
15:36:46,974 [INFO] (c) 2005-2009 openarchitectureware.org and contributors
15:36:46,974 [INFO] --------------------------------------------------------------------------------------
15:36:46,974 [INFO] running workflow: C:\ETAS\RTA-CAR_9.2.1\ISOLAR-AB_9.2.1\configuration\org.eclipse.osgi\901\0\.cp\gen\Diagnosis\Dem\scripts\validator\Dem_Validate.oaw
15:36:46,974 [INFO] 
15:36:46,975 [INFO] BCTCheckComponent: slot model check file(s): Dem_General Dem_Node Dem_NvM Dem_Deb Dem_Dtc Dem_GeneralJ1939 Dem_EvMem Dem_Events Dem_EvBuff Dem_OperationCycle Dem_Env Dem_EvIndicators Dem_StorageCondition Dem_BSW 
15:36:46,976 [INFO] ExtensionAdvice registered: rba_DemObdBasic_Aspects
15:36:46,976 [INFO] ExtensionAdvice 'rba_DemBfm_Aspects' could not be found and will be ignored.
15:36:51,960 [INFO] workflow completed in 4985ms!
15:36:51,960 [WARN] [WARNING]: Dem - configuration plausibility - parameter [demMaxNumberEventEntryMirror] vs. number of [DemMemoryDestinationRef] matching 'DEM_DTC_ORIGIN_MIRROR_MEMORY'
      * parameter [demMaxNumberEventEntryMirror] = 1
      * number of [DemMemoryDestinationRef] matching 'DEM_DTC_ORIGIN_MIRROR_MEMORY' = 0(Element: autosar40.ecucdescription.impl.EcucModuleConfigurationValuesImpl@76a92f2a (shortName: Dem) (ecucDefEdition: <unset>, implementationConfigVariant: VARIANT-PRE-COMPILE, postBuildVariantUsed: <unset>); Reported by: -UNKNOWN-)
15:36:51,983 [INFO] --------------------------------------------------------------------------------------
15:36:51,983 [INFO] EMF Modeling Workflow Engine 1.5.1, Build v20191121-1148
15:36:51,983 [INFO] (c) 2005-2009 openarchitectureware.org and contributors
15:36:51,983 [INFO] --------------------------------------------------------------------------------------
15:36:51,983 [INFO] running workflow: C:\ETAS\RTA-CAR_9.2.1\ISOLAR-AB_9.2.1\configuration\org.eclipse.osgi\901\0\.cp\gen\ComServices\Nm\scripts\common\templates\Nm_Generate.oaw
15:36:51,983 [INFO] 
15:36:51,984 [INFO] BCTCodeGenerator: generating 'templates::Nm::Nm_Cfg_h::Generate FOR model' => []
15:36:51,985 [INFO] ExtensionAdvice registered: CanNm_Nm_Aspects
15:36:51,985 [INFO] ExtensionAdvice 'FrNm_Nm_Aspects' could not be found and will be ignored.
15:36:51,985 [INFO] ExtensionAdvice 'UdpNm_Nm_Aspects' could not be found and will be ignored.
15:36:51,985 [INFO] ExtensionAdvice 'J1939Nm_Nm_Aspects' could not be found and will be ignored.
15:36:51,995 [INFO] CdtBeautifier using default formatter settings.
15:36:51,996 [INFO] Formatting of 'C:\ETAS\RTA-CAR_9.2.1\ISOLAR-AB\workspace\bsw_temp\Nm\Nm_Cfg.h' finished...
15:36:51,997 [INFO] BCTCodeGenerator(NmGen): generating 'templates::Nm::Nm_Cfg_c::Generate FOR model' => []
15:36:51,997 [INFO] ExtensionAdvice registered: CanNm_Nm_Aspects
15:36:51,997 [INFO] ExtensionAdvice 'FrNm_Nm_Aspects' could not be found and will be ignored.
15:36:51,997 [INFO] ExtensionAdvice 'UdpNm_Nm_Aspects' could not be found and will be ignored.
15:36:51,997 [INFO] ExtensionAdvice 'J1939Nm_Nm_Aspects' could not be found and will be ignored.
15:36:52,010 [INFO] CdtBeautifier using default formatter settings.
15:36:52,012 [INFO] Formatting of 'C:\ETAS\RTA-CAR_9.2.1\ISOLAR-AB\workspace\bsw_temp\Nm\Nm_Cfg.c' finished...
15:36:52,013 [INFO] BCTCodeGenerator: generating 'Nm_BSWMD_arxml::Generate FOR model' => []
15:36:52,013 [INFO] ExtensionAdvice '' could not be found and will be ignored.
15:36:52,016 [INFO] BCTCodeGenerator: generating 'Nm_EOC_arxml::Generate FOR model' => []
15:36:52,018 [INFO] workflow completed in 34ms!
15:36:52,651 [INFO] --------------------------------------------------------------------------------------
15:36:52,652 [INFO] EMF Modeling Workflow Engine 1.5.1, Build v20191121-1148
15:36:52,652 [INFO] (c) 2005-2009 openarchitectureware.org and contributors
15:36:52,652 [INFO] --------------------------------------------------------------------------------------
15:36:52,652 [INFO] running workflow: C:\ETAS\RTA-CAR_9.2.1\ISOLAR-AB_9.2.1\configuration\org.eclipse.osgi\901\0\.cp\gen\WdgS\WdgM\scripts\WdgM_Generate.oaw
15:36:52,652 [INFO] 
15:36:52,652 [INFO] BCTCodeGenerator: generating 'WdgM_Cfg_h::xPandWdgM_Cfg_h FOR model' => []
15:36:52,659 [INFO] BCTCodeGenerator: generating 'WdgM_Cfg_h::xPandWdgM_PBcfg_h FOR model' => []
15:36:52,662 [INFO] BCTCodeGenerator: generating 'WdgM_Cfg_c::xPandWdgM_Cfg_c FOR model' => []
15:36:52,668 [INFO] BCTCodeGenerator: generating 'WdgM_Cfg_c::xPandWdgM_PBcfg_c FOR model' => []
15:36:52,671 [INFO] BCTCodeGenerator: generating 'WdgM_Cfg_BSWMD_arxml::Root FOR model' => []
15:36:52,676 [INFO] BCTCodeGenerator: generating 'WdgM_Cfg_SWCD_arxml::Root FOR model' => []
15:36:52,678 [INFO] BCTCodeGenerator: generating 'WdgM_Report::Root FOR model' => []
15:36:52,682 [INFO] workflow completed in 30ms!
15:36:52,700 [INFO] --------------------------------------------------------------------------------------
15:36:52,700 [INFO] EMF Modeling Workflow Engine 1.5.1, Build v20191121-1148
15:36:52,700 [INFO] (c) 2005-2009 openarchitectureware.org and contributors
15:36:52,700 [INFO] --------------------------------------------------------------------------------------
15:36:52,700 [INFO] running workflow: C:\ETAS\RTA-CAR_9.2.1\ISOLAR-AB_9.2.1\configuration\org.eclipse.osgi\901\0\.cp\gen\ComServices\Xcp\scripts\common\templates\Xcp_Generate.oaw
15:36:52,700 [INFO] 
15:36:52,702 [INFO] BCTCodeGenerator: generating 'Xcp_Cfg_h::Generate FOR model' => []
15:36:52,703 [INFO] ExtensionAdvice registered: CanIf_Xcp_Aspects
15:36:52,709 [INFO] BCTCodeGenerator: generating 'Xcp_Cfg_c::Generate FOR model' => []
15:36:52,709 [INFO] ExtensionAdvice '' could not be found and will be ignored.
15:36:52,712 [INFO] BCTCodeGenerator: generating 'XcpOnCan_Cfg_h::Generate FOR model' => []
15:36:52,712 [INFO] ExtensionAdvice registered: CanIf_Xcp_Aspects
15:36:52,716 [INFO] BCTCodeGenerator: generating 'XcpOnCan_Cfg_c::Generate FOR model' => []
15:36:52,716 [INFO] ExtensionAdvice registered: CanIf_Xcp_Aspects
15:36:52,721 [INFO] BCTCodeGenerator: generating 'XcpOnCdd_Cfg_h::Generate FOR model' => []
15:36:52,722 [INFO] ExtensionAdvice registered: Xcp_Cdd_Aspects
15:36:52,724 [INFO] BCTCodeGenerator: generating 'XcpOnCdd_Cfg_c::Generate FOR model' => []
15:36:52,724 [INFO] ExtensionAdvice registered: Xcp_Cdd_Aspects
15:36:52,725 [INFO] BCTCodeGenerator: generating 'XcpOnEth_Cfg_h::Generate FOR model' => []
15:36:52,725 [INFO] ExtensionAdvice 'SoAd_Xcp_Aspects' could not be found and will be ignored.
15:36:52,728 [INFO] BCTCodeGenerator: generating 'XcpOnEth_Cfg_c::Generate FOR model' => []
15:36:52,728 [INFO] ExtensionAdvice 'SoAd_Xcp_Aspects' could not be found and will be ignored.
15:36:52,729 [INFO] BCTCodeGenerator: generating 'XcpOnFr_Cfg_h::Generate FOR model' => []
15:36:52,729 [INFO] ExtensionAdvice 'FrIf_Xcp_Aspects' could not be found and will be ignored.
15:36:52,731 [INFO] BCTCodeGenerator: generating 'XcpOnFr_Cfg_c::Generate FOR model' => []
15:36:52,732 [INFO] ExtensionAdvice 'FrIf_Xcp_Aspects' could not be found and will be ignored.
15:36:52,733 [INFO] BCTCodeGenerator: generating 'Xcp_Symbolic_Names_Cfg_h::Generate FOR model' => []
15:36:52,733 [INFO] ExtensionAdvice '' could not be found and will be ignored.
15:36:52,735 [INFO] BCTCodeGenerator: generating 'Xcp_A2L::Generate FOR model' => []
15:36:52,735 [INFO] ExtensionAdvice 'SoAd_Xcp_Aspects' could not be found and will be ignored.
15:36:52,736 [INFO] ExtensionAdvice registered: CanIf_Xcp_Aspects
15:36:52,736 [INFO] ExtensionAdvice 'FrIf_Xcp_Aspects' could not be found and will be ignored.
15:36:52,750 [INFO] BCTCodeGenerator: generating 'Xcp_Export_xml::Generate FOR model' => []
15:36:52,750 [INFO] ExtensionAdvice 'SoAd_Xcp_Aspects' could not be found and will be ignored.
15:36:52,750 [INFO] ExtensionAdvice registered: CanIf_Xcp_Aspects
15:36:52,750 [INFO] ExtensionAdvice 'FrIf_Xcp_Aspects' could not be found and will be ignored.
15:36:52,762 [INFO] BCTCodeGenerator: generating 'Xcp_Cfg_ModuleEntries_BSWMD::Generate FOR model' => []
15:36:52,762 [INFO] ExtensionAdvice '' could not be found and will be ignored.
15:36:52,766 [INFO] BCTCodeGenerator: generating 'Xcp_EOC_arxml::Generate FOR model' => []
15:36:52,766 [INFO] ExtensionAdvice '' could not be found and will be ignored.
15:36:52,767 [INFO] workflow completed in 65ms!
15:36:53,128 [INFO] --------------------------------------------------------------------------------------
15:36:53,128 [INFO] EMF Modeling Workflow Engine 1.5.1, Build v20191121-1148
15:36:53,128 [INFO] (c) 2005-2009 openarchitectureware.org and contributors
15:36:53,128 [INFO] --------------------------------------------------------------------------------------
15:36:53,128 [INFO] running workflow: C:\ETAS\RTA-CAR_9.2.1\ISOLAR-AB_9.2.1\configuration\org.eclipse.osgi\901\0\.cp\gen\Diagnosis\rba_DemObdBasic\scripts\validator\rba_DemObdBasic_Validate.mwe
15:36:53,128 [INFO] 
15:36:53,130 [INFO] BCTCheckComponent: slot model check file(s): rba_DemObdBasic_Event rba_DemObdBasic_Iumpr rba_DemObdBasic_Main rba_DemObdBasic_Node rba_DemObdBasic_Rdy rba_DemObdBasic_Dtr 
15:36:53,665 [INFO] workflow completed in 535ms!
15:36:53,666 [WARN] [WARNING]: The feature Dem-OBD is enabled (see demGeneral.demOBDSupport)  but there is no single DTC configured as OBD relevant(DTC kind as emission related DTC)(Element: autosar40.ecucdescription.impl.EcucContainerValueImpl@7695c337 (shortName: DemConfigSet) (index: <unset>); Reported by: -UNKNOWN-)
15:36:53,696 [INFO] --------------------------------------------------------------------------------------
15:36:53,696 [INFO] EMF Modeling Workflow Engine 1.5.1, Build v20191121-1148
15:36:53,696 [INFO] (c) 2005-2009 openarchitectureware.org and contributors
15:36:53,696 [INFO] --------------------------------------------------------------------------------------
15:36:53,696 [INFO] running workflow: C:\ETAS\RTA-CAR_9.2.1\ISOLAR-AB_9.2.1\configuration\org.eclipse.osgi\901\0\.cp\gen\Diagnosis\Dem\scripts\filegenerator\Dem_Generate.oaw
15:36:53,696 [INFO] 
15:36:53,697 [INFO] BCTCodeGenerator: generating 'Dem::Root FOR model' => []
15:36:53,697 [INFO] ExtensionAdvice registered: rba_DemObdBasic_Aspects
15:36:53,697 [INFO] ExtensionAdvice 'rba_DemBfm_Aspects' could not be found and will be ignored.
15:36:53,697 [INFO] ExtensionAdvice 'rba_DemBfm' could not be found and will be ignored.
15:36:53,703 [INFO] CdtBeautifier using default formatter settings.
15:36:53,704 [INFO] Formatting of 'C:\ETAS\RTA-CAR_9.2.1\ISOLAR-AB\workspace\bsw_temp\Dem\Dem_Cfg_Client.h' finished...
15:36:53,733 [INFO] CdtBeautifier using default formatter settings.
15:36:53,736 [INFO] Formatting of 'C:\ETAS\RTA-CAR_9.2.1\ISOLAR-AB\workspace\bsw_temp\Dem\Dem_Cfg_Deb.h' finished...
15:36:53,742 [INFO] CdtBeautifier using default formatter settings.
15:36:53,744 [INFO] Formatting of 'C:\ETAS\RTA-CAR_9.2.1\ISOLAR-AB\workspace\bsw_temp\Dem\Dem_Cfg_EnableCondition.h' finished...
15:36:58,793 [INFO] CdtBeautifier using default formatter settings.
15:36:58,795 [INFO] Formatting of 'C:\ETAS\RTA-CAR_9.2.1\ISOLAR-AB\workspace\bsw_temp\Dem\Dem_Cfg_DTC_DataStructures.h' finished...
15:36:58,977 [INFO] CdtBeautifier using default formatter settings.
15:36:59,133 [INFO] Formatting of 'C:\ETAS\RTA-CAR_9.2.1\ISOLAR-AB\workspace\bsw_temp\Dem\Dem_Cfg_DTC_DataStructures.c' finished...
15:36:59,141 [INFO] CdtBeautifier using default formatter settings.
15:36:59,143 [INFO] Formatting of 'C:\ETAS\RTA-CAR_9.2.1\ISOLAR-AB\workspace\bsw_temp\Dem\Dem_Cfg_DTCs.h' finished...
15:36:59,155 [INFO] CdtBeautifier using default formatter settings.
15:36:59,159 [INFO] Formatting of 'C:\ETAS\RTA-CAR_9.2.1\ISOLAR-AB\workspace\bsw_temp\Dem\Dem_Cfg_StorageCondition.h' finished...
15:36:59,163 [INFO] CdtBeautifier using default formatter settings.
15:36:59,165 [INFO] Formatting of 'C:\ETAS\RTA-CAR_9.2.1\ISOLAR-AB\workspace\bsw_temp\Dem\Dem_Cfg_EvBuff.h' finished...
15:36:59,327 [INFO] CdtBeautifier using default formatter settings.
15:36:59,329 [INFO] Formatting of 'C:\ETAS\RTA-CAR_9.2.1\ISOLAR-AB\workspace\bsw_temp\Dem\Dem_Cfg_Nodes.h' finished...
15:36:59,337 [INFO] CdtBeautifier using default formatter settings.
15:36:59,338 [INFO] Formatting of 'C:\ETAS\RTA-CAR_9.2.1\ISOLAR-AB\workspace\bsw_temp\Dem\Dem_Cfg_Nvm.h' finished...
15:36:59,341 [INFO] CdtBeautifier using default formatter settings.
15:36:59,342 [INFO] Formatting of 'C:\ETAS\RTA-CAR_9.2.1\ISOLAR-AB\workspace\bsw_temp\Dem\Dem_Cfg_Main.h' finished...
15:36:59,344 [INFO] CdtBeautifier using default formatter settings.
15:36:59,345 [INFO] Formatting of 'C:\ETAS\RTA-CAR_9.2.1\ISOLAR-AB\workspace\bsw_temp\Dem\Dem_Cfg_OperationCycle.h' finished...
15:36:59,358 [INFO] CdtBeautifier using default formatter settings.
15:36:59,359 [INFO] Formatting of 'C:\ETAS\RTA-CAR_9.2.1\ISOLAR-AB\workspace\bsw_temp\Dem\Dem_Cfg_OperationCycle_DataStructures.h' finished...
15:36:59,361 [INFO] CdtBeautifier using default formatter settings.
15:36:59,361 [INFO] Formatting of 'C:\ETAS\RTA-CAR_9.2.1\ISOLAR-AB\workspace\bsw_temp\Dem\Dem_Cfg_OperationCycle_DataStructures.c' finished...
15:36:59,373 [INFO] CdtBeautifier using default formatter settings.
15:36:59,374 [INFO] Formatting of 'C:\ETAS\RTA-CAR_9.2.1\ISOLAR-AB\workspace\bsw_temp\Dem\Dem_Cfg_EvMem.h' finished...
15:36:59,376 [INFO] CdtBeautifier using default formatter settings.
15:36:59,377 [INFO] Formatting of 'C:\ETAS\RTA-CAR_9.2.1\ISOLAR-AB\workspace\bsw_temp\Dem\Dem_Cfg_DistMem.h' finished...
15:36:59,378 [INFO] CdtBeautifier using default formatter settings.
15:36:59,379 [INFO] Formatting of 'C:\ETAS\RTA-CAR_9.2.1\ISOLAR-AB\workspace\bsw_temp\Dem\Dem_Cfg_Clear.c' finished...
15:36:59,382 [INFO] CdtBeautifier using default formatter settings.
15:36:59,383 [INFO] Formatting of 'C:\ETAS\RTA-CAR_9.2.1\ISOLAR-AB\workspace\bsw_temp\Dem\Dem_Cfg_Clear.h' finished...
15:36:59,385 [INFO] CdtBeautifier using default formatter settings.
15:36:59,386 [INFO] Formatting of 'C:\ETAS\RTA-CAR_9.2.1\ISOLAR-AB\workspace\bsw_temp\Dem\Dem_Cfg_NvmCallbacks.h' finished...
15:36:59,388 [INFO] CdtBeautifier using default formatter settings.
15:36:59,389 [INFO] Formatting of 'C:\ETAS\RTA-CAR_9.2.1\ISOLAR-AB\workspace\bsw_temp\Dem\Dem_Cfg_NvmCallbacks.c' finished...
15:36:59,526 [INFO] CdtBeautifier using default formatter settings.
15:36:59,529 [INFO] Formatting of 'C:\ETAS\RTA-CAR_9.2.1\ISOLAR-AB\workspace\bsw_temp\Dem\Dem_Cfg_EventIndicators.h' finished...
15:36:59,531 [INFO] CdtBeautifier using default formatter settings.
15:36:59,531 [INFO] Formatting of 'C:\ETAS\RTA-CAR_9.2.1\ISOLAR-AB\workspace\bsw_temp\Dem\Dem_Cfg_J1939Indicator.h' finished...
15:36:59,534 [INFO] CdtBeautifier using default formatter settings.
15:36:59,535 [INFO] Formatting of 'C:\ETAS\RTA-CAR_9.2.1\ISOLAR-AB\workspace\bsw_temp\Dem\Dem_Cfg_AssertionChk.h' finished...
15:36:59,540 [INFO] CdtBeautifier using default formatter settings.
15:36:59,541 [INFO] Formatting of 'C:\ETAS\RTA-CAR_9.2.1\ISOLAR-AB\workspace\bsw_temp\Dem\Dem_Cfg_Rte_Dem_Type.h' finished...
15:36:59,804 [INFO] CdtBeautifier using default formatter settings.
15:36:59,805 [INFO] Formatting of 'C:\ETAS\RTA-CAR_9.2.1\ISOLAR-AB\workspace\bsw_temp\Dem\Dem_Cfg_Client_DataStructures.h' finished...
15:36:59,806 [INFO] CdtBeautifier using default formatter settings.
15:36:59,807 [INFO] Formatting of 'C:\ETAS\RTA-CAR_9.2.1\ISOLAR-AB\workspace\bsw_temp\Dem\Dem_Cfg_Client_DataStructures.c' finished...
15:36:59,834 [INFO] CdtBeautifier using default formatter settings.
15:36:59,859 [INFO] Formatting of 'C:\ETAS\RTA-CAR_9.2.1\ISOLAR-AB\workspace\bsw_temp\Dem\Dem_DDL.csv' finished...
15:37:00,133 [INFO] CdtBeautifier using default formatter settings.
15:37:00,138 [INFO] Formatting of 'C:\ETAS\RTA-CAR_9.2.1\ISOLAR-AB\workspace\bsw_temp\Dem\Dem_Nodes.csv' finished...
15:37:00,144 [INFO] CdtBeautifier using default formatter settings.
15:37:00,148 [INFO] Formatting of 'C:\ETAS\RTA-CAR_9.2.1\ISOLAR-AB\workspace\bsw_temp\Dem\Dem_Indicators.csv' finished...
15:37:00,161 [INFO] CdtBeautifier using default formatter settings.
15:37:00,167 [INFO] Formatting of 'C:\ETAS\RTA-CAR_9.2.1\ISOLAR-AB\workspace\bsw_temp\Dem\Dem_Debounce.csv' finished...
15:37:00,173 [INFO] CdtBeautifier using default formatter settings.
15:37:00,175 [INFO] Formatting of 'C:\ETAS\RTA-CAR_9.2.1\ISOLAR-AB\workspace\bsw_temp\Dem\Dem_Cfg_EventId.h' finished...
15:37:06,200 [INFO] CdtBeautifier using default formatter settings.
15:37:06,209 [INFO] Formatting of 'C:\ETAS\RTA-CAR_9.2.1\ISOLAR-AB\workspace\bsw_temp\Dem\Dem_Cfg_DtcId.h' finished...
15:37:06,216 [INFO] CdtBeautifier using default formatter settings.
15:37:06,217 [INFO] Formatting of 'C:\ETAS\RTA-CAR_9.2.1\ISOLAR-AB\workspace\bsw_temp\Dem\Dem_Cfg_NodeId.h' finished...
15:37:06,223 [INFO] CdtBeautifier using default formatter settings.
15:37:06,225 [INFO] Formatting of 'C:\ETAS\RTA-CAR_9.2.1\ISOLAR-AB\workspace\bsw_temp\Dem\Dem_Cfg_EnvDataElement.h' finished...
15:37:06,228 [INFO] CdtBeautifier using default formatter settings.
15:37:06,229 [INFO] Formatting of 'C:\ETAS\RTA-CAR_9.2.1\ISOLAR-AB\workspace\bsw_temp\Dem\Dem_Cfg_EnvDataElement_DataSize.h' finished...
15:37:06,234 [INFO] CdtBeautifier using default formatter settings.
15:37:06,236 [INFO] Formatting of 'C:\ETAS\RTA-CAR_9.2.1\ISOLAR-AB\workspace\bsw_temp\Dem\Dem_Cfg_EnvDid.h' finished...
15:37:06,238 [INFO] CdtBeautifier using default formatter settings.
15:37:06,239 [INFO] Formatting of 'C:\ETAS\RTA-CAR_9.2.1\ISOLAR-AB\workspace\bsw_temp\Dem\Dem_Cfg_EnvExtendedData.h' finished...
15:37:06,242 [INFO] CdtBeautifier using default formatter settings.
15:37:06,242 [INFO] Formatting of 'C:\ETAS\RTA-CAR_9.2.1\ISOLAR-AB\workspace\bsw_temp\Dem\Dem_Cfg_EnvExtendedDataRec.h' finished...
15:37:06,246 [INFO] CdtBeautifier using default formatter settings.
15:37:06,247 [INFO] Formatting of 'C:\ETAS\RTA-CAR_9.2.1\ISOLAR-AB\workspace\bsw_temp\Dem\Dem_Cfg_EnvFreezeFrame.h' finished...
15:37:06,249 [INFO] CdtBeautifier using default formatter settings.
15:37:06,249 [INFO] Formatting of 'C:\ETAS\RTA-CAR_9.2.1\ISOLAR-AB\workspace\bsw_temp\Dem\Dem_Cfg_J1939EnvFreezeFrame.h' finished...
15:37:06,251 [INFO] CdtBeautifier using default formatter settings.
15:37:06,252 [INFO] Formatting of 'C:\ETAS\RTA-CAR_9.2.1\ISOLAR-AB\workspace\bsw_temp\Dem\Dem_Cfg_J1939EnvSpn.h' finished...
15:37:06,825 [INFO] CdtBeautifier using default formatter settings.
15:37:06,828 [INFO] Formatting of 'C:\ETAS\RTA-CAR_9.2.1\ISOLAR-AB\workspace\bsw_temp\Dem\Dem_Cfg_EnvMain.h' finished...
15:37:06,833 [INFO] CdtBeautifier using default formatter settings.
15:37:06,834 [INFO] Formatting of 'C:\ETAS\RTA-CAR_9.2.1\ISOLAR-AB\workspace\bsw_temp\Dem\Dem_Cfg_EnvFFRecNumeration.h' finished...
15:37:06,836 [INFO] CdtBeautifier using default formatter settings.
15:37:06,837 [INFO] Formatting of 'C:\ETAS\RTA-CAR_9.2.1\ISOLAR-AB\workspace\bsw_temp\Dem\Dem_PrjEnvDataElement.h' finished...
15:37:06,844 [INFO] CdtBeautifier using default formatter settings.
15:37:06,845 [INFO] Formatting of 'C:\ETAS\RTA-CAR_9.2.1\ISOLAR-AB\workspace\bsw_temp\Dem\Dem_Cfg_Events.h' finished...
15:37:06,847 [INFO] CdtBeautifier using default formatter settings.
15:37:06,847 [INFO] Formatting of 'C:\ETAS\RTA-CAR_9.2.1\ISOLAR-AB\workspace\bsw_temp\Dem\Dem_Cfg_EventsCallback.h' finished...
15:37:06,849 [INFO] CdtBeautifier using default formatter settings.
15:37:06,850 [INFO] Formatting of 'C:\ETAS\RTA-CAR_9.2.1\ISOLAR-AB\workspace\bsw_temp\Dem\Dem_Cfg_EventCategory.h' finished...
15:38:08,864 [INFO] CdtBeautifier using default formatter settings.
15:38:08,868 [INFO] Formatting of 'C:\ETAS\RTA-CAR_9.2.1\ISOLAR-AB\workspace\bsw_temp\Dem\Dem_Cfg_Events_DataStructures.h' finished...
15:38:10,285 [INFO] CdtBeautifier using default formatter settings.
15:38:11,263 [INFO] Formatting of 'C:\ETAS\RTA-CAR_9.2.1\ISOLAR-AB\workspace\bsw_temp\Dem\Dem_Cfg_Events_DataStructures.c' finished...
15:38:11,269 [INFO] CdtBeautifier using default formatter settings.
15:38:11,270 [INFO] Formatting of 'C:\ETAS\RTA-CAR_9.2.1\ISOLAR-AB\workspace\bsw_temp\Dem\Dem_Cfg.h' finished...
15:38:11,274 [INFO] CdtBeautifier using default formatter settings.
15:38:11,275 [INFO] Formatting of 'C:\ETAS\RTA-CAR_9.2.1\ISOLAR-AB\workspace\bsw_temp\Dem\Dem_Cfg_ExtPrototypes.h' finished...
15:38:11,278 [INFO] CdtBeautifier using default formatter settings.
15:38:11,279 [INFO] Formatting of 'C:\ETAS\RTA-CAR_9.2.1\ISOLAR-AB\workspace\bsw_temp\Dem\Dem_Cfg_BSWMD.arxml' finished...
15:38:11,401 [INFO] CdtBeautifier using default formatter settings.
15:38:20,895 [INFO] Formatting of 'C:\ETAS\RTA-CAR_9.2.1\ISOLAR-AB\workspace\bsw_temp\Dem\Dem_Cfg_SWCD.arxml' finished...
15:38:20,907 [INFO] CdtBeautifier using default formatter settings.
15:38:20,908 [INFO] Formatting of 'C:\ETAS\RTA-CAR_9.2.1\ISOLAR-AB\workspace\bsw_temp\Dem\Dem_Cfg_Version.h' finished...
15:38:20,909 [INFO] workflow completed in 87212ms!
15:38:24,047 [INFO] --------------------------------------------------------------------------------------
15:38:24,047 [INFO] EMF Modeling Workflow Engine 1.5.1, Build v20191121-1148
15:38:24,047 [INFO] (c) 2005-2009 openarchitectureware.org and contributors
15:38:24,047 [INFO] --------------------------------------------------------------------------------------
15:38:24,047 [INFO] running workflow: C:\ETAS\RTA-CAR_9.2.1\ISOLAR-AB_9.2.1\configuration\org.eclipse.osgi\901\0\.cp\gen\ComServices\PduR\scripts\templates\generateid\PduR_GenerateId.oaw
15:38:24,047 [INFO] 
15:38:24,048 [INFO] BCTXtendComponent: executing 'templates::generateid::PduR_GenerateId_Id'
15:38:24,049 [INFO] ExtensionAdvice registered: CanIf_PduR_Aspects
15:38:24,050 [INFO] ExtensionAdvice 'FrIf_PduR_Aspects' could not be found and will be ignored.
15:38:24,050 [INFO] ExtensionAdvice 'LinIf_PduR_Aspects' could not be found and will be ignored.
15:38:24,050 [INFO] ExtensionAdvice registered: CanTp_PduR_Aspects
15:38:24,051 [INFO] ExtensionAdvice registered: CanNm_PduR_Aspects
15:38:24,051 [INFO] ExtensionAdvice 'FrNm_PduR_Aspects' could not be found and will be ignored.
15:38:24,051 [INFO] ExtensionAdvice 'IpduM_PduR_Aspects' could not be found and will be ignored.
15:38:24,052 [INFO] ExtensionAdvice 'LinIf_Tp_PduR_Aspects' could not be found and will be ignored.
15:38:24,052 [INFO] ExtensionAdvice 'FrTp_PduR_Aspects' could not be found and will be ignored.
15:38:24,053 [INFO] ExtensionAdvice 'J1939Tp_PduR_Aspects' could not be found and will be ignored.
15:38:24,053 [INFO] ExtensionAdvice 'SoAd_PduR_Aspects' could not be found and will be ignored.
15:38:24,053 [INFO] ExtensionAdvice 'UdpNm_PduR_Aspects' could not be found and will be ignored.
15:38:24,054 [INFO] ExtensionAdvice registered: Dcm_PduR_Aspects
15:38:24,054 [INFO] ExtensionAdvice registered: Com_PduR_Aspects
15:38:24,055 [INFO] ExtensionAdvice 'Rba_Psi5If_PduR_Aspects' could not be found and will be ignored.
15:38:24,055 [INFO] ExtensionAdvice 'Dlt_PduR_Aspects' could not be found and will be ignored.
15:38:24,056 [INFO] ExtensionAdvice 'DoIP_PduR_Aspects' could not be found and will be ignored.
15:38:24,056 [INFO] ExtensionAdvice 'LdCom_PduR_Aspects' could not be found and will be ignored.
15:38:24,056 [INFO] ExtensionAdvice 'J1939Rm_PduR_Aspects' could not be found and will be ignored.
15:38:24,057 [INFO] ExtensionAdvice 'J1939Dcm_PduR_Aspects' could not be found and will be ignored.
15:38:24,109 [INFO] [PDUR : INFO ] Variant Name: __KW_COMMON
15:38:24,436 [INFO] [PDUR : INFO ] Total number of routing Paths : 263
15:38:24,436 [INFO] [PDUR : INFO ] Total number of PduRSrcPdu : 263
15:38:24,436 [INFO] [PDUR : INFO ] Total number of PduRDestPdu : 263
15:38:24,436 [INFO] [PDUR : INFO ] Total number of PduRSrcPdu & PduRDestPdu : 526
15:38:24,436 [INFO] [PDUR : INFO ] Total number of Pdus referred by PduR : 526
15:38:24,436 [INFO] [PDUR : INFO ] Total number of linked Bsw Pdus : 530
15:38:24,436 [INFO] [PDUR : INFO ] Total number of linked pduR Pdus : 526
15:38:24,449 [INFO] [PDUR : INFO ] Validating linked Pdu /AUTOSAR_CanTp/EcucModuleDefs/CanTp/CanTpConfig/CanTpChannel/CanTpRxNSdu/CanTpRxNSduRef
15:38:24,450 [INFO] [PDUR : INFO ] Validating linked Pdu /AUTOSAR_CanTp/EcucModuleDefs/CanTp/CanTpConfig/CanTpChannel/CanTpRxNSdu/CanTpRxNSduRef
15:38:24,450 [INFO] [PDUR : INFO ] Validating linked Pdu /AUTOSAR_Dcm/EcucModuleDefs/Dcm/DcmConfigSet/DcmDsl/DcmDslProtocol/DcmDslProtocolRow/DcmDslConnection/DcmDslMainConnection/DcmDslProtocolTx/DcmDslProtocolTxPduRef
15:38:24,450 [INFO] [PDUR : INFO ] Validating linked Pdu /AUTOSAR_Dcm/EcucModuleDefs/Dcm/DcmConfigSet/DcmDsl/DcmDslProtocol/DcmDslProtocolRow/DcmDslConnection/DcmDslMainConnection/DcmDslProtocolTx/DcmDslProtocolTxPduRef
15:38:24,450 [INFO] [PDUR : INFO ] Validating linked Pdu /AUTOSAR_CanIf/EcucModuleDefs/CanIf/CanIfInitCfg/CanIfRxPduCfg/CanIfRxPduRef
15:38:24,450 [INFO] [PDUR : INFO ] Validating linked Pdu /AUTOSAR_CanIf/EcucModuleDefs/CanIf/CanIfInitCfg/CanIfRxPduCfg/CanIfRxPduRef
15:38:24,450 [INFO] [PDUR : INFO ] Validating linked Pdu /AUTOSAR_CanIf/EcucModuleDefs/CanIf/CanIfInitCfg/CanIfRxPduCfg/CanIfRxPduRef
15:38:24,451 [INFO] [PDUR : INFO ] Validating linked Pdu /AUTOSAR_CanIf/EcucModuleDefs/CanIf/CanIfInitCfg/CanIfRxPduCfg/CanIfRxPduRef
15:38:24,451 [INFO] [PDUR : INFO ] Validating linked Pdu /AUTOSAR_CanIf/EcucModuleDefs/CanIf/CanIfInitCfg/CanIfRxPduCfg/CanIfRxPduRef
15:38:24,451 [INFO] [PDUR : INFO ] Validating linked Pdu /AUTOSAR_CanIf/EcucModuleDefs/CanIf/CanIfInitCfg/CanIfRxPduCfg/CanIfRxPduRef
15:38:24,451 [INFO] [PDUR : INFO ] Validating linked Pdu /AUTOSAR_CanIf/EcucModuleDefs/CanIf/CanIfInitCfg/CanIfRxPduCfg/CanIfRxPduRef
15:38:24,451 [INFO] [PDUR : INFO ] Validating linked Pdu /AUTOSAR_CanIf/EcucModuleDefs/CanIf/CanIfInitCfg/CanIfRxPduCfg/CanIfRxPduRef
15:38:24,451 [INFO] [PDUR : INFO ] Validating linked Pdu /AUTOSAR_CanIf/EcucModuleDefs/CanIf/CanIfInitCfg/CanIfRxPduCfg/CanIfRxPduRef
15:38:24,451 [INFO] [PDUR : INFO ] Validating linked Pdu /AUTOSAR_CanIf/EcucModuleDefs/CanIf/CanIfInitCfg/CanIfRxPduCfg/CanIfRxPduRef
15:38:24,451 [INFO] [PDUR : INFO ] Validating linked Pdu /AUTOSAR_CanIf/EcucModuleDefs/CanIf/CanIfInitCfg/CanIfRxPduCfg/CanIfRxPduRef
15:38:24,451 [INFO] [PDUR : INFO ] Validating linked Pdu /AUTOSAR_CanIf/EcucModuleDefs/CanIf/CanIfInitCfg/CanIfRxPduCfg/CanIfRxPduRef
15:38:24,451 [INFO] [PDUR : INFO ] Validating linked Pdu /AUTOSAR_CanIf/EcucModuleDefs/CanIf/CanIfInitCfg/CanIfRxPduCfg/CanIfRxPduRef
15:38:24,451 [INFO] [PDUR : INFO ] Validating linked Pdu /AUTOSAR_CanIf/EcucModuleDefs/CanIf/CanIfInitCfg/CanIfRxPduCfg/CanIfRxPduRef
15:38:24,451 [INFO] [PDUR : INFO ] Validating linked Pdu /AUTOSAR_CanIf/EcucModuleDefs/CanIf/CanIfInitCfg/CanIfRxPduCfg/CanIfRxPduRef
15:38:24,451 [INFO] [PDUR : INFO ] Validating linked Pdu /AUTOSAR_CanIf/EcucModuleDefs/CanIf/CanIfInitCfg/CanIfRxPduCfg/CanIfRxPduRef
15:38:24,451 [INFO] [PDUR : INFO ] Validating linked Pdu /AUTOSAR_CanIf/EcucModuleDefs/CanIf/CanIfInitCfg/CanIfRxPduCfg/CanIfRxPduRef
15:38:24,451 [INFO] [PDUR : INFO ] Validating linked Pdu /AUTOSAR_CanIf/EcucModuleDefs/CanIf/CanIfInitCfg/CanIfRxPduCfg/CanIfRxPduRef
15:38:24,451 [INFO] [PDUR : INFO ] Validating linked Pdu /AUTOSAR_CanIf/EcucModuleDefs/CanIf/CanIfInitCfg/CanIfRxPduCfg/CanIfRxPduRef
15:38:24,451 [INFO] [PDUR : INFO ] Validating linked Pdu /AUTOSAR_CanIf/EcucModuleDefs/CanIf/CanIfInitCfg/CanIfRxPduCfg/CanIfRxPduRef
15:38:24,451 [INFO] [PDUR : INFO ] Validating linked Pdu /AUTOSAR_CanIf/EcucModuleDefs/CanIf/CanIfInitCfg/CanIfRxPduCfg/CanIfRxPduRef
15:38:24,451 [INFO] [PDUR : INFO ] Validating linked Pdu /AUTOSAR_CanIf/EcucModuleDefs/CanIf/CanIfInitCfg/CanIfRxPduCfg/CanIfRxPduRef
15:38:24,451 [INFO] [PDUR : INFO ] Validating linked Pdu /AUTOSAR_CanIf/EcucModuleDefs/CanIf/CanIfInitCfg/CanIfRxPduCfg/CanIfRxPduRef
15:38:24,451 [INFO] [PDUR : INFO ] Validating linked Pdu /AUTOSAR_CanIf/EcucModuleDefs/CanIf/CanIfInitCfg/CanIfRxPduCfg/CanIfRxPduRef
15:38:24,451 [INFO] [PDUR : INFO ] Validating linked Pdu /AUTOSAR_CanIf/EcucModuleDefs/CanIf/CanIfInitCfg/CanIfRxPduCfg/CanIfRxPduRef
15:38:24,451 [INFO] [PDUR : INFO ] Validating linked Pdu /AUTOSAR_CanIf/EcucModuleDefs/CanIf/CanIfInitCfg/CanIfRxPduCfg/CanIfRxPduRef
15:38:24,452 [INFO] [PDUR : INFO ] Validating linked Pdu /AUTOSAR_CanIf/EcucModuleDefs/CanIf/CanIfInitCfg/CanIfRxPduCfg/CanIfRxPduRef
15:38:24,452 [INFO] [PDUR : INFO ] Validating linked Pdu /AUTOSAR_CanIf/EcucModuleDefs/CanIf/CanIfInitCfg/CanIfRxPduCfg/CanIfRxPduRef
15:38:24,452 [INFO] [PDUR : INFO ] Validating linked Pdu /AUTOSAR_CanIf/EcucModuleDefs/CanIf/CanIfInitCfg/CanIfRxPduCfg/CanIfRxPduRef
15:38:24,452 [INFO] [PDUR : INFO ] Validating linked Pdu /AUTOSAR_CanIf/EcucModuleDefs/CanIf/CanIfInitCfg/CanIfRxPduCfg/CanIfRxPduRef
15:38:24,452 [INFO] [PDUR : INFO ] Validating linked Pdu /AUTOSAR_CanIf/EcucModuleDefs/CanIf/CanIfInitCfg/CanIfRxPduCfg/CanIfRxPduRef
15:38:24,452 [INFO] [PDUR : INFO ] Validating linked Pdu /AUTOSAR_CanIf/EcucModuleDefs/CanIf/CanIfInitCfg/CanIfRxPduCfg/CanIfRxPduRef
15:38:24,452 [INFO] [PDUR : INFO ] Validating linked Pdu /AUTOSAR_CanIf/EcucModuleDefs/CanIf/CanIfInitCfg/CanIfRxPduCfg/CanIfRxPduRef
15:38:24,452 [INFO] [PDUR : INFO ] Validating linked Pdu /AUTOSAR_CanIf/EcucModuleDefs/CanIf/CanIfInitCfg/CanIfRxPduCfg/CanIfRxPduRef
15:38:24,452 [INFO] [PDUR : INFO ] Validating linked Pdu /AUTOSAR_CanIf/EcucModuleDefs/CanIf/CanIfInitCfg/CanIfRxPduCfg/CanIfRxPduRef
15:38:24,452 [INFO] [PDUR : INFO ] Validating linked Pdu /AUTOSAR_CanIf/EcucModuleDefs/CanIf/CanIfInitCfg/CanIfRxPduCfg/CanIfRxPduRef
15:38:24,452 [INFO] [PDUR : INFO ] Validating linked Pdu /AUTOSAR_CanIf/EcucModuleDefs/CanIf/CanIfInitCfg/CanIfRxPduCfg/CanIfRxPduRef
15:38:24,452 [INFO] [PDUR : INFO ] Validating linked Pdu /AUTOSAR_CanIf/EcucModuleDefs/CanIf/CanIfInitCfg/CanIfRxPduCfg/CanIfRxPduRef
15:38:24,452 [INFO] [PDUR : INFO ] Validating linked Pdu /AUTOSAR_CanIf/EcucModuleDefs/CanIf/CanIfInitCfg/CanIfRxPduCfg/CanIfRxPduRef
15:38:24,452 [INFO] [PDUR : INFO ] Validating linked Pdu /AUTOSAR_CanIf/EcucModuleDefs/CanIf/CanIfInitCfg/CanIfRxPduCfg/CanIfRxPduRef
15:38:24,452 [INFO] [PDUR : INFO ] Validating linked Pdu /AUTOSAR_Com/EcucModuleDefs/Com/ComConfig/ComIPdu/ComPduIdRef
15:38:24,452 [INFO] [PDUR : INFO ] Validating linked Pdu /AUTOSAR_Com/EcucModuleDefs/Com/ComConfig/ComIPdu/ComPduIdRef
15:38:24,452 [INFO] [PDUR : INFO ] Validating linked Pdu /AUTOSAR_Com/EcucModuleDefs/Com/ComConfig/ComIPdu/ComPduIdRef
15:38:24,452 [INFO] [PDUR : INFO ] Validating linked Pdu /AUTOSAR_Com/EcucModuleDefs/Com/ComConfig/ComIPdu/ComPduIdRef
15:38:24,452 [INFO] [PDUR : INFO ] Validating linked Pdu /AUTOSAR_Com/EcucModuleDefs/Com/ComConfig/ComIPdu/ComPduIdRef
15:38:24,452 [INFO] [PDUR : INFO ] Validating linked Pdu /AUTOSAR_Com/EcucModuleDefs/Com/ComConfig/ComIPdu/ComPduIdRef
15:38:24,452 [INFO] [PDUR : INFO ] Validating linked Pdu /AUTOSAR_Com/EcucModuleDefs/Com/ComConfig/ComIPdu/ComPduIdRef
15:38:24,452 [INFO] [PDUR : INFO ] Validating linked Pdu /AUTOSAR_Com/EcucModuleDefs/Com/ComConfig/ComIPdu/ComPduIdRef
15:38:24,453 [INFO] [PDUR : INFO ] Validating linked Pdu /AUTOSAR_Com/EcucModuleDefs/Com/ComConfig/ComIPdu/ComPduIdRef
15:38:24,453 [INFO] [PDUR : INFO ] Validating linked Pdu /AUTOSAR_Com/EcucModuleDefs/Com/ComConfig/ComIPdu/ComPduIdRef
15:38:24,453 [INFO] [PDUR : INFO ] Validating linked Pdu /AUTOSAR_Com/EcucModuleDefs/Com/ComConfig/ComIPdu/ComPduIdRef
15:38:24,453 [INFO] [PDUR : INFO ] Validating linked Pdu /AUTOSAR_Com/EcucModuleDefs/Com/ComConfig/ComIPdu/ComPduIdRef
15:38:24,453 [INFO] [PDUR : INFO ] Validating linked Pdu /AUTOSAR_Com/EcucModuleDefs/Com/ComConfig/ComIPdu/ComPduIdRef
15:38:24,453 [INFO] [PDUR : INFO ] Validating linked Pdu /AUTOSAR_Com/EcucModuleDefs/Com/ComConfig/ComIPdu/ComPduIdRef
15:38:24,453 [INFO] [PDUR : INFO ] Validating linked Pdu /AUTOSAR_Com/EcucModuleDefs/Com/ComConfig/ComIPdu/ComPduIdRef
15:38:24,453 [INFO] [PDUR : INFO ] Validating linked Pdu /AUTOSAR_Com/EcucModuleDefs/Com/ComConfig/ComIPdu/ComPduIdRef
15:38:24,453 [INFO] [PDUR : INFO ] Validating linked Pdu /AUTOSAR_Com/EcucModuleDefs/Com/ComConfig/ComIPdu/ComPduIdRef
15:38:24,453 [INFO] [PDUR : INFO ] Validating linked Pdu /AUTOSAR_Com/EcucModuleDefs/Com/ComConfig/ComIPdu/ComPduIdRef
15:38:24,453 [INFO] [PDUR : INFO ] Validating linked Pdu /AUTOSAR_Com/EcucModuleDefs/Com/ComConfig/ComIPdu/ComPduIdRef
15:38:24,453 [INFO] [PDUR : INFO ] Validating linked Pdu /AUTOSAR_Com/EcucModuleDefs/Com/ComConfig/ComIPdu/ComPduIdRef
15:38:24,453 [INFO] [PDUR : INFO ] Validating linked Pdu /AUTOSAR_Com/EcucModuleDefs/Com/ComConfig/ComIPdu/ComPduIdRef
15:38:24,453 [INFO] [PDUR : INFO ] Validating linked Pdu /AUTOSAR_Com/EcucModuleDefs/Com/ComConfig/ComIPdu/ComPduIdRef
15:38:24,453 [INFO] [PDUR : INFO ] Validating linked Pdu /AUTOSAR_Com/EcucModuleDefs/Com/ComConfig/ComIPdu/ComPduIdRef
15:38:24,453 [INFO] [PDUR : INFO ] Validating linked Pdu /AUTOSAR_Com/EcucModuleDefs/Com/ComConfig/ComIPdu/ComPduIdRef
15:38:24,453 [INFO] [PDUR : INFO ] Validating linked Pdu /AUTOSAR_Com/EcucModuleDefs/Com/ComConfig/ComIPdu/ComPduIdRef
15:38:24,453 [INFO] [PDUR : INFO ] Validating linked Pdu /AUTOSAR_Com/EcucModuleDefs/Com/ComConfig/ComIPdu/ComPduIdRef
15:38:24,453 [INFO] [PDUR : INFO ] Validating linked Pdu /AUTOSAR_Com/EcucModuleDefs/Com/ComConfig/ComIPdu/ComPduIdRef
15:38:24,453 [INFO] [PDUR : INFO ] Validating linked Pdu /AUTOSAR_Com/EcucModuleDefs/Com/ComConfig/ComIPdu/ComPduIdRef
15:38:24,453 [INFO] [PDUR : INFO ] Validating linked Pdu /AUTOSAR_Com/EcucModuleDefs/Com/ComConfig/ComIPdu/ComPduIdRef
15:38:24,453 [INFO] [PDUR : INFO ] Validating linked Pdu /AUTOSAR_Com/EcucModuleDefs/Com/ComConfig/ComIPdu/ComPduIdRef
15:38:24,453 [INFO] [PDUR : INFO ] Validating linked Pdu /AUTOSAR_Com/EcucModuleDefs/Com/ComConfig/ComIPdu/ComPduIdRef
15:38:24,453 [INFO] [PDUR : INFO ] Validating linked Pdu /AUTOSAR_Com/EcucModuleDefs/Com/ComConfig/ComIPdu/ComPduIdRef
15:38:24,453 [INFO] [PDUR : INFO ] Validating linked Pdu /AUTOSAR_Com/EcucModuleDefs/Com/ComConfig/ComIPdu/ComPduIdRef
15:38:24,453 [INFO] [PDUR : INFO ] Validating linked Pdu /AUTOSAR_Com/EcucModuleDefs/Com/ComConfig/ComIPdu/ComPduIdRef
15:38:24,453 [INFO] [PDUR : INFO ] Validating linked Pdu /AUTOSAR_Com/EcucModuleDefs/Com/ComConfig/ComIPdu/ComPduIdRef
15:38:24,453 [INFO] [PDUR : INFO ] Validating linked Pdu /AUTOSAR_Com/EcucModuleDefs/Com/ComConfig/ComIPdu/ComPduIdRef
15:38:24,453 [INFO] [PDUR : INFO ] Validating linked Pdu /AUTOSAR_Com/EcucModuleDefs/Com/ComConfig/ComIPdu/ComPduIdRef
15:38:24,453 [INFO] [PDUR : INFO ] Validating linked Pdu /AUTOSAR_Com/EcucModuleDefs/Com/ComConfig/ComIPdu/ComPduIdRef
15:38:24,453 [INFO] [PDUR : INFO ] Validating linked Pdu /AUTOSAR_Com/EcucModuleDefs/Com/ComConfig/ComIPdu/ComPduIdRef
15:38:24,453 [INFO] [PDUR : INFO ] Validating linked Pdu /AUTOSAR_Com/EcucModuleDefs/Com/ComConfig/ComIPdu/ComPduIdRef
15:38:24,453 [INFO] [PDUR : INFO ] Validating linked Pdu /AUTOSAR_Com/EcucModuleDefs/Com/ComConfig/ComIPdu/ComPduIdRef
15:38:24,453 [INFO] [PDUR : INFO ] Validating linked Pdu /AUTOSAR_Com/EcucModuleDefs/Com/ComConfig/ComIPdu/ComPduIdRef
15:38:24,453 [INFO] [PDUR : INFO ] Validating linked Pdu /AUTOSAR_Com/EcucModuleDefs/Com/ComConfig/ComIPdu/ComPduIdRef
15:38:24,454 [INFO] [PDUR : INFO ] Validating linked Pdu /AUTOSAR_Com/EcucModuleDefs/Com/ComConfig/ComIPdu/ComPduIdRef
15:38:24,454 [INFO] [PDUR : INFO ] Validating linked Pdu /AUTOSAR_Com/EcucModuleDefs/Com/ComConfig/ComIPdu/ComPduIdRef
15:38:24,454 [INFO] [PDUR : INFO ] Validating linked Pdu /AUTOSAR_Com/EcucModuleDefs/Com/ComConfig/ComIPdu/ComPduIdRef
15:38:24,454 [INFO] [PDUR : INFO ] Validating linked Pdu /AUTOSAR_Com/EcucModuleDefs/Com/ComConfig/ComIPdu/ComPduIdRef
15:38:24,454 [INFO] [PDUR : INFO ] Validating linked Pdu /AUTOSAR_Com/EcucModuleDefs/Com/ComConfig/ComIPdu/ComPduIdRef
15:38:24,454 [INFO] [PDUR : INFO ] Validating linked Pdu /AUTOSAR_CanIf/EcucModuleDefs/CanIf/CanIfInitCfg/CanIfRxPduCfg/CanIfRxPduRef
15:38:24,454 [INFO] [PDUR : INFO ] Validating linked Pdu /AUTOSAR_CanIf/EcucModuleDefs/CanIf/CanIfInitCfg/CanIfRxPduCfg/CanIfRxPduRef
15:38:24,454 [INFO] [PDUR : INFO ] Validating linked Pdu /AUTOSAR_CanIf/EcucModuleDefs/CanIf/CanIfInitCfg/CanIfRxPduCfg/CanIfRxPduRef
15:38:24,454 [INFO] [PDUR : INFO ] Validating linked Pdu /AUTOSAR_CanIf/EcucModuleDefs/CanIf/CanIfInitCfg/CanIfRxPduCfg/CanIfRxPduRef
15:38:24,454 [INFO] [PDUR : INFO ] Validating linked Pdu /AUTOSAR_CanIf/EcucModuleDefs/CanIf/CanIfInitCfg/CanIfRxPduCfg/CanIfRxPduRef
15:38:24,454 [INFO] [PDUR : INFO ] Validating linked Pdu /AUTOSAR_CanIf/EcucModuleDefs/CanIf/CanIfInitCfg/CanIfRxPduCfg/CanIfRxPduRef
15:38:24,454 [INFO] [PDUR : INFO ] Validating linked Pdu /AUTOSAR_CanIf/EcucModuleDefs/CanIf/CanIfInitCfg/CanIfRxPduCfg/CanIfRxPduRef
15:38:24,454 [INFO] [PDUR : INFO ] Validating linked Pdu /AUTOSAR_CanIf/EcucModuleDefs/CanIf/CanIfInitCfg/CanIfRxPduCfg/CanIfRxPduRef
15:38:24,455 [INFO] [PDUR : INFO ] Validating linked Pdu /AUTOSAR_CanIf/EcucModuleDefs/CanIf/CanIfInitCfg/CanIfRxPduCfg/CanIfRxPduRef
15:38:24,455 [INFO] [PDUR : INFO ] Validating linked Pdu /AUTOSAR_CanIf/EcucModuleDefs/CanIf/CanIfInitCfg/CanIfRxPduCfg/CanIfRxPduRef
15:38:24,455 [INFO] [PDUR : INFO ] Validating linked Pdu /AUTOSAR_CanIf/EcucModuleDefs/CanIf/CanIfInitCfg/CanIfRxPduCfg/CanIfRxPduRef
15:38:24,455 [INFO] [PDUR : INFO ] Validating linked Pdu /AUTOSAR_CanIf/EcucModuleDefs/CanIf/CanIfInitCfg/CanIfRxPduCfg/CanIfRxPduRef
15:38:24,455 [INFO] [PDUR : INFO ] Validating linked Pdu /AUTOSAR_CanIf/EcucModuleDefs/CanIf/CanIfInitCfg/CanIfRxPduCfg/CanIfRxPduRef
15:38:24,455 [INFO] [PDUR : INFO ] Validating linked Pdu /AUTOSAR_CanIf/EcucModuleDefs/CanIf/CanIfInitCfg/CanIfRxPduCfg/CanIfRxPduRef
15:38:24,455 [INFO] [PDUR : INFO ] Validating linked Pdu /AUTOSAR_CanIf/EcucModuleDefs/CanIf/CanIfInitCfg/CanIfRxPduCfg/CanIfRxPduRef
15:38:24,455 [INFO] [PDUR : INFO ] Validating linked Pdu /AUTOSAR_CanIf/EcucModuleDefs/CanIf/CanIfInitCfg/CanIfRxPduCfg/CanIfRxPduRef
15:38:24,455 [INFO] [PDUR : INFO ] Validating linked Pdu /AUTOSAR_CanIf/EcucModuleDefs/CanIf/CanIfInitCfg/CanIfRxPduCfg/CanIfRxPduRef
15:38:24,455 [INFO] [PDUR : INFO ] Validating linked Pdu /AUTOSAR_CanIf/EcucModuleDefs/CanIf/CanIfInitCfg/CanIfRxPduCfg/CanIfRxPduRef
15:38:24,455 [INFO] [PDUR : INFO ] Validating linked Pdu /AUTOSAR_CanIf/EcucModuleDefs/CanIf/CanIfInitCfg/CanIfRxPduCfg/CanIfRxPduRef
15:38:24,455 [INFO] [PDUR : INFO ] Validating linked Pdu /AUTOSAR_CanIf/EcucModuleDefs/CanIf/CanIfInitCfg/CanIfRxPduCfg/CanIfRxPduRef
15:38:24,455 [INFO] [PDUR : INFO ] Validating linked Pdu /AUTOSAR_CanIf/EcucModuleDefs/CanIf/CanIfInitCfg/CanIfRxPduCfg/CanIfRxPduRef
15:38:24,455 [INFO] [PDUR : INFO ] Validating linked Pdu /AUTOSAR_CanIf/EcucModuleDefs/CanIf/CanIfInitCfg/CanIfRxPduCfg/CanIfRxPduRef
15:38:24,455 [INFO] [PDUR : INFO ] Validating linked Pdu /AUTOSAR_CanIf/EcucModuleDefs/CanIf/CanIfInitCfg/CanIfRxPduCfg/CanIfRxPduRef
15:38:24,455 [INFO] [PDUR : INFO ] Validating linked Pdu /AUTOSAR_CanIf/EcucModuleDefs/CanIf/CanIfInitCfg/CanIfRxPduCfg/CanIfRxPduRef
15:38:24,455 [INFO] [PDUR : INFO ] Validating linked Pdu /AUTOSAR_CanIf/EcucModuleDefs/CanIf/CanIfInitCfg/CanIfRxPduCfg/CanIfRxPduRef
15:38:24,455 [INFO] [PDUR : INFO ] Validating linked Pdu /AUTOSAR_CanIf/EcucModuleDefs/CanIf/CanIfInitCfg/CanIfRxPduCfg/CanIfRxPduRef
15:38:24,455 [INFO] [PDUR : INFO ] Validating linked Pdu /AUTOSAR_CanIf/EcucModuleDefs/CanIf/CanIfInitCfg/CanIfRxPduCfg/CanIfRxPduRef
15:38:24,455 [INFO] [PDUR : INFO ] Validating linked Pdu /AUTOSAR_CanIf/EcucModuleDefs/CanIf/CanIfInitCfg/CanIfRxPduCfg/CanIfRxPduRef
15:38:24,455 [INFO] [PDUR : INFO ] Validating linked Pdu /AUTOSAR_CanIf/EcucModuleDefs/CanIf/CanIfInitCfg/CanIfRxPduCfg/CanIfRxPduRef
15:38:24,455 [INFO] [PDUR : INFO ] Validating linked Pdu /AUTOSAR_CanIf/EcucModuleDefs/CanIf/CanIfInitCfg/CanIfRxPduCfg/CanIfRxPduRef
15:38:24,455 [INFO] [PDUR : INFO ] Validating linked Pdu /AUTOSAR_CanIf/EcucModuleDefs/CanIf/CanIfInitCfg/CanIfRxPduCfg/CanIfRxPduRef
15:38:24,455 [INFO] [PDUR : INFO ] Validating linked Pdu /AUTOSAR_CanIf/EcucModuleDefs/CanIf/CanIfInitCfg/CanIfRxPduCfg/CanIfRxPduRef
15:38:24,455 [INFO] [PDUR : INFO ] Validating linked Pdu /AUTOSAR_CanIf/EcucModuleDefs/CanIf/CanIfInitCfg/CanIfRxPduCfg/CanIfRxPduRef
15:38:24,455 [INFO] [PDUR : INFO ] Validating linked Pdu /AUTOSAR_CanIf/EcucModuleDefs/CanIf/CanIfInitCfg/CanIfRxPduCfg/CanIfRxPduRef
15:38:24,455 [INFO] [PDUR : INFO ] Validating linked Pdu /AUTOSAR_CanIf/EcucModuleDefs/CanIf/CanIfInitCfg/CanIfRxPduCfg/CanIfRxPduRef
15:38:24,455 [INFO] [PDUR : INFO ] Validating linked Pdu /AUTOSAR_CanIf/EcucModuleDefs/CanIf/CanIfInitCfg/CanIfRxPduCfg/CanIfRxPduRef
15:38:24,455 [INFO] [PDUR : INFO ] Validating linked Pdu /AUTOSAR_CanIf/EcucModuleDefs/CanIf/CanIfInitCfg/CanIfRxPduCfg/CanIfRxPduRef
15:38:24,455 [INFO] [PDUR : INFO ] Validating linked Pdu /AUTOSAR_CanIf/EcucModuleDefs/CanIf/CanIfInitCfg/CanIfRxPduCfg/CanIfRxPduRef
15:38:24,455 [INFO] [PDUR : INFO ] Validating linked Pdu /AUTOSAR_CanIf/EcucModuleDefs/CanIf/CanIfInitCfg/CanIfRxPduCfg/CanIfRxPduRef
15:38:24,455 [INFO] [PDUR : INFO ] Validating linked Pdu /AUTOSAR_CanIf/EcucModuleDefs/CanIf/CanIfInitCfg/CanIfRxPduCfg/CanIfRxPduRef
15:38:24,455 [INFO] [PDUR : INFO ] Validating linked Pdu /AUTOSAR_Com/EcucModuleDefs/Com/ComConfig/ComIPdu/ComPduIdRef
15:38:24,455 [INFO] [PDUR : INFO ] Validating linked Pdu /AUTOSAR_Com/EcucModuleDefs/Com/ComConfig/ComIPdu/ComPduIdRef
15:38:24,455 [INFO] [PDUR : INFO ] Validating linked Pdu /AUTOSAR_Com/EcucModuleDefs/Com/ComConfig/ComIPdu/ComPduIdRef
15:38:24,456 [INFO] [PDUR : INFO ] Validating linked Pdu /AUTOSAR_Com/EcucModuleDefs/Com/ComConfig/ComIPdu/ComPduIdRef
15:38:24,456 [INFO] [PDUR : INFO ] Validating linked Pdu /AUTOSAR_Com/EcucModuleDefs/Com/ComConfig/ComIPdu/ComPduIdRef
15:38:24,456 [INFO] [PDUR : INFO ] Validating linked Pdu /AUTOSAR_Com/EcucModuleDefs/Com/ComConfig/ComIPdu/ComPduIdRef
15:38:24,456 [INFO] [PDUR : INFO ] Validating linked Pdu /AUTOSAR_Com/EcucModuleDefs/Com/ComConfig/ComIPdu/ComPduIdRef
15:38:24,456 [INFO] [PDUR : INFO ] Validating linked Pdu /AUTOSAR_Com/EcucModuleDefs/Com/ComConfig/ComIPdu/ComPduIdRef
15:38:24,456 [INFO] [PDUR : INFO ] Validating linked Pdu /AUTOSAR_Com/EcucModuleDefs/Com/ComConfig/ComIPdu/ComPduIdRef
15:38:24,456 [INFO] [PDUR : INFO ] Validating linked Pdu /AUTOSAR_Com/EcucModuleDefs/Com/ComConfig/ComIPdu/ComPduIdRef
15:38:24,456 [INFO] [PDUR : INFO ] Validating linked Pdu /AUTOSAR_Com/EcucModuleDefs/Com/ComConfig/ComIPdu/ComPduIdRef
15:38:24,456 [INFO] [PDUR : INFO ] Validating linked Pdu /AUTOSAR_Com/EcucModuleDefs/Com/ComConfig/ComIPdu/ComPduIdRef
15:38:24,456 [INFO] [PDUR : INFO ] Validating linked Pdu /AUTOSAR_Com/EcucModuleDefs/Com/ComConfig/ComIPdu/ComPduIdRef
15:38:24,456 [INFO] [PDUR : INFO ] Validating linked Pdu /AUTOSAR_Com/EcucModuleDefs/Com/ComConfig/ComIPdu/ComPduIdRef
15:38:24,456 [INFO] [PDUR : INFO ] Validating linked Pdu /AUTOSAR_Com/EcucModuleDefs/Com/ComConfig/ComIPdu/ComPduIdRef
15:38:24,456 [INFO] [PDUR : INFO ] Validating linked Pdu /AUTOSAR_Com/EcucModuleDefs/Com/ComConfig/ComIPdu/ComPduIdRef
15:38:24,456 [INFO] [PDUR : INFO ] Validating linked Pdu /AUTOSAR_Com/EcucModuleDefs/Com/ComConfig/ComIPdu/ComPduIdRef
15:38:24,456 [INFO] [PDUR : INFO ] Validating linked Pdu /AUTOSAR_Com/EcucModuleDefs/Com/ComConfig/ComIPdu/ComPduIdRef
15:38:24,456 [INFO] [PDUR : INFO ] Validating linked Pdu /AUTOSAR_Com/EcucModuleDefs/Com/ComConfig/ComIPdu/ComPduIdRef
15:38:24,456 [INFO] [PDUR : INFO ] Validating linked Pdu /AUTOSAR_Com/EcucModuleDefs/Com/ComConfig/ComIPdu/ComPduIdRef
15:38:24,456 [INFO] [PDUR : INFO ] Validating linked Pdu /AUTOSAR_Com/EcucModuleDefs/Com/ComConfig/ComIPdu/ComPduIdRef
15:38:24,456 [INFO] [PDUR : INFO ] Validating linked Pdu /AUTOSAR_Com/EcucModuleDefs/Com/ComConfig/ComIPdu/ComPduIdRef
15:38:24,456 [INFO] [PDUR : INFO ] Validating linked Pdu /AUTOSAR_Com/EcucModuleDefs/Com/ComConfig/ComIPdu/ComPduIdRef
15:38:24,456 [INFO] [PDUR : INFO ] Validating linked Pdu /AUTOSAR_Com/EcucModuleDefs/Com/ComConfig/ComIPdu/ComPduIdRef
15:38:24,456 [INFO] [PDUR : INFO ] Validating linked Pdu /AUTOSAR_Com/EcucModuleDefs/Com/ComConfig/ComIPdu/ComPduIdRef
15:38:24,456 [INFO] [PDUR : INFO ] Validating linked Pdu /AUTOSAR_Com/EcucModuleDefs/Com/ComConfig/ComIPdu/ComPduIdRef
15:38:24,456 [INFO] [PDUR : INFO ] Validating linked Pdu /AUTOSAR_Com/EcucModuleDefs/Com/ComConfig/ComIPdu/ComPduIdRef
15:38:24,457 [INFO] [PDUR : INFO ] Validating linked Pdu /AUTOSAR_Com/EcucModuleDefs/Com/ComConfig/ComIPdu/ComPduIdRef
15:38:24,457 [INFO] [PDUR : INFO ] Validating linked Pdu /AUTOSAR_Com/EcucModuleDefs/Com/ComConfig/ComIPdu/ComPduIdRef
15:38:24,457 [INFO] [PDUR : INFO ] Validating linked Pdu /AUTOSAR_Com/EcucModuleDefs/Com/ComConfig/ComIPdu/ComPduIdRef
15:38:24,457 [INFO] [PDUR : INFO ] Validating linked Pdu /AUTOSAR_Com/EcucModuleDefs/Com/ComConfig/ComIPdu/ComPduIdRef
15:38:24,457 [INFO] [PDUR : INFO ] Validating linked Pdu /AUTOSAR_Com/EcucModuleDefs/Com/ComConfig/ComIPdu/ComPduIdRef
15:38:24,457 [INFO] [PDUR : INFO ] Validating linked Pdu /AUTOSAR_Com/EcucModuleDefs/Com/ComConfig/ComIPdu/ComPduIdRef
15:38:24,457 [INFO] [PDUR : INFO ] Validating linked Pdu /AUTOSAR_Com/EcucModuleDefs/Com/ComConfig/ComIPdu/ComPduIdRef
15:38:24,457 [INFO] [PDUR : INFO ] Validating linked Pdu /AUTOSAR_Com/EcucModuleDefs/Com/ComConfig/ComIPdu/ComPduIdRef
15:38:24,457 [INFO] [PDUR : INFO ] Validating linked Pdu /AUTOSAR_Com/EcucModuleDefs/Com/ComConfig/ComIPdu/ComPduIdRef
15:38:24,457 [INFO] [PDUR : INFO ] Validating linked Pdu /AUTOSAR_Com/EcucModuleDefs/Com/ComConfig/ComIPdu/ComPduIdRef
15:38:24,457 [INFO] [PDUR : INFO ] Validating linked Pdu /AUTOSAR_Com/EcucModuleDefs/Com/ComConfig/ComIPdu/ComPduIdRef
15:38:24,457 [INFO] [PDUR : INFO ] Validating linked Pdu /AUTOSAR_Com/EcucModuleDefs/Com/ComConfig/ComIPdu/ComPduIdRef
15:38:24,457 [INFO] [PDUR : INFO ] Validating linked Pdu /AUTOSAR_Com/EcucModuleDefs/Com/ComConfig/ComIPdu/ComPduIdRef
15:38:24,457 [INFO] [PDUR : INFO ] Validating linked Pdu /AUTOSAR_Com/EcucModuleDefs/Com/ComConfig/ComIPdu/ComPduIdRef
15:38:24,457 [INFO] [PDUR : INFO ] Validating linked Pdu /AUTOSAR_Com/EcucModuleDefs/Com/ComConfig/ComIPdu/ComPduIdRef
15:38:24,457 [INFO] [PDUR : INFO ] Validating linked Pdu /AUTOSAR_Com/EcucModuleDefs/Com/ComConfig/ComIPdu/ComPduIdRef
15:38:24,457 [INFO] [PDUR : INFO ] Validating linked Pdu /AUTOSAR_Com/EcucModuleDefs/Com/ComConfig/ComIPdu/ComPduIdRef
15:38:24,457 [INFO] [PDUR : INFO ] Validating linked Pdu /AUTOSAR_Com/EcucModuleDefs/Com/ComConfig/ComIPdu/ComPduIdRef
15:38:24,457 [INFO] [PDUR : INFO ] Validating linked Pdu /AUTOSAR_Com/EcucModuleDefs/Com/ComConfig/ComIPdu/ComPduIdRef
15:38:24,457 [INFO] [PDUR : INFO ] Validating linked Pdu /AUTOSAR_CanIf/EcucModuleDefs/CanIf/CanIfInitCfg/CanIfRxPduCfg/CanIfRxPduRef
15:38:24,457 [INFO] [PDUR : INFO ] Validating linked Pdu /AUTOSAR_CanIf/EcucModuleDefs/CanIf/CanIfInitCfg/CanIfRxPduCfg/CanIfRxPduRef
15:38:24,457 [INFO] [PDUR : INFO ] Validating linked Pdu /AUTOSAR_CanIf/EcucModuleDefs/CanIf/CanIfInitCfg/CanIfRxPduCfg/CanIfRxPduRef
15:38:24,457 [INFO] [PDUR : INFO ] Validating linked Pdu /AUTOSAR_CanIf/EcucModuleDefs/CanIf/CanIfInitCfg/CanIfRxPduCfg/CanIfRxPduRef
15:38:24,457 [INFO] [PDUR : INFO ] Validating linked Pdu /AUTOSAR_CanIf/EcucModuleDefs/CanIf/CanIfInitCfg/CanIfRxPduCfg/CanIfRxPduRef
15:38:24,458 [INFO] [PDUR : INFO ] Validating linked Pdu /AUTOSAR_CanIf/EcucModuleDefs/CanIf/CanIfInitCfg/CanIfRxPduCfg/CanIfRxPduRef
15:38:24,458 [INFO] [PDUR : INFO ] Validating linked Pdu /AUTOSAR_CanIf/EcucModuleDefs/CanIf/CanIfInitCfg/CanIfRxPduCfg/CanIfRxPduRef
15:38:24,458 [INFO] [PDUR : INFO ] Validating linked Pdu /AUTOSAR_CanIf/EcucModuleDefs/CanIf/CanIfInitCfg/CanIfRxPduCfg/CanIfRxPduRef
15:38:24,458 [INFO] [PDUR : INFO ] Validating linked Pdu /AUTOSAR_CanIf/EcucModuleDefs/CanIf/CanIfInitCfg/CanIfRxPduCfg/CanIfRxPduRef
15:38:24,458 [INFO] [PDUR : INFO ] Validating linked Pdu /AUTOSAR_CanIf/EcucModuleDefs/CanIf/CanIfInitCfg/CanIfRxPduCfg/CanIfRxPduRef
15:38:24,458 [INFO] [PDUR : INFO ] Validating linked Pdu /AUTOSAR_CanIf/EcucModuleDefs/CanIf/CanIfInitCfg/CanIfRxPduCfg/CanIfRxPduRef
15:38:24,458 [INFO] [PDUR : INFO ] Validating linked Pdu /AUTOSAR_CanIf/EcucModuleDefs/CanIf/CanIfInitCfg/CanIfRxPduCfg/CanIfRxPduRef
15:38:24,458 [INFO] [PDUR : INFO ] Validating linked Pdu /AUTOSAR_CanIf/EcucModuleDefs/CanIf/CanIfInitCfg/CanIfRxPduCfg/CanIfRxPduRef
15:38:24,458 [INFO] [PDUR : INFO ] Validating linked Pdu /AUTOSAR_CanIf/EcucModuleDefs/CanIf/CanIfInitCfg/CanIfRxPduCfg/CanIfRxPduRef
15:38:24,458 [INFO] [PDUR : INFO ] Validating linked Pdu /AUTOSAR_CanIf/EcucModuleDefs/CanIf/CanIfInitCfg/CanIfRxPduCfg/CanIfRxPduRef
15:38:24,458 [INFO] [PDUR : INFO ] Validating linked Pdu /AUTOSAR_CanIf/EcucModuleDefs/CanIf/CanIfInitCfg/CanIfRxPduCfg/CanIfRxPduRef
15:38:24,458 [INFO] [PDUR : INFO ] Validating linked Pdu /AUTOSAR_CanIf/EcucModuleDefs/CanIf/CanIfInitCfg/CanIfRxPduCfg/CanIfRxPduRef
15:38:24,458 [INFO] [PDUR : INFO ] Validating linked Pdu /AUTOSAR_CanIf/EcucModuleDefs/CanIf/CanIfInitCfg/CanIfRxPduCfg/CanIfRxPduRef
15:38:24,458 [INFO] [PDUR : INFO ] Validating linked Pdu /AUTOSAR_CanIf/EcucModuleDefs/CanIf/CanIfInitCfg/CanIfRxPduCfg/CanIfRxPduRef
15:38:24,458 [INFO] [PDUR : INFO ] Validating linked Pdu /AUTOSAR_CanIf/EcucModuleDefs/CanIf/CanIfInitCfg/CanIfRxPduCfg/CanIfRxPduRef
15:38:24,458 [INFO] [PDUR : INFO ] Validating linked Pdu /AUTOSAR_CanIf/EcucModuleDefs/CanIf/CanIfInitCfg/CanIfRxPduCfg/CanIfRxPduRef
15:38:24,458 [INFO] [PDUR : INFO ] Validating linked Pdu /AUTOSAR_CanIf/EcucModuleDefs/CanIf/CanIfInitCfg/CanIfRxPduCfg/CanIfRxPduRef
15:38:24,458 [INFO] [PDUR : INFO ] Validating linked Pdu /AUTOSAR_CanIf/EcucModuleDefs/CanIf/CanIfInitCfg/CanIfRxPduCfg/CanIfRxPduRef
15:38:24,459 [INFO] [PDUR : INFO ] Validating linked Pdu /AUTOSAR_CanIf/EcucModuleDefs/CanIf/CanIfInitCfg/CanIfRxPduCfg/CanIfRxPduRef
15:38:24,459 [INFO] [PDUR : INFO ] Validating linked Pdu /AUTOSAR_CanIf/EcucModuleDefs/CanIf/CanIfInitCfg/CanIfRxPduCfg/CanIfRxPduRef
15:38:24,459 [INFO] [PDUR : INFO ] Validating linked Pdu /AUTOSAR_CanIf/EcucModuleDefs/CanIf/CanIfInitCfg/CanIfRxPduCfg/CanIfRxPduRef
15:38:24,459 [INFO] [PDUR : INFO ] Validating linked Pdu /AUTOSAR_CanIf/EcucModuleDefs/CanIf/CanIfInitCfg/CanIfRxPduCfg/CanIfRxPduRef
15:38:24,459 [INFO] [PDUR : INFO ] Validating linked Pdu /AUTOSAR_CanIf/EcucModuleDefs/CanIf/CanIfInitCfg/CanIfRxPduCfg/CanIfRxPduRef
15:38:24,459 [INFO] [PDUR : INFO ] Validating linked Pdu /AUTOSAR_CanIf/EcucModuleDefs/CanIf/CanIfInitCfg/CanIfRxPduCfg/CanIfRxPduRef
15:38:24,459 [INFO] [PDUR : INFO ] Validating linked Pdu /AUTOSAR_CanIf/EcucModuleDefs/CanIf/CanIfInitCfg/CanIfRxPduCfg/CanIfRxPduRef
15:38:24,459 [INFO] [PDUR : INFO ] Validating linked Pdu /AUTOSAR_CanIf/EcucModuleDefs/CanIf/CanIfInitCfg/CanIfRxPduCfg/CanIfRxPduRef
15:38:24,459 [INFO] [PDUR : INFO ] Validating linked Pdu /AUTOSAR_CanIf/EcucModuleDefs/CanIf/CanIfInitCfg/CanIfRxPduCfg/CanIfRxPduRef
15:38:24,459 [INFO] [PDUR : INFO ] Validating linked Pdu /AUTOSAR_CanIf/EcucModuleDefs/CanIf/CanIfInitCfg/CanIfRxPduCfg/CanIfRxPduRef
15:38:24,459 [INFO] [PDUR : INFO ] Validating linked Pdu /AUTOSAR_CanIf/EcucModuleDefs/CanIf/CanIfInitCfg/CanIfRxPduCfg/CanIfRxPduRef
15:38:24,459 [INFO] [PDUR : INFO ] Validating linked Pdu /AUTOSAR_CanIf/EcucModuleDefs/CanIf/CanIfInitCfg/CanIfRxPduCfg/CanIfRxPduRef
15:38:24,459 [INFO] [PDUR : INFO ] Validating linked Pdu /AUTOSAR_CanIf/EcucModuleDefs/CanIf/CanIfInitCfg/CanIfRxPduCfg/CanIfRxPduRef
15:38:24,459 [INFO] [PDUR : INFO ] Validating linked Pdu /AUTOSAR_CanIf/EcucModuleDefs/CanIf/CanIfInitCfg/CanIfRxPduCfg/CanIfRxPduRef
15:38:24,459 [INFO] [PDUR : INFO ] Validating linked Pdu /AUTOSAR_CanIf/EcucModuleDefs/CanIf/CanIfInitCfg/CanIfRxPduCfg/CanIfRxPduRef
15:38:24,459 [INFO] [PDUR : INFO ] Validating linked Pdu /AUTOSAR_CanIf/EcucModuleDefs/CanIf/CanIfInitCfg/CanIfRxPduCfg/CanIfRxPduRef
15:38:24,459 [INFO] [PDUR : INFO ] Validating linked Pdu /AUTOSAR_CanIf/EcucModuleDefs/CanIf/CanIfInitCfg/CanIfRxPduCfg/CanIfRxPduRef
15:38:24,459 [INFO] [PDUR : INFO ] Validating linked Pdu /AUTOSAR_Com/EcucModuleDefs/Com/ComConfig/ComIPdu/ComPduIdRef
15:38:24,459 [INFO] [PDUR : INFO ] Validating linked Pdu /AUTOSAR_Com/EcucModuleDefs/Com/ComConfig/ComIPdu/ComPduIdRef
15:38:24,459 [INFO] [PDUR : INFO ] Validating linked Pdu /AUTOSAR_Com/EcucModuleDefs/Com/ComConfig/ComIPdu/ComPduIdRef
15:38:24,459 [INFO] [PDUR : INFO ] Validating linked Pdu /AUTOSAR_Com/EcucModuleDefs/Com/ComConfig/ComIPdu/ComPduIdRef
15:38:24,459 [INFO] [PDUR : INFO ] Validating linked Pdu /AUTOSAR_Com/EcucModuleDefs/Com/ComConfig/ComIPdu/ComPduIdRef
15:38:24,459 [INFO] [PDUR : INFO ] Validating linked Pdu /AUTOSAR_Com/EcucModuleDefs/Com/ComConfig/ComIPdu/ComPduIdRef
15:38:24,459 [INFO] [PDUR : INFO ] Validating linked Pdu /AUTOSAR_Com/EcucModuleDefs/Com/ComConfig/ComIPdu/ComPduIdRef
15:38:24,460 [INFO] [PDUR : INFO ] Validating linked Pdu /AUTOSAR_Com/EcucModuleDefs/Com/ComConfig/ComIPdu/ComPduIdRef
15:38:24,460 [INFO] [PDUR : INFO ] Validating linked Pdu /AUTOSAR_Com/EcucModuleDefs/Com/ComConfig/ComIPdu/ComPduIdRef
15:38:24,460 [INFO] [PDUR : INFO ] Validating linked Pdu /AUTOSAR_Com/EcucModuleDefs/Com/ComConfig/ComIPdu/ComPduIdRef
15:38:24,460 [INFO] [PDUR : INFO ] Validating linked Pdu /AUTOSAR_Com/EcucModuleDefs/Com/ComConfig/ComIPdu/ComPduIdRef
15:38:24,460 [INFO] [PDUR : INFO ] Validating linked Pdu /AUTOSAR_Com/EcucModuleDefs/Com/ComConfig/ComIPdu/ComPduIdRef
15:38:24,460 [INFO] [PDUR : INFO ] Validating linked Pdu /AUTOSAR_Com/EcucModuleDefs/Com/ComConfig/ComIPdu/ComPduIdRef
15:38:24,460 [INFO] [PDUR : INFO ] Validating linked Pdu /AUTOSAR_Com/EcucModuleDefs/Com/ComConfig/ComIPdu/ComPduIdRef
15:38:24,460 [INFO] [PDUR : INFO ] Validating linked Pdu /AUTOSAR_Com/EcucModuleDefs/Com/ComConfig/ComIPdu/ComPduIdRef
15:38:24,460 [INFO] [PDUR : INFO ] Validating linked Pdu /AUTOSAR_Com/EcucModuleDefs/Com/ComConfig/ComIPdu/ComPduIdRef
15:38:24,460 [INFO] [PDUR : INFO ] Validating linked Pdu /AUTOSAR_Com/EcucModuleDefs/Com/ComConfig/ComIPdu/ComPduIdRef
15:38:24,460 [INFO] [PDUR : INFO ] Validating linked Pdu /AUTOSAR_Com/EcucModuleDefs/Com/ComConfig/ComIPdu/ComPduIdRef
15:38:24,460 [INFO] [PDUR : INFO ] Validating linked Pdu /AUTOSAR_Com/EcucModuleDefs/Com/ComConfig/ComIPdu/ComPduIdRef
15:38:24,460 [INFO] [PDUR : INFO ] Validating linked Pdu /AUTOSAR_Com/EcucModuleDefs/Com/ComConfig/ComIPdu/ComPduIdRef
15:38:24,460 [INFO] [PDUR : INFO ] Validating linked Pdu /AUTOSAR_Com/EcucModuleDefs/Com/ComConfig/ComIPdu/ComPduIdRef
15:38:24,460 [INFO] [PDUR : INFO ] Validating linked Pdu /AUTOSAR_Com/EcucModuleDefs/Com/ComConfig/ComIPdu/ComPduIdRef
15:38:24,460 [INFO] [PDUR : INFO ] Validating linked Pdu /AUTOSAR_Com/EcucModuleDefs/Com/ComConfig/ComIPdu/ComPduIdRef
15:38:24,460 [INFO] [PDUR : INFO ] Validating linked Pdu /AUTOSAR_Com/EcucModuleDefs/Com/ComConfig/ComIPdu/ComPduIdRef
15:38:24,460 [INFO] [PDUR : INFO ] Validating linked Pdu /AUTOSAR_Com/EcucModuleDefs/Com/ComConfig/ComIPdu/ComPduIdRef
15:38:24,460 [INFO] [PDUR : INFO ] Validating linked Pdu /AUTOSAR_Com/EcucModuleDefs/Com/ComConfig/ComIPdu/ComPduIdRef
15:38:24,460 [INFO] [PDUR : INFO ] Validating linked Pdu /AUTOSAR_Com/EcucModuleDefs/Com/ComConfig/ComIPdu/ComPduIdRef
15:38:24,460 [INFO] [PDUR : INFO ] Validating linked Pdu /AUTOSAR_Com/EcucModuleDefs/Com/ComConfig/ComIPdu/ComPduIdRef
15:38:24,460 [INFO] [PDUR : INFO ] Validating linked Pdu /AUTOSAR_Com/EcucModuleDefs/Com/ComConfig/ComIPdu/ComPduIdRef
15:38:24,460 [INFO] [PDUR : INFO ] Validating linked Pdu /AUTOSAR_Com/EcucModuleDefs/Com/ComConfig/ComIPdu/ComPduIdRef
15:38:24,460 [INFO] [PDUR : INFO ] Validating linked Pdu /AUTOSAR_Com/EcucModuleDefs/Com/ComConfig/ComIPdu/ComPduIdRef
15:38:24,461 [INFO] [PDUR : INFO ] Validating linked Pdu /AUTOSAR_Com/EcucModuleDefs/Com/ComConfig/ComIPdu/ComPduIdRef
15:38:24,461 [INFO] [PDUR : INFO ] Validating linked Pdu /AUTOSAR_Com/EcucModuleDefs/Com/ComConfig/ComIPdu/ComPduIdRef
15:38:24,461 [INFO] [PDUR : INFO ] Validating linked Pdu /AUTOSAR_Com/EcucModuleDefs/Com/ComConfig/ComIPdu/ComPduIdRef
15:38:24,461 [INFO] [PDUR : INFO ] Validating linked Pdu /AUTOSAR_Com/EcucModuleDefs/Com/ComConfig/ComIPdu/ComPduIdRef
15:38:24,461 [INFO] [PDUR : INFO ] Validating linked Pdu /AUTOSAR_Com/EcucModuleDefs/Com/ComConfig/ComIPdu/ComPduIdRef
15:38:24,461 [INFO] [PDUR : INFO ] Validating linked Pdu /AUTOSAR_Com/EcucModuleDefs/Com/ComConfig/ComIPdu/ComPduIdRef
15:38:24,461 [INFO] [PDUR : INFO ] Validating linked Pdu /AUTOSAR_Com/EcucModuleDefs/Com/ComConfig/ComIPdu/ComPduIdRef
15:38:24,461 [INFO] [PDUR : INFO ] Validating linked Pdu /AUTOSAR_Com/EcucModuleDefs/Com/ComConfig/ComIPdu/ComPduIdRef
15:38:24,461 [INFO] [PDUR : INFO ] Validating linked Pdu /AUTOSAR_Com/EcucModuleDefs/Com/ComConfig/ComIPdu/ComPduIdRef
15:38:24,461 [INFO] [PDUR : INFO ] Validating linked Pdu /AUTOSAR_Com/EcucModuleDefs/Com/ComConfig/ComIPdu/ComPduIdRef
15:38:24,461 [INFO] [PDUR : INFO ] Validating linked Pdu /AUTOSAR_Com/EcucModuleDefs/Com/ComConfig/ComIPdu/ComPduIdRef
15:38:24,461 [INFO] [PDUR : INFO ] Validating linked Pdu /AUTOSAR_Com/EcucModuleDefs/Com/ComConfig/ComIPdu/ComPduIdRef
15:38:24,461 [INFO] [PDUR : INFO ] Validating linked Pdu /AUTOSAR_Com/EcucModuleDefs/Com/ComConfig/ComIPdu/ComPduIdRef
15:38:24,461 [INFO] [PDUR : INFO ] Validating linked Pdu /AUTOSAR_Com/EcucModuleDefs/Com/ComConfig/ComIPdu/ComPduIdRef
15:38:24,461 [INFO] [PDUR : INFO ] Validating linked Pdu /AUTOSAR_Com/EcucModuleDefs/Com/ComConfig/ComIPdu/ComPduIdRef
15:38:24,461 [INFO] [PDUR : INFO ] Validating linked Pdu /AUTOSAR_Dcm/EcucModuleDefs/Dcm/DcmConfigSet/DcmDsl/DcmDslProtocol/DcmDslProtocolRow/DcmDslConnection/DcmDslMainConnection/DcmDslProtocolRx/DcmDslProtocolRxPduRef
15:38:24,461 [INFO] [PDUR : INFO ] Validating linked Pdu /AUTOSAR_Dcm/EcucModuleDefs/Dcm/DcmConfigSet/DcmDsl/DcmDslProtocol/DcmDslProtocolRow/DcmDslConnection/DcmDslMainConnection/DcmDslProtocolRx/DcmDslProtocolRxPduRef
15:38:24,461 [INFO] [PDUR : INFO ] Validating linked Pdu /AUTOSAR_Dcm/EcucModuleDefs/Dcm/DcmConfigSet/DcmDsl/DcmDslProtocol/DcmDslProtocolRow/DcmDslConnection/DcmDslMainConnection/DcmDslProtocolRx/DcmDslProtocolRxPduRef
15:38:24,462 [INFO] [PDUR : INFO ] Validating linked Pdu /AUTOSAR_CanTp/EcucModuleDefs/CanTp/CanTpConfig/CanTpChannel/CanTpTxNSdu/CanTpTxNSduRef
15:38:24,462 [INFO] [PDUR : INFO ] Validating linked Pdu /AUTOSAR_Com/EcucModuleDefs/Com/ComConfig/ComIPdu/ComPduIdRef
15:38:24,462 [INFO] [PDUR : INFO ] Validating linked Pdu /AUTOSAR_Com/EcucModuleDefs/Com/ComConfig/ComIPdu/ComPduIdRef
15:38:24,462 [INFO] [PDUR : INFO ] Validating linked Pdu /AUTOSAR_Com/EcucModuleDefs/Com/ComConfig/ComIPdu/ComPduIdRef
15:38:24,462 [INFO] [PDUR : INFO ] Validating linked Pdu /AUTOSAR_Com/EcucModuleDefs/Com/ComConfig/ComIPdu/ComPduIdRef
15:38:24,462 [INFO] [PDUR : INFO ] Validating linked Pdu /AUTOSAR_Com/EcucModuleDefs/Com/ComConfig/ComIPdu/ComPduIdRef
15:38:24,462 [INFO] [PDUR : INFO ] Validating linked Pdu /AUTOSAR_Com/EcucModuleDefs/Com/ComConfig/ComIPdu/ComPduIdRef
15:38:24,462 [INFO] [PDUR : INFO ] Validating linked Pdu /AUTOSAR_Com/EcucModuleDefs/Com/ComConfig/ComIPdu/ComPduIdRef
15:38:24,462 [INFO] [PDUR : INFO ] Validating linked Pdu /AUTOSAR_Com/EcucModuleDefs/Com/ComConfig/ComIPdu/ComPduIdRef
15:38:24,462 [INFO] [PDUR : INFO ] Validating linked Pdu /AUTOSAR_Com/EcucModuleDefs/Com/ComConfig/ComIPdu/ComPduIdRef
15:38:24,462 [INFO] [PDUR : INFO ] Validating linked Pdu /AUTOSAR_Com/EcucModuleDefs/Com/ComConfig/ComIPdu/ComPduIdRef
15:38:24,462 [INFO] [PDUR : INFO ] Validating linked Pdu /AUTOSAR_Com/EcucModuleDefs/Com/ComConfig/ComIPdu/ComPduIdRef
15:38:24,462 [INFO] [PDUR : INFO ] Validating linked Pdu /AUTOSAR_Com/EcucModuleDefs/Com/ComConfig/ComIPdu/ComPduIdRef
15:38:24,462 [INFO] [PDUR : INFO ] Validating linked Pdu /AUTOSAR_Com/EcucModuleDefs/Com/ComConfig/ComIPdu/ComPduIdRef
15:38:24,462 [INFO] [PDUR : INFO ] Validating linked Pdu /AUTOSAR_Com/EcucModuleDefs/Com/ComConfig/ComIPdu/ComPduIdRef
15:38:24,462 [INFO] [PDUR : INFO ] Validating linked Pdu /AUTOSAR_Com/EcucModuleDefs/Com/ComConfig/ComIPdu/ComPduIdRef
15:38:24,462 [INFO] [PDUR : INFO ] Validating linked Pdu /AUTOSAR_Com/EcucModuleDefs/Com/ComConfig/ComIPdu/ComPduIdRef
15:38:24,462 [INFO] [PDUR : INFO ] Validating linked Pdu /AUTOSAR_Com/EcucModuleDefs/Com/ComConfig/ComIPdu/ComPduIdRef
15:38:24,462 [INFO] [PDUR : INFO ] Validating linked Pdu /AUTOSAR_Com/EcucModuleDefs/Com/ComConfig/ComIPdu/ComPduIdRef
15:38:24,462 [INFO] [PDUR : INFO ] Validating linked Pdu /AUTOSAR_Com/EcucModuleDefs/Com/ComConfig/ComIPdu/ComPduIdRef
15:38:24,462 [INFO] [PDUR : INFO ] Validating linked Pdu /AUTOSAR_Com/EcucModuleDefs/Com/ComConfig/ComIPdu/ComPduIdRef
15:38:24,462 [INFO] [PDUR : INFO ] Validating linked Pdu /AUTOSAR_Com/EcucModuleDefs/Com/ComConfig/ComIPdu/ComPduIdRef
15:38:24,462 [INFO] [PDUR : INFO ] Validating linked Pdu /AUTOSAR_Com/EcucModuleDefs/Com/ComConfig/ComIPdu/ComPduIdRef
15:38:24,463 [INFO] [PDUR : INFO ] Validating linked Pdu /AUTOSAR_Com/EcucModuleDefs/Com/ComConfig/ComIPdu/ComPduIdRef
15:38:24,463 [INFO] [PDUR : INFO ] Validating linked Pdu /AUTOSAR_Com/EcucModuleDefs/Com/ComConfig/ComIPdu/ComPduIdRef
15:38:24,463 [INFO] [PDUR : INFO ] Validating linked Pdu /AUTOSAR_Com/EcucModuleDefs/Com/ComConfig/ComIPdu/ComPduIdRef
15:38:24,463 [INFO] [PDUR : INFO ] Validating linked Pdu /AUTOSAR_Com/EcucModuleDefs/Com/ComConfig/ComIPdu/ComPduIdRef
15:38:24,463 [INFO] [PDUR : INFO ] Validating linked Pdu /AUTOSAR_Com/EcucModuleDefs/Com/ComConfig/ComIPdu/ComPduIdRef
15:38:24,463 [INFO] [PDUR : INFO ] Validating linked Pdu /AUTOSAR_Com/EcucModuleDefs/Com/ComConfig/ComIPdu/ComPduIdRef
15:38:24,463 [INFO] [PDUR : INFO ] Validating linked Pdu /AUTOSAR_Com/EcucModuleDefs/Com/ComConfig/ComIPdu/ComPduIdRef
15:38:24,463 [INFO] [PDUR : INFO ] Validating linked Pdu /AUTOSAR_Com/EcucModuleDefs/Com/ComConfig/ComIPdu/ComPduIdRef
15:38:24,463 [INFO] [PDUR : INFO ] Validating linked Pdu /AUTOSAR_Com/EcucModuleDefs/Com/ComConfig/ComIPdu/ComPduIdRef
15:38:24,463 [INFO] [PDUR : INFO ] Validating linked Pdu /AUTOSAR_Com/EcucModuleDefs/Com/ComConfig/ComIPdu/ComPduIdRef
15:38:24,463 [INFO] [PDUR : INFO ] Validating linked Pdu /AUTOSAR_Com/EcucModuleDefs/Com/ComConfig/ComIPdu/ComPduIdRef
15:38:24,463 [INFO] [PDUR : INFO ] Validating linked Pdu /AUTOSAR_Com/EcucModuleDefs/Com/ComConfig/ComIPdu/ComPduIdRef
15:38:24,463 [INFO] [PDUR : INFO ] Validating linked Pdu /AUTOSAR_Com/EcucModuleDefs/Com/ComConfig/ComIPdu/ComPduIdRef
15:38:24,463 [INFO] [PDUR : INFO ] Validating linked Pdu /AUTOSAR_Com/EcucModuleDefs/Com/ComConfig/ComIPdu/ComPduIdRef
15:38:24,463 [INFO] [PDUR : INFO ] Validating linked Pdu /AUTOSAR_Com/EcucModuleDefs/Com/ComConfig/ComIPdu/ComPduIdRef
15:38:24,463 [INFO] [PDUR : INFO ] Validating linked Pdu /AUTOSAR_Com/EcucModuleDefs/Com/ComConfig/ComIPdu/ComPduIdRef
15:38:24,463 [INFO] [PDUR : INFO ] Validating linked Pdu /AUTOSAR_Com/EcucModuleDefs/Com/ComConfig/ComIPdu/ComPduIdRef
15:38:24,463 [INFO] [PDUR : INFO ] Validating linked Pdu /AUTOSAR_Com/EcucModuleDefs/Com/ComConfig/ComIPdu/ComPduIdRef
15:38:24,463 [INFO] [PDUR : INFO ] Validating linked Pdu /AUTOSAR_CanIf/EcucModuleDefs/CanIf/CanIfInitCfg/CanIfTxPduCfg/CanIfTxPduRef
15:38:24,463 [INFO] [PDUR : INFO ] Validating linked Pdu /AUTOSAR_CanIf/EcucModuleDefs/CanIf/CanIfInitCfg/CanIfTxPduCfg/CanIfTxPduRef
15:38:24,463 [INFO] [PDUR : INFO ] Validating linked Pdu /AUTOSAR_CanIf/EcucModuleDefs/CanIf/CanIfInitCfg/CanIfTxPduCfg/CanIfTxPduRef
15:38:24,464 [INFO] [PDUR : INFO ] Validating linked Pdu /AUTOSAR_CanIf/EcucModuleDefs/CanIf/CanIfInitCfg/CanIfTxPduCfg/CanIfTxPduRef
15:38:24,464 [INFO] [PDUR : INFO ] Validating linked Pdu /AUTOSAR_CanIf/EcucModuleDefs/CanIf/CanIfInitCfg/CanIfTxPduCfg/CanIfTxPduRef
15:38:24,464 [INFO] [PDUR : INFO ] Validating linked Pdu /AUTOSAR_CanIf/EcucModuleDefs/CanIf/CanIfInitCfg/CanIfTxPduCfg/CanIfTxPduRef
15:38:24,464 [INFO] [PDUR : INFO ] Validating linked Pdu /AUTOSAR_CanIf/EcucModuleDefs/CanIf/CanIfInitCfg/CanIfTxPduCfg/CanIfTxPduRef
15:38:24,464 [INFO] [PDUR : INFO ] Validating linked Pdu /AUTOSAR_CanIf/EcucModuleDefs/CanIf/CanIfInitCfg/CanIfTxPduCfg/CanIfTxPduRef
15:38:24,464 [INFO] [PDUR : INFO ] Validating linked Pdu /AUTOSAR_CanIf/EcucModuleDefs/CanIf/CanIfInitCfg/CanIfTxPduCfg/CanIfTxPduRef
15:38:24,464 [INFO] [PDUR : INFO ] Validating linked Pdu /AUTOSAR_CanIf/EcucModuleDefs/CanIf/CanIfInitCfg/CanIfTxPduCfg/CanIfTxPduRef
15:38:24,464 [INFO] [PDUR : INFO ] Validating linked Pdu /AUTOSAR_CanIf/EcucModuleDefs/CanIf/CanIfInitCfg/CanIfTxPduCfg/CanIfTxPduRef
15:38:24,464 [INFO] [PDUR : INFO ] Validating linked Pdu /AUTOSAR_CanIf/EcucModuleDefs/CanIf/CanIfInitCfg/CanIfTxPduCfg/CanIfTxPduRef
15:38:24,464 [INFO] [PDUR : INFO ] Validating linked Pdu /AUTOSAR_CanIf/EcucModuleDefs/CanIf/CanIfInitCfg/CanIfTxPduCfg/CanIfTxPduRef
15:38:24,464 [INFO] [PDUR : INFO ] Validating linked Pdu /AUTOSAR_CanIf/EcucModuleDefs/CanIf/CanIfInitCfg/CanIfTxPduCfg/CanIfTxPduRef
15:38:24,464 [INFO] [PDUR : INFO ] Validating linked Pdu /AUTOSAR_CanIf/EcucModuleDefs/CanIf/CanIfInitCfg/CanIfTxPduCfg/CanIfTxPduRef
15:38:24,464 [INFO] [PDUR : INFO ] Validating linked Pdu /AUTOSAR_CanIf/EcucModuleDefs/CanIf/CanIfInitCfg/CanIfTxPduCfg/CanIfTxPduRef
15:38:24,464 [INFO] [PDUR : INFO ] Validating linked Pdu /AUTOSAR_CanIf/EcucModuleDefs/CanIf/CanIfInitCfg/CanIfTxPduCfg/CanIfTxPduRef
15:38:24,464 [INFO] [PDUR : INFO ] Validating linked Pdu /AUTOSAR_CanIf/EcucModuleDefs/CanIf/CanIfInitCfg/CanIfTxPduCfg/CanIfTxPduRef
15:38:24,464 [INFO] [PDUR : INFO ] Validating linked Pdu /AUTOSAR_CanIf/EcucModuleDefs/CanIf/CanIfInitCfg/CanIfTxPduCfg/CanIfTxPduRef
15:38:24,464 [INFO] [PDUR : INFO ] Validating linked Pdu /AUTOSAR_CanIf/EcucModuleDefs/CanIf/CanIfInitCfg/CanIfTxPduCfg/CanIfTxPduRef
15:38:24,464 [INFO] [PDUR : INFO ] Validating linked Pdu /AUTOSAR_CanIf/EcucModuleDefs/CanIf/CanIfInitCfg/CanIfTxPduCfg/CanIfTxPduRef
15:38:24,464 [INFO] [PDUR : INFO ] Validating linked Pdu /AUTOSAR_CanIf/EcucModuleDefs/CanIf/CanIfInitCfg/CanIfTxPduCfg/CanIfTxPduRef
15:38:24,464 [INFO] [PDUR : INFO ] Validating linked Pdu /AUTOSAR_CanIf/EcucModuleDefs/CanIf/CanIfInitCfg/CanIfTxPduCfg/CanIfTxPduRef
15:38:24,464 [INFO] [PDUR : INFO ] Validating linked Pdu /AUTOSAR_CanIf/EcucModuleDefs/CanIf/CanIfInitCfg/CanIfTxPduCfg/CanIfTxPduRef
15:38:24,464 [INFO] [PDUR : INFO ] Validating linked Pdu /AUTOSAR_CanIf/EcucModuleDefs/CanIf/CanIfInitCfg/CanIfTxPduCfg/CanIfTxPduRef
15:38:24,464 [INFO] [PDUR : INFO ] Validating linked Pdu /AUTOSAR_CanIf/EcucModuleDefs/CanIf/CanIfInitCfg/CanIfTxPduCfg/CanIfTxPduRef
15:38:24,465 [INFO] [PDUR : INFO ] Validating linked Pdu /AUTOSAR_CanIf/EcucModuleDefs/CanIf/CanIfInitCfg/CanIfTxPduCfg/CanIfTxPduRef
15:38:24,465 [INFO] [PDUR : INFO ] Validating linked Pdu /AUTOSAR_CanIf/EcucModuleDefs/CanIf/CanIfInitCfg/CanIfTxPduCfg/CanIfTxPduRef
15:38:24,465 [INFO] [PDUR : INFO ] Validating linked Pdu /AUTOSAR_CanIf/EcucModuleDefs/CanIf/CanIfInitCfg/CanIfTxPduCfg/CanIfTxPduRef
15:38:24,465 [INFO] [PDUR : INFO ] Validating linked Pdu /AUTOSAR_CanIf/EcucModuleDefs/CanIf/CanIfInitCfg/CanIfTxPduCfg/CanIfTxPduRef
15:38:24,465 [INFO] [PDUR : INFO ] Validating linked Pdu /AUTOSAR_CanIf/EcucModuleDefs/CanIf/CanIfInitCfg/CanIfTxPduCfg/CanIfTxPduRef
15:38:24,465 [INFO] [PDUR : INFO ] Validating linked Pdu /AUTOSAR_CanIf/EcucModuleDefs/CanIf/CanIfInitCfg/CanIfTxPduCfg/CanIfTxPduRef
15:38:24,465 [INFO] [PDUR : INFO ] Validating linked Pdu /AUTOSAR_CanIf/EcucModuleDefs/CanIf/CanIfInitCfg/CanIfTxPduCfg/CanIfTxPduRef
15:38:24,465 [INFO] [PDUR : INFO ] Validating linked Pdu /AUTOSAR_CanIf/EcucModuleDefs/CanIf/CanIfInitCfg/CanIfTxPduCfg/CanIfTxPduRef
15:38:24,465 [INFO] [PDUR : INFO ] Validating linked Pdu /AUTOSAR_CanIf/EcucModuleDefs/CanIf/CanIfInitCfg/CanIfTxPduCfg/CanIfTxPduRef
15:38:24,465 [INFO] [PDUR : INFO ] Validating linked Pdu /AUTOSAR_CanIf/EcucModuleDefs/CanIf/CanIfInitCfg/CanIfTxPduCfg/CanIfTxPduRef
15:38:24,465 [INFO] [PDUR : INFO ] Validating linked Pdu /AUTOSAR_CanIf/EcucModuleDefs/CanIf/CanIfInitCfg/CanIfTxPduCfg/CanIfTxPduRef
15:38:24,465 [INFO] [PDUR : INFO ] Validating linked Pdu /AUTOSAR_CanIf/EcucModuleDefs/CanIf/CanIfInitCfg/CanIfTxPduCfg/CanIfTxPduRef
15:38:24,465 [INFO] [PDUR : INFO ] Validating linked Pdu /AUTOSAR_CanIf/EcucModuleDefs/CanIf/CanIfInitCfg/CanIfTxPduCfg/CanIfTxPduRef
15:38:24,465 [INFO] [PDUR : INFO ] Validating linked Pdu /AUTOSAR_CanIf/EcucModuleDefs/CanIf/CanIfInitCfg/CanIfTxPduCfg/CanIfTxPduRef
15:38:24,465 [INFO] [PDUR : INFO ] Validating linked Pdu /AUTOSAR_CanIf/EcucModuleDefs/CanIf/CanIfInitCfg/CanIfTxPduCfg/CanIfTxPduRef
15:38:24,465 [INFO] [PDUR : INFO ] Validating linked Pdu /AUTOSAR_CanIf/EcucModuleDefs/CanIf/CanIfInitCfg/CanIfTxPduCfg/CanIfTxPduRef
15:38:24,465 [INFO] [PDUR : INFO ] Validating linked Pdu /AUTOSAR_CanIf/EcucModuleDefs/CanIf/CanIfInitCfg/CanIfTxPduCfg/CanIfTxPduRef
15:38:24,465 [INFO] [PDUR : INFO ] Validating linked Pdu /AUTOSAR_CanIf/EcucModuleDefs/CanIf/CanIfInitCfg/CanIfTxPduCfg/CanIfTxPduRef
15:38:24,465 [INFO] [PDUR : INFO ] Validating linked Pdu /AUTOSAR_CanIf/EcucModuleDefs/CanIf/CanIfInitCfg/CanIfTxPduCfg/CanIfTxPduRef
15:38:24,465 [INFO] [PDUR : INFO ] Validating linked Pdu /AUTOSAR_CanIf/EcucModuleDefs/CanIf/CanIfInitCfg/CanIfTxPduCfg/CanIfTxPduRef
15:38:24,465 [INFO] [PDUR : INFO ] Validating linked Pdu /AUTOSAR_CanIf/EcucModuleDefs/CanIf/CanIfInitCfg/CanIfTxPduCfg/CanIfTxPduRef
15:38:24,465 [INFO] [PDUR : INFO ] Validating linked Pdu /AUTOSAR_CanIf/EcucModuleDefs/CanIf/CanIfInitCfg/CanIfTxPduCfg/CanIfTxPduRef
15:38:24,465 [INFO] [PDUR : INFO ] Validating linked Pdu /AUTOSAR_CanIf/EcucModuleDefs/CanIf/CanIfInitCfg/CanIfTxPduCfg/CanIfTxPduRef
15:38:24,465 [INFO] [PDUR : INFO ] Validating linked Pdu /AUTOSAR_CanIf/EcucModuleDefs/CanIf/CanIfInitCfg/CanIfTxPduCfg/CanIfTxPduRef
15:38:24,466 [INFO] [PDUR : INFO ] Validating linked Pdu /AUTOSAR_Com/EcucModuleDefs/Com/ComConfig/ComIPdu/ComPduIdRef
15:38:24,466 [INFO] [PDUR : INFO ] Validating linked Pdu /AUTOSAR_Com/EcucModuleDefs/Com/ComConfig/ComIPdu/ComPduIdRef
15:38:24,466 [INFO] [PDUR : INFO ] Validating linked Pdu /AUTOSAR_Com/EcucModuleDefs/Com/ComConfig/ComIPdu/ComPduIdRef
15:38:24,466 [INFO] [PDUR : INFO ] Validating linked Pdu /AUTOSAR_Com/EcucModuleDefs/Com/ComConfig/ComIPdu/ComPduIdRef
15:38:24,466 [INFO] [PDUR : INFO ] Validating linked Pdu /AUTOSAR_Com/EcucModuleDefs/Com/ComConfig/ComIPdu/ComPduIdRef
15:38:24,466 [INFO] [PDUR : INFO ] Validating linked Pdu /AUTOSAR_Com/EcucModuleDefs/Com/ComConfig/ComIPdu/ComPduIdRef
15:38:24,466 [INFO] [PDUR : INFO ] Validating linked Pdu /AUTOSAR_Com/EcucModuleDefs/Com/ComConfig/ComIPdu/ComPduIdRef
15:38:24,466 [INFO] [PDUR : INFO ] Validating linked Pdu /AUTOSAR_Com/EcucModuleDefs/Com/ComConfig/ComIPdu/ComPduIdRef
15:38:24,466 [INFO] [PDUR : INFO ] Validating linked Pdu /AUTOSAR_Com/EcucModuleDefs/Com/ComConfig/ComIPdu/ComPduIdRef
15:38:24,466 [INFO] [PDUR : INFO ] Validating linked Pdu /AUTOSAR_Com/EcucModuleDefs/Com/ComConfig/ComIPdu/ComPduIdRef
15:38:24,466 [INFO] [PDUR : INFO ] Validating linked Pdu /AUTOSAR_Com/EcucModuleDefs/Com/ComConfig/ComIPdu/ComPduIdRef
15:38:24,466 [INFO] [PDUR : INFO ] Validating linked Pdu /AUTOSAR_Com/EcucModuleDefs/Com/ComConfig/ComIPdu/ComPduIdRef
15:38:24,466 [INFO] [PDUR : INFO ] Validating linked Pdu /AUTOSAR_Com/EcucModuleDefs/Com/ComConfig/ComIPdu/ComPduIdRef
15:38:24,466 [INFO] [PDUR : INFO ] Validating linked Pdu /AUTOSAR_Com/EcucModuleDefs/Com/ComConfig/ComIPdu/ComPduIdRef
15:38:24,466 [INFO] [PDUR : INFO ] Validating linked Pdu /AUTOSAR_Com/EcucModuleDefs/Com/ComConfig/ComIPdu/ComPduIdRef
15:38:24,466 [INFO] [PDUR : INFO ] Validating linked Pdu /AUTOSAR_Com/EcucModuleDefs/Com/ComConfig/ComIPdu/ComPduIdRef
15:38:24,466 [INFO] [PDUR : INFO ] Validating linked Pdu /AUTOSAR_Com/EcucModuleDefs/Com/ComConfig/ComIPdu/ComPduIdRef
15:38:24,466 [INFO] [PDUR : INFO ] Validating linked Pdu /AUTOSAR_Com/EcucModuleDefs/Com/ComConfig/ComIPdu/ComPduIdRef
15:38:24,466 [INFO] [PDUR : INFO ] Validating linked Pdu /AUTOSAR_Com/EcucModuleDefs/Com/ComConfig/ComIPdu/ComPduIdRef
15:38:24,466 [INFO] [PDUR : INFO ] Validating linked Pdu /AUTOSAR_Com/EcucModuleDefs/Com/ComConfig/ComIPdu/ComPduIdRef
15:38:24,466 [INFO] [PDUR : INFO ] Validating linked Pdu /AUTOSAR_Com/EcucModuleDefs/Com/ComConfig/ComIPdu/ComPduIdRef
15:38:24,466 [INFO] [PDUR : INFO ] Validating linked Pdu /AUTOSAR_Com/EcucModuleDefs/Com/ComConfig/ComIPdu/ComPduIdRef
15:38:24,466 [INFO] [PDUR : INFO ] Validating linked Pdu /AUTOSAR_Com/EcucModuleDefs/Com/ComConfig/ComIPdu/ComPduIdRef
15:38:24,466 [INFO] [PDUR : INFO ] Validating linked Pdu /AUTOSAR_Com/EcucModuleDefs/Com/ComConfig/ComIPdu/ComPduIdRef
15:38:24,467 [INFO] [PDUR : INFO ] Validating linked Pdu /AUTOSAR_Com/EcucModuleDefs/Com/ComConfig/ComIPdu/ComPduIdRef
15:38:24,467 [INFO] [PDUR : INFO ] Validating linked Pdu /AUTOSAR_Com/EcucModuleDefs/Com/ComConfig/ComIPdu/ComPduIdRef
15:38:24,467 [INFO] [PDUR : INFO ] Validating linked Pdu /AUTOSAR_Com/EcucModuleDefs/Com/ComConfig/ComIPdu/ComPduIdRef
15:38:24,467 [INFO] [PDUR : INFO ] Validating linked Pdu /AUTOSAR_Com/EcucModuleDefs/Com/ComConfig/ComIPdu/ComPduIdRef
15:38:24,467 [INFO] [PDUR : INFO ] Validating linked Pdu /AUTOSAR_Com/EcucModuleDefs/Com/ComConfig/ComIPdu/ComPduIdRef
15:38:24,467 [INFO] [PDUR : INFO ] Validating linked Pdu /AUTOSAR_Com/EcucModuleDefs/Com/ComConfig/ComIPdu/ComPduIdRef
15:38:24,467 [INFO] [PDUR : INFO ] Validating linked Pdu /AUTOSAR_Com/EcucModuleDefs/Com/ComConfig/ComIPdu/ComPduIdRef
15:38:24,467 [INFO] [PDUR : INFO ] Validating linked Pdu /AUTOSAR_Com/EcucModuleDefs/Com/ComConfig/ComIPdu/ComPduIdRef
15:38:24,467 [INFO] [PDUR : INFO ] Validating linked Pdu /AUTOSAR_Com/EcucModuleDefs/Com/ComConfig/ComIPdu/ComPduIdRef
15:38:24,467 [INFO] [PDUR : INFO ] Validating linked Pdu /AUTOSAR_Com/EcucModuleDefs/Com/ComConfig/ComIPdu/ComPduIdRef
15:38:24,467 [INFO] [PDUR : INFO ] Validating linked Pdu /AUTOSAR_Com/EcucModuleDefs/Com/ComConfig/ComIPdu/ComPduIdRef
15:38:24,467 [INFO] [PDUR : INFO ] Validating linked Pdu /AUTOSAR_Com/EcucModuleDefs/Com/ComConfig/ComIPdu/ComPduIdRef
15:38:24,467 [INFO] [PDUR : INFO ] Validating linked Pdu /AUTOSAR_Com/EcucModuleDefs/Com/ComConfig/ComIPdu/ComPduIdRef
15:38:24,467 [INFO] [PDUR : INFO ] Validating linked Pdu /AUTOSAR_Com/EcucModuleDefs/Com/ComConfig/ComIPdu/ComPduIdRef
15:38:24,467 [INFO] [PDUR : INFO ] Validating linked Pdu /AUTOSAR_Com/EcucModuleDefs/Com/ComConfig/ComIPdu/ComPduIdRef
15:38:24,467 [INFO] [PDUR : INFO ] Validating linked Pdu /AUTOSAR_Com/EcucModuleDefs/Com/ComConfig/ComIPdu/ComPduIdRef
15:38:24,467 [INFO] [PDUR : INFO ] Validating linked Pdu /AUTOSAR_CanIf/EcucModuleDefs/CanIf/CanIfInitCfg/CanIfTxPduCfg/CanIfTxPduRef
15:38:24,467 [INFO] [PDUR : INFO ] Validating linked Pdu /AUTOSAR_CanIf/EcucModuleDefs/CanIf/CanIfInitCfg/CanIfTxPduCfg/CanIfTxPduRef
15:38:24,467 [INFO] [PDUR : INFO ] Validating linked Pdu /AUTOSAR_CanIf/EcucModuleDefs/CanIf/CanIfInitCfg/CanIfTxPduCfg/CanIfTxPduRef
15:38:24,467 [INFO] [PDUR : INFO ] Validating linked Pdu /AUTOSAR_CanIf/EcucModuleDefs/CanIf/CanIfInitCfg/CanIfTxPduCfg/CanIfTxPduRef
15:38:24,467 [INFO] [PDUR : INFO ] Validating linked Pdu /AUTOSAR_CanIf/EcucModuleDefs/CanIf/CanIfInitCfg/CanIfTxPduCfg/CanIfTxPduRef
15:38:24,467 [INFO] [PDUR : INFO ] Validating linked Pdu /AUTOSAR_CanIf/EcucModuleDefs/CanIf/CanIfInitCfg/CanIfTxPduCfg/CanIfTxPduRef
15:38:24,468 [INFO] [PDUR : INFO ] Validating linked Pdu /AUTOSAR_CanIf/EcucModuleDefs/CanIf/CanIfInitCfg/CanIfTxPduCfg/CanIfTxPduRef
15:38:24,468 [INFO] [PDUR : INFO ] Validating linked Pdu /AUTOSAR_CanIf/EcucModuleDefs/CanIf/CanIfInitCfg/CanIfTxPduCfg/CanIfTxPduRef
15:38:24,468 [INFO] [PDUR : INFO ] Validating linked Pdu /AUTOSAR_CanIf/EcucModuleDefs/CanIf/CanIfInitCfg/CanIfTxPduCfg/CanIfTxPduRef
15:38:24,468 [INFO] [PDUR : INFO ] Validating linked Pdu /AUTOSAR_CanIf/EcucModuleDefs/CanIf/CanIfInitCfg/CanIfTxPduCfg/CanIfTxPduRef
15:38:24,468 [INFO] [PDUR : INFO ] Validating linked Pdu /AUTOSAR_CanIf/EcucModuleDefs/CanIf/CanIfInitCfg/CanIfTxPduCfg/CanIfTxPduRef
15:38:24,468 [INFO] [PDUR : INFO ] Validating linked Pdu /AUTOSAR_CanIf/EcucModuleDefs/CanIf/CanIfInitCfg/CanIfTxPduCfg/CanIfTxPduRef
15:38:24,468 [INFO] [PDUR : INFO ] Validating linked Pdu /AUTOSAR_CanIf/EcucModuleDefs/CanIf/CanIfInitCfg/CanIfTxPduCfg/CanIfTxPduRef
15:38:24,468 [INFO] [PDUR : INFO ] Validating linked Pdu /AUTOSAR_CanIf/EcucModuleDefs/CanIf/CanIfInitCfg/CanIfTxPduCfg/CanIfTxPduRef
15:38:24,468 [INFO] [PDUR : INFO ] Validating linked Pdu /AUTOSAR_CanIf/EcucModuleDefs/CanIf/CanIfInitCfg/CanIfTxPduCfg/CanIfTxPduRef
15:38:24,468 [INFO] [PDUR : INFO ] Validating linked Pdu /AUTOSAR_CanIf/EcucModuleDefs/CanIf/CanIfInitCfg/CanIfTxPduCfg/CanIfTxPduRef
15:38:24,468 [INFO] [PDUR : INFO ] Validating linked Pdu /AUTOSAR_CanIf/EcucModuleDefs/CanIf/CanIfInitCfg/CanIfTxPduCfg/CanIfTxPduRef
15:38:24,468 [INFO] [PDUR : INFO ] Validating linked Pdu /AUTOSAR_CanIf/EcucModuleDefs/CanIf/CanIfInitCfg/CanIfTxPduCfg/CanIfTxPduRef
15:38:24,468 [INFO] [PDUR : INFO ] Validating linked Pdu /AUTOSAR_CanIf/EcucModuleDefs/CanIf/CanIfInitCfg/CanIfTxPduCfg/CanIfTxPduRef
15:38:24,468 [INFO] [PDUR : INFO ] Validating linked Pdu /AUTOSAR_CanIf/EcucModuleDefs/CanIf/CanIfInitCfg/CanIfTxPduCfg/CanIfTxPduRef
15:38:24,468 [INFO] [PDUR : INFO ] Validating linked Pdu /AUTOSAR_CanIf/EcucModuleDefs/CanIf/CanIfInitCfg/CanIfTxPduCfg/CanIfTxPduRef
15:38:24,468 [INFO] [PDUR : INFO ] Validating linked Pdu /AUTOSAR_CanIf/EcucModuleDefs/CanIf/CanIfInitCfg/CanIfTxPduCfg/CanIfTxPduRef
15:38:24,468 [INFO] [PDUR : INFO ] Validating linked Pdu /AUTOSAR_CanIf/EcucModuleDefs/CanIf/CanIfInitCfg/CanIfTxPduCfg/CanIfTxPduRef
15:38:24,468 [INFO] [PDUR : INFO ] Validating linked Pdu /AUTOSAR_CanIf/EcucModuleDefs/CanIf/CanIfInitCfg/CanIfTxPduCfg/CanIfTxPduRef
15:38:24,468 [INFO] [PDUR : INFO ] Validating linked Pdu /AUTOSAR_CanIf/EcucModuleDefs/CanIf/CanIfInitCfg/CanIfTxPduCfg/CanIfTxPduRef
15:38:24,468 [INFO] [PDUR : INFO ] Validating linked Pdu /AUTOSAR_CanIf/EcucModuleDefs/CanIf/CanIfInitCfg/CanIfTxPduCfg/CanIfTxPduRef
15:38:24,468 [INFO] [PDUR : INFO ] Validating linked Pdu /AUTOSAR_CanIf/EcucModuleDefs/CanIf/CanIfInitCfg/CanIfTxPduCfg/CanIfTxPduRef
15:38:24,468 [INFO] [PDUR : INFO ] Validating linked Pdu /AUTOSAR_CanIf/EcucModuleDefs/CanIf/CanIfInitCfg/CanIfTxPduCfg/CanIfTxPduRef
15:38:24,468 [INFO] [PDUR : INFO ] Validating linked Pdu /AUTOSAR_CanIf/EcucModuleDefs/CanIf/CanIfInitCfg/CanIfTxPduCfg/CanIfTxPduRef
15:38:24,468 [INFO] [PDUR : INFO ] Validating linked Pdu /AUTOSAR_CanIf/EcucModuleDefs/CanIf/CanIfInitCfg/CanIfTxPduCfg/CanIfTxPduRef
15:38:24,469 [INFO] [PDUR : INFO ] Validating linked Pdu /AUTOSAR_CanIf/EcucModuleDefs/CanIf/CanIfInitCfg/CanIfTxPduCfg/CanIfTxPduRef
15:38:24,469 [INFO] [PDUR : INFO ] Validating linked Pdu /AUTOSAR_CanIf/EcucModuleDefs/CanIf/CanIfInitCfg/CanIfTxPduCfg/CanIfTxPduRef
15:38:24,469 [INFO] [PDUR : INFO ] Validating linked Pdu /AUTOSAR_CanIf/EcucModuleDefs/CanIf/CanIfInitCfg/CanIfTxPduCfg/CanIfTxPduRef
15:38:24,469 [INFO] [PDUR : INFO ] Validating linked Pdu /AUTOSAR_CanIf/EcucModuleDefs/CanIf/CanIfInitCfg/CanIfTxPduCfg/CanIfTxPduRef
15:38:24,469 [INFO] [PDUR : INFO ] Validating linked Pdu /AUTOSAR_CanIf/EcucModuleDefs/CanIf/CanIfInitCfg/CanIfTxPduCfg/CanIfTxPduRef
15:38:24,469 [INFO] [PDUR : INFO ] Validating linked Pdu /AUTOSAR_CanIf/EcucModuleDefs/CanIf/CanIfInitCfg/CanIfTxPduCfg/CanIfTxPduRef
15:38:24,469 [INFO] [PDUR : INFO ] Validating linked Pdu /AUTOSAR_CanIf/EcucModuleDefs/CanIf/CanIfInitCfg/CanIfTxPduCfg/CanIfTxPduRef
15:38:24,469 [INFO] [PDUR : INFO ] Validating linked Pdu /AUTOSAR_CanIf/EcucModuleDefs/CanIf/CanIfInitCfg/CanIfTxPduCfg/CanIfTxPduRef
15:38:24,469 [INFO] [PDUR : INFO ] Validating linked Pdu /AUTOSAR_CanIf/EcucModuleDefs/CanIf/CanIfInitCfg/CanIfTxPduCfg/CanIfTxPduRef
15:38:24,469 [INFO] [PDUR : INFO ] Validating linked Pdu /AUTOSAR_CanIf/EcucModuleDefs/CanIf/CanIfInitCfg/CanIfTxPduCfg/CanIfTxPduRef
15:38:24,469 [INFO] [PDUR : INFO ] Validating linked Pdu /AUTOSAR_CanIf/EcucModuleDefs/CanIf/CanIfInitCfg/CanIfTxPduCfg/CanIfTxPduRef
15:38:24,469 [INFO] [PDUR : INFO ] Validating linked Pdu /AUTOSAR_CanIf/EcucModuleDefs/CanIf/CanIfInitCfg/CanIfTxPduCfg/CanIfTxPduRef
15:38:24,469 [INFO] [PDUR : INFO ] Validating linked Pdu /AUTOSAR_CanIf/EcucModuleDefs/CanIf/CanIfInitCfg/CanIfTxPduCfg/CanIfTxPduRef
15:38:24,469 [INFO] [PDUR : INFO ] Validating linked Pdu /AUTOSAR_CanIf/EcucModuleDefs/CanIf/CanIfInitCfg/CanIfTxPduCfg/CanIfTxPduRef
15:38:24,469 [INFO] [PDUR : INFO ] Validating linked Pdu /AUTOSAR_CanIf/EcucModuleDefs/CanIf/CanIfInitCfg/CanIfTxPduCfg/CanIfTxPduRef
15:38:24,469 [INFO] [PDUR : INFO ] Validating linked Pdu /AUTOSAR_CanIf/EcucModuleDefs/CanIf/CanIfInitCfg/CanIfTxPduCfg/CanIfTxPduRef
15:38:24,469 [INFO] [PDUR : INFO ] Validating linked Pdu /AUTOSAR_Com/EcucModuleDefs/Com/ComConfig/ComIPdu/ComPduIdRef
15:38:24,469 [INFO] [PDUR : INFO ] Validating linked Pdu /AUTOSAR_Com/EcucModuleDefs/Com/ComConfig/ComIPdu/ComPduIdRef
15:38:24,469 [INFO] [PDUR : INFO ] Validating linked Pdu /AUTOSAR_Com/EcucModuleDefs/Com/ComConfig/ComIPdu/ComPduIdRef
15:38:24,469 [INFO] [PDUR : INFO ] Validating linked Pdu /AUTOSAR_Com/EcucModuleDefs/Com/ComConfig/ComIPdu/ComPduIdRef
15:38:24,469 [INFO] [PDUR : INFO ] Validating linked Pdu /AUTOSAR_Com/EcucModuleDefs/Com/ComConfig/ComIPdu/ComPduIdRef
15:38:24,469 [INFO] [PDUR : INFO ] Validating linked Pdu /AUTOSAR_Com/EcucModuleDefs/Com/ComConfig/ComIPdu/ComPduIdRef
15:38:24,469 [INFO] [PDUR : INFO ] Validating linked Pdu /AUTOSAR_Com/EcucModuleDefs/Com/ComConfig/ComIPdu/ComPduIdRef
15:38:24,469 [INFO] [PDUR : INFO ] Validating linked Pdu /AUTOSAR_Com/EcucModuleDefs/Com/ComConfig/ComIPdu/ComPduIdRef
15:38:24,470 [INFO] [PDUR : INFO ] Validating linked Pdu /AUTOSAR_Com/EcucModuleDefs/Com/ComConfig/ComIPdu/ComPduIdRef
15:38:24,470 [INFO] [PDUR : INFO ] Validating linked Pdu /AUTOSAR_Com/EcucModuleDefs/Com/ComConfig/ComIPdu/ComPduIdRef
15:38:24,470 [INFO] [PDUR : INFO ] Validating linked Pdu /AUTOSAR_Com/EcucModuleDefs/Com/ComConfig/ComIPdu/ComPduIdRef
15:38:24,470 [INFO] [PDUR : INFO ] Validating linked Pdu /AUTOSAR_Com/EcucModuleDefs/Com/ComConfig/ComIPdu/ComPduIdRef
15:38:24,470 [INFO] [PDUR : INFO ] Validating linked Pdu /AUTOSAR_Com/EcucModuleDefs/Com/ComConfig/ComIPdu/ComPduIdRef
15:38:24,470 [INFO] [PDUR : INFO ] Validating linked Pdu /AUTOSAR_Com/EcucModuleDefs/Com/ComConfig/ComIPdu/ComPduIdRef
15:38:24,470 [INFO] [PDUR : INFO ] Validating linked Pdu /AUTOSAR_Com/EcucModuleDefs/Com/ComConfig/ComIPdu/ComPduIdRef
15:38:24,470 [INFO] [PDUR : INFO ] Validating linked Pdu /AUTOSAR_Com/EcucModuleDefs/Com/ComConfig/ComIPdu/ComPduIdRef
15:38:24,470 [INFO] [PDUR : INFO ] Validating linked Pdu /AUTOSAR_Com/EcucModuleDefs/Com/ComConfig/ComIPdu/ComPduIdRef
15:38:24,470 [INFO] [PDUR : INFO ] Validating linked Pdu /AUTOSAR_Com/EcucModuleDefs/Com/ComConfig/ComIPdu/ComPduIdRef
15:38:24,470 [INFO] [PDUR : INFO ] Validating linked Pdu /AUTOSAR_Com/EcucModuleDefs/Com/ComConfig/ComIPdu/ComPduIdRef
15:38:24,470 [INFO] [PDUR : INFO ] Validating linked Pdu /AUTOSAR_Com/EcucModuleDefs/Com/ComConfig/ComIPdu/ComPduIdRef
15:38:24,470 [INFO] [PDUR : INFO ] Validating linked Pdu /AUTOSAR_Com/EcucModuleDefs/Com/ComConfig/ComIPdu/ComPduIdRef
15:38:24,470 [INFO] [PDUR : INFO ] Validating linked Pdu /AUTOSAR_Com/EcucModuleDefs/Com/ComConfig/ComIPdu/ComPduIdRef
15:38:24,470 [INFO] [PDUR : INFO ] Validating linked Pdu /AUTOSAR_Com/EcucModuleDefs/Com/ComConfig/ComIPdu/ComPduIdRef
15:38:24,470 [INFO] [PDUR : INFO ] Validating linked Pdu /AUTOSAR_Com/EcucModuleDefs/Com/ComConfig/ComIPdu/ComPduIdRef
15:38:24,470 [INFO] [PDUR : INFO ] Validating linked Pdu /AUTOSAR_Com/EcucModuleDefs/Com/ComConfig/ComIPdu/ComPduIdRef
15:38:24,470 [INFO] [PDUR : INFO ] Validating linked Pdu /AUTOSAR_Com/EcucModuleDefs/Com/ComConfig/ComIPdu/ComPduIdRef
15:38:24,470 [INFO] [PDUR : INFO ] Validating linked Pdu /AUTOSAR_Com/EcucModuleDefs/Com/ComConfig/ComIPdu/ComPduIdRef
15:38:24,470 [INFO] [PDUR : INFO ] Validating linked Pdu /AUTOSAR_Com/EcucModuleDefs/Com/ComConfig/ComIPdu/ComPduIdRef
15:38:24,471 [INFO] [PDUR : INFO ] Validating linked Pdu /AUTOSAR_Com/EcucModuleDefs/Com/ComConfig/ComIPdu/ComPduIdRef
15:38:24,471 [INFO] [PDUR : INFO ] Validating linked Pdu /AUTOSAR_Com/EcucModuleDefs/Com/ComConfig/ComIPdu/ComPduIdRef
15:38:24,471 [INFO] [PDUR : INFO ] Validating linked Pdu /AUTOSAR_Com/EcucModuleDefs/Com/ComConfig/ComIPdu/ComPduIdRef
15:38:24,471 [INFO] [PDUR : INFO ] Validating linked Pdu /AUTOSAR_Com/EcucModuleDefs/Com/ComConfig/ComIPdu/ComPduIdRef
15:38:24,471 [INFO] [PDUR : INFO ] Validating linked Pdu /AUTOSAR_Com/EcucModuleDefs/Com/ComConfig/ComIPdu/ComPduIdRef
15:38:24,471 [INFO] [PDUR : INFO ] Validating linked Pdu /AUTOSAR_Com/EcucModuleDefs/Com/ComConfig/ComIPdu/ComPduIdRef
15:38:24,471 [INFO] [PDUR : INFO ] Validating linked Pdu /AUTOSAR_Com/EcucModuleDefs/Com/ComConfig/ComIPdu/ComPduIdRef
15:38:24,471 [INFO] [PDUR : INFO ] Validating linked Pdu /AUTOSAR_Com/EcucModuleDefs/Com/ComConfig/ComIPdu/ComPduIdRef
15:38:24,471 [INFO] [PDUR : INFO ] Validating linked Pdu /AUTOSAR_Com/EcucModuleDefs/Com/ComConfig/ComIPdu/ComPduIdRef
15:38:24,471 [INFO] [PDUR : INFO ] Validating linked Pdu /AUTOSAR_Com/EcucModuleDefs/Com/ComConfig/ComIPdu/ComPduIdRef
15:38:24,471 [INFO] [PDUR : INFO ] Validating linked Pdu /AUTOSAR_Com/EcucModuleDefs/Com/ComConfig/ComIPdu/ComPduIdRef
15:38:24,471 [INFO] [PDUR : INFO ] Validating linked Pdu /AUTOSAR_Com/EcucModuleDefs/Com/ComConfig/ComIPdu/ComPduIdRef
15:38:24,471 [INFO] [PDUR : INFO ] Validating linked Pdu /AUTOSAR_CanIf/EcucModuleDefs/CanIf/CanIfInitCfg/CanIfTxPduCfg/CanIfTxPduRef
15:38:24,471 [INFO] [PDUR : INFO ] Validating linked Pdu /AUTOSAR_CanIf/EcucModuleDefs/CanIf/CanIfInitCfg/CanIfTxPduCfg/CanIfTxPduRef
15:38:24,471 [INFO] [PDUR : INFO ] Validating linked Pdu /AUTOSAR_CanIf/EcucModuleDefs/CanIf/CanIfInitCfg/CanIfTxPduCfg/CanIfTxPduRef
15:38:24,471 [INFO] [PDUR : INFO ] Validating linked Pdu /AUTOSAR_CanIf/EcucModuleDefs/CanIf/CanIfInitCfg/CanIfTxPduCfg/CanIfTxPduRef
15:38:24,471 [INFO] [PDUR : INFO ] Validating linked Pdu /AUTOSAR_CanIf/EcucModuleDefs/CanIf/CanIfInitCfg/CanIfTxPduCfg/CanIfTxPduRef
15:38:24,471 [INFO] [PDUR : INFO ] Validating linked Pdu /AUTOSAR_CanIf/EcucModuleDefs/CanIf/CanIfInitCfg/CanIfTxPduCfg/CanIfTxPduRef
15:38:24,471 [INFO] [PDUR : INFO ] Validating linked Pdu /AUTOSAR_CanIf/EcucModuleDefs/CanIf/CanIfInitCfg/CanIfTxPduCfg/CanIfTxPduRef
15:38:24,471 [INFO] [PDUR : INFO ] Validating linked Pdu /AUTOSAR_CanIf/EcucModuleDefs/CanIf/CanIfInitCfg/CanIfTxPduCfg/CanIfTxPduRef
15:38:24,471 [INFO] [PDUR : INFO ] Validating linked Pdu /AUTOSAR_CanIf/EcucModuleDefs/CanIf/CanIfInitCfg/CanIfTxPduCfg/CanIfTxPduRef
15:38:24,471 [INFO] [PDUR : INFO ] Validating linked Pdu /AUTOSAR_CanIf/EcucModuleDefs/CanIf/CanIfInitCfg/CanIfTxPduCfg/CanIfTxPduRef
15:38:24,471 [INFO] [PDUR : INFO ] Validating linked Pdu /AUTOSAR_CanIf/EcucModuleDefs/CanIf/CanIfInitCfg/CanIfTxPduCfg/CanIfTxPduRef
15:38:24,471 [INFO] [PDUR : INFO ] Validating linked Pdu /AUTOSAR_CanIf/EcucModuleDefs/CanIf/CanIfInitCfg/CanIfTxPduCfg/CanIfTxPduRef
15:38:24,472 [INFO] [PDUR : INFO ] Validating linked Pdu /AUTOSAR_CanIf/EcucModuleDefs/CanIf/CanIfInitCfg/CanIfTxPduCfg/CanIfTxPduRef
15:38:24,472 [INFO] [PDUR : INFO ] Validating linked Pdu /AUTOSAR_CanIf/EcucModuleDefs/CanIf/CanIfInitCfg/CanIfTxPduCfg/CanIfTxPduRef
15:38:24,472 [INFO] [PDUR : INFO ] Validating linked Pdu /AUTOSAR_CanIf/EcucModuleDefs/CanIf/CanIfInitCfg/CanIfTxPduCfg/CanIfTxPduRef
15:38:24,472 [INFO] [PDUR : INFO ] Validating linked Pdu /AUTOSAR_CanIf/EcucModuleDefs/CanIf/CanIfInitCfg/CanIfTxPduCfg/CanIfTxPduRef
15:38:24,472 [INFO] [PDUR : INFO ] Validating linked Pdu /AUTOSAR_CanIf/EcucModuleDefs/CanIf/CanIfInitCfg/CanIfTxPduCfg/CanIfTxPduRef
15:38:24,472 [INFO] [PDUR : INFO ] Validating linked Pdu /AUTOSAR_CanIf/EcucModuleDefs/CanIf/CanIfInitCfg/CanIfTxPduCfg/CanIfTxPduRef
15:38:24,472 [INFO] [PDUR : INFO ] Validating linked Pdu /AUTOSAR_CanIf/EcucModuleDefs/CanIf/CanIfInitCfg/CanIfTxPduCfg/CanIfTxPduRef
15:38:24,472 [INFO] [PDUR : INFO ] Validating linked Pdu /AUTOSAR_CanIf/EcucModuleDefs/CanIf/CanIfInitCfg/CanIfTxPduCfg/CanIfTxPduRef
15:38:24,472 [INFO] [PDUR : INFO ] Validating linked Pdu /AUTOSAR_CanIf/EcucModuleDefs/CanIf/CanIfInitCfg/CanIfTxPduCfg/CanIfTxPduRef
15:38:24,472 [INFO] [PDUR : INFO ] Validating linked Pdu /AUTOSAR_CanIf/EcucModuleDefs/CanIf/CanIfInitCfg/CanIfTxPduCfg/CanIfTxPduRef
15:38:24,472 [INFO] [PDUR : INFO ] Validating linked Pdu /AUTOSAR_CanIf/EcucModuleDefs/CanIf/CanIfInitCfg/CanIfTxPduCfg/CanIfTxPduRef
15:38:24,472 [INFO] [PDUR : INFO ] Validating linked Pdu /AUTOSAR_CanIf/EcucModuleDefs/CanIf/CanIfInitCfg/CanIfTxPduCfg/CanIfTxPduRef
15:38:24,472 [INFO] [PDUR : INFO ] Validating linked Pdu /AUTOSAR_CanIf/EcucModuleDefs/CanIf/CanIfInitCfg/CanIfTxPduCfg/CanIfTxPduRef
15:38:24,472 [INFO] [PDUR : INFO ] Validating linked Pdu /AUTOSAR_CanIf/EcucModuleDefs/CanIf/CanIfInitCfg/CanIfTxPduCfg/CanIfTxPduRef
15:38:24,472 [INFO] [PDUR : INFO ] Validating linked Pdu /AUTOSAR_CanIf/EcucModuleDefs/CanIf/CanIfInitCfg/CanIfTxPduCfg/CanIfTxPduRef
15:38:24,472 [INFO] [PDUR : INFO ] Validating linked Pdu /AUTOSAR_CanIf/EcucModuleDefs/CanIf/CanIfInitCfg/CanIfTxPduCfg/CanIfTxPduRef
15:38:24,472 [INFO] [PDUR : INFO ] Validating linked Pdu /AUTOSAR_CanIf/EcucModuleDefs/CanIf/CanIfInitCfg/CanIfTxPduCfg/CanIfTxPduRef
15:38:24,472 [INFO] [PDUR : INFO ] Validating linked Pdu /AUTOSAR_CanIf/EcucModuleDefs/CanIf/CanIfInitCfg/CanIfTxPduCfg/CanIfTxPduRef
15:38:24,472 [INFO] [PDUR : INFO ] Validating linked Pdu /AUTOSAR_CanIf/EcucModuleDefs/CanIf/CanIfInitCfg/CanIfTxPduCfg/CanIfTxPduRef
15:38:24,472 [INFO] [PDUR : INFO ] Validating linked Pdu /AUTOSAR_CanIf/EcucModuleDefs/CanIf/CanIfInitCfg/CanIfTxPduCfg/CanIfTxPduRef
15:38:24,472 [INFO] [PDUR : INFO ] Validating linked Pdu /AUTOSAR_CanIf/EcucModuleDefs/CanIf/CanIfInitCfg/CanIfTxPduCfg/CanIfTxPduRef
15:38:24,472 [INFO] [PDUR : INFO ] Validating linked Pdu /AUTOSAR_CanIf/EcucModuleDefs/CanIf/CanIfInitCfg/CanIfTxPduCfg/CanIfTxPduRef
15:38:24,472 [INFO] [PDUR : INFO ] Validating linked Pdu /AUTOSAR_CanIf/EcucModuleDefs/CanIf/CanIfInitCfg/CanIfTxPduCfg/CanIfTxPduRef
15:38:24,472 [INFO] [PDUR : INFO ] Validating linked Pdu /AUTOSAR_CanIf/EcucModuleDefs/CanIf/CanIfInitCfg/CanIfTxPduCfg/CanIfTxPduRef
15:38:24,473 [INFO] [PDUR : INFO ] Validating linked Pdu /AUTOSAR_CanIf/EcucModuleDefs/CanIf/CanIfInitCfg/CanIfTxPduCfg/CanIfTxPduRef
15:38:24,473 [INFO] [PDUR : INFO ] Validating linked Pdu /AUTOSAR_CanIf/EcucModuleDefs/CanIf/CanIfInitCfg/CanIfTxPduCfg/CanIfTxPduRef
15:38:24,473 [INFO] [PDUR : INFO ] Validating linked Pdu /AUTOSAR_CanIf/EcucModuleDefs/CanIf/CanIfInitCfg/CanIfTxPduCfg/CanIfTxPduRef
15:38:24,473 [INFO] [PDUR : INFO ] Validating linked Pdu /AUTOSAR_CanIf/EcucModuleDefs/CanIf/CanIfInitCfg/CanIfTxPduCfg/CanIfTxPduRef
15:38:24,473 [INFO] [PDUR : INFO ] Validating linked Pdu /AUTOSAR_CanIf/EcucModuleDefs/CanIf/CanIfInitCfg/CanIfTxPduCfg/CanIfTxPduRef
15:38:24,473 [INFO] [PDUR : INFO ] Validating linked Pdu /AUTOSAR_CanIf/EcucModuleDefs/CanIf/CanIfInitCfg/CanIfTxPduCfg/CanIfTxPduRef
15:38:24,473 [INFO] [PDUR : INFO ] Validating linked Pdu /AUTOSAR_CanIf/EcucModuleDefs/CanIf/CanIfInitCfg/CanIfTxPduCfg/CanIfTxPduRef
15:38:24,473 [INFO] [PDUR : INFO ] Validating linked Pdu /AUTOSAR_CanIf/EcucModuleDefs/CanIf/CanIfInitCfg/CanIfTxPduCfg/CanIfTxPduRef
15:38:24,473 [INFO] [PDUR : INFO ] Validating linked Pdu /AUTOSAR_CanIf/EcucModuleDefs/CanIf/CanIfInitCfg/CanIfTxPduCfg/CanIfTxPduRef
15:38:24,473 [INFO] [PDUR : INFO ] Validating linked Pdu /AUTOSAR_CanIf/EcucModuleDefs/CanIf/CanIfInitCfg/CanIfTxPduCfg/CanIfTxPduRef
15:38:24,477 [INFO] [PDUR : INFO ] Assigning owner module to Src Pdu of routing path PduR_DcmMsg_CanTp2Dcm_CanNodeNum_01_FunRequest
15:38:24,477 [INFO] [PDUR : INFO ]  Setting the logical owner of bsw::PduRModule::PduRSrcPduDcm_CanTp2PduR_CanNodeNum_01_FunRequest as CanTp
15:38:24,478 [INFO] [PDUR : INFO ] Assigning owner module to Src Pdu of routing path PduR_DcmMsg_CanTp2Dcm_CanNodeNum_01_PhyRequest
15:38:24,478 [INFO] [PDUR : INFO ]  Setting the logical owner of bsw::PduRModule::PduRSrcPduDcm_CanTp2PduR_CanNodeNum_01_PhyRequest as CanTp
15:38:24,478 [INFO] [PDUR : INFO ] Assigning owner module to Src Pdu of routing path PduR_DcmMsg_Dcm2CanTp_CanNodeNum_01_PhyResponse
15:38:24,510 [INFO] [PDUR : WARNING ] Routing path PduR_DcmMsg_Dcm2CanTp_CanNodeNum_01_PhyResponse has exactly one linked Pdu inside PduR linked to PduRSrcPdu.However there are 2 number of linked BswPdus.
15:38:24,511 [INFO] [PDUR : INFO ]  Setting the logical owner of bsw::PduRModule::PduRSrcPduDcm_Dcm2PduR_CanNodeNum_01_PhyResponse as Dcm
15:38:24,511 [INFO] [PDUR : INFO ] Assigning owner module to Src Pdu of routing path PduR_CanMsg_CanIf2Com_CanNodeNum_01_Rx_01
15:38:24,511 [INFO] [PDUR : INFO ]  Setting the logical owner of bsw::PduRModule::PduRSrcPduCan_CanIf2PduR_CanNodeNum_01_Rx_01 as CanIf
15:38:24,511 [INFO] [PDUR : INFO ] Assigning owner module to Src Pdu of routing path PduR_CanMsg_CanIf2Com_CanNodeNum_01_Rx_02
15:38:24,511 [INFO] [PDUR : INFO ]  Setting the logical owner of bsw::PduRModule::PduRSrcPduCan_CanIf2PduR_CanNodeNum_01_Rx_02 as CanIf
15:38:24,511 [INFO] [PDUR : INFO ] Assigning owner module to Src Pdu of routing path PduR_CanMsg_CanIf2Com_CanNodeNum_01_Rx_03
15:38:24,511 [INFO] [PDUR : INFO ]  Setting the logical owner of bsw::PduRModule::PduRSrcPduCan_CanIf2PduR_CanNodeNum_01_Rx_03 as CanIf
15:38:24,511 [INFO] [PDUR : INFO ] Assigning owner module to Src Pdu of routing path PduR_CanMsg_CanIf2Com_CanNodeNum_01_Rx_04
15:38:24,511 [INFO] [PDUR : INFO ]  Setting the logical owner of bsw::PduRModule::PduRSrcPduCan_CanIf2PduR_CanNodeNum_01_Rx_04 as CanIf
15:38:24,511 [INFO] [PDUR : INFO ] Assigning owner module to Src Pdu of routing path PduR_CanMsg_CanIf2Com_CanNodeNum_01_Rx_05
15:38:24,511 [INFO] [PDUR : INFO ]  Setting the logical owner of bsw::PduRModule::PduRSrcPduCan_CanIf2PduR_CanNodeNum_01_Rx_05 as CanIf
15:38:24,512 [INFO] [PDUR : INFO ] Assigning owner module to Src Pdu of routing path PduR_CanMsg_CanIf2Com_CanNodeNum_01_Rx_06
15:38:24,512 [INFO] [PDUR : INFO ]  Setting the logical owner of bsw::PduRModule::PduRSrcPduCan_CanIf2PduR_CanNodeNum_01_Rx_06 as CanIf
15:38:24,512 [INFO] [PDUR : INFO ] Assigning owner module to Src Pdu of routing path PduR_CanMsg_CanIf2Com_CanNodeNum_01_Rx_07
15:38:24,512 [INFO] [PDUR : INFO ]  Setting the logical owner of bsw::PduRModule::PduRSrcPduCan_CanIf2PduR_CanNodeNum_01_Rx_07 as CanIf
15:38:24,512 [INFO] [PDUR : INFO ] Assigning owner module to Src Pdu of routing path PduR_CanMsg_CanIf2Com_CanNodeNum_01_Rx_08
15:38:24,512 [INFO] [PDUR : INFO ]  Setting the logical owner of bsw::PduRModule::PduRSrcPduCan_CanIf2PduR_CanNodeNum_01_Rx_08 as CanIf
15:38:24,512 [INFO] [PDUR : INFO ] Assigning owner module to Src Pdu of routing path PduR_CanMsg_CanIf2Com_CanNodeNum_01_Rx_09
15:38:24,512 [INFO] [PDUR : INFO ]  Setting the logical owner of bsw::PduRModule::PduRSrcPduCan_CanIf2PduR_CanNodeNum_01_Rx_09 as CanIf
15:38:24,512 [INFO] [PDUR : INFO ] Assigning owner module to Src Pdu of routing path PduR_CanMsg_CanIf2Com_CanNodeNum_01_Rx_10
15:38:24,512 [INFO] [PDUR : INFO ]  Setting the logical owner of bsw::PduRModule::PduRSrcPduCan_CanIf2PduR_CanNodeNum_01_Rx_10 as CanIf
15:38:24,512 [INFO] [PDUR : INFO ] Assigning owner module to Src Pdu of routing path PduR_CanMsg_CanIf2Com_CanNodeNum_01_Rx_11
15:38:24,512 [INFO] [PDUR : INFO ]  Setting the logical owner of bsw::PduRModule::PduRSrcPduCan_CanIf2PduR_CanNodeNum_01_Rx_11 as CanIf
15:38:24,512 [INFO] [PDUR : INFO ] Assigning owner module to Src Pdu of routing path PduR_CanMsg_CanIf2Com_CanNodeNum_01_Rx_12
15:38:24,512 [INFO] [PDUR : INFO ]  Setting the logical owner of bsw::PduRModule::PduRSrcPduCan_CanIf2PduR_CanNodeNum_01_Rx_12 as CanIf
15:38:24,512 [INFO] [PDUR : INFO ] Assigning owner module to Src Pdu of routing path PduR_CanMsg_CanIf2Com_CanNodeNum_01_Rx_13
15:38:24,512 [INFO] [PDUR : INFO ]  Setting the logical owner of bsw::PduRModule::PduRSrcPduCan_CanIf2PduR_CanNodeNum_01_Rx_13 as CanIf
15:38:24,513 [INFO] [PDUR : INFO ] Assigning owner module to Src Pdu of routing path PduR_CanMsg_CanIf2Com_CanNodeNum_01_Rx_14
15:38:24,513 [INFO] [PDUR : INFO ]  Setting the logical owner of bsw::PduRModule::PduRSrcPduCan_CanIf2PduR_CanNodeNum_01_Rx_14 as CanIf
15:38:24,513 [INFO] [PDUR : INFO ] Assigning owner module to Src Pdu of routing path PduR_CanMsg_CanIf2Com_CanNodeNum_01_Rx_15
15:38:24,513 [INFO] [PDUR : INFO ]  Setting the logical owner of bsw::PduRModule::PduRSrcPduCan_CanIf2PduR_CanNodeNum_01_Rx_15 as CanIf
15:38:24,513 [INFO] [PDUR : INFO ] Assigning owner module to Src Pdu of routing path PduR_CanMsg_CanIf2Com_CanNodeNum_01_Rx_16
15:38:24,513 [INFO] [PDUR : INFO ]  Setting the logical owner of bsw::PduRModule::PduRSrcPduCan_CanIf2PduR_CanNodeNum_01_Rx_16 as CanIf
15:38:24,513 [INFO] [PDUR : INFO ] Assigning owner module to Src Pdu of routing path PduR_CanMsg_CanIf2Com_CanNodeNum_01_Rx_17
15:38:24,513 [INFO] [PDUR : INFO ]  Setting the logical owner of bsw::PduRModule::PduRSrcPduCan_CanIf2PduR_CanNodeNum_01_Rx_17 as CanIf
15:38:24,513 [INFO] [PDUR : INFO ] Assigning owner module to Src Pdu of routing path PduR_CanMsg_CanIf2Com_CanNodeNum_01_Rx_18
15:38:24,513 [INFO] [PDUR : INFO ]  Setting the logical owner of bsw::PduRModule::PduRSrcPduCan_CanIf2PduR_CanNodeNum_01_Rx_18 as CanIf
15:38:24,513 [INFO] [PDUR : INFO ] Assigning owner module to Src Pdu of routing path PduR_CanMsg_CanIf2Com_CanNodeNum_01_Rx_19
15:38:24,513 [INFO] [PDUR : INFO ]  Setting the logical owner of bsw::PduRModule::PduRSrcPduCan_CanIf2PduR_CanNodeNum_01_Rx_19 as CanIf
15:38:24,513 [INFO] [PDUR : INFO ] Assigning owner module to Src Pdu of routing path PduR_CanMsg_CanIf2Com_CanNodeNum_01_Rx_20
15:38:24,513 [INFO] [PDUR : INFO ]  Setting the logical owner of bsw::PduRModule::PduRSrcPduCan_CanIf2PduR_CanNodeNum_01_Rx_20 as CanIf
15:38:24,513 [INFO] [PDUR : INFO ] Assigning owner module to Src Pdu of routing path PduR_CanMsg_CanIf2Com_CanNodeNum_01_Rx_21
15:38:24,513 [INFO] [PDUR : INFO ]  Setting the logical owner of bsw::PduRModule::PduRSrcPduCan_CanIf2PduR_CanNodeNum_01_Rx_21 as CanIf
15:38:24,514 [INFO] [PDUR : INFO ] Assigning owner module to Src Pdu of routing path PduR_CanMsg_CanIf2Com_CanNodeNum_01_Rx_22
15:38:24,514 [INFO] [PDUR : INFO ]  Setting the logical owner of bsw::PduRModule::PduRSrcPduCan_CanIf2PduR_CanNodeNum_01_Rx_22 as CanIf
15:38:24,514 [INFO] [PDUR : INFO ] Assigning owner module to Src Pdu of routing path PduR_CanMsg_CanIf2Com_CanNodeNum_01_Rx_23
15:38:24,514 [INFO] [PDUR : INFO ]  Setting the logical owner of bsw::PduRModule::PduRSrcPduCan_CanIf2PduR_CanNodeNum_01_Rx_23 as CanIf
15:38:24,514 [INFO] [PDUR : INFO ] Assigning owner module to Src Pdu of routing path PduR_CanMsg_CanIf2Com_CanNodeNum_01_Rx_24
15:38:24,514 [INFO] [PDUR : INFO ]  Setting the logical owner of bsw::PduRModule::PduRSrcPduCan_CanIf2PduR_CanNodeNum_01_Rx_24 as CanIf
15:38:24,514 [INFO] [PDUR : INFO ] Assigning owner module to Src Pdu of routing path PduR_CanMsg_CanIf2Com_CanNodeNum_01_Rx_25
15:38:24,514 [INFO] [PDUR : INFO ]  Setting the logical owner of bsw::PduRModule::PduRSrcPduCan_CanIf2PduR_CanNodeNum_01_Rx_25 as CanIf
15:38:24,514 [INFO] [PDUR : INFO ] Assigning owner module to Src Pdu of routing path PduR_CanMsg_CanIf2Com_CanNodeNum_01_Rx_26
15:38:24,514 [INFO] [PDUR : INFO ]  Setting the logical owner of bsw::PduRModule::PduRSrcPduCan_CanIf2PduR_CanNodeNum_01_Rx_26 as CanIf
15:38:24,514 [INFO] [PDUR : INFO ] Assigning owner module to Src Pdu of routing path PduR_CanMsg_CanIf2Com_CanNodeNum_01_Rx_27
15:38:24,514 [INFO] [PDUR : INFO ]  Setting the logical owner of bsw::PduRModule::PduRSrcPduCan_CanIf2PduR_CanNodeNum_01_Rx_27 as CanIf
15:38:24,514 [INFO] [PDUR : INFO ] Assigning owner module to Src Pdu of routing path PduR_CanMsg_CanIf2Com_CanNodeNum_01_Rx_28
15:38:24,514 [INFO] [PDUR : INFO ]  Setting the logical owner of bsw::PduRModule::PduRSrcPduCan_CanIf2PduR_CanNodeNum_01_Rx_28 as CanIf
15:38:24,515 [INFO] [PDUR : INFO ] Assigning owner module to Src Pdu of routing path PduR_CanMsg_CanIf2Com_CanNodeNum_01_Rx_29
15:38:24,515 [INFO] [PDUR : INFO ]  Setting the logical owner of bsw::PduRModule::PduRSrcPduCan_CanIf2PduR_CanNodeNum_01_Rx_29 as CanIf
15:38:24,515 [INFO] [PDUR : INFO ] Assigning owner module to Src Pdu of routing path PduR_CanMsg_CanIf2Com_CanNodeNum_01_Rx_30
15:38:24,515 [INFO] [PDUR : INFO ]  Setting the logical owner of bsw::PduRModule::PduRSrcPduCan_CanIf2PduR_CanNodeNum_01_Rx_30 as CanIf
15:38:24,515 [INFO] [PDUR : INFO ] Assigning owner module to Src Pdu of routing path PduR_CanMsg_CanIf2Com_CanNodeNum_01_Rx_31
15:38:24,515 [INFO] [PDUR : INFO ]  Setting the logical owner of bsw::PduRModule::PduRSrcPduCan_CanIf2PduR_CanNodeNum_01_Rx_31 as CanIf
15:38:24,515 [INFO] [PDUR : INFO ] Assigning owner module to Src Pdu of routing path PduR_CanMsg_CanIf2Com_CanNodeNum_01_Rx_32
15:38:24,515 [INFO] [PDUR : INFO ]  Setting the logical owner of bsw::PduRModule::PduRSrcPduCan_CanIf2PduR_CanNodeNum_01_Rx_32 as CanIf
15:38:24,515 [INFO] [PDUR : INFO ] Assigning owner module to Src Pdu of routing path PduR_CanMsg_CanIf2Com_CanNodeNum_01_Rx_33
15:38:24,515 [INFO] [PDUR : INFO ]  Setting the logical owner of bsw::PduRModule::PduRSrcPduCan_CanIf2PduR_CanNodeNum_01_Rx_33 as CanIf
15:38:24,515 [INFO] [PDUR : INFO ] Assigning owner module to Src Pdu of routing path PduR_CanMsg_CanIf2Com_CanNodeNum_01_Rx_34
15:38:24,515 [INFO] [PDUR : INFO ]  Setting the logical owner of bsw::PduRModule::PduRSrcPduCan_CanIf2PduR_CanNodeNum_01_Rx_34 as CanIf
15:38:24,515 [INFO] [PDUR : INFO ] Assigning owner module to Src Pdu of routing path PduR_CanMsg_CanIf2Com_CanNodeNum_01_Rx_35
15:38:24,515 [INFO] [PDUR : INFO ]  Setting the logical owner of bsw::PduRModule::PduRSrcPduCan_CanIf2PduR_CanNodeNum_01_Rx_35 as CanIf
15:38:24,515 [INFO] [PDUR : INFO ] Assigning owner module to Src Pdu of routing path PduR_CanMsg_CanIf2Com_CanNodeNum_01_Rx_36
15:38:24,515 [INFO] [PDUR : INFO ]  Setting the logical owner of bsw::PduRModule::PduRSrcPduCan_CanIf2PduR_CanNodeNum_01_Rx_36 as CanIf
15:38:24,516 [INFO] [PDUR : INFO ] Assigning owner module to Src Pdu of routing path PduR_CanMsg_CanIf2Com_CanNodeNum_01_Rx_37
15:38:24,516 [INFO] [PDUR : INFO ]  Setting the logical owner of bsw::PduRModule::PduRSrcPduCan_CanIf2PduR_CanNodeNum_01_Rx_37 as CanIf
15:38:24,516 [INFO] [PDUR : INFO ] Assigning owner module to Src Pdu of routing path PduR_CanMsg_CanIf2Com_CanNodeNum_01_Rx_38
15:38:24,516 [INFO] [PDUR : INFO ]  Setting the logical owner of bsw::PduRModule::PduRSrcPduCan_CanIf2PduR_CanNodeNum_01_Rx_38 as CanIf
15:38:24,516 [INFO] [PDUR : INFO ] Assigning owner module to Src Pdu of routing path PduR_CanMsg_CanIf2Com_CanNodeNum_01_Rx_39
15:38:24,516 [INFO] [PDUR : INFO ]  Setting the logical owner of bsw::PduRModule::PduRSrcPduCan_CanIf2PduR_CanNodeNum_01_Rx_39 as CanIf
15:38:24,516 [INFO] [PDUR : INFO ] Assigning owner module to Src Pdu of routing path PduR_CanMsg_CanIf2Com_CanNodeNum_01_Rx_40
15:38:24,516 [INFO] [PDUR : INFO ]  Setting the logical owner of bsw::PduRModule::PduRSrcPduCan_CanIf2PduR_CanNodeNum_01_Rx_40 as CanIf
15:38:24,516 [INFO] [PDUR : INFO ] Assigning owner module to Src Pdu of routing path PduR_CanMsg_Com2CanIf_CanNodeNum_01_TxBasic_01
15:38:24,516 [INFO] [PDUR : INFO ]  Setting the logical owner of bsw::PduRModule::PduRSrcPduCan_Com2PduR_CanNodeNum_01_TxBasic_01 as Com
15:38:24,516 [INFO] [PDUR : INFO ] Assigning owner module to Src Pdu of routing path PduR_CanMsg_Com2CanIf_CanNodeNum_01_TxBasic_02
15:38:24,516 [INFO] [PDUR : INFO ]  Setting the logical owner of bsw::PduRModule::PduRSrcPduCan_Com2PduR_CanNodeNum_01_TxBasic_02 as Com
15:38:24,516 [INFO] [PDUR : INFO ] Assigning owner module to Src Pdu of routing path PduR_CanMsg_Com2CanIf_CanNodeNum_01_TxBasic_03
15:38:24,516 [INFO] [PDUR : INFO ]  Setting the logical owner of bsw::PduRModule::PduRSrcPduCan_Com2PduR_CanNodeNum_01_TxBasic_03 as Com
15:38:24,517 [INFO] [PDUR : INFO ] Assigning owner module to Src Pdu of routing path PduR_CanMsg_Com2CanIf_CanNodeNum_01_TxBasic_04
15:38:24,517 [INFO] [PDUR : INFO ]  Setting the logical owner of bsw::PduRModule::PduRSrcPduCan_Com2PduR_CanNodeNum_01_TxBasic_04 as Com
15:38:24,517 [INFO] [PDUR : INFO ] Assigning owner module to Src Pdu of routing path PduR_CanMsg_Com2CanIf_CanNodeNum_01_TxBasic_05
15:38:24,517 [INFO] [PDUR : INFO ]  Setting the logical owner of bsw::PduRModule::PduRSrcPduCan_Com2PduR_CanNodeNum_01_TxBasic_05 as Com
15:38:24,517 [INFO] [PDUR : INFO ] Assigning owner module to Src Pdu of routing path PduR_CanMsg_Com2CanIf_CanNodeNum_01_TxBasic_06
15:38:24,517 [INFO] [PDUR : INFO ]  Setting the logical owner of bsw::PduRModule::PduRSrcPduCan_Com2PduR_CanNodeNum_01_TxBasic_06 as Com
15:38:24,517 [INFO] [PDUR : INFO ] Assigning owner module to Src Pdu of routing path PduR_CanMsg_Com2CanIf_CanNodeNum_01_TxBasic_07
15:38:24,517 [INFO] [PDUR : INFO ]  Setting the logical owner of bsw::PduRModule::PduRSrcPduCan_Com2PduR_CanNodeNum_01_TxBasic_07 as Com
15:38:24,517 [INFO] [PDUR : INFO ] Assigning owner module to Src Pdu of routing path PduR_CanMsg_Com2CanIf_CanNodeNum_01_TxBasic_08
15:38:24,517 [INFO] [PDUR : INFO ]  Setting the logical owner of bsw::PduRModule::PduRSrcPduCan_Com2PduR_CanNodeNum_01_TxBasic_08 as Com
15:38:24,517 [INFO] [PDUR : INFO ] Assigning owner module to Src Pdu of routing path PduR_CanMsg_Com2CanIf_CanNodeNum_01_TxBasic_09
15:38:24,517 [INFO] [PDUR : INFO ]  Setting the logical owner of bsw::PduRModule::PduRSrcPduCan_Com2PduR_CanNodeNum_01_TxBasic_09 as Com
15:38:24,517 [INFO] [PDUR : INFO ] Assigning owner module to Src Pdu of routing path PduR_CanMsg_Com2CanIf_CanNodeNum_01_TxBasic_10
15:38:24,517 [INFO] [PDUR : INFO ]  Setting the logical owner of bsw::PduRModule::PduRSrcPduCan_Com2PduR_CanNodeNum_01_TxBasic_10 as Com
15:38:24,517 [INFO] [PDUR : INFO ] Assigning owner module to Src Pdu of routing path PduR_CanMsg_Com2CanIf_CanNodeNum_01_TxBasic_11
15:38:24,517 [INFO] [PDUR : INFO ]  Setting the logical owner of bsw::PduRModule::PduRSrcPduCan_Com2PduR_CanNodeNum_01_TxBasic_11 as Com
15:38:24,518 [INFO] [PDUR : INFO ] Assigning owner module to Src Pdu of routing path PduR_CanMsg_Com2CanIf_CanNodeNum_01_TxBasic_12
15:38:24,518 [INFO] [PDUR : INFO ]  Setting the logical owner of bsw::PduRModule::PduRSrcPduCan_Com2PduR_CanNodeNum_01_TxBasic_12 as Com
15:38:24,518 [INFO] [PDUR : INFO ] Assigning owner module to Src Pdu of routing path PduR_CanMsg_Com2CanIf_CanNodeNum_01_TxBasic_13
15:38:24,518 [INFO] [PDUR : INFO ]  Setting the logical owner of bsw::PduRModule::PduRSrcPduCan_Com2PduR_CanNodeNum_01_TxBasic_13 as Com
15:38:24,518 [INFO] [PDUR : INFO ] Assigning owner module to Src Pdu of routing path PduR_CanMsg_Com2CanIf_CanNodeNum_01_TxBasic_14
15:38:24,518 [INFO] [PDUR : INFO ]  Setting the logical owner of bsw::PduRModule::PduRSrcPduCan_Com2PduR_CanNodeNum_01_TxBasic_14 as Com
15:38:24,518 [INFO] [PDUR : INFO ] Assigning owner module to Src Pdu of routing path PduR_CanMsg_Com2CanIf_CanNodeNum_01_TxBasic_15
15:38:24,518 [INFO] [PDUR : INFO ]  Setting the logical owner of bsw::PduRModule::PduRSrcPduCan_Com2PduR_CanNodeNum_01_TxBasic_15 as Com
15:38:24,518 [INFO] [PDUR : INFO ] Assigning owner module to Src Pdu of routing path PduR_CanMsg_Com2CanIf_CanNodeNum_01_TxBasic_16
15:38:24,518 [INFO] [PDUR : INFO ]  Setting the logical owner of bsw::PduRModule::PduRSrcPduCan_Com2PduR_CanNodeNum_01_TxBasic_16 as Com
15:38:24,518 [INFO] [PDUR : INFO ] Assigning owner module to Src Pdu of routing path PduR_CanMsg_Com2CanIf_CanNodeNum_01_TxBasic_17
15:38:24,518 [INFO] [PDUR : INFO ]  Setting the logical owner of bsw::PduRModule::PduRSrcPduCan_Com2PduR_CanNodeNum_01_TxBasic_17 as Com
15:38:24,518 [INFO] [PDUR : INFO ] Assigning owner module to Src Pdu of routing path PduR_CanMsg_Com2CanIf_CanNodeNum_01_TxBasic_18
15:38:24,518 [INFO] [PDUR : INFO ]  Setting the logical owner of bsw::PduRModule::PduRSrcPduCan_Com2PduR_CanNodeNum_01_TxBasic_18 as Com
15:38:24,518 [INFO] [PDUR : INFO ] Assigning owner module to Src Pdu of routing path PduR_CanMsg_Com2CanIf_CanNodeNum_01_TxBasic_19
15:38:24,519 [INFO] [PDUR : INFO ]  Setting the logical owner of bsw::PduRModule::PduRSrcPduCan_Com2PduR_CanNodeNum_01_TxBasic_19 as Com
15:38:24,519 [INFO] [PDUR : INFO ] Assigning owner module to Src Pdu of routing path PduR_CanMsg_Com2CanIf_CanNodeNum_01_TxBasic_20
15:38:24,519 [INFO] [PDUR : INFO ]  Setting the logical owner of bsw::PduRModule::PduRSrcPduCan_Com2PduR_CanNodeNum_01_TxBasic_20 as Com
15:38:24,519 [INFO] [PDUR : INFO ] Assigning owner module to Src Pdu of routing path PduR_CanMsg_Com2CanIf_CanNodeNum_01_Tx_01
15:38:24,519 [INFO] [PDUR : INFO ]  Setting the logical owner of bsw::PduRModule::PduRSrcPduCan_Com2PduR_CanNodeNum_01_Tx_01 as Com
15:38:24,519 [INFO] [PDUR : INFO ] Assigning owner module to Src Pdu of routing path PduR_CanMsg_Com2CanIf_CanNodeNum_01_Tx_02
15:38:24,519 [INFO] [PDUR : INFO ]  Setting the logical owner of bsw::PduRModule::PduRSrcPduCan_Com2PduR_CanNodeNum_01_Tx_02 as Com
15:38:24,519 [INFO] [PDUR : INFO ] Assigning owner module to Src Pdu of routing path PduR_CanMsg_Com2CanIf_CanNodeNum_01_Tx_03
15:38:24,519 [INFO] [PDUR : INFO ]  Setting the logical owner of bsw::PduRModule::PduRSrcPduCan_Com2PduR_CanNodeNum_01_Tx_03 as Com
15:38:24,519 [INFO] [PDUR : INFO ] Assigning owner module to Src Pdu of routing path PduR_CanMsg_Com2CanIf_CanNodeNum_01_Tx_04
15:38:24,519 [INFO] [PDUR : INFO ]  Setting the logical owner of bsw::PduRModule::PduRSrcPduCan_Com2PduR_CanNodeNum_01_Tx_04 as Com
15:38:24,519 [INFO] [PDUR : INFO ] Assigning owner module to Src Pdu of routing path PduR_CanMsg_Com2CanIf_CanNodeNum_01_Tx_05
15:38:24,519 [INFO] [PDUR : INFO ]  Setting the logical owner of bsw::PduRModule::PduRSrcPduCan_Com2PduR_CanNodeNum_01_Tx_05 as Com
15:38:24,519 [INFO] [PDUR : INFO ] Assigning owner module to Src Pdu of routing path PduR_CanMsg_Com2CanIf_CanNodeNum_01_Tx_06
15:38:24,519 [INFO] [PDUR : INFO ]  Setting the logical owner of bsw::PduRModule::PduRSrcPduCan_Com2PduR_CanNodeNum_01_Tx_06 as Com
15:38:24,520 [INFO] [PDUR : INFO ] Assigning owner module to Src Pdu of routing path PduR_CanMsg_Com2CanIf_CanNodeNum_01_Tx_07
15:38:24,520 [INFO] [PDUR : INFO ]  Setting the logical owner of bsw::PduRModule::PduRSrcPduCan_Com2PduR_CanNodeNum_01_Tx_07 as Com
15:38:24,520 [INFO] [PDUR : INFO ] Assigning owner module to Src Pdu of routing path PduR_CanMsg_Com2CanIf_CanNodeNum_01_Tx_08
15:38:24,520 [INFO] [PDUR : INFO ]  Setting the logical owner of bsw::PduRModule::PduRSrcPduCan_Com2PduR_CanNodeNum_01_Tx_08 as Com
15:38:24,520 [INFO] [PDUR : INFO ] Assigning owner module to Src Pdu of routing path PduR_CanMsg_Com2CanIf_CanNodeNum_01_Tx_09
15:38:24,520 [INFO] [PDUR : INFO ]  Setting the logical owner of bsw::PduRModule::PduRSrcPduCan_Com2PduR_CanNodeNum_01_Tx_09 as Com
15:38:24,520 [INFO] [PDUR : INFO ] Assigning owner module to Src Pdu of routing path PduR_CanMsg_Com2CanIf_CanNodeNum_01_Tx_10
15:38:24,520 [INFO] [PDUR : INFO ]  Setting the logical owner of bsw::PduRModule::PduRSrcPduCan_Com2PduR_CanNodeNum_01_Tx_10 as Com
15:38:24,520 [INFO] [PDUR : INFO ] Assigning owner module to Src Pdu of routing path PduR_CanMsg_Com2CanIf_CanNodeNum_01_Tx_11
15:38:24,520 [INFO] [PDUR : INFO ]  Setting the logical owner of bsw::PduRModule::PduRSrcPduCan_Com2PduR_CanNodeNum_01_Tx_11 as Com
15:38:24,520 [INFO] [PDUR : INFO ] Assigning owner module to Src Pdu of routing path PduR_CanMsg_Com2CanIf_CanNodeNum_01_Tx_12
15:38:24,520 [INFO] [PDUR : INFO ]  Setting the logical owner of bsw::PduRModule::PduRSrcPduCan_Com2PduR_CanNodeNum_01_Tx_12 as Com
15:38:24,520 [INFO] [PDUR : INFO ] Assigning owner module to Src Pdu of routing path PduR_CanMsg_Com2CanIf_CanNodeNum_01_Tx_13
15:38:24,520 [INFO] [PDUR : INFO ]  Setting the logical owner of bsw::PduRModule::PduRSrcPduCan_Com2PduR_CanNodeNum_01_Tx_13 as Com
15:38:24,520 [INFO] [PDUR : INFO ] Assigning owner module to Src Pdu of routing path PduR_CanMsg_Com2CanIf_CanNodeNum_01_Tx_14
15:38:24,520 [INFO] [PDUR : INFO ]  Setting the logical owner of bsw::PduRModule::PduRSrcPduCan_Com2PduR_CanNodeNum_01_Tx_14 as Com
15:38:24,521 [INFO] [PDUR : INFO ] Assigning owner module to Src Pdu of routing path PduR_CanMsg_Com2CanIf_CanNodeNum_01_Tx_15
15:38:24,521 [INFO] [PDUR : INFO ]  Setting the logical owner of bsw::PduRModule::PduRSrcPduCan_Com2PduR_CanNodeNum_01_Tx_15 as Com
15:38:24,521 [INFO] [PDUR : INFO ] Assigning owner module to Src Pdu of routing path PduR_CanMsg_Com2CanIf_CanNodeNum_01_Tx_16
15:38:24,521 [INFO] [PDUR : INFO ]  Setting the logical owner of bsw::PduRModule::PduRSrcPduCan_Com2PduR_CanNodeNum_01_Tx_16 as Com
15:38:24,521 [INFO] [PDUR : INFO ] Assigning owner module to Src Pdu of routing path PduR_CanMsg_Com2CanIf_CanNodeNum_01_Tx_17
15:38:24,521 [INFO] [PDUR : INFO ]  Setting the logical owner of bsw::PduRModule::PduRSrcPduCan_Com2PduR_CanNodeNum_01_Tx_17 as Com
15:38:24,521 [INFO] [PDUR : INFO ] Assigning owner module to Src Pdu of routing path PduR_CanMsg_Com2CanIf_CanNodeNum_01_Tx_18
15:38:24,521 [INFO] [PDUR : INFO ]  Setting the logical owner of bsw::PduRModule::PduRSrcPduCan_Com2PduR_CanNodeNum_01_Tx_18 as Com
15:38:24,521 [INFO] [PDUR : INFO ] Assigning owner module to Src Pdu of routing path PduR_CanMsg_Com2CanIf_CanNodeNum_01_Tx_19
15:38:24,521 [INFO] [PDUR : INFO ]  Setting the logical owner of bsw::PduRModule::PduRSrcPduCan_Com2PduR_CanNodeNum_01_Tx_19 as Com
15:38:24,521 [INFO] [PDUR : INFO ] Assigning owner module to Src Pdu of routing path PduR_CanMsg_Com2CanIf_CanNodeNum_01_Tx_20
15:38:24,521 [INFO] [PDUR : INFO ]  Setting the logical owner of bsw::PduRModule::PduRSrcPduCan_Com2PduR_CanNodeNum_01_Tx_20 as Com
15:38:24,521 [INFO] [PDUR : INFO ] Assigning owner module to Src Pdu of routing path PduR_CanMsg_Com2CanIf_CanNodeNum_01_Tx_21
15:38:24,521 [INFO] [PDUR : INFO ]  Setting the logical owner of bsw::PduRModule::PduRSrcPduCan_Com2PduR_CanNodeNum_01_Tx_21 as Com
15:38:24,521 [INFO] [PDUR : INFO ] Assigning owner module to Src Pdu of routing path PduR_CanMsg_Com2CanIf_CanNodeNum_01_Tx_22
15:38:24,521 [INFO] [PDUR : INFO ]  Setting the logical owner of bsw::PduRModule::PduRSrcPduCan_Com2PduR_CanNodeNum_01_Tx_22 as Com
15:38:24,521 [INFO] [PDUR : INFO ] Assigning owner module to Src Pdu of routing path PduR_CanMsg_Com2CanIf_CanNodeNum_01_Tx_23
15:38:24,522 [INFO] [PDUR : INFO ]  Setting the logical owner of bsw::PduRModule::PduRSrcPduCan_Com2PduR_CanNodeNum_01_Tx_23 as Com
15:38:24,522 [INFO] [PDUR : INFO ] Assigning owner module to Src Pdu of routing path PduR_CanMsg_Com2CanIf_CanNodeNum_01_Tx_24
15:38:24,522 [INFO] [PDUR : INFO ]  Setting the logical owner of bsw::PduRModule::PduRSrcPduCan_Com2PduR_CanNodeNum_01_Tx_24 as Com
15:38:24,522 [INFO] [PDUR : INFO ] Assigning owner module to Src Pdu of routing path PduR_CanMsg_Com2CanIf_CanNodeNum_01_Tx_25
15:38:24,522 [INFO] [PDUR : INFO ]  Setting the logical owner of bsw::PduRModule::PduRSrcPduCan_Com2PduR_CanNodeNum_01_Tx_25 as Com
15:38:24,522 [INFO] [PDUR : INFO ] Assigning owner module to Src Pdu of routing path PduR_CanMsg_Com2CanIf_CanNodeNum_01_Tx_25_00
15:38:24,522 [INFO] [PDUR : INFO ]  Setting the logical owner of bsw::PduRModule::PduRSrcPduCan_Com2PduR_CanNodeNum_01_Tx_25_00 as Com
15:38:24,522 [INFO] [PDUR : INFO ] Assigning owner module to Src Pdu of routing path PduR_CanMsg_Com2CanIf_CanNodeNum_01_Tx_25_01
15:38:24,522 [INFO] [PDUR : INFO ]  Setting the logical owner of bsw::PduRModule::PduRSrcPduCan_Com2PduR_CanNodeNum_01_Tx_25_01 as Com
15:38:24,522 [INFO] [PDUR : INFO ] Assigning owner module to Src Pdu of routing path PduR_CanMsg_Com2CanIf_CanNodeNum_01_Tx_26
15:38:24,522 [INFO] [PDUR : INFO ]  Setting the logical owner of bsw::PduRModule::PduRSrcPduCan_Com2PduR_CanNodeNum_01_Tx_26 as Com
15:38:24,522 [INFO] [PDUR : INFO ] Assigning owner module to Src Pdu of routing path PduR_CanMsg_CanIf2Com_CanNodeNum_02_Rx_01
15:38:24,522 [INFO] [PDUR : INFO ]  Setting the logical owner of bsw::PduRModule::PduRSrcPduCan_CanIf2PduR_CanNodeNum_02_Rx_01 as CanIf
15:38:24,522 [INFO] [PDUR : INFO ] Assigning owner module to Src Pdu of routing path PduR_CanMsg_CanIf2Com_CanNodeNum_02_Rx_02
15:38:24,522 [INFO] [PDUR : INFO ]  Setting the logical owner of bsw::PduRModule::PduRSrcPduCan_CanIf2PduR_CanNodeNum_02_Rx_02 as CanIf
15:38:24,523 [INFO] [PDUR : INFO ] Assigning owner module to Src Pdu of routing path PduR_CanMsg_CanIf2Com_CanNodeNum_02_Rx_03
15:38:24,523 [INFO] [PDUR : INFO ]  Setting the logical owner of bsw::PduRModule::PduRSrcPduCan_CanIf2PduR_CanNodeNum_02_Rx_03 as CanIf
15:38:24,523 [INFO] [PDUR : INFO ] Assigning owner module to Src Pdu of routing path PduR_CanMsg_CanIf2Com_CanNodeNum_02_Rx_04
15:38:24,523 [INFO] [PDUR : INFO ]  Setting the logical owner of bsw::PduRModule::PduRSrcPduCan_CanIf2PduR_CanNodeNum_02_Rx_04 as CanIf
15:38:24,523 [INFO] [PDUR : INFO ] Assigning owner module to Src Pdu of routing path PduR_CanMsg_CanIf2Com_CanNodeNum_02_Rx_05
15:38:24,523 [INFO] [PDUR : INFO ]  Setting the logical owner of bsw::PduRModule::PduRSrcPduCan_CanIf2PduR_CanNodeNum_02_Rx_05 as CanIf
15:38:24,523 [INFO] [PDUR : INFO ] Assigning owner module to Src Pdu of routing path PduR_CanMsg_CanIf2Com_CanNodeNum_02_Rx_06
15:38:24,523 [INFO] [PDUR : INFO ]  Setting the logical owner of bsw::PduRModule::PduRSrcPduCan_CanIf2PduR_CanNodeNum_02_Rx_06 as CanIf
15:38:24,523 [INFO] [PDUR : INFO ] Assigning owner module to Src Pdu of routing path PduR_CanMsg_CanIf2Com_CanNodeNum_02_Rx_07
15:38:24,523 [INFO] [PDUR : INFO ]  Setting the logical owner of bsw::PduRModule::PduRSrcPduCan_CanIf2PduR_CanNodeNum_02_Rx_07 as CanIf
15:38:24,523 [INFO] [PDUR : INFO ] Assigning owner module to Src Pdu of routing path PduR_CanMsg_CanIf2Com_CanNodeNum_02_Rx_08
15:38:24,523 [INFO] [PDUR : INFO ]  Setting the logical owner of bsw::PduRModule::PduRSrcPduCan_CanIf2PduR_CanNodeNum_02_Rx_08 as CanIf
15:38:24,523 [INFO] [PDUR : INFO ] Assigning owner module to Src Pdu of routing path PduR_CanMsg_CanIf2Com_CanNodeNum_02_Rx_09
15:38:24,523 [INFO] [PDUR : INFO ]  Setting the logical owner of bsw::PduRModule::PduRSrcPduCan_CanIf2PduR_CanNodeNum_02_Rx_09 as CanIf
15:38:24,523 [INFO] [PDUR : INFO ] Assigning owner module to Src Pdu of routing path PduR_CanMsg_CanIf2Com_CanNodeNum_02_Rx_10
15:38:24,523 [INFO] [PDUR : INFO ]  Setting the logical owner of bsw::PduRModule::PduRSrcPduCan_CanIf2PduR_CanNodeNum_02_Rx_10 as CanIf
15:38:24,524 [INFO] [PDUR : INFO ] Assigning owner module to Src Pdu of routing path PduR_CanMsg_CanIf2Com_CanNodeNum_02_Rx_11
15:38:24,524 [INFO] [PDUR : INFO ]  Setting the logical owner of bsw::PduRModule::PduRSrcPduCan_CanIf2PduR_CanNodeNum_02_Rx_11 as CanIf
15:38:24,524 [INFO] [PDUR : INFO ] Assigning owner module to Src Pdu of routing path PduR_CanMsg_CanIf2Com_CanNodeNum_02_Rx_12
15:38:24,524 [INFO] [PDUR : INFO ]  Setting the logical owner of bsw::PduRModule::PduRSrcPduCan_CanIf2PduR_CanNodeNum_02_Rx_12 as CanIf
15:38:24,524 [INFO] [PDUR : INFO ] Assigning owner module to Src Pdu of routing path PduR_CanMsg_CanIf2Com_CanNodeNum_02_Rx_13
15:38:24,524 [INFO] [PDUR : INFO ]  Setting the logical owner of bsw::PduRModule::PduRSrcPduCan_CanIf2PduR_CanNodeNum_02_Rx_13 as CanIf
15:38:24,524 [INFO] [PDUR : INFO ] Assigning owner module to Src Pdu of routing path PduR_CanMsg_CanIf2Com_CanNodeNum_02_Rx_14
15:38:24,524 [INFO] [PDUR : INFO ]  Setting the logical owner of bsw::PduRModule::PduRSrcPduCan_CanIf2PduR_CanNodeNum_02_Rx_14 as CanIf
15:38:24,524 [INFO] [PDUR : INFO ] Assigning owner module to Src Pdu of routing path PduR_CanMsg_CanIf2Com_CanNodeNum_02_Rx_15
15:38:24,524 [INFO] [PDUR : INFO ]  Setting the logical owner of bsw::PduRModule::PduRSrcPduCan_CanIf2PduR_CanNodeNum_02_Rx_15 as CanIf
15:38:24,524 [INFO] [PDUR : INFO ] Assigning owner module to Src Pdu of routing path PduR_CanMsg_CanIf2Com_CanNodeNum_02_Rx_16
15:38:24,524 [INFO] [PDUR : INFO ]  Setting the logical owner of bsw::PduRModule::PduRSrcPduCan_CanIf2PduR_CanNodeNum_02_Rx_16 as CanIf
15:38:24,524 [INFO] [PDUR : INFO ] Assigning owner module to Src Pdu of routing path PduR_CanMsg_CanIf2Com_CanNodeNum_02_Rx_17
15:38:24,524 [INFO] [PDUR : INFO ]  Setting the logical owner of bsw::PduRModule::PduRSrcPduCan_CanIf2PduR_CanNodeNum_02_Rx_17 as CanIf
15:38:24,524 [INFO] [PDUR : INFO ] Assigning owner module to Src Pdu of routing path PduR_CanMsg_CanIf2Com_CanNodeNum_02_Rx_18
15:38:24,524 [INFO] [PDUR : INFO ]  Setting the logical owner of bsw::PduRModule::PduRSrcPduCan_CanIf2PduR_CanNodeNum_02_Rx_18 as CanIf
15:38:24,525 [INFO] [PDUR : INFO ] Assigning owner module to Src Pdu of routing path PduR_CanMsg_CanIf2Com_CanNodeNum_02_Rx_19
15:38:24,525 [INFO] [PDUR : INFO ]  Setting the logical owner of bsw::PduRModule::PduRSrcPduCan_CanIf2PduR_CanNodeNum_02_Rx_19 as CanIf
15:38:24,525 [INFO] [PDUR : INFO ] Assigning owner module to Src Pdu of routing path PduR_CanMsg_CanIf2Com_CanNodeNum_02_Rx_20
15:38:24,525 [INFO] [PDUR : INFO ]  Setting the logical owner of bsw::PduRModule::PduRSrcPduCan_CanIf2PduR_CanNodeNum_02_Rx_20 as CanIf
15:38:24,525 [INFO] [PDUR : INFO ] Assigning owner module to Src Pdu of routing path PduR_CanMsg_CanIf2Com_CanNodeNum_02_Rx_21
15:38:24,525 [INFO] [PDUR : INFO ]  Setting the logical owner of bsw::PduRModule::PduRSrcPduCan_CanIf2PduR_CanNodeNum_02_Rx_21 as CanIf
15:38:24,525 [INFO] [PDUR : INFO ] Assigning owner module to Src Pdu of routing path PduR_CanMsg_CanIf2Com_CanNodeNum_02_Rx_22
15:38:24,525 [INFO] [PDUR : INFO ]  Setting the logical owner of bsw::PduRModule::PduRSrcPduCan_CanIf2PduR_CanNodeNum_02_Rx_22 as CanIf
15:38:24,525 [INFO] [PDUR : INFO ] Assigning owner module to Src Pdu of routing path PduR_CanMsg_CanIf2Com_CanNodeNum_02_Rx_23
15:38:24,525 [INFO] [PDUR : INFO ]  Setting the logical owner of bsw::PduRModule::PduRSrcPduCan_CanIf2PduR_CanNodeNum_02_Rx_23 as CanIf
15:38:24,525 [INFO] [PDUR : INFO ] Assigning owner module to Src Pdu of routing path PduR_CanMsg_CanIf2Com_CanNodeNum_02_Rx_24
15:38:24,525 [INFO] [PDUR : INFO ]  Setting the logical owner of bsw::PduRModule::PduRSrcPduCan_CanIf2PduR_CanNodeNum_02_Rx_24 as CanIf
15:38:24,525 [INFO] [PDUR : INFO ] Assigning owner module to Src Pdu of routing path PduR_CanMsg_CanIf2Com_CanNodeNum_02_Rx_25
15:38:24,525 [INFO] [PDUR : INFO ]  Setting the logical owner of bsw::PduRModule::PduRSrcPduCan_CanIf2PduR_CanNodeNum_02_Rx_25 as CanIf
15:38:24,525 [INFO] [PDUR : INFO ] Assigning owner module to Src Pdu of routing path PduR_CanMsg_CanIf2Com_CanNodeNum_02_Rx_26
15:38:24,525 [INFO] [PDUR : INFO ]  Setting the logical owner of bsw::PduRModule::PduRSrcPduCan_CanIf2PduR_CanNodeNum_02_Rx_26 as CanIf
15:38:24,526 [INFO] [PDUR : INFO ] Assigning owner module to Src Pdu of routing path PduR_CanMsg_CanIf2Com_CanNodeNum_02_Rx_27
15:38:24,526 [INFO] [PDUR : INFO ]  Setting the logical owner of bsw::PduRModule::PduRSrcPduCan_CanIf2PduR_CanNodeNum_02_Rx_27 as CanIf
15:38:24,526 [INFO] [PDUR : INFO ] Assigning owner module to Src Pdu of routing path PduR_CanMsg_CanIf2Com_CanNodeNum_02_Rx_28
15:38:24,526 [INFO] [PDUR : INFO ]  Setting the logical owner of bsw::PduRModule::PduRSrcPduCan_CanIf2PduR_CanNodeNum_02_Rx_28 as CanIf
15:38:24,526 [INFO] [PDUR : INFO ] Assigning owner module to Src Pdu of routing path PduR_CanMsg_CanIf2Com_CanNodeNum_02_Rx_29
15:38:24,526 [INFO] [PDUR : INFO ]  Setting the logical owner of bsw::PduRModule::PduRSrcPduCan_CanIf2PduR_CanNodeNum_02_Rx_29 as CanIf
15:38:24,526 [INFO] [PDUR : INFO ] Assigning owner module to Src Pdu of routing path PduR_CanMsg_CanIf2Com_CanNodeNum_02_Rx_30
15:38:24,526 [INFO] [PDUR : INFO ]  Setting the logical owner of bsw::PduRModule::PduRSrcPduCan_CanIf2PduR_CanNodeNum_02_Rx_30 as CanIf
15:38:24,526 [INFO] [PDUR : INFO ] Assigning owner module to Src Pdu of routing path PduR_CanMsg_CanIf2Com_CanNodeNum_02_Rx_31
15:38:24,526 [INFO] [PDUR : INFO ]  Setting the logical owner of bsw::PduRModule::PduRSrcPduCan_CanIf2PduR_CanNodeNum_02_Rx_31 as CanIf
15:38:24,526 [INFO] [PDUR : INFO ] Assigning owner module to Src Pdu of routing path PduR_CanMsg_CanIf2Com_CanNodeNum_02_Rx_32
15:38:24,526 [INFO] [PDUR : INFO ]  Setting the logical owner of bsw::PduRModule::PduRSrcPduCan_CanIf2PduR_CanNodeNum_02_Rx_32 as CanIf
15:38:24,526 [INFO] [PDUR : INFO ] Assigning owner module to Src Pdu of routing path PduR_CanMsg_CanIf2Com_CanNodeNum_02_Rx_33
15:38:24,526 [INFO] [PDUR : INFO ]  Setting the logical owner of bsw::PduRModule::PduRSrcPduCan_CanIf2PduR_CanNodeNum_02_Rx_33 as CanIf
15:38:24,526 [INFO] [PDUR : INFO ] Assigning owner module to Src Pdu of routing path PduR_CanMsg_CanIf2Com_CanNodeNum_02_Rx_34
15:38:24,526 [INFO] [PDUR : INFO ]  Setting the logical owner of bsw::PduRModule::PduRSrcPduCan_CanIf2PduR_CanNodeNum_02_Rx_34 as CanIf
15:38:24,527 [INFO] [PDUR : INFO ] Assigning owner module to Src Pdu of routing path PduR_CanMsg_CanIf2Com_CanNodeNum_02_Rx_35
15:38:24,527 [INFO] [PDUR : INFO ]  Setting the logical owner of bsw::PduRModule::PduRSrcPduCan_CanIf2PduR_CanNodeNum_02_Rx_35 as CanIf
15:38:24,527 [INFO] [PDUR : INFO ] Assigning owner module to Src Pdu of routing path PduR_CanMsg_CanIf2Com_CanNodeNum_02_Rx_36
15:38:24,527 [INFO] [PDUR : INFO ]  Setting the logical owner of bsw::PduRModule::PduRSrcPduCan_CanIf2PduR_CanNodeNum_02_Rx_36 as CanIf
15:38:24,527 [INFO] [PDUR : INFO ] Assigning owner module to Src Pdu of routing path PduR_CanMsg_CanIf2Com_CanNodeNum_02_Rx_37
15:38:24,527 [INFO] [PDUR : INFO ]  Setting the logical owner of bsw::PduRModule::PduRSrcPduCan_CanIf2PduR_CanNodeNum_02_Rx_37 as CanIf
15:38:24,527 [INFO] [PDUR : INFO ] Assigning owner module to Src Pdu of routing path PduR_CanMsg_CanIf2Com_CanNodeNum_02_Rx_38
15:38:24,527 [INFO] [PDUR : INFO ]  Setting the logical owner of bsw::PduRModule::PduRSrcPduCan_CanIf2PduR_CanNodeNum_02_Rx_38 as CanIf
15:38:24,527 [INFO] [PDUR : INFO ] Assigning owner module to Src Pdu of routing path PduR_CanMsg_CanIf2Com_CanNodeNum_02_Rx_39
15:38:24,527 [INFO] [PDUR : INFO ]  Setting the logical owner of bsw::PduRModule::PduRSrcPduCan_CanIf2PduR_CanNodeNum_02_Rx_39 as CanIf
15:38:24,527 [INFO] [PDUR : INFO ] Assigning owner module to Src Pdu of routing path PduR_CanMsg_CanIf2Com_CanNodeNum_02_Rx_40
15:38:24,527 [INFO] [PDUR : INFO ]  Setting the logical owner of bsw::PduRModule::PduRSrcPduCan_CanIf2PduR_CanNodeNum_02_Rx_40 as CanIf
15:38:24,527 [INFO] [PDUR : INFO ] Assigning owner module to Src Pdu of routing path PduR_CanMsg_Com2CanIf_CanNodeNum_02_TxBasic_01
15:38:24,527 [INFO] [PDUR : INFO ]  Setting the logical owner of bsw::PduRModule::PduRSrcPduCan_Com2PduR_CanNodeNum_02_TxBasic_01 as Com
15:38:24,527 [INFO] [PDUR : INFO ] Assigning owner module to Src Pdu of routing path PduR_CanMsg_Com2CanIf_CanNodeNum_02_TxBasic_02
15:38:24,527 [INFO] [PDUR : INFO ]  Setting the logical owner of bsw::PduRModule::PduRSrcPduCan_Com2PduR_CanNodeNum_02_TxBasic_02 as Com
15:38:24,528 [INFO] [PDUR : INFO ] Assigning owner module to Src Pdu of routing path PduR_CanMsg_Com2CanIf_CanNodeNum_02_TxBasic_03
15:38:24,528 [INFO] [PDUR : INFO ]  Setting the logical owner of bsw::PduRModule::PduRSrcPduCan_Com2PduR_CanNodeNum_02_TxBasic_03 as Com
15:38:24,528 [INFO] [PDUR : INFO ] Assigning owner module to Src Pdu of routing path PduR_CanMsg_Com2CanIf_CanNodeNum_02_TxBasic_04
15:38:24,528 [INFO] [PDUR : INFO ]  Setting the logical owner of bsw::PduRModule::PduRSrcPduCan_Com2PduR_CanNodeNum_02_TxBasic_04 as Com
15:38:24,528 [INFO] [PDUR : INFO ] Assigning owner module to Src Pdu of routing path PduR_CanMsg_Com2CanIf_CanNodeNum_02_TxBasic_05
15:38:24,528 [INFO] [PDUR : INFO ]  Setting the logical owner of bsw::PduRModule::PduRSrcPduCan_Com2PduR_CanNodeNum_02_TxBasic_05 as Com
15:38:24,528 [INFO] [PDUR : INFO ] Assigning owner module to Src Pdu of routing path PduR_CanMsg_Com2CanIf_CanNodeNum_02_TxBasic_06
15:38:24,528 [INFO] [PDUR : INFO ]  Setting the logical owner of bsw::PduRModule::PduRSrcPduCan_Com2PduR_CanNodeNum_02_TxBasic_06 as Com
15:38:24,528 [INFO] [PDUR : INFO ] Assigning owner module to Src Pdu of routing path PduR_CanMsg_Com2CanIf_CanNodeNum_02_TxBasic_07
15:38:24,528 [INFO] [PDUR : INFO ]  Setting the logical owner of bsw::PduRModule::PduRSrcPduCan_Com2PduR_CanNodeNum_02_TxBasic_07 as Com
15:38:24,528 [INFO] [PDUR : INFO ] Assigning owner module to Src Pdu of routing path PduR_CanMsg_Com2CanIf_CanNodeNum_02_TxBasic_08
15:38:24,528 [INFO] [PDUR : INFO ]  Setting the logical owner of bsw::PduRModule::PduRSrcPduCan_Com2PduR_CanNodeNum_02_TxBasic_08 as Com
15:38:24,528 [INFO] [PDUR : INFO ] Assigning owner module to Src Pdu of routing path PduR_CanMsg_Com2CanIf_CanNodeNum_02_TxBasic_09
15:38:24,528 [INFO] [PDUR : INFO ]  Setting the logical owner of bsw::PduRModule::PduRSrcPduCan_Com2PduR_CanNodeNum_02_TxBasic_09 as Com
15:38:24,528 [INFO] [PDUR : INFO ] Assigning owner module to Src Pdu of routing path PduR_CanMsg_Com2CanIf_CanNodeNum_02_TxBasic_10
15:38:24,528 [INFO] [PDUR : INFO ]  Setting the logical owner of bsw::PduRModule::PduRSrcPduCan_Com2PduR_CanNodeNum_02_TxBasic_10 as Com
15:38:24,529 [INFO] [PDUR : INFO ] Assigning owner module to Src Pdu of routing path PduR_CanMsg_Com2CanIf_CanNodeNum_02_TxBasic_11
15:38:24,529 [INFO] [PDUR : INFO ]  Setting the logical owner of bsw::PduRModule::PduRSrcPduCan_Com2PduR_CanNodeNum_02_TxBasic_11 as Com
15:38:24,529 [INFO] [PDUR : INFO ] Assigning owner module to Src Pdu of routing path PduR_CanMsg_Com2CanIf_CanNodeNum_02_TxBasic_12
15:38:24,529 [INFO] [PDUR : INFO ]  Setting the logical owner of bsw::PduRModule::PduRSrcPduCan_Com2PduR_CanNodeNum_02_TxBasic_12 as Com
15:38:24,529 [INFO] [PDUR : INFO ] Assigning owner module to Src Pdu of routing path PduR_CanMsg_Com2CanIf_CanNodeNum_02_TxBasic_13
15:38:24,529 [INFO] [PDUR : INFO ]  Setting the logical owner of bsw::PduRModule::PduRSrcPduCan_Com2PduR_CanNodeNum_02_TxBasic_13 as Com
15:38:24,529 [INFO] [PDUR : INFO ] Assigning owner module to Src Pdu of routing path PduR_CanMsg_Com2CanIf_CanNodeNum_02_TxBasic_14
15:38:24,529 [INFO] [PDUR : INFO ]  Setting the logical owner of bsw::PduRModule::PduRSrcPduCan_Com2PduR_CanNodeNum_02_TxBasic_14 as Com
15:38:24,529 [INFO] [PDUR : INFO ] Assigning owner module to Src Pdu of routing path PduR_CanMsg_Com2CanIf_CanNodeNum_02_TxBasic_15
15:38:24,529 [INFO] [PDUR : INFO ]  Setting the logical owner of bsw::PduRModule::PduRSrcPduCan_Com2PduR_CanNodeNum_02_TxBasic_15 as Com
15:38:24,529 [INFO] [PDUR : INFO ] Assigning owner module to Src Pdu of routing path PduR_CanMsg_Com2CanIf_CanNodeNum_02_TxBasic_16
15:38:24,529 [INFO] [PDUR : INFO ]  Setting the logical owner of bsw::PduRModule::PduRSrcPduCan_Com2PduR_CanNodeNum_02_TxBasic_16 as Com
15:38:24,529 [INFO] [PDUR : INFO ] Assigning owner module to Src Pdu of routing path PduR_CanMsg_Com2CanIf_CanNodeNum_02_TxBasic_17
15:38:24,529 [INFO] [PDUR : INFO ]  Setting the logical owner of bsw::PduRModule::PduRSrcPduCan_Com2PduR_CanNodeNum_02_TxBasic_17 as Com
15:38:24,529 [INFO] [PDUR : INFO ] Assigning owner module to Src Pdu of routing path PduR_CanMsg_Com2CanIf_CanNodeNum_02_TxBasic_18
15:38:24,529 [INFO] [PDUR : INFO ]  Setting the logical owner of bsw::PduRModule::PduRSrcPduCan_Com2PduR_CanNodeNum_02_TxBasic_18 as Com
15:38:24,529 [INFO] [PDUR : INFO ] Assigning owner module to Src Pdu of routing path PduR_CanMsg_Com2CanIf_CanNodeNum_02_TxBasic_19
15:38:24,529 [INFO] [PDUR : INFO ]  Setting the logical owner of bsw::PduRModule::PduRSrcPduCan_Com2PduR_CanNodeNum_02_TxBasic_19 as Com
15:38:24,529 [INFO] [PDUR : INFO ] Assigning owner module to Src Pdu of routing path PduR_CanMsg_Com2CanIf_CanNodeNum_02_TxBasic_20
15:38:24,529 [INFO] [PDUR : INFO ]  Setting the logical owner of bsw::PduRModule::PduRSrcPduCan_Com2PduR_CanNodeNum_02_TxBasic_20 as Com
15:38:24,529 [INFO] [PDUR : INFO ] Assigning owner module to Src Pdu of routing path PduR_CanMsg_Com2CanIf_CanNodeNum_02_Tx_01
15:38:24,529 [INFO] [PDUR : INFO ]  Setting the logical owner of bsw::PduRModule::PduRSrcPduCan_Com2PduR_CanNodeNum_02_Tx_01 as Com
15:38:24,529 [INFO] [PDUR : INFO ] Assigning owner module to Src Pdu of routing path PduR_CanMsg_Com2CanIf_CanNodeNum_02_Tx_02
15:38:24,529 [INFO] [PDUR : INFO ]  Setting the logical owner of bsw::PduRModule::PduRSrcPduCan_Com2PduR_CanNodeNum_02_Tx_02 as Com
15:38:24,530 [INFO] [PDUR : INFO ] Assigning owner module to Src Pdu of routing path PduR_CanMsg_Com2CanIf_CanNodeNum_02_Tx_03
15:38:24,530 [INFO] [PDUR : INFO ]  Setting the logical owner of bsw::PduRModule::PduRSrcPduCan_Com2PduR_CanNodeNum_02_Tx_03 as Com
15:38:24,530 [INFO] [PDUR : INFO ] Assigning owner module to Src Pdu of routing path PduR_CanMsg_Com2CanIf_CanNodeNum_02_Tx_04
15:38:24,530 [INFO] [PDUR : INFO ]  Setting the logical owner of bsw::PduRModule::PduRSrcPduCan_Com2PduR_CanNodeNum_02_Tx_04 as Com
15:38:24,530 [INFO] [PDUR : INFO ] Assigning owner module to Src Pdu of routing path PduR_CanMsg_Com2CanIf_CanNodeNum_02_Tx_05
15:38:24,530 [INFO] [PDUR : INFO ]  Setting the logical owner of bsw::PduRModule::PduRSrcPduCan_Com2PduR_CanNodeNum_02_Tx_05 as Com
15:38:24,530 [INFO] [PDUR : INFO ] Assigning owner module to Src Pdu of routing path PduR_CanMsg_Com2CanIf_CanNodeNum_02_Tx_06
15:38:24,530 [INFO] [PDUR : INFO ]  Setting the logical owner of bsw::PduRModule::PduRSrcPduCan_Com2PduR_CanNodeNum_02_Tx_06 as Com
15:38:24,530 [INFO] [PDUR : INFO ] Assigning owner module to Src Pdu of routing path PduR_CanMsg_Com2CanIf_CanNodeNum_02_Tx_07
15:38:24,530 [INFO] [PDUR : INFO ]  Setting the logical owner of bsw::PduRModule::PduRSrcPduCan_Com2PduR_CanNodeNum_02_Tx_07 as Com
15:38:24,530 [INFO] [PDUR : INFO ] Assigning owner module to Src Pdu of routing path PduR_CanMsg_Com2CanIf_CanNodeNum_02_Tx_08
15:38:24,530 [INFO] [PDUR : INFO ]  Setting the logical owner of bsw::PduRModule::PduRSrcPduCan_Com2PduR_CanNodeNum_02_Tx_08 as Com
15:38:24,530 [INFO] [PDUR : INFO ] Assigning owner module to Src Pdu of routing path PduR_CanMsg_Com2CanIf_CanNodeNum_02_Tx_09
15:38:24,530 [INFO] [PDUR : INFO ]  Setting the logical owner of bsw::PduRModule::PduRSrcPduCan_Com2PduR_CanNodeNum_02_Tx_09 as Com
15:38:24,530 [INFO] [PDUR : INFO ] Assigning owner module to Src Pdu of routing path PduR_CanMsg_Com2CanIf_CanNodeNum_02_Tx_10
15:38:24,530 [INFO] [PDUR : INFO ]  Setting the logical owner of bsw::PduRModule::PduRSrcPduCan_Com2PduR_CanNodeNum_02_Tx_10 as Com
15:38:24,531 [INFO] [PDUR : INFO ] Assigning owner module to Src Pdu of routing path PduR_CanMsg_Com2CanIf_CanNodeNum_02_Tx_11
15:38:24,531 [INFO] [PDUR : INFO ]  Setting the logical owner of bsw::PduRModule::PduRSrcPduCan_Com2PduR_CanNodeNum_02_Tx_11 as Com
15:38:24,531 [INFO] [PDUR : INFO ] Assigning owner module to Src Pdu of routing path PduR_CanMsg_Com2CanIf_CanNodeNum_02_Tx_12
15:38:24,531 [INFO] [PDUR : INFO ]  Setting the logical owner of bsw::PduRModule::PduRSrcPduCan_Com2PduR_CanNodeNum_02_Tx_12 as Com
15:38:24,531 [INFO] [PDUR : INFO ] Assigning owner module to Src Pdu of routing path PduR_CanMsg_Com2CanIf_CanNodeNum_02_Tx_13
15:38:24,531 [INFO] [PDUR : INFO ]  Setting the logical owner of bsw::PduRModule::PduRSrcPduCan_Com2PduR_CanNodeNum_02_Tx_13 as Com
15:38:24,531 [INFO] [PDUR : INFO ] Assigning owner module to Src Pdu of routing path PduR_CanMsg_Com2CanIf_CanNodeNum_02_Tx_14
15:38:24,531 [INFO] [PDUR : INFO ]  Setting the logical owner of bsw::PduRModule::PduRSrcPduCan_Com2PduR_CanNodeNum_02_Tx_14 as Com
15:38:24,531 [INFO] [PDUR : INFO ] Assigning owner module to Src Pdu of routing path PduR_CanMsg_Com2CanIf_CanNodeNum_02_Tx_15
15:38:24,531 [INFO] [PDUR : INFO ]  Setting the logical owner of bsw::PduRModule::PduRSrcPduCan_Com2PduR_CanNodeNum_02_Tx_15 as Com
15:38:24,531 [INFO] [PDUR : INFO ] Assigning owner module to Src Pdu of routing path PduR_CanMsg_Com2CanIf_CanNodeNum_02_Tx_16
15:38:24,531 [INFO] [PDUR : INFO ]  Setting the logical owner of bsw::PduRModule::PduRSrcPduCan_Com2PduR_CanNodeNum_02_Tx_16 as Com
15:38:24,531 [INFO] [PDUR : INFO ] Assigning owner module to Src Pdu of routing path PduR_CanMsg_Com2CanIf_CanNodeNum_02_Tx_17
15:38:24,531 [INFO] [PDUR : INFO ]  Setting the logical owner of bsw::PduRModule::PduRSrcPduCan_Com2PduR_CanNodeNum_02_Tx_17 as Com
15:38:24,531 [INFO] [PDUR : INFO ] Assigning owner module to Src Pdu of routing path PduR_CanMsg_Com2CanIf_CanNodeNum_02_Tx_18
15:38:24,531 [INFO] [PDUR : INFO ]  Setting the logical owner of bsw::PduRModule::PduRSrcPduCan_Com2PduR_CanNodeNum_02_Tx_18 as Com
15:38:24,532 [INFO] [PDUR : INFO ] Assigning owner module to Src Pdu of routing path PduR_CanMsg_Com2CanIf_CanNodeNum_02_Tx_19
15:38:24,532 [INFO] [PDUR : INFO ]  Setting the logical owner of bsw::PduRModule::PduRSrcPduCan_Com2PduR_CanNodeNum_02_Tx_19 as Com
15:38:24,532 [INFO] [PDUR : INFO ] Assigning owner module to Src Pdu of routing path PduR_CanMsg_Com2CanIf_CanNodeNum_02_Tx_20
15:38:24,532 [INFO] [PDUR : INFO ]  Setting the logical owner of bsw::PduRModule::PduRSrcPduCan_Com2PduR_CanNodeNum_02_Tx_20 as Com
15:38:24,532 [INFO] [PDUR : INFO ] Assigning owner module to Src Pdu of routing path PduR_CanMsg_Com2CanIf_CanNodeNum_02_Tx_21
15:38:24,532 [INFO] [PDUR : INFO ]  Setting the logical owner of bsw::PduRModule::PduRSrcPduCan_Com2PduR_CanNodeNum_02_Tx_21 as Com
15:38:24,532 [INFO] [PDUR : INFO ] Assigning owner module to Src Pdu of routing path PduR_CanMsg_Com2CanIf_CanNodeNum_02_Tx_22
15:38:24,532 [INFO] [PDUR : INFO ]  Setting the logical owner of bsw::PduRModule::PduRSrcPduCan_Com2PduR_CanNodeNum_02_Tx_22 as Com
15:38:24,532 [INFO] [PDUR : INFO ] Assigning owner module to Src Pdu of routing path PduR_CanMsg_Com2CanIf_CanNodeNum_02_Tx_23
15:38:24,532 [INFO] [PDUR : INFO ]  Setting the logical owner of bsw::PduRModule::PduRSrcPduCan_Com2PduR_CanNodeNum_02_Tx_23 as Com
15:38:24,532 [INFO] [PDUR : INFO ] Assigning owner module to Src Pdu of routing path PduR_CanMsg_Com2CanIf_CanNodeNum_02_Tx_24
15:38:24,532 [INFO] [PDUR : INFO ]  Setting the logical owner of bsw::PduRModule::PduRSrcPduCan_Com2PduR_CanNodeNum_02_Tx_24 as Com
15:38:24,532 [INFO] [PDUR : INFO ] Assigning owner module to Src Pdu of routing path PduR_CanMsg_Com2CanIf_CanNodeNum_02_Tx_25
15:38:24,532 [INFO] [PDUR : INFO ]  Setting the logical owner of bsw::PduRModule::PduRSrcPduCan_Com2PduR_CanNodeNum_02_Tx_25 as Com
15:38:24,532 [INFO] [PDUR : INFO ] Assigning owner module to Src Pdu of routing path PduR_CanMsg_Com2CanIf_CanNodeNum_02_Tx_26
15:38:24,532 [INFO] [PDUR : INFO ]  Setting the logical owner of bsw::PduRModule::PduRSrcPduCan_Com2PduR_CanNodeNum_02_Tx_26 as Com
15:38:24,532 [INFO] [PDUR : INFO ] Assigning owner module to Src Pdu of routing path PduR_CanMsg_CanIf2Com_CanNodeNum_03_Rx_01
15:38:24,533 [INFO] [PDUR : INFO ]  Setting the logical owner of bsw::PduRModule::PduRSrcPduCan_CanIf2PduR_CanNodeNum_03_Rx_01 as CanIf
15:38:24,533 [INFO] [PDUR : INFO ] Assigning owner module to Src Pdu of routing path PduR_CanMsg_CanIf2Com_CanNodeNum_03_Rx_02
15:38:24,533 [INFO] [PDUR : INFO ]  Setting the logical owner of bsw::PduRModule::PduRSrcPduCan_CanIf2PduR_CanNodeNum_03_Rx_02 as CanIf
15:38:24,533 [INFO] [PDUR : INFO ] Assigning owner module to Src Pdu of routing path PduR_CanMsg_CanIf2Com_CanNodeNum_03_Rx_03
15:38:24,533 [INFO] [PDUR : INFO ]  Setting the logical owner of bsw::PduRModule::PduRSrcPduCan_CanIf2PduR_CanNodeNum_03_Rx_03 as CanIf
15:38:24,533 [INFO] [PDUR : INFO ] Assigning owner module to Src Pdu of routing path PduR_CanMsg_CanIf2Com_CanNodeNum_03_Rx_04
15:38:24,533 [INFO] [PDUR : INFO ]  Setting the logical owner of bsw::PduRModule::PduRSrcPduCan_CanIf2PduR_CanNodeNum_03_Rx_04 as CanIf
15:38:24,533 [INFO] [PDUR : INFO ] Assigning owner module to Src Pdu of routing path PduR_CanMsg_CanIf2Com_CanNodeNum_03_Rx_05
15:38:24,533 [INFO] [PDUR : INFO ]  Setting the logical owner of bsw::PduRModule::PduRSrcPduCan_CanIf2PduR_CanNodeNum_03_Rx_05 as CanIf
15:38:24,533 [INFO] [PDUR : INFO ] Assigning owner module to Src Pdu of routing path PduR_CanMsg_CanIf2Com_CanNodeNum_03_Rx_06
15:38:24,533 [INFO] [PDUR : INFO ]  Setting the logical owner of bsw::PduRModule::PduRSrcPduCan_CanIf2PduR_CanNodeNum_03_Rx_06 as CanIf
15:38:24,533 [INFO] [PDUR : INFO ] Assigning owner module to Src Pdu of routing path PduR_CanMsg_CanIf2Com_CanNodeNum_03_Rx_07
15:38:24,533 [INFO] [PDUR : INFO ]  Setting the logical owner of bsw::PduRModule::PduRSrcPduCan_CanIf2PduR_CanNodeNum_03_Rx_07 as CanIf
15:38:24,533 [INFO] [PDUR : INFO ] Assigning owner module to Src Pdu of routing path PduR_CanMsg_CanIf2Com_CanNodeNum_03_Rx_08
15:38:24,533 [INFO] [PDUR : INFO ]  Setting the logical owner of bsw::PduRModule::PduRSrcPduCan_CanIf2PduR_CanNodeNum_03_Rx_08 as CanIf
15:38:24,534 [INFO] [PDUR : INFO ] Assigning owner module to Src Pdu of routing path PduR_CanMsg_CanIf2Com_CanNodeNum_03_Rx_09
15:38:24,534 [INFO] [PDUR : INFO ]  Setting the logical owner of bsw::PduRModule::PduRSrcPduCan_CanIf2PduR_CanNodeNum_03_Rx_09 as CanIf
15:38:24,534 [INFO] [PDUR : INFO ] Assigning owner module to Src Pdu of routing path PduR_CanMsg_CanIf2Com_CanNodeNum_03_Rx_10
15:38:24,534 [INFO] [PDUR : INFO ]  Setting the logical owner of bsw::PduRModule::PduRSrcPduCan_CanIf2PduR_CanNodeNum_03_Rx_10 as CanIf
15:38:24,534 [INFO] [PDUR : INFO ] Assigning owner module to Src Pdu of routing path PduR_CanMsg_CanIf2Com_CanNodeNum_03_Rx_11
15:38:24,534 [INFO] [PDUR : INFO ]  Setting the logical owner of bsw::PduRModule::PduRSrcPduCan_CanIf2PduR_CanNodeNum_03_Rx_11 as CanIf
15:38:24,534 [INFO] [PDUR : INFO ] Assigning owner module to Src Pdu of routing path PduR_CanMsg_CanIf2Com_CanNodeNum_03_Rx_12
15:38:24,534 [INFO] [PDUR : INFO ]  Setting the logical owner of bsw::PduRModule::PduRSrcPduCan_CanIf2PduR_CanNodeNum_03_Rx_12 as CanIf
15:38:24,534 [INFO] [PDUR : INFO ] Assigning owner module to Src Pdu of routing path PduR_CanMsg_CanIf2Com_CanNodeNum_03_Rx_13
15:38:24,534 [INFO] [PDUR : INFO ]  Setting the logical owner of bsw::PduRModule::PduRSrcPduCan_CanIf2PduR_CanNodeNum_03_Rx_13 as CanIf
15:38:24,534 [INFO] [PDUR : INFO ] Assigning owner module to Src Pdu of routing path PduR_CanMsg_CanIf2Com_CanNodeNum_03_Rx_14
15:38:24,534 [INFO] [PDUR : INFO ]  Setting the logical owner of bsw::PduRModule::PduRSrcPduCan_CanIf2PduR_CanNodeNum_03_Rx_14 as CanIf
15:38:24,534 [INFO] [PDUR : INFO ] Assigning owner module to Src Pdu of routing path PduR_CanMsg_CanIf2Com_CanNodeNum_03_Rx_15
15:38:24,534 [INFO] [PDUR : INFO ]  Setting the logical owner of bsw::PduRModule::PduRSrcPduCan_CanIf2PduR_CanNodeNum_03_Rx_15 as CanIf
15:38:24,534 [INFO] [PDUR : INFO ] Assigning owner module to Src Pdu of routing path PduR_CanMsg_CanIf2Com_CanNodeNum_03_Rx_16
15:38:24,534 [INFO] [PDUR : INFO ]  Setting the logical owner of bsw::PduRModule::PduRSrcPduCan_CanIf2PduR_CanNodeNum_03_Rx_16 as CanIf
15:38:24,535 [INFO] [PDUR : INFO ] Assigning owner module to Src Pdu of routing path PduR_CanMsg_CanIf2Com_CanNodeNum_03_Rx_17
15:38:24,535 [INFO] [PDUR : INFO ]  Setting the logical owner of bsw::PduRModule::PduRSrcPduCan_CanIf2PduR_CanNodeNum_03_Rx_17 as CanIf
15:38:24,535 [INFO] [PDUR : INFO ] Assigning owner module to Src Pdu of routing path PduR_CanMsg_CanIf2Com_CanNodeNum_03_Rx_18
15:38:24,535 [INFO] [PDUR : INFO ]  Setting the logical owner of bsw::PduRModule::PduRSrcPduCan_CanIf2PduR_CanNodeNum_03_Rx_18 as CanIf
15:38:24,535 [INFO] [PDUR : INFO ] Assigning owner module to Src Pdu of routing path PduR_CanMsg_CanIf2Com_CanNodeNum_03_Rx_19
15:38:24,535 [INFO] [PDUR : INFO ]  Setting the logical owner of bsw::PduRModule::PduRSrcPduCan_CanIf2PduR_CanNodeNum_03_Rx_19 as CanIf
15:38:24,535 [INFO] [PDUR : INFO ] Assigning owner module to Src Pdu of routing path PduR_CanMsg_CanIf2Com_CanNodeNum_03_Rx_20
15:38:24,535 [INFO] [PDUR : INFO ]  Setting the logical owner of bsw::PduRModule::PduRSrcPduCan_CanIf2PduR_CanNodeNum_03_Rx_20 as CanIf
15:38:24,535 [INFO] [PDUR : INFO ] Assigning owner module to Src Pdu of routing path PduR_CanMsg_CanIf2Com_CanNodeNum_03_Rx_21
15:38:24,535 [INFO] [PDUR : INFO ]  Setting the logical owner of bsw::PduRModule::PduRSrcPduCan_CanIf2PduR_CanNodeNum_03_Rx_21 as CanIf
15:38:24,535 [INFO] [PDUR : INFO ] Assigning owner module to Src Pdu of routing path PduR_CanMsg_CanIf2Com_CanNodeNum_03_Rx_22
15:38:24,535 [INFO] [PDUR : INFO ]  Setting the logical owner of bsw::PduRModule::PduRSrcPduCan_CanIf2PduR_CanNodeNum_03_Rx_22 as CanIf
15:38:24,535 [INFO] [PDUR : INFO ] Assigning owner module to Src Pdu of routing path PduR_CanMsg_CanIf2Com_CanNodeNum_03_Rx_23
15:38:24,535 [INFO] [PDUR : INFO ]  Setting the logical owner of bsw::PduRModule::PduRSrcPduCan_CanIf2PduR_CanNodeNum_03_Rx_23 as CanIf
15:38:24,535 [INFO] [PDUR : INFO ] Assigning owner module to Src Pdu of routing path PduR_CanMsg_CanIf2Com_CanNodeNum_03_Rx_24
15:38:24,535 [INFO] [PDUR : INFO ]  Setting the logical owner of bsw::PduRModule::PduRSrcPduCan_CanIf2PduR_CanNodeNum_03_Rx_24 as CanIf
15:38:24,535 [INFO] [PDUR : INFO ] Assigning owner module to Src Pdu of routing path PduR_CanMsg_CanIf2Com_CanNodeNum_03_Rx_25
15:38:24,536 [INFO] [PDUR : INFO ]  Setting the logical owner of bsw::PduRModule::PduRSrcPduCan_CanIf2PduR_CanNodeNum_03_Rx_25 as CanIf
15:38:24,536 [INFO] [PDUR : INFO ] Assigning owner module to Src Pdu of routing path PduR_CanMsg_CanIf2Com_CanNodeNum_03_Rx_26
15:38:24,536 [INFO] [PDUR : INFO ]  Setting the logical owner of bsw::PduRModule::PduRSrcPduCan_CanIf2PduR_CanNodeNum_03_Rx_26 as CanIf
15:38:24,536 [INFO] [PDUR : INFO ] Assigning owner module to Src Pdu of routing path PduR_CanMsg_CanIf2Com_CanNodeNum_03_Rx_27
15:38:24,536 [INFO] [PDUR : INFO ]  Setting the logical owner of bsw::PduRModule::PduRSrcPduCan_CanIf2PduR_CanNodeNum_03_Rx_27 as CanIf
15:38:24,536 [INFO] [PDUR : INFO ] Assigning owner module to Src Pdu of routing path PduR_CanMsg_CanIf2Com_CanNodeNum_03_Rx_28
15:38:24,536 [INFO] [PDUR : INFO ]  Setting the logical owner of bsw::PduRModule::PduRSrcPduCan_CanIf2PduR_CanNodeNum_03_Rx_28 as CanIf
15:38:24,536 [INFO] [PDUR : INFO ] Assigning owner module to Src Pdu of routing path PduR_CanMsg_CanIf2Com_CanNodeNum_03_Rx_29
15:38:24,536 [INFO] [PDUR : INFO ]  Setting the logical owner of bsw::PduRModule::PduRSrcPduCan_CanIf2PduR_CanNodeNum_03_Rx_29 as CanIf
15:38:24,536 [INFO] [PDUR : INFO ] Assigning owner module to Src Pdu of routing path PduR_CanMsg_CanIf2Com_CanNodeNum_03_Rx_30
15:38:24,536 [INFO] [PDUR : INFO ]  Setting the logical owner of bsw::PduRModule::PduRSrcPduCan_CanIf2PduR_CanNodeNum_03_Rx_30 as CanIf
15:38:24,536 [INFO] [PDUR : INFO ] Assigning owner module to Src Pdu of routing path PduR_CanMsg_CanIf2Com_CanNodeNum_03_Rx_31
15:38:24,536 [INFO] [PDUR : INFO ]  Setting the logical owner of bsw::PduRModule::PduRSrcPduCan_CanIf2PduR_CanNodeNum_03_Rx_31 as CanIf
15:38:24,536 [INFO] [PDUR : INFO ] Assigning owner module to Src Pdu of routing path PduR_CanMsg_CanIf2Com_CanNodeNum_03_Rx_32
15:38:24,536 [INFO] [PDUR : INFO ]  Setting the logical owner of bsw::PduRModule::PduRSrcPduCan_CanIf2PduR_CanNodeNum_03_Rx_32 as CanIf
15:38:24,536 [INFO] [PDUR : INFO ] Assigning owner module to Src Pdu of routing path PduR_CanMsg_CanIf2Com_CanNodeNum_03_Rx_33
15:38:24,537 [INFO] [PDUR : INFO ]  Setting the logical owner of bsw::PduRModule::PduRSrcPduCan_CanIf2PduR_CanNodeNum_03_Rx_33 as CanIf
15:38:24,537 [INFO] [PDUR : INFO ] Assigning owner module to Src Pdu of routing path PduR_CanMsg_CanIf2Com_CanNodeNum_03_Rx_34
15:38:24,537 [INFO] [PDUR : INFO ]  Setting the logical owner of bsw::PduRModule::PduRSrcPduCan_CanIf2PduR_CanNodeNum_03_Rx_34 as CanIf
15:38:24,537 [INFO] [PDUR : INFO ] Assigning owner module to Src Pdu of routing path PduR_CanMsg_CanIf2Com_CanNodeNum_03_Rx_35
15:38:24,537 [INFO] [PDUR : INFO ]  Setting the logical owner of bsw::PduRModule::PduRSrcPduCan_CanIf2PduR_CanNodeNum_03_Rx_35 as CanIf
15:38:24,537 [INFO] [PDUR : INFO ] Assigning owner module to Src Pdu of routing path PduR_CanMsg_CanIf2Com_CanNodeNum_03_Rx_36
15:38:24,537 [INFO] [PDUR : INFO ]  Setting the logical owner of bsw::PduRModule::PduRSrcPduCan_CanIf2PduR_CanNodeNum_03_Rx_36 as CanIf
15:38:24,537 [INFO] [PDUR : INFO ] Assigning owner module to Src Pdu of routing path PduR_CanMsg_CanIf2Com_CanNodeNum_03_Rx_37
15:38:24,537 [INFO] [PDUR : INFO ]  Setting the logical owner of bsw::PduRModule::PduRSrcPduCan_CanIf2PduR_CanNodeNum_03_Rx_37 as CanIf
15:38:24,537 [INFO] [PDUR : INFO ] Assigning owner module to Src Pdu of routing path PduR_CanMsg_CanIf2Com_CanNodeNum_03_Rx_38
15:38:24,537 [INFO] [PDUR : INFO ]  Setting the logical owner of bsw::PduRModule::PduRSrcPduCan_CanIf2PduR_CanNodeNum_03_Rx_38 as CanIf
15:38:24,537 [INFO] [PDUR : INFO ] Assigning owner module to Src Pdu of routing path PduR_CanMsg_CanIf2Com_CanNodeNum_03_Rx_39
15:38:24,537 [INFO] [PDUR : INFO ]  Setting the logical owner of bsw::PduRModule::PduRSrcPduCan_CanIf2PduR_CanNodeNum_03_Rx_39 as CanIf
15:38:24,537 [INFO] [PDUR : INFO ] Assigning owner module to Src Pdu of routing path PduR_CanMsg_CanIf2Com_CanNodeNum_03_Rx_40
15:38:24,537 [INFO] [PDUR : INFO ]  Setting the logical owner of bsw::PduRModule::PduRSrcPduCan_CanIf2PduR_CanNodeNum_03_Rx_40 as CanIf
15:38:24,538 [INFO] [PDUR : INFO ] Assigning owner module to Src Pdu of routing path PduR_CanMsg_Com2CanIf_CanNodeNum_03_TxBasic_01
15:38:24,538 [INFO] [PDUR : INFO ]  Setting the logical owner of bsw::PduRModule::PduRSrcPduCan_Com2PduR_CanNodeNum_03_TxBasic_01 as Com
15:38:24,538 [INFO] [PDUR : INFO ] Assigning owner module to Src Pdu of routing path PduR_CanMsg_Com2CanIf_CanNodeNum_03_TxBasic_02
15:38:24,538 [INFO] [PDUR : INFO ]  Setting the logical owner of bsw::PduRModule::PduRSrcPduCan_Com2PduR_CanNodeNum_03_TxBasic_02 as Com
15:38:24,538 [INFO] [PDUR : INFO ] Assigning owner module to Src Pdu of routing path PduR_CanMsg_Com2CanIf_CanNodeNum_03_TxBasic_03
15:38:24,538 [INFO] [PDUR : INFO ]  Setting the logical owner of bsw::PduRModule::PduRSrcPduCan_Com2PduR_CanNodeNum_03_TxBasic_03 as Com
15:38:24,538 [INFO] [PDUR : INFO ] Assigning owner module to Src Pdu of routing path PduR_CanMsg_Com2CanIf_CanNodeNum_03_TxBasic_04
15:38:24,538 [INFO] [PDUR : INFO ]  Setting the logical owner of bsw::PduRModule::PduRSrcPduCan_Com2PduR_CanNodeNum_03_TxBasic_04 as Com
15:38:24,538 [INFO] [PDUR : INFO ] Assigning owner module to Src Pdu of routing path PduR_CanMsg_Com2CanIf_CanNodeNum_03_TxBasic_05
15:38:24,538 [INFO] [PDUR : INFO ]  Setting the logical owner of bsw::PduRModule::PduRSrcPduCan_Com2PduR_CanNodeNum_03_TxBasic_05 as Com
15:38:24,538 [INFO] [PDUR : INFO ] Assigning owner module to Src Pdu of routing path PduR_CanMsg_Com2CanIf_CanNodeNum_03_TxBasic_06
15:38:24,538 [INFO] [PDUR : INFO ]  Setting the logical owner of bsw::PduRModule::PduRSrcPduCan_Com2PduR_CanNodeNum_03_TxBasic_06 as Com
15:38:24,538 [INFO] [PDUR : INFO ] Assigning owner module to Src Pdu of routing path PduR_CanMsg_Com2CanIf_CanNodeNum_03_TxBasic_07
15:38:24,538 [INFO] [PDUR : INFO ]  Setting the logical owner of bsw::PduRModule::PduRSrcPduCan_Com2PduR_CanNodeNum_03_TxBasic_07 as Com
15:38:24,538 [INFO] [PDUR : INFO ] Assigning owner module to Src Pdu of routing path PduR_CanMsg_Com2CanIf_CanNodeNum_03_TxBasic_08
15:38:24,538 [INFO] [PDUR : INFO ]  Setting the logical owner of bsw::PduRModule::PduRSrcPduCan_Com2PduR_CanNodeNum_03_TxBasic_08 as Com
15:38:24,539 [INFO] [PDUR : INFO ] Assigning owner module to Src Pdu of routing path PduR_CanMsg_Com2CanIf_CanNodeNum_03_TxBasic_09
15:38:24,539 [INFO] [PDUR : INFO ]  Setting the logical owner of bsw::PduRModule::PduRSrcPduCan_Com2PduR_CanNodeNum_03_TxBasic_09 as Com
15:38:24,539 [INFO] [PDUR : INFO ] Assigning owner module to Src Pdu of routing path PduR_CanMsg_Com2CanIf_CanNodeNum_03_TxBasic_10
15:38:24,539 [INFO] [PDUR : INFO ]  Setting the logical owner of bsw::PduRModule::PduRSrcPduCan_Com2PduR_CanNodeNum_03_TxBasic_10 as Com
15:38:24,539 [INFO] [PDUR : INFO ] Assigning owner module to Src Pdu of routing path PduR_CanMsg_Com2CanIf_CanNodeNum_03_TxBasic_11
15:38:24,539 [INFO] [PDUR : INFO ]  Setting the logical owner of bsw::PduRModule::PduRSrcPduCan_Com2PduR_CanNodeNum_03_TxBasic_11 as Com
15:38:24,539 [INFO] [PDUR : INFO ] Assigning owner module to Src Pdu of routing path PduR_CanMsg_Com2CanIf_CanNodeNum_03_TxBasic_12
15:38:24,539 [INFO] [PDUR : INFO ]  Setting the logical owner of bsw::PduRModule::PduRSrcPduCan_Com2PduR_CanNodeNum_03_TxBasic_12 as Com
15:38:24,539 [INFO] [PDUR : INFO ] Assigning owner module to Src Pdu of routing path PduR_CanMsg_Com2CanIf_CanNodeNum_03_TxBasic_13
15:38:24,539 [INFO] [PDUR : INFO ]  Setting the logical owner of bsw::PduRModule::PduRSrcPduCan_Com2PduR_CanNodeNum_03_TxBasic_13 as Com
15:38:24,539 [INFO] [PDUR : INFO ] Assigning owner module to Src Pdu of routing path PduR_CanMsg_Com2CanIf_CanNodeNum_03_TxBasic_14
15:38:24,539 [INFO] [PDUR : INFO ]  Setting the logical owner of bsw::PduRModule::PduRSrcPduCan_Com2PduR_CanNodeNum_03_TxBasic_14 as Com
15:38:24,539 [INFO] [PDUR : INFO ] Assigning owner module to Src Pdu of routing path PduR_CanMsg_Com2CanIf_CanNodeNum_03_TxBasic_15
15:38:24,539 [INFO] [PDUR : INFO ]  Setting the logical owner of bsw::PduRModule::PduRSrcPduCan_Com2PduR_CanNodeNum_03_TxBasic_15 as Com
15:38:24,539 [INFO] [PDUR : INFO ] Assigning owner module to Src Pdu of routing path PduR_CanMsg_Com2CanIf_CanNodeNum_03_TxBasic_16
15:38:24,539 [INFO] [PDUR : INFO ]  Setting the logical owner of bsw::PduRModule::PduRSrcPduCan_Com2PduR_CanNodeNum_03_TxBasic_16 as Com
15:38:24,540 [INFO] [PDUR : INFO ] Assigning owner module to Src Pdu of routing path PduR_CanMsg_Com2CanIf_CanNodeNum_03_TxBasic_17
15:38:24,540 [INFO] [PDUR : INFO ]  Setting the logical owner of bsw::PduRModule::PduRSrcPduCan_Com2PduR_CanNodeNum_03_TxBasic_17 as Com
15:38:24,540 [INFO] [PDUR : INFO ] Assigning owner module to Src Pdu of routing path PduR_CanMsg_Com2CanIf_CanNodeNum_03_TxBasic_18
15:38:24,540 [INFO] [PDUR : INFO ]  Setting the logical owner of bsw::PduRModule::PduRSrcPduCan_Com2PduR_CanNodeNum_03_TxBasic_18 as Com
15:38:24,540 [INFO] [PDUR : INFO ] Assigning owner module to Src Pdu of routing path PduR_CanMsg_Com2CanIf_CanNodeNum_03_TxBasic_19
15:38:24,540 [INFO] [PDUR : INFO ]  Setting the logical owner of bsw::PduRModule::PduRSrcPduCan_Com2PduR_CanNodeNum_03_TxBasic_19 as Com
15:38:24,540 [INFO] [PDUR : INFO ] Assigning owner module to Src Pdu of routing path PduR_CanMsg_Com2CanIf_CanNodeNum_03_TxBasic_20
15:38:24,540 [INFO] [PDUR : INFO ]  Setting the logical owner of bsw::PduRModule::PduRSrcPduCan_Com2PduR_CanNodeNum_03_TxBasic_20 as Com
15:38:24,540 [INFO] [PDUR : INFO ] Assigning owner module to Src Pdu of routing path PduR_CanMsg_Com2CanIf_CanNodeNum_03_Tx_01
15:38:24,540 [INFO] [PDUR : INFO ]  Setting the logical owner of bsw::PduRModule::PduRSrcPduCan_Com2PduR_CanNodeNum_03_Tx_01 as Com
15:38:24,540 [INFO] [PDUR : INFO ] Assigning owner module to Src Pdu of routing path PduR_CanMsg_Com2CanIf_CanNodeNum_03_Tx_02
15:38:24,540 [INFO] [PDUR : INFO ]  Setting the logical owner of bsw::PduRModule::PduRSrcPduCan_Com2PduR_CanNodeNum_03_Tx_02 as Com
15:38:24,540 [INFO] [PDUR : INFO ] Assigning owner module to Src Pdu of routing path PduR_CanMsg_Com2CanIf_CanNodeNum_03_Tx_03
15:38:24,540 [INFO] [PDUR : INFO ]  Setting the logical owner of bsw::PduRModule::PduRSrcPduCan_Com2PduR_CanNodeNum_03_Tx_03 as Com
15:38:24,540 [INFO] [PDUR : INFO ] Assigning owner module to Src Pdu of routing path PduR_CanMsg_Com2CanIf_CanNodeNum_03_Tx_04
15:38:24,540 [INFO] [PDUR : INFO ]  Setting the logical owner of bsw::PduRModule::PduRSrcPduCan_Com2PduR_CanNodeNum_03_Tx_04 as Com
15:38:24,540 [INFO] [PDUR : INFO ] Assigning owner module to Src Pdu of routing path PduR_CanMsg_Com2CanIf_CanNodeNum_03_Tx_05
15:38:24,541 [INFO] [PDUR : INFO ]  Setting the logical owner of bsw::PduRModule::PduRSrcPduCan_Com2PduR_CanNodeNum_03_Tx_05 as Com
15:38:24,541 [INFO] [PDUR : INFO ] Assigning owner module to Src Pdu of routing path PduR_CanMsg_Com2CanIf_CanNodeNum_03_Tx_06
15:38:24,541 [INFO] [PDUR : INFO ]  Setting the logical owner of bsw::PduRModule::PduRSrcPduCan_Com2PduR_CanNodeNum_03_Tx_06 as Com
15:38:24,541 [INFO] [PDUR : INFO ] Assigning owner module to Src Pdu of routing path PduR_CanMsg_Com2CanIf_CanNodeNum_03_Tx_07
15:38:24,541 [INFO] [PDUR : INFO ]  Setting the logical owner of bsw::PduRModule::PduRSrcPduCan_Com2PduR_CanNodeNum_03_Tx_07 as Com
15:38:24,541 [INFO] [PDUR : INFO ] Assigning owner module to Src Pdu of routing path PduR_CanMsg_Com2CanIf_CanNodeNum_03_Tx_08
15:38:24,541 [INFO] [PDUR : INFO ]  Setting the logical owner of bsw::PduRModule::PduRSrcPduCan_Com2PduR_CanNodeNum_03_Tx_08 as Com
15:38:24,541 [INFO] [PDUR : INFO ] Assigning owner module to Src Pdu of routing path PduR_CanMsg_Com2CanIf_CanNodeNum_03_Tx_09
15:38:24,541 [INFO] [PDUR : INFO ]  Setting the logical owner of bsw::PduRModule::PduRSrcPduCan_Com2PduR_CanNodeNum_03_Tx_09 as Com
15:38:24,541 [INFO] [PDUR : INFO ] Assigning owner module to Src Pdu of routing path PduR_CanMsg_Com2CanIf_CanNodeNum_03_Tx_10
15:38:24,541 [INFO] [PDUR : INFO ]  Setting the logical owner of bsw::PduRModule::PduRSrcPduCan_Com2PduR_CanNodeNum_03_Tx_10 as Com
15:38:24,541 [INFO] [PDUR : INFO ] Assigning owner module to Src Pdu of routing path PduR_CanMsg_Com2CanIf_CanNodeNum_03_Tx_11
15:38:24,541 [INFO] [PDUR : INFO ]  Setting the logical owner of bsw::PduRModule::PduRSrcPduCan_Com2PduR_CanNodeNum_03_Tx_11 as Com
15:38:24,541 [INFO] [PDUR : INFO ] Assigning owner module to Src Pdu of routing path PduR_CanMsg_Com2CanIf_CanNodeNum_03_Tx_12
15:38:24,541 [INFO] [PDUR : INFO ]  Setting the logical owner of bsw::PduRModule::PduRSrcPduCan_Com2PduR_CanNodeNum_03_Tx_12 as Com
15:38:24,542 [INFO] [PDUR : INFO ] Assigning owner module to Src Pdu of routing path PduR_CanMsg_Com2CanIf_CanNodeNum_03_Tx_13
15:38:24,542 [INFO] [PDUR : INFO ]  Setting the logical owner of bsw::PduRModule::PduRSrcPduCan_Com2PduR_CanNodeNum_03_Tx_13 as Com
15:38:24,542 [INFO] [PDUR : INFO ] Assigning owner module to Src Pdu of routing path PduR_CanMsg_Com2CanIf_CanNodeNum_03_Tx_14
15:38:24,542 [INFO] [PDUR : INFO ]  Setting the logical owner of bsw::PduRModule::PduRSrcPduCan_Com2PduR_CanNodeNum_03_Tx_14 as Com
15:38:24,542 [INFO] [PDUR : INFO ] Assigning owner module to Src Pdu of routing path PduR_CanMsg_Com2CanIf_CanNodeNum_03_Tx_15
15:38:24,542 [INFO] [PDUR : INFO ]  Setting the logical owner of bsw::PduRModule::PduRSrcPduCan_Com2PduR_CanNodeNum_03_Tx_15 as Com
15:38:24,542 [INFO] [PDUR : INFO ] Assigning owner module to Src Pdu of routing path PduR_CanMsg_Com2CanIf_CanNodeNum_03_Tx_16
15:38:24,542 [INFO] [PDUR : INFO ]  Setting the logical owner of bsw::PduRModule::PduRSrcPduCan_Com2PduR_CanNodeNum_03_Tx_16 as Com
15:38:24,542 [INFO] [PDUR : INFO ] Assigning owner module to Src Pdu of routing path PduR_CanMsg_Com2CanIf_CanNodeNum_03_Tx_17
15:38:24,542 [INFO] [PDUR : INFO ]  Setting the logical owner of bsw::PduRModule::PduRSrcPduCan_Com2PduR_CanNodeNum_03_Tx_17 as Com
15:38:24,542 [INFO] [PDUR : INFO ] Assigning owner module to Src Pdu of routing path PduR_CanMsg_Com2CanIf_CanNodeNum_03_Tx_18
15:38:24,542 [INFO] [PDUR : INFO ]  Setting the logical owner of bsw::PduRModule::PduRSrcPduCan_Com2PduR_CanNodeNum_03_Tx_18 as Com
15:38:24,542 [INFO] [PDUR : INFO ] Assigning owner module to Src Pdu of routing path PduR_CanMsg_Com2CanIf_CanNodeNum_03_Tx_19
15:38:24,542 [INFO] [PDUR : INFO ]  Setting the logical owner of bsw::PduRModule::PduRSrcPduCan_Com2PduR_CanNodeNum_03_Tx_19 as Com
15:38:24,542 [INFO] [PDUR : INFO ] Assigning owner module to Src Pdu of routing path PduR_CanMsg_Com2CanIf_CanNodeNum_03_Tx_20
15:38:24,542 [INFO] [PDUR : INFO ]  Setting the logical owner of bsw::PduRModule::PduRSrcPduCan_Com2PduR_CanNodeNum_03_Tx_20 as Com
15:38:24,542 [INFO] [PDUR : INFO ] Assigning owner module to Src Pdu of routing path PduR_CanMsg_Com2CanIf_CanNodeNum_03_Tx_21
15:38:24,543 [INFO] [PDUR : INFO ]  Setting the logical owner of bsw::PduRModule::PduRSrcPduCan_Com2PduR_CanNodeNum_03_Tx_21 as Com
15:38:24,543 [INFO] [PDUR : INFO ] Assigning owner module to Src Pdu of routing path PduR_CanMsg_Com2CanIf_CanNodeNum_03_Tx_22
15:38:24,543 [INFO] [PDUR : INFO ]  Setting the logical owner of bsw::PduRModule::PduRSrcPduCan_Com2PduR_CanNodeNum_03_Tx_22 as Com
15:38:24,543 [INFO] [PDUR : INFO ] Assigning owner module to Src Pdu of routing path PduR_CanMsg_Com2CanIf_CanNodeNum_03_Tx_23
15:38:24,543 [INFO] [PDUR : INFO ]  Setting the logical owner of bsw::PduRModule::PduRSrcPduCan_Com2PduR_CanNodeNum_03_Tx_23 as Com
15:38:24,543 [INFO] [PDUR : INFO ] Assigning owner module to Src Pdu of routing path PduR_CanMsg_Com2CanIf_CanNodeNum_03_Tx_24
15:38:24,543 [INFO] [PDUR : INFO ]  Setting the logical owner of bsw::PduRModule::PduRSrcPduCan_Com2PduR_CanNodeNum_03_Tx_24 as Com
15:38:24,543 [INFO] [PDUR : INFO ] Assigning owner module to Src Pdu of routing path PduR_CanMsg_Com2CanIf_CanNodeNum_03_Tx_25
15:38:24,543 [INFO] [PDUR : INFO ]  Setting the logical owner of bsw::PduRModule::PduRSrcPduCan_Com2PduR_CanNodeNum_03_Tx_25 as Com
15:38:24,543 [INFO] [PDUR : INFO ] Assigning owner module to Src Pdu of routing path PduR_CanMsg_Com2CanIf_CanNodeNum_03_Tx_26
15:38:24,543 [INFO] [PDUR : INFO ]  Setting the logical owner of bsw::PduRModule::PduRSrcPduCan_Com2PduR_CanNodeNum_03_Tx_26 as Com
15:38:24,544 [INFO] [PDUR : INFO ] Assigning owner module to PduRDestPdu Dcm_PduR2Dcm_CanNodeNum_01_FunRequest of routing path PduR_DcmMsg_CanTp2Dcm_CanNodeNum_01_FunRequest
15:38:24,544 [INFO] [PDUR : WARNING ] Routing path PduR_DcmMsg_CanTp2Dcm_CanNodeNum_01_FunRequest has exactly one Pdu linked to PduRDestPdu.Dcm_PduR2Dcm_CanNodeNum_01_FunRequestHowever there are 2 number of linked BswPdus.
15:38:24,544 [INFO] [PDUR : INFO ]  Setting the logical owner of bsw::PduRModule::PduRDestPduDcm_PduR2Dcm_CanNodeNum_01_FunRequest as Dcm
15:38:24,544 [INFO] [PDUR : INFO ] Assigning owner module to PduRDestPdu Dcm_PduR2Dcm_CanNodeNum_01_PhyRequest of routing path PduR_DcmMsg_CanTp2Dcm_CanNodeNum_01_PhyRequest
15:38:24,544 [INFO] [PDUR : INFO ]  Setting the logical owner of bsw::PduRModule::PduRDestPduDcm_PduR2Dcm_CanNodeNum_01_PhyRequest as Dcm
15:38:24,544 [INFO] [PDUR : INFO ] Assigning owner module to PduRDestPdu Dcm_PduR2CanTp_CanNodeNum_01_PhyResponse of routing path PduR_DcmMsg_Dcm2CanTp_CanNodeNum_01_PhyResponse
15:38:24,545 [INFO] [PDUR : INFO ]  Setting the logical owner of bsw::PduRModule::PduRDestPduDcm_PduR2CanTp_CanNodeNum_01_PhyResponse as CanTp
15:38:24,545 [INFO] [PDUR : INFO ] Assigning owner module to PduRDestPdu Can_PduR2Com_CanNodeNum_01_Rx_01 of routing path PduR_CanMsg_CanIf2Com_CanNodeNum_01_Rx_01
15:38:24,545 [INFO] [PDUR : INFO ]  Setting the logical owner of bsw::PduRModule::PduRDestPduCan_PduR2Com_CanNodeNum_01_Rx_01 as Com
15:38:24,545 [INFO] [PDUR : INFO ] Assigning owner module to PduRDestPdu Can_PduR2Com_CanNodeNum_01_Rx_02 of routing path PduR_CanMsg_CanIf2Com_CanNodeNum_01_Rx_02
15:38:24,545 [INFO] [PDUR : INFO ]  Setting the logical owner of bsw::PduRModule::PduRDestPduCan_PduR2Com_CanNodeNum_01_Rx_02 as Com
15:38:24,545 [INFO] [PDUR : INFO ] Assigning owner module to PduRDestPdu Can_PduR2Com_CanNodeNum_01_Rx_03 of routing path PduR_CanMsg_CanIf2Com_CanNodeNum_01_Rx_03
15:38:24,545 [INFO] [PDUR : INFO ]  Setting the logical owner of bsw::PduRModule::PduRDestPduCan_PduR2Com_CanNodeNum_01_Rx_03 as Com
15:38:24,545 [INFO] [PDUR : INFO ] Assigning owner module to PduRDestPdu Can_PduR2Com_CanNodeNum_01_Rx_04 of routing path PduR_CanMsg_CanIf2Com_CanNodeNum_01_Rx_04
15:38:24,545 [INFO] [PDUR : INFO ]  Setting the logical owner of bsw::PduRModule::PduRDestPduCan_PduR2Com_CanNodeNum_01_Rx_04 as Com
15:38:24,545 [INFO] [PDUR : INFO ] Assigning owner module to PduRDestPdu Can_PduR2Com_CanNodeNum_01_Rx_05 of routing path PduR_CanMsg_CanIf2Com_CanNodeNum_01_Rx_05
15:38:24,545 [INFO] [PDUR : INFO ]  Setting the logical owner of bsw::PduRModule::PduRDestPduCan_PduR2Com_CanNodeNum_01_Rx_05 as Com
15:38:24,545 [INFO] [PDUR : INFO ] Assigning owner module to PduRDestPdu Can_PduR2Com_CanNodeNum_01_Rx_06 of routing path PduR_CanMsg_CanIf2Com_CanNodeNum_01_Rx_06
15:38:24,545 [INFO] [PDUR : INFO ]  Setting the logical owner of bsw::PduRModule::PduRDestPduCan_PduR2Com_CanNodeNum_01_Rx_06 as Com
15:38:24,545 [INFO] [PDUR : INFO ] Assigning owner module to PduRDestPdu Can_PduR2Com_CanNodeNum_01_Rx_07 of routing path PduR_CanMsg_CanIf2Com_CanNodeNum_01_Rx_07
15:38:24,545 [INFO] [PDUR : INFO ]  Setting the logical owner of bsw::PduRModule::PduRDestPduCan_PduR2Com_CanNodeNum_01_Rx_07 as Com
15:38:24,546 [INFO] [PDUR : INFO ] Assigning owner module to PduRDestPdu Can_PduR2Com_CanNodeNum_01_Rx_08 of routing path PduR_CanMsg_CanIf2Com_CanNodeNum_01_Rx_08
15:38:24,546 [INFO] [PDUR : INFO ]  Setting the logical owner of bsw::PduRModule::PduRDestPduCan_PduR2Com_CanNodeNum_01_Rx_08 as Com
15:38:24,546 [INFO] [PDUR : INFO ] Assigning owner module to PduRDestPdu Can_PduR2Com_CanNodeNum_01_Rx_09 of routing path PduR_CanMsg_CanIf2Com_CanNodeNum_01_Rx_09
15:38:24,546 [INFO] [PDUR : INFO ]  Setting the logical owner of bsw::PduRModule::PduRDestPduCan_PduR2Com_CanNodeNum_01_Rx_09 as Com
15:38:24,546 [INFO] [PDUR : INFO ] Assigning owner module to PduRDestPdu Can_PduR2Com_CanNodeNum_01_Rx_10 of routing path PduR_CanMsg_CanIf2Com_CanNodeNum_01_Rx_10
15:38:24,546 [INFO] [PDUR : INFO ]  Setting the logical owner of bsw::PduRModule::PduRDestPduCan_PduR2Com_CanNodeNum_01_Rx_10 as Com
15:38:24,546 [INFO] [PDUR : INFO ] Assigning owner module to PduRDestPdu Can_PduR2Com_CanNodeNum_01_Rx_11 of routing path PduR_CanMsg_CanIf2Com_CanNodeNum_01_Rx_11
15:38:24,546 [INFO] [PDUR : INFO ]  Setting the logical owner of bsw::PduRModule::PduRDestPduCan_PduR2Com_CanNodeNum_01_Rx_11 as Com
15:38:24,546 [INFO] [PDUR : INFO ] Assigning owner module to PduRDestPdu Can_PduR2Com_CanNodeNum_01_Rx_12 of routing path PduR_CanMsg_CanIf2Com_CanNodeNum_01_Rx_12
15:38:24,546 [INFO] [PDUR : INFO ]  Setting the logical owner of bsw::PduRModule::PduRDestPduCan_PduR2Com_CanNodeNum_01_Rx_12 as Com
15:38:24,546 [INFO] [PDUR : INFO ] Assigning owner module to PduRDestPdu Can_PduR2Com_CanNodeNum_01_Rx_13 of routing path PduR_CanMsg_CanIf2Com_CanNodeNum_01_Rx_13
15:38:24,546 [INFO] [PDUR : INFO ]  Setting the logical owner of bsw::PduRModule::PduRDestPduCan_PduR2Com_CanNodeNum_01_Rx_13 as Com
15:38:24,546 [INFO] [PDUR : INFO ] Assigning owner module to PduRDestPdu Can_PduR2Com_CanNodeNum_01_Rx_14 of routing path PduR_CanMsg_CanIf2Com_CanNodeNum_01_Rx_14
15:38:24,546 [INFO] [PDUR : INFO ]  Setting the logical owner of bsw::PduRModule::PduRDestPduCan_PduR2Com_CanNodeNum_01_Rx_14 as Com
15:38:24,547 [INFO] [PDUR : INFO ] Assigning owner module to PduRDestPdu Can_PduR2Com_CanNodeNum_01_Rx_15 of routing path PduR_CanMsg_CanIf2Com_CanNodeNum_01_Rx_15
15:38:24,547 [INFO] [PDUR : INFO ]  Setting the logical owner of bsw::PduRModule::PduRDestPduCan_PduR2Com_CanNodeNum_01_Rx_15 as Com
15:38:24,547 [INFO] [PDUR : INFO ] Assigning owner module to PduRDestPdu Can_PduR2Com_CanNodeNum_01_Rx_16 of routing path PduR_CanMsg_CanIf2Com_CanNodeNum_01_Rx_16
15:38:24,547 [INFO] [PDUR : INFO ]  Setting the logical owner of bsw::PduRModule::PduRDestPduCan_PduR2Com_CanNodeNum_01_Rx_16 as Com
15:38:24,547 [INFO] [PDUR : INFO ] Assigning owner module to PduRDestPdu Can_PduR2Com_CanNodeNum_01_Rx_17 of routing path PduR_CanMsg_CanIf2Com_CanNodeNum_01_Rx_17
15:38:24,547 [INFO] [PDUR : INFO ]  Setting the logical owner of bsw::PduRModule::PduRDestPduCan_PduR2Com_CanNodeNum_01_Rx_17 as Com
15:38:24,547 [INFO] [PDUR : INFO ] Assigning owner module to PduRDestPdu Can_PduR2Com_CanNodeNum_01_Rx_18 of routing path PduR_CanMsg_CanIf2Com_CanNodeNum_01_Rx_18
15:38:24,547 [INFO] [PDUR : INFO ]  Setting the logical owner of bsw::PduRModule::PduRDestPduCan_PduR2Com_CanNodeNum_01_Rx_18 as Com
15:38:24,547 [INFO] [PDUR : INFO ] Assigning owner module to PduRDestPdu Can_PduR2Com_CanNodeNum_01_Rx_19 of routing path PduR_CanMsg_CanIf2Com_CanNodeNum_01_Rx_19
15:38:24,547 [INFO] [PDUR : INFO ]  Setting the logical owner of bsw::PduRModule::PduRDestPduCan_PduR2Com_CanNodeNum_01_Rx_19 as Com
15:38:24,547 [INFO] [PDUR : INFO ] Assigning owner module to PduRDestPdu Can_PduR2Com_CanNodeNum_01_Rx_20 of routing path PduR_CanMsg_CanIf2Com_CanNodeNum_01_Rx_20
15:38:24,547 [INFO] [PDUR : INFO ]  Setting the logical owner of bsw::PduRModule::PduRDestPduCan_PduR2Com_CanNodeNum_01_Rx_20 as Com
15:38:24,547 [INFO] [PDUR : INFO ] Assigning owner module to PduRDestPdu Can_PduR2Com_CanNodeNum_01_Rx_21 of routing path PduR_CanMsg_CanIf2Com_CanNodeNum_01_Rx_21
15:38:24,547 [INFO] [PDUR : INFO ]  Setting the logical owner of bsw::PduRModule::PduRDestPduCan_PduR2Com_CanNodeNum_01_Rx_21 as Com
15:38:24,547 [INFO] [PDUR : INFO ] Assigning owner module to PduRDestPdu Can_PduR2Com_CanNodeNum_01_Rx_22 of routing path PduR_CanMsg_CanIf2Com_CanNodeNum_01_Rx_22
15:38:24,547 [INFO] [PDUR : INFO ]  Setting the logical owner of bsw::PduRModule::PduRDestPduCan_PduR2Com_CanNodeNum_01_Rx_22 as Com
15:38:24,548 [INFO] [PDUR : INFO ] Assigning owner module to PduRDestPdu Can_PduR2Com_CanNodeNum_01_Rx_23 of routing path PduR_CanMsg_CanIf2Com_CanNodeNum_01_Rx_23
15:38:24,548 [INFO] [PDUR : INFO ]  Setting the logical owner of bsw::PduRModule::PduRDestPduCan_PduR2Com_CanNodeNum_01_Rx_23 as Com
15:38:24,548 [INFO] [PDUR : INFO ] Assigning owner module to PduRDestPdu Can_PduR2Com_CanNodeNum_01_Rx_24 of routing path PduR_CanMsg_CanIf2Com_CanNodeNum_01_Rx_24
15:38:24,548 [INFO] [PDUR : INFO ]  Setting the logical owner of bsw::PduRModule::PduRDestPduCan_PduR2Com_CanNodeNum_01_Rx_24 as Com
15:38:24,548 [INFO] [PDUR : INFO ] Assigning owner module to PduRDestPdu Can_PduR2Com_CanNodeNum_01_Rx_25 of routing path PduR_CanMsg_CanIf2Com_CanNodeNum_01_Rx_25
15:38:24,548 [INFO] [PDUR : INFO ]  Setting the logical owner of bsw::PduRModule::PduRDestPduCan_PduR2Com_CanNodeNum_01_Rx_25 as Com
15:38:24,548 [INFO] [PDUR : INFO ] Assigning owner module to PduRDestPdu Can_PduR2Com_CanNodeNum_01_Rx_26 of routing path PduR_CanMsg_CanIf2Com_CanNodeNum_01_Rx_26
15:38:24,548 [INFO] [PDUR : INFO ]  Setting the logical owner of bsw::PduRModule::PduRDestPduCan_PduR2Com_CanNodeNum_01_Rx_26 as Com
15:38:24,548 [INFO] [PDUR : INFO ] Assigning owner module to PduRDestPdu Can_PduR2Com_CanNodeNum_01_Rx_27 of routing path PduR_CanMsg_CanIf2Com_CanNodeNum_01_Rx_27
15:38:24,548 [INFO] [PDUR : INFO ]  Setting the logical owner of bsw::PduRModule::PduRDestPduCan_PduR2Com_CanNodeNum_01_Rx_27 as Com
15:38:24,548 [INFO] [PDUR : INFO ] Assigning owner module to PduRDestPdu Can_PduR2Com_CanNodeNum_01_Rx_28 of routing path PduR_CanMsg_CanIf2Com_CanNodeNum_01_Rx_28
15:38:24,548 [INFO] [PDUR : INFO ]  Setting the logical owner of bsw::PduRModule::PduRDestPduCan_PduR2Com_CanNodeNum_01_Rx_28 as Com
15:38:24,548 [INFO] [PDUR : INFO ] Assigning owner module to PduRDestPdu Can_PduR2Com_CanNodeNum_01_Rx_29 of routing path PduR_CanMsg_CanIf2Com_CanNodeNum_01_Rx_29
15:38:24,548 [INFO] [PDUR : INFO ]  Setting the logical owner of bsw::PduRModule::PduRDestPduCan_PduR2Com_CanNodeNum_01_Rx_29 as Com
15:38:24,548 [INFO] [PDUR : INFO ] Assigning owner module to PduRDestPdu Can_PduR2Com_CanNodeNum_01_Rx_30 of routing path PduR_CanMsg_CanIf2Com_CanNodeNum_01_Rx_30
15:38:24,548 [INFO] [PDUR : INFO ]  Setting the logical owner of bsw::PduRModule::PduRDestPduCan_PduR2Com_CanNodeNum_01_Rx_30 as Com
15:38:24,549 [INFO] [PDUR : INFO ] Assigning owner module to PduRDestPdu Can_PduR2Com_CanNodeNum_01_Rx_31 of routing path PduR_CanMsg_CanIf2Com_CanNodeNum_01_Rx_31
15:38:24,549 [INFO] [PDUR : INFO ]  Setting the logical owner of bsw::PduRModule::PduRDestPduCan_PduR2Com_CanNodeNum_01_Rx_31 as Com
15:38:24,549 [INFO] [PDUR : INFO ] Assigning owner module to PduRDestPdu Can_PduR2Com_CanNodeNum_01_Rx_32 of routing path PduR_CanMsg_CanIf2Com_CanNodeNum_01_Rx_32
15:38:24,549 [INFO] [PDUR : INFO ]  Setting the logical owner of bsw::PduRModule::PduRDestPduCan_PduR2Com_CanNodeNum_01_Rx_32 as Com
15:38:24,549 [INFO] [PDUR : INFO ] Assigning owner module to PduRDestPdu Can_PduR2Com_CanNodeNum_01_Rx_33 of routing path PduR_CanMsg_CanIf2Com_CanNodeNum_01_Rx_33
15:38:24,549 [INFO] [PDUR : INFO ]  Setting the logical owner of bsw::PduRModule::PduRDestPduCan_PduR2Com_CanNodeNum_01_Rx_33 as Com
15:38:24,549 [INFO] [PDUR : INFO ] Assigning owner module to PduRDestPdu Can_PduR2Com_CanNodeNum_01_Rx_34 of routing path PduR_CanMsg_CanIf2Com_CanNodeNum_01_Rx_34
15:38:24,549 [INFO] [PDUR : INFO ]  Setting the logical owner of bsw::PduRModule::PduRDestPduCan_PduR2Com_CanNodeNum_01_Rx_34 as Com
15:38:24,549 [INFO] [PDUR : INFO ] Assigning owner module to PduRDestPdu Can_PduR2Com_CanNodeNum_01_Rx_35 of routing path PduR_CanMsg_CanIf2Com_CanNodeNum_01_Rx_35
15:38:24,549 [INFO] [PDUR : INFO ]  Setting the logical owner of bsw::PduRModule::PduRDestPduCan_PduR2Com_CanNodeNum_01_Rx_35 as Com
15:38:24,549 [INFO] [PDUR : INFO ] Assigning owner module to PduRDestPdu Can_PduR2Com_CanNodeNum_01_Rx_36 of routing path PduR_CanMsg_CanIf2Com_CanNodeNum_01_Rx_36
15:38:24,549 [INFO] [PDUR : INFO ]  Setting the logical owner of bsw::PduRModule::PduRDestPduCan_PduR2Com_CanNodeNum_01_Rx_36 as Com
15:38:24,549 [INFO] [PDUR : INFO ] Assigning owner module to PduRDestPdu Can_PduR2Com_CanNodeNum_01_Rx_37 of routing path PduR_CanMsg_CanIf2Com_CanNodeNum_01_Rx_37
15:38:24,549 [INFO] [PDUR : INFO ]  Setting the logical owner of bsw::PduRModule::PduRDestPduCan_PduR2Com_CanNodeNum_01_Rx_37 as Com
15:38:24,550 [INFO] [PDUR : INFO ] Assigning owner module to PduRDestPdu Can_PduR2Com_CanNodeNum_01_Rx_38 of routing path PduR_CanMsg_CanIf2Com_CanNodeNum_01_Rx_38
15:38:24,550 [INFO] [PDUR : INFO ]  Setting the logical owner of bsw::PduRModule::PduRDestPduCan_PduR2Com_CanNodeNum_01_Rx_38 as Com
15:38:24,550 [INFO] [PDUR : INFO ] Assigning owner module to PduRDestPdu Can_PduR2Com_CanNodeNum_01_Rx_39 of routing path PduR_CanMsg_CanIf2Com_CanNodeNum_01_Rx_39
15:38:24,550 [INFO] [PDUR : INFO ]  Setting the logical owner of bsw::PduRModule::PduRDestPduCan_PduR2Com_CanNodeNum_01_Rx_39 as Com
15:38:24,550 [INFO] [PDUR : INFO ] Assigning owner module to PduRDestPdu Can_PduR2Com_CanNodeNum_01_Rx_40 of routing path PduR_CanMsg_CanIf2Com_CanNodeNum_01_Rx_40
15:38:24,550 [INFO] [PDUR : INFO ]  Setting the logical owner of bsw::PduRModule::PduRDestPduCan_PduR2Com_CanNodeNum_01_Rx_40 as Com
15:38:24,550 [INFO] [PDUR : INFO ] Assigning owner module to PduRDestPdu Can_PduR2CanIf_CanNodeNum_01_TxBasic_01 of routing path PduR_CanMsg_Com2CanIf_CanNodeNum_01_TxBasic_01
15:38:24,550 [INFO] [PDUR : INFO ]  Setting the logical owner of bsw::PduRModule::PduRDestPduCan_PduR2CanIf_CanNodeNum_01_TxBasic_01 as CanIf
15:38:24,550 [INFO] [PDUR : INFO ] Assigning owner module to PduRDestPdu Can_PduR2CanIf_CanNodeNum_01_TxBasic_02 of routing path PduR_CanMsg_Com2CanIf_CanNodeNum_01_TxBasic_02
15:38:24,550 [INFO] [PDUR : INFO ]  Setting the logical owner of bsw::PduRModule::PduRDestPduCan_PduR2CanIf_CanNodeNum_01_TxBasic_02 as CanIf
15:38:24,550 [INFO] [PDUR : INFO ] Assigning owner module to PduRDestPdu Can_PduR2CanIf_CanNodeNum_01_TxBasic_03 of routing path PduR_CanMsg_Com2CanIf_CanNodeNum_01_TxBasic_03
15:38:24,550 [INFO] [PDUR : INFO ]  Setting the logical owner of bsw::PduRModule::PduRDestPduCan_PduR2CanIf_CanNodeNum_01_TxBasic_03 as CanIf
15:38:24,551 [INFO] [PDUR : INFO ] Assigning owner module to PduRDestPdu Can_PduR2CanIf_CanNodeNum_01_TxBasic_04 of routing path PduR_CanMsg_Com2CanIf_CanNodeNum_01_TxBasic_04
15:38:24,551 [INFO] [PDUR : INFO ]  Setting the logical owner of bsw::PduRModule::PduRDestPduCan_PduR2CanIf_CanNodeNum_01_TxBasic_04 as CanIf
15:38:24,551 [INFO] [PDUR : INFO ] Assigning owner module to PduRDestPdu Can_PduR2CanIf_CanNodeNum_01_TxBasic_05 of routing path PduR_CanMsg_Com2CanIf_CanNodeNum_01_TxBasic_05
15:38:24,551 [INFO] [PDUR : INFO ]  Setting the logical owner of bsw::PduRModule::PduRDestPduCan_PduR2CanIf_CanNodeNum_01_TxBasic_05 as CanIf
15:38:24,551 [INFO] [PDUR : INFO ] Assigning owner module to PduRDestPdu Can_PduR2CanIf_CanNodeNum_01_TxBasic_06 of routing path PduR_CanMsg_Com2CanIf_CanNodeNum_01_TxBasic_06
15:38:24,551 [INFO] [PDUR : INFO ]  Setting the logical owner of bsw::PduRModule::PduRDestPduCan_PduR2CanIf_CanNodeNum_01_TxBasic_06 as CanIf
15:38:24,551 [INFO] [PDUR : INFO ] Assigning owner module to PduRDestPdu Can_PduR2CanIf_CanNodeNum_01_TxBasic_07 of routing path PduR_CanMsg_Com2CanIf_CanNodeNum_01_TxBasic_07
15:38:24,551 [INFO] [PDUR : INFO ]  Setting the logical owner of bsw::PduRModule::PduRDestPduCan_PduR2CanIf_CanNodeNum_01_TxBasic_07 as CanIf
15:38:24,551 [INFO] [PDUR : INFO ] Assigning owner module to PduRDestPdu Can_PduR2CanIf_CanNodeNum_01_TxBasic_08 of routing path PduR_CanMsg_Com2CanIf_CanNodeNum_01_TxBasic_08
15:38:24,551 [INFO] [PDUR : INFO ]  Setting the logical owner of bsw::PduRModule::PduRDestPduCan_PduR2CanIf_CanNodeNum_01_TxBasic_08 as CanIf
15:38:24,551 [INFO] [PDUR : INFO ] Assigning owner module to PduRDestPdu Can_PduR2CanIf_CanNodeNum_01_TxBasic_09 of routing path PduR_CanMsg_Com2CanIf_CanNodeNum_01_TxBasic_09
15:38:24,551 [INFO] [PDUR : INFO ]  Setting the logical owner of bsw::PduRModule::PduRDestPduCan_PduR2CanIf_CanNodeNum_01_TxBasic_09 as CanIf
15:38:24,551 [INFO] [PDUR : INFO ] Assigning owner module to PduRDestPdu Can_PduR2CanIf_CanNodeNum_01_TxBasic_10 of routing path PduR_CanMsg_Com2CanIf_CanNodeNum_01_TxBasic_10
15:38:24,551 [INFO] [PDUR : INFO ]  Setting the logical owner of bsw::PduRModule::PduRDestPduCan_PduR2CanIf_CanNodeNum_01_TxBasic_10 as CanIf
15:38:24,551 [INFO] [PDUR : INFO ] Assigning owner module to PduRDestPdu Can_PduR2CanIf_CanNodeNum_01_TxBasic_11 of routing path PduR_CanMsg_Com2CanIf_CanNodeNum_01_TxBasic_11
15:38:24,551 [INFO] [PDUR : INFO ]  Setting the logical owner of bsw::PduRModule::PduRDestPduCan_PduR2CanIf_CanNodeNum_01_TxBasic_11 as CanIf
15:38:24,552 [INFO] [PDUR : INFO ] Assigning owner module to PduRDestPdu Can_PduR2CanIf_CanNodeNum_01_TxBasic_12 of routing path PduR_CanMsg_Com2CanIf_CanNodeNum_01_TxBasic_12
15:38:24,552 [INFO] [PDUR : INFO ]  Setting the logical owner of bsw::PduRModule::PduRDestPduCan_PduR2CanIf_CanNodeNum_01_TxBasic_12 as CanIf
15:38:24,552 [INFO] [PDUR : INFO ] Assigning owner module to PduRDestPdu Can_PduR2CanIf_CanNodeNum_01_TxBasic_13 of routing path PduR_CanMsg_Com2CanIf_CanNodeNum_01_TxBasic_13
15:38:24,552 [INFO] [PDUR : INFO ]  Setting the logical owner of bsw::PduRModule::PduRDestPduCan_PduR2CanIf_CanNodeNum_01_TxBasic_13 as CanIf
15:38:24,552 [INFO] [PDUR : INFO ] Assigning owner module to PduRDestPdu Can_PduR2CanIf_CanNodeNum_01_TxBasic_14 of routing path PduR_CanMsg_Com2CanIf_CanNodeNum_01_TxBasic_14
15:38:24,552 [INFO] [PDUR : INFO ]  Setting the logical owner of bsw::PduRModule::PduRDestPduCan_PduR2CanIf_CanNodeNum_01_TxBasic_14 as CanIf
15:38:24,552 [INFO] [PDUR : INFO ] Assigning owner module to PduRDestPdu Can_PduR2CanIf_CanNodeNum_01_TxBasic_15 of routing path PduR_CanMsg_Com2CanIf_CanNodeNum_01_TxBasic_15
15:38:24,552 [INFO] [PDUR : INFO ]  Setting the logical owner of bsw::PduRModule::PduRDestPduCan_PduR2CanIf_CanNodeNum_01_TxBasic_15 as CanIf
15:38:24,552 [INFO] [PDUR : INFO ] Assigning owner module to PduRDestPdu Can_PduR2CanIf_CanNodeNum_01_TxBasic_16 of routing path PduR_CanMsg_Com2CanIf_CanNodeNum_01_TxBasic_16
15:38:24,552 [INFO] [PDUR : INFO ]  Setting the logical owner of bsw::PduRModule::PduRDestPduCan_PduR2CanIf_CanNodeNum_01_TxBasic_16 as CanIf
15:38:24,552 [INFO] [PDUR : INFO ] Assigning owner module to PduRDestPdu Can_PduR2CanIf_CanNodeNum_01_TxBasic_17 of routing path PduR_CanMsg_Com2CanIf_CanNodeNum_01_TxBasic_17
15:38:24,552 [INFO] [PDUR : INFO ]  Setting the logical owner of bsw::PduRModule::PduRDestPduCan_PduR2CanIf_CanNodeNum_01_TxBasic_17 as CanIf
15:38:24,552 [INFO] [PDUR : INFO ] Assigning owner module to PduRDestPdu Can_PduR2CanIf_CanNodeNum_01_TxBasic_18 of routing path PduR_CanMsg_Com2CanIf_CanNodeNum_01_TxBasic_18
15:38:24,552 [INFO] [PDUR : INFO ]  Setting the logical owner of bsw::PduRModule::PduRDestPduCan_PduR2CanIf_CanNodeNum_01_TxBasic_18 as CanIf
15:38:24,552 [INFO] [PDUR : INFO ] Assigning owner module to PduRDestPdu Can_PduR2CanIf_CanNodeNum_01_TxBasic_19 of routing path PduR_CanMsg_Com2CanIf_CanNodeNum_01_TxBasic_19
15:38:24,552 [INFO] [PDUR : INFO ]  Setting the logical owner of bsw::PduRModule::PduRDestPduCan_PduR2CanIf_CanNodeNum_01_TxBasic_19 as CanIf
15:38:24,553 [INFO] [PDUR : INFO ] Assigning owner module to PduRDestPdu Can_PduR2CanIf_CanNodeNum_01_TxBasic_20 of routing path PduR_CanMsg_Com2CanIf_CanNodeNum_01_TxBasic_20
15:38:24,553 [INFO] [PDUR : WARNING ] Routing path PduR_CanMsg_Com2CanIf_CanNodeNum_01_TxBasic_20 has exactly one Pdu linked to PduRDestPdu.Can_PduR2CanIf_CanNodeNum_01_TxBasic_20However there are 3 number of linked BswPdus.
15:38:24,553 [INFO] [PDUR : INFO ]  Setting the logical owner of bsw::PduRModule::PduRDestPduCan_PduR2CanIf_CanNodeNum_01_TxBasic_20 as CanIf
15:38:24,553 [INFO] [PDUR : INFO ] Assigning owner module to PduRDestPdu Can_PduR2CanIf_CanNodeNum_01_Tx_01 of routing path PduR_CanMsg_Com2CanIf_CanNodeNum_01_Tx_01
15:38:24,553 [INFO] [PDUR : INFO ]  Setting the logical owner of bsw::PduRModule::PduRDestPduCan_PduR2CanIf_CanNodeNum_01_Tx_01 as CanIf
15:38:24,553 [INFO] [PDUR : INFO ] Assigning owner module to PduRDestPdu Can_PduR2CanIf_CanNodeNum_01_Tx_02 of routing path PduR_CanMsg_Com2CanIf_CanNodeNum_01_Tx_02
15:38:24,553 [INFO] [PDUR : INFO ]  Setting the logical owner of bsw::PduRModule::PduRDestPduCan_PduR2CanIf_CanNodeNum_01_Tx_02 as CanIf
15:38:24,553 [INFO] [PDUR : INFO ] Assigning owner module to PduRDestPdu Can_PduR2CanIf_CanNodeNum_01_Tx_03 of routing path PduR_CanMsg_Com2CanIf_CanNodeNum_01_Tx_03
15:38:24,553 [INFO] [PDUR : INFO ]  Setting the logical owner of bsw::PduRModule::PduRDestPduCan_PduR2CanIf_CanNodeNum_01_Tx_03 as CanIf
15:38:24,553 [INFO] [PDUR : INFO ] Assigning owner module to PduRDestPdu Can_PduR2CanIf_CanNodeNum_01_Tx_04 of routing path PduR_CanMsg_Com2CanIf_CanNodeNum_01_Tx_04
15:38:24,553 [INFO] [PDUR : INFO ]  Setting the logical owner of bsw::PduRModule::PduRDestPduCan_PduR2CanIf_CanNodeNum_01_Tx_04 as CanIf
15:38:24,553 [INFO] [PDUR : INFO ] Assigning owner module to PduRDestPdu Can_PduR2CanIf_CanNodeNum_01_Tx_05 of routing path PduR_CanMsg_Com2CanIf_CanNodeNum_01_Tx_05
15:38:24,553 [INFO] [PDUR : INFO ]  Setting the logical owner of bsw::PduRModule::PduRDestPduCan_PduR2CanIf_CanNodeNum_01_Tx_05 as CanIf
15:38:24,553 [INFO] [PDUR : INFO ] Assigning owner module to PduRDestPdu Can_PduR2CanIf_CanNodeNum_01_Tx_06 of routing path PduR_CanMsg_Com2CanIf_CanNodeNum_01_Tx_06
15:38:24,554 [INFO] [PDUR : INFO ]  Setting the logical owner of bsw::PduRModule::PduRDestPduCan_PduR2CanIf_CanNodeNum_01_Tx_06 as CanIf
15:38:24,554 [INFO] [PDUR : INFO ] Assigning owner module to PduRDestPdu Can_PduR2CanIf_CanNodeNum_01_Tx_07 of routing path PduR_CanMsg_Com2CanIf_CanNodeNum_01_Tx_07
15:38:24,554 [INFO] [PDUR : INFO ]  Setting the logical owner of bsw::PduRModule::PduRDestPduCan_PduR2CanIf_CanNodeNum_01_Tx_07 as CanIf
15:38:24,554 [INFO] [PDUR : INFO ] Assigning owner module to PduRDestPdu Can_PduR2CanIf_CanNodeNum_01_Tx_08 of routing path PduR_CanMsg_Com2CanIf_CanNodeNum_01_Tx_08
15:38:24,554 [INFO] [PDUR : INFO ]  Setting the logical owner of bsw::PduRModule::PduRDestPduCan_PduR2CanIf_CanNodeNum_01_Tx_08 as CanIf
15:38:24,554 [INFO] [PDUR : INFO ] Assigning owner module to PduRDestPdu Can_PduR2CanIf_CanNodeNum_01_Tx_09 of routing path PduR_CanMsg_Com2CanIf_CanNodeNum_01_Tx_09
15:38:24,554 [INFO] [PDUR : INFO ]  Setting the logical owner of bsw::PduRModule::PduRDestPduCan_PduR2CanIf_CanNodeNum_01_Tx_09 as CanIf
15:38:24,554 [INFO] [PDUR : INFO ] Assigning owner module to PduRDestPdu Can_PduR2CanIf_CanNodeNum_01_Tx_10 of routing path PduR_CanMsg_Com2CanIf_CanNodeNum_01_Tx_10
15:38:24,554 [INFO] [PDUR : INFO ]  Setting the logical owner of bsw::PduRModule::PduRDestPduCan_PduR2CanIf_CanNodeNum_01_Tx_10 as CanIf
15:38:24,554 [INFO] [PDUR : INFO ] Assigning owner module to PduRDestPdu Can_PduR2CanIf_CanNodeNum_01_Tx_11 of routing path PduR_CanMsg_Com2CanIf_CanNodeNum_01_Tx_11
15:38:24,554 [INFO] [PDUR : INFO ]  Setting the logical owner of bsw::PduRModule::PduRDestPduCan_PduR2CanIf_CanNodeNum_01_Tx_11 as CanIf
15:38:24,554 [INFO] [PDUR : INFO ] Assigning owner module to PduRDestPdu Can_PduR2CanIf_CanNodeNum_01_Tx_12 of routing path PduR_CanMsg_Com2CanIf_CanNodeNum_01_Tx_12
15:38:24,554 [INFO] [PDUR : INFO ]  Setting the logical owner of bsw::PduRModule::PduRDestPduCan_PduR2CanIf_CanNodeNum_01_Tx_12 as CanIf
15:38:24,554 [INFO] [PDUR : INFO ] Assigning owner module to PduRDestPdu Can_PduR2CanIf_CanNodeNum_01_Tx_13 of routing path PduR_CanMsg_Com2CanIf_CanNodeNum_01_Tx_13
15:38:24,554 [INFO] [PDUR : INFO ]  Setting the logical owner of bsw::PduRModule::PduRDestPduCan_PduR2CanIf_CanNodeNum_01_Tx_13 as CanIf
15:38:24,555 [INFO] [PDUR : INFO ] Assigning owner module to PduRDestPdu Can_PduR2CanIf_CanNodeNum_01_Tx_14 of routing path PduR_CanMsg_Com2CanIf_CanNodeNum_01_Tx_14
15:38:24,555 [INFO] [PDUR : INFO ]  Setting the logical owner of bsw::PduRModule::PduRDestPduCan_PduR2CanIf_CanNodeNum_01_Tx_14 as CanIf
15:38:24,555 [INFO] [PDUR : INFO ] Assigning owner module to PduRDestPdu Can_PduR2CanIf_CanNodeNum_01_Tx_15 of routing path PduR_CanMsg_Com2CanIf_CanNodeNum_01_Tx_15
15:38:24,555 [INFO] [PDUR : INFO ]  Setting the logical owner of bsw::PduRModule::PduRDestPduCan_PduR2CanIf_CanNodeNum_01_Tx_15 as CanIf
15:38:24,555 [INFO] [PDUR : INFO ] Assigning owner module to PduRDestPdu Can_PduR2CanIf_CanNodeNum_01_Tx_16 of routing path PduR_CanMsg_Com2CanIf_CanNodeNum_01_Tx_16
15:38:24,555 [INFO] [PDUR : INFO ]  Setting the logical owner of bsw::PduRModule::PduRDestPduCan_PduR2CanIf_CanNodeNum_01_Tx_16 as CanIf
15:38:24,555 [INFO] [PDUR : INFO ] Assigning owner module to PduRDestPdu Can_PduR2CanIf_CanNodeNum_01_Tx_17 of routing path PduR_CanMsg_Com2CanIf_CanNodeNum_01_Tx_17
15:38:24,555 [INFO] [PDUR : INFO ]  Setting the logical owner of bsw::PduRModule::PduRDestPduCan_PduR2CanIf_CanNodeNum_01_Tx_17 as CanIf
15:38:24,555 [INFO] [PDUR : INFO ] Assigning owner module to PduRDestPdu Can_PduR2CanIf_CanNodeNum_01_Tx_18 of routing path PduR_CanMsg_Com2CanIf_CanNodeNum_01_Tx_18
15:38:24,555 [INFO] [PDUR : INFO ]  Setting the logical owner of bsw::PduRModule::PduRDestPduCan_PduR2CanIf_CanNodeNum_01_Tx_18 as CanIf
15:38:24,555 [INFO] [PDUR : INFO ] Assigning owner module to PduRDestPdu Can_PduR2CanIf_CanNodeNum_01_Tx_19 of routing path PduR_CanMsg_Com2CanIf_CanNodeNum_01_Tx_19
15:38:24,555 [INFO] [PDUR : INFO ]  Setting the logical owner of bsw::PduRModule::PduRDestPduCan_PduR2CanIf_CanNodeNum_01_Tx_19 as CanIf
15:38:24,555 [INFO] [PDUR : INFO ] Assigning owner module to PduRDestPdu Can_PduR2CanIf_CanNodeNum_01_Tx_20 of routing path PduR_CanMsg_Com2CanIf_CanNodeNum_01_Tx_20
15:38:24,555 [INFO] [PDUR : INFO ]  Setting the logical owner of bsw::PduRModule::PduRDestPduCan_PduR2CanIf_CanNodeNum_01_Tx_20 as CanIf
15:38:24,555 [INFO] [PDUR : INFO ] Assigning owner module to PduRDestPdu Can_PduR2CanIf_CanNodeNum_01_Tx_21 of routing path PduR_CanMsg_Com2CanIf_CanNodeNum_01_Tx_21
15:38:24,555 [INFO] [PDUR : INFO ]  Setting the logical owner of bsw::PduRModule::PduRDestPduCan_PduR2CanIf_CanNodeNum_01_Tx_21 as CanIf
15:38:24,556 [INFO] [PDUR : INFO ] Assigning owner module to PduRDestPdu Can_PduR2CanIf_CanNodeNum_01_Tx_22 of routing path PduR_CanMsg_Com2CanIf_CanNodeNum_01_Tx_22
15:38:24,556 [INFO] [PDUR : INFO ]  Setting the logical owner of bsw::PduRModule::PduRDestPduCan_PduR2CanIf_CanNodeNum_01_Tx_22 as CanIf
15:38:24,556 [INFO] [PDUR : INFO ] Assigning owner module to PduRDestPdu Can_PduR2CanIf_CanNodeNum_01_Tx_23 of routing path PduR_CanMsg_Com2CanIf_CanNodeNum_01_Tx_23
15:38:24,556 [INFO] [PDUR : INFO ]  Setting the logical owner of bsw::PduRModule::PduRDestPduCan_PduR2CanIf_CanNodeNum_01_Tx_23 as CanIf
15:38:24,556 [INFO] [PDUR : INFO ] Assigning owner module to PduRDestPdu Can_PduR2CanIf_CanNodeNum_01_Tx_24 of routing path PduR_CanMsg_Com2CanIf_CanNodeNum_01_Tx_24
15:38:24,556 [INFO] [PDUR : INFO ]  Setting the logical owner of bsw::PduRModule::PduRDestPduCan_PduR2CanIf_CanNodeNum_01_Tx_24 as CanIf
15:38:24,556 [INFO] [PDUR : INFO ] Assigning owner module to PduRDestPdu Can_PduR2CanIf_CanNodeNum_01_Tx_25 of routing path PduR_CanMsg_Com2CanIf_CanNodeNum_01_Tx_25
15:38:24,556 [INFO] [PDUR : INFO ]  Setting the logical owner of bsw::PduRModule::PduRDestPduCan_PduR2CanIf_CanNodeNum_01_Tx_25 as CanIf
15:38:24,556 [INFO] [PDUR : INFO ] Assigning owner module to PduRDestPdu Can_PduR2CanIf_CanNodeNum_01_Tx_25_00 of routing path PduR_CanMsg_Com2CanIf_CanNodeNum_01_Tx_25_00
15:38:24,556 [INFO] [PDUR : INFO ]  Setting the logical owner of bsw::PduRModule::PduRDestPduCan_PduR2CanIf_CanNodeNum_01_Tx_25_00 as CanIf
15:38:24,556 [INFO] [PDUR : INFO ] Assigning owner module to PduRDestPdu Can_PduR2CanIf_CanNodeNum_01_Tx_25_01 of routing path PduR_CanMsg_Com2CanIf_CanNodeNum_01_Tx_25_01
15:38:24,556 [INFO] [PDUR : INFO ]  Setting the logical owner of bsw::PduRModule::PduRDestPduCan_PduR2CanIf_CanNodeNum_01_Tx_25_01 as CanIf
15:38:24,556 [INFO] [PDUR : INFO ] Assigning owner module to PduRDestPdu Can_PduR2CanIf_CanNodeNum_01_Tx_26 of routing path PduR_CanMsg_Com2CanIf_CanNodeNum_01_Tx_26
15:38:24,556 [INFO] [PDUR : INFO ]  Setting the logical owner of bsw::PduRModule::PduRDestPduCan_PduR2CanIf_CanNodeNum_01_Tx_26 as CanIf
15:38:24,556 [INFO] [PDUR : INFO ] Assigning owner module to PduRDestPdu Can_PduR2Com_CanNodeNum_02_Rx_01 of routing path PduR_CanMsg_CanIf2Com_CanNodeNum_02_Rx_01
15:38:24,557 [INFO] [PDUR : INFO ]  Setting the logical owner of bsw::PduRModule::PduRDestPduCan_PduR2Com_CanNodeNum_02_Rx_01 as Com
15:38:24,557 [INFO] [PDUR : INFO ] Assigning owner module to PduRDestPdu Can_PduR2Com_CanNodeNum_02_Rx_02 of routing path PduR_CanMsg_CanIf2Com_CanNodeNum_02_Rx_02
15:38:24,557 [INFO] [PDUR : INFO ]  Setting the logical owner of bsw::PduRModule::PduRDestPduCan_PduR2Com_CanNodeNum_02_Rx_02 as Com
15:38:24,557 [INFO] [PDUR : INFO ] Assigning owner module to PduRDestPdu Can_PduR2Com_CanNodeNum_02_Rx_03 of routing path PduR_CanMsg_CanIf2Com_CanNodeNum_02_Rx_03
15:38:24,557 [INFO] [PDUR : INFO ]  Setting the logical owner of bsw::PduRModule::PduRDestPduCan_PduR2Com_CanNodeNum_02_Rx_03 as Com
15:38:24,557 [INFO] [PDUR : INFO ] Assigning owner module to PduRDestPdu Can_PduR2Com_CanNodeNum_02_Rx_04 of routing path PduR_CanMsg_CanIf2Com_CanNodeNum_02_Rx_04
15:38:24,557 [INFO] [PDUR : INFO ]  Setting the logical owner of bsw::PduRModule::PduRDestPduCan_PduR2Com_CanNodeNum_02_Rx_04 as Com
15:38:24,557 [INFO] [PDUR : INFO ] Assigning owner module to PduRDestPdu Can_PduR2Com_CanNodeNum_02_Rx_05 of routing path PduR_CanMsg_CanIf2Com_CanNodeNum_02_Rx_05
15:38:24,557 [INFO] [PDUR : INFO ]  Setting the logical owner of bsw::PduRModule::PduRDestPduCan_PduR2Com_CanNodeNum_02_Rx_05 as Com
15:38:24,557 [INFO] [PDUR : INFO ] Assigning owner module to PduRDestPdu Can_PduR2Com_CanNodeNum_02_Rx_06 of routing path PduR_CanMsg_CanIf2Com_CanNodeNum_02_Rx_06
15:38:24,557 [INFO] [PDUR : INFO ]  Setting the logical owner of bsw::PduRModule::PduRDestPduCan_PduR2Com_CanNodeNum_02_Rx_06 as Com
15:38:24,557 [INFO] [PDUR : INFO ] Assigning owner module to PduRDestPdu Can_PduR2Com_CanNodeNum_02_Rx_07 of routing path PduR_CanMsg_CanIf2Com_CanNodeNum_02_Rx_07
15:38:24,557 [INFO] [PDUR : INFO ]  Setting the logical owner of bsw::PduRModule::PduRDestPduCan_PduR2Com_CanNodeNum_02_Rx_07 as Com
15:38:24,557 [INFO] [PDUR : INFO ] Assigning owner module to PduRDestPdu Can_PduR2Com_CanNodeNum_02_Rx_08 of routing path PduR_CanMsg_CanIf2Com_CanNodeNum_02_Rx_08
15:38:24,557 [INFO] [PDUR : INFO ]  Setting the logical owner of bsw::PduRModule::PduRDestPduCan_PduR2Com_CanNodeNum_02_Rx_08 as Com
15:38:24,557 [INFO] [PDUR : INFO ] Assigning owner module to PduRDestPdu Can_PduR2Com_CanNodeNum_02_Rx_09 of routing path PduR_CanMsg_CanIf2Com_CanNodeNum_02_Rx_09
15:38:24,558 [INFO] [PDUR : INFO ]  Setting the logical owner of bsw::PduRModule::PduRDestPduCan_PduR2Com_CanNodeNum_02_Rx_09 as Com
15:38:24,558 [INFO] [PDUR : INFO ] Assigning owner module to PduRDestPdu Can_PduR2Com_CanNodeNum_02_Rx_10 of routing path PduR_CanMsg_CanIf2Com_CanNodeNum_02_Rx_10
15:38:24,558 [INFO] [PDUR : INFO ]  Setting the logical owner of bsw::PduRModule::PduRDestPduCan_PduR2Com_CanNodeNum_02_Rx_10 as Com
15:38:24,558 [INFO] [PDUR : INFO ] Assigning owner module to PduRDestPdu Can_PduR2Com_CanNodeNum_02_Rx_11 of routing path PduR_CanMsg_CanIf2Com_CanNodeNum_02_Rx_11
15:38:24,558 [INFO] [PDUR : INFO ]  Setting the logical owner of bsw::PduRModule::PduRDestPduCan_PduR2Com_CanNodeNum_02_Rx_11 as Com
15:38:24,558 [INFO] [PDUR : INFO ] Assigning owner module to PduRDestPdu Can_PduR2Com_CanNodeNum_02_Rx_12 of routing path PduR_CanMsg_CanIf2Com_CanNodeNum_02_Rx_12
15:38:24,558 [INFO] [PDUR : INFO ]  Setting the logical owner of bsw::PduRModule::PduRDestPduCan_PduR2Com_CanNodeNum_02_Rx_12 as Com
15:38:24,558 [INFO] [PDUR : INFO ] Assigning owner module to PduRDestPdu Can_PduR2Com_CanNodeNum_02_Rx_13 of routing path PduR_CanMsg_CanIf2Com_CanNodeNum_02_Rx_13
15:38:24,558 [INFO] [PDUR : INFO ]  Setting the logical owner of bsw::PduRModule::PduRDestPduCan_PduR2Com_CanNodeNum_02_Rx_13 as Com
15:38:24,558 [INFO] [PDUR : INFO ] Assigning owner module to PduRDestPdu Can_PduR2Com_CanNodeNum_02_Rx_14 of routing path PduR_CanMsg_CanIf2Com_CanNodeNum_02_Rx_14
15:38:24,558 [INFO] [PDUR : INFO ]  Setting the logical owner of bsw::PduRModule::PduRDestPduCan_PduR2Com_CanNodeNum_02_Rx_14 as Com
15:38:24,558 [INFO] [PDUR : INFO ] Assigning owner module to PduRDestPdu Can_PduR2Com_CanNodeNum_02_Rx_15 of routing path PduR_CanMsg_CanIf2Com_CanNodeNum_02_Rx_15
15:38:24,558 [INFO] [PDUR : INFO ]  Setting the logical owner of bsw::PduRModule::PduRDestPduCan_PduR2Com_CanNodeNum_02_Rx_15 as Com
15:38:24,558 [INFO] [PDUR : INFO ] Assigning owner module to PduRDestPdu Can_PduR2Com_CanNodeNum_02_Rx_16 of routing path PduR_CanMsg_CanIf2Com_CanNodeNum_02_Rx_16
15:38:24,558 [INFO] [PDUR : INFO ]  Setting the logical owner of bsw::PduRModule::PduRDestPduCan_PduR2Com_CanNodeNum_02_Rx_16 as Com
15:38:24,559 [INFO] [PDUR : INFO ] Assigning owner module to PduRDestPdu Can_PduR2Com_CanNodeNum_02_Rx_17 of routing path PduR_CanMsg_CanIf2Com_CanNodeNum_02_Rx_17
15:38:24,559 [INFO] [PDUR : INFO ]  Setting the logical owner of bsw::PduRModule::PduRDestPduCan_PduR2Com_CanNodeNum_02_Rx_17 as Com
15:38:24,559 [INFO] [PDUR : INFO ] Assigning owner module to PduRDestPdu Can_PduR2Com_CanNodeNum_02_Rx_18 of routing path PduR_CanMsg_CanIf2Com_CanNodeNum_02_Rx_18
15:38:24,559 [INFO] [PDUR : INFO ]  Setting the logical owner of bsw::PduRModule::PduRDestPduCan_PduR2Com_CanNodeNum_02_Rx_18 as Com
15:38:24,559 [INFO] [PDUR : INFO ] Assigning owner module to PduRDestPdu Can_PduR2Com_CanNodeNum_02_Rx_19 of routing path PduR_CanMsg_CanIf2Com_CanNodeNum_02_Rx_19
15:38:24,559 [INFO] [PDUR : INFO ]  Setting the logical owner of bsw::PduRModule::PduRDestPduCan_PduR2Com_CanNodeNum_02_Rx_19 as Com
15:38:24,559 [INFO] [PDUR : INFO ] Assigning owner module to PduRDestPdu Can_PduR2Com_CanNodeNum_02_Rx_20 of routing path PduR_CanMsg_CanIf2Com_CanNodeNum_02_Rx_20
15:38:24,559 [INFO] [PDUR : INFO ]  Setting the logical owner of bsw::PduRModule::PduRDestPduCan_PduR2Com_CanNodeNum_02_Rx_20 as Com
15:38:24,559 [INFO] [PDUR : INFO ] Assigning owner module to PduRDestPdu Can_PduR2Com_CanNodeNum_02_Rx_21 of routing path PduR_CanMsg_CanIf2Com_CanNodeNum_02_Rx_21
15:38:24,559 [INFO] [PDUR : INFO ]  Setting the logical owner of bsw::PduRModule::PduRDestPduCan_PduR2Com_CanNodeNum_02_Rx_21 as Com
15:38:24,559 [INFO] [PDUR : INFO ] Assigning owner module to PduRDestPdu Can_PduR2Com_CanNodeNum_02_Rx_22 of routing path PduR_CanMsg_CanIf2Com_CanNodeNum_02_Rx_22
15:38:24,559 [INFO] [PDUR : INFO ]  Setting the logical owner of bsw::PduRModule::PduRDestPduCan_PduR2Com_CanNodeNum_02_Rx_22 as Com
15:38:24,559 [INFO] [PDUR : INFO ] Assigning owner module to PduRDestPdu Can_PduR2Com_CanNodeNum_02_Rx_23 of routing path PduR_CanMsg_CanIf2Com_CanNodeNum_02_Rx_23
15:38:24,559 [INFO] [PDUR : INFO ]  Setting the logical owner of bsw::PduRModule::PduRDestPduCan_PduR2Com_CanNodeNum_02_Rx_23 as Com
15:38:24,559 [INFO] [PDUR : INFO ] Assigning owner module to PduRDestPdu Can_PduR2Com_CanNodeNum_02_Rx_24 of routing path PduR_CanMsg_CanIf2Com_CanNodeNum_02_Rx_24
15:38:24,559 [INFO] [PDUR : INFO ]  Setting the logical owner of bsw::PduRModule::PduRDestPduCan_PduR2Com_CanNodeNum_02_Rx_24 as Com
15:38:24,560 [INFO] [PDUR : INFO ] Assigning owner module to PduRDestPdu Can_PduR2Com_CanNodeNum_02_Rx_25 of routing path PduR_CanMsg_CanIf2Com_CanNodeNum_02_Rx_25
15:38:24,560 [INFO] [PDUR : INFO ]  Setting the logical owner of bsw::PduRModule::PduRDestPduCan_PduR2Com_CanNodeNum_02_Rx_25 as Com
15:38:24,560 [INFO] [PDUR : INFO ] Assigning owner module to PduRDestPdu Can_PduR2Com_CanNodeNum_02_Rx_26 of routing path PduR_CanMsg_CanIf2Com_CanNodeNum_02_Rx_26
15:38:24,560 [INFO] [PDUR : INFO ]  Setting the logical owner of bsw::PduRModule::PduRDestPduCan_PduR2Com_CanNodeNum_02_Rx_26 as Com
15:38:24,560 [INFO] [PDUR : INFO ] Assigning owner module to PduRDestPdu Can_PduR2Com_CanNodeNum_02_Rx_27 of routing path PduR_CanMsg_CanIf2Com_CanNodeNum_02_Rx_27
15:38:24,560 [INFO] [PDUR : INFO ]  Setting the logical owner of bsw::PduRModule::PduRDestPduCan_PduR2Com_CanNodeNum_02_Rx_27 as Com
15:38:24,560 [INFO] [PDUR : INFO ] Assigning owner module to PduRDestPdu Can_PduR2Com_CanNodeNum_02_Rx_28 of routing path PduR_CanMsg_CanIf2Com_CanNodeNum_02_Rx_28
15:38:24,560 [INFO] [PDUR : INFO ]  Setting the logical owner of bsw::PduRModule::PduRDestPduCan_PduR2Com_CanNodeNum_02_Rx_28 as Com
15:38:24,560 [INFO] [PDUR : INFO ] Assigning owner module to PduRDestPdu Can_PduR2Com_CanNodeNum_02_Rx_29 of routing path PduR_CanMsg_CanIf2Com_CanNodeNum_02_Rx_29
15:38:24,560 [INFO] [PDUR : INFO ]  Setting the logical owner of bsw::PduRModule::PduRDestPduCan_PduR2Com_CanNodeNum_02_Rx_29 as Com
15:38:24,560 [INFO] [PDUR : INFO ] Assigning owner module to PduRDestPdu Can_PduR2Com_CanNodeNum_02_Rx_30 of routing path PduR_CanMsg_CanIf2Com_CanNodeNum_02_Rx_30
15:38:24,560 [INFO] [PDUR : INFO ]  Setting the logical owner of bsw::PduRModule::PduRDestPduCan_PduR2Com_CanNodeNum_02_Rx_30 as Com
15:38:24,560 [INFO] [PDUR : INFO ] Assigning owner module to PduRDestPdu Can_PduR2Com_CanNodeNum_02_Rx_31 of routing path PduR_CanMsg_CanIf2Com_CanNodeNum_02_Rx_31
15:38:24,560 [INFO] [PDUR : INFO ]  Setting the logical owner of bsw::PduRModule::PduRDestPduCan_PduR2Com_CanNodeNum_02_Rx_31 as Com
15:38:24,560 [INFO] [PDUR : INFO ] Assigning owner module to PduRDestPdu Can_PduR2Com_CanNodeNum_02_Rx_32 of routing path PduR_CanMsg_CanIf2Com_CanNodeNum_02_Rx_32
15:38:24,560 [INFO] [PDUR : INFO ]  Setting the logical owner of bsw::PduRModule::PduRDestPduCan_PduR2Com_CanNodeNum_02_Rx_32 as Com
15:38:24,561 [INFO] [PDUR : INFO ] Assigning owner module to PduRDestPdu Can_PduR2Com_CanNodeNum_02_Rx_33 of routing path PduR_CanMsg_CanIf2Com_CanNodeNum_02_Rx_33
15:38:24,561 [INFO] [PDUR : INFO ]  Setting the logical owner of bsw::PduRModule::PduRDestPduCan_PduR2Com_CanNodeNum_02_Rx_33 as Com
15:38:24,561 [INFO] [PDUR : INFO ] Assigning owner module to PduRDestPdu Can_PduR2Com_CanNodeNum_02_Rx_34 of routing path PduR_CanMsg_CanIf2Com_CanNodeNum_02_Rx_34
15:38:24,561 [INFO] [PDUR : INFO ]  Setting the logical owner of bsw::PduRModule::PduRDestPduCan_PduR2Com_CanNodeNum_02_Rx_34 as Com
15:38:24,561 [INFO] [PDUR : INFO ] Assigning owner module to PduRDestPdu Can_PduR2Com_CanNodeNum_02_Rx_35 of routing path PduR_CanMsg_CanIf2Com_CanNodeNum_02_Rx_35
15:38:24,561 [INFO] [PDUR : INFO ]  Setting the logical owner of bsw::PduRModule::PduRDestPduCan_PduR2Com_CanNodeNum_02_Rx_35 as Com
15:38:24,561 [INFO] [PDUR : INFO ] Assigning owner module to PduRDestPdu Can_PduR2Com_CanNodeNum_02_Rx_36 of routing path PduR_CanMsg_CanIf2Com_CanNodeNum_02_Rx_36
15:38:24,561 [INFO] [PDUR : INFO ]  Setting the logical owner of bsw::PduRModule::PduRDestPduCan_PduR2Com_CanNodeNum_02_Rx_36 as Com
15:38:24,561 [INFO] [PDUR : INFO ] Assigning owner module to PduRDestPdu Can_PduR2Com_CanNodeNum_02_Rx_37 of routing path PduR_CanMsg_CanIf2Com_CanNodeNum_02_Rx_37
15:38:24,561 [INFO] [PDUR : INFO ]  Setting the logical owner of bsw::PduRModule::PduRDestPduCan_PduR2Com_CanNodeNum_02_Rx_37 as Com
15:38:24,561 [INFO] [PDUR : INFO ] Assigning owner module to PduRDestPdu Can_PduR2Com_CanNodeNum_02_Rx_38 of routing path PduR_CanMsg_CanIf2Com_CanNodeNum_02_Rx_38
15:38:24,561 [INFO] [PDUR : INFO ]  Setting the logical owner of bsw::PduRModule::PduRDestPduCan_PduR2Com_CanNodeNum_02_Rx_38 as Com
15:38:24,561 [INFO] [PDUR : INFO ] Assigning owner module to PduRDestPdu Can_PduR2Com_CanNodeNum_02_Rx_39 of routing path PduR_CanMsg_CanIf2Com_CanNodeNum_02_Rx_39
15:38:24,561 [INFO] [PDUR : INFO ]  Setting the logical owner of bsw::PduRModule::PduRDestPduCan_PduR2Com_CanNodeNum_02_Rx_39 as Com
15:38:24,561 [INFO] [PDUR : INFO ] Assigning owner module to PduRDestPdu Can_PduR2Com_CanNodeNum_02_Rx_40 of routing path PduR_CanMsg_CanIf2Com_CanNodeNum_02_Rx_40
15:38:24,561 [INFO] [PDUR : INFO ]  Setting the logical owner of bsw::PduRModule::PduRDestPduCan_PduR2Com_CanNodeNum_02_Rx_40 as Com
15:38:24,562 [INFO] [PDUR : INFO ] Assigning owner module to PduRDestPdu Can_PduR2CanIf_CanNodeNum_02_TxBasic_01 of routing path PduR_CanMsg_Com2CanIf_CanNodeNum_02_TxBasic_01
15:38:24,562 [INFO] [PDUR : INFO ]  Setting the logical owner of bsw::PduRModule::PduRDestPduCan_PduR2CanIf_CanNodeNum_02_TxBasic_01 as CanIf
15:38:24,562 [INFO] [PDUR : INFO ] Assigning owner module to PduRDestPdu Can_PduR2CanIf_CanNodeNum_02_TxBasic_02 of routing path PduR_CanMsg_Com2CanIf_CanNodeNum_02_TxBasic_02
15:38:24,562 [INFO] [PDUR : INFO ]  Setting the logical owner of bsw::PduRModule::PduRDestPduCan_PduR2CanIf_CanNodeNum_02_TxBasic_02 as CanIf
15:38:24,562 [INFO] [PDUR : INFO ] Assigning owner module to PduRDestPdu Can_PduR2CanIf_CanNodeNum_02_TxBasic_03 of routing path PduR_CanMsg_Com2CanIf_CanNodeNum_02_TxBasic_03
15:38:24,562 [INFO] [PDUR : INFO ]  Setting the logical owner of bsw::PduRModule::PduRDestPduCan_PduR2CanIf_CanNodeNum_02_TxBasic_03 as CanIf
15:38:24,562 [INFO] [PDUR : INFO ] Assigning owner module to PduRDestPdu Can_PduR2CanIf_CanNodeNum_02_TxBasic_04 of routing path PduR_CanMsg_Com2CanIf_CanNodeNum_02_TxBasic_04
15:38:24,562 [INFO] [PDUR : INFO ]  Setting the logical owner of bsw::PduRModule::PduRDestPduCan_PduR2CanIf_CanNodeNum_02_TxBasic_04 as CanIf
15:38:24,562 [INFO] [PDUR : INFO ] Assigning owner module to PduRDestPdu Can_PduR2CanIf_CanNodeNum_02_TxBasic_05 of routing path PduR_CanMsg_Com2CanIf_CanNodeNum_02_TxBasic_05
15:38:24,562 [INFO] [PDUR : INFO ]  Setting the logical owner of bsw::PduRModule::PduRDestPduCan_PduR2CanIf_CanNodeNum_02_TxBasic_05 as CanIf
15:38:24,562 [INFO] [PDUR : INFO ] Assigning owner module to PduRDestPdu Can_PduR2CanIf_CanNodeNum_02_TxBasic_06 of routing path PduR_CanMsg_Com2CanIf_CanNodeNum_02_TxBasic_06
15:38:24,562 [INFO] [PDUR : INFO ]  Setting the logical owner of bsw::PduRModule::PduRDestPduCan_PduR2CanIf_CanNodeNum_02_TxBasic_06 as CanIf
15:38:24,562 [INFO] [PDUR : INFO ] Assigning owner module to PduRDestPdu Can_PduR2CanIf_CanNodeNum_02_TxBasic_07 of routing path PduR_CanMsg_Com2CanIf_CanNodeNum_02_TxBasic_07
15:38:24,562 [INFO] [PDUR : INFO ]  Setting the logical owner of bsw::PduRModule::PduRDestPduCan_PduR2CanIf_CanNodeNum_02_TxBasic_07 as CanIf
15:38:24,563 [INFO] [PDUR : INFO ] Assigning owner module to PduRDestPdu Can_PduR2CanIf_CanNodeNum_02_TxBasic_08 of routing path PduR_CanMsg_Com2CanIf_CanNodeNum_02_TxBasic_08
15:38:24,563 [INFO] [PDUR : INFO ]  Setting the logical owner of bsw::PduRModule::PduRDestPduCan_PduR2CanIf_CanNodeNum_02_TxBasic_08 as CanIf
15:38:24,563 [INFO] [PDUR : INFO ] Assigning owner module to PduRDestPdu Can_PduR2CanIf_CanNodeNum_02_TxBasic_09 of routing path PduR_CanMsg_Com2CanIf_CanNodeNum_02_TxBasic_09
15:38:24,563 [INFO] [PDUR : INFO ]  Setting the logical owner of bsw::PduRModule::PduRDestPduCan_PduR2CanIf_CanNodeNum_02_TxBasic_09 as CanIf
15:38:24,563 [INFO] [PDUR : INFO ] Assigning owner module to PduRDestPdu Can_PduR2CanIf_CanNodeNum_02_TxBasic_10 of routing path PduR_CanMsg_Com2CanIf_CanNodeNum_02_TxBasic_10
15:38:24,563 [INFO] [PDUR : INFO ]  Setting the logical owner of bsw::PduRModule::PduRDestPduCan_PduR2CanIf_CanNodeNum_02_TxBasic_10 as CanIf
15:38:24,563 [INFO] [PDUR : INFO ] Assigning owner module to PduRDestPdu Can_PduR2CanIf_CanNodeNum_02_TxBasic_11 of routing path PduR_CanMsg_Com2CanIf_CanNodeNum_02_TxBasic_11
15:38:24,563 [INFO] [PDUR : INFO ]  Setting the logical owner of bsw::PduRModule::PduRDestPduCan_PduR2CanIf_CanNodeNum_02_TxBasic_11 as CanIf
15:38:24,563 [INFO] [PDUR : INFO ] Assigning owner module to PduRDestPdu Can_PduR2CanIf_CanNodeNum_02_TxBasic_12 of routing path PduR_CanMsg_Com2CanIf_CanNodeNum_02_TxBasic_12
15:38:24,563 [INFO] [PDUR : INFO ]  Setting the logical owner of bsw::PduRModule::PduRDestPduCan_PduR2CanIf_CanNodeNum_02_TxBasic_12 as CanIf
15:38:24,563 [INFO] [PDUR : INFO ] Assigning owner module to PduRDestPdu Can_PduR2CanIf_CanNodeNum_02_TxBasic_13 of routing path PduR_CanMsg_Com2CanIf_CanNodeNum_02_TxBasic_13
15:38:24,563 [INFO] [PDUR : INFO ]  Setting the logical owner of bsw::PduRModule::PduRDestPduCan_PduR2CanIf_CanNodeNum_02_TxBasic_13 as CanIf
15:38:24,563 [INFO] [PDUR : INFO ] Assigning owner module to PduRDestPdu Can_PduR2CanIf_CanNodeNum_02_TxBasic_14 of routing path PduR_CanMsg_Com2CanIf_CanNodeNum_02_TxBasic_14
15:38:24,563 [INFO] [PDUR : INFO ]  Setting the logical owner of bsw::PduRModule::PduRDestPduCan_PduR2CanIf_CanNodeNum_02_TxBasic_14 as CanIf
15:38:24,564 [INFO] [PDUR : INFO ] Assigning owner module to PduRDestPdu Can_PduR2CanIf_CanNodeNum_02_TxBasic_15 of routing path PduR_CanMsg_Com2CanIf_CanNodeNum_02_TxBasic_15
15:38:24,564 [INFO] [PDUR : INFO ]  Setting the logical owner of bsw::PduRModule::PduRDestPduCan_PduR2CanIf_CanNodeNum_02_TxBasic_15 as CanIf
15:38:24,564 [INFO] [PDUR : INFO ] Assigning owner module to PduRDestPdu Can_PduR2CanIf_CanNodeNum_02_TxBasic_16 of routing path PduR_CanMsg_Com2CanIf_CanNodeNum_02_TxBasic_16
15:38:24,564 [INFO] [PDUR : INFO ]  Setting the logical owner of bsw::PduRModule::PduRDestPduCan_PduR2CanIf_CanNodeNum_02_TxBasic_16 as CanIf
15:38:24,564 [INFO] [PDUR : INFO ] Assigning owner module to PduRDestPdu Can_PduR2CanIf_CanNodeNum_02_TxBasic_17 of routing path PduR_CanMsg_Com2CanIf_CanNodeNum_02_TxBasic_17
15:38:24,564 [INFO] [PDUR : INFO ]  Setting the logical owner of bsw::PduRModule::PduRDestPduCan_PduR2CanIf_CanNodeNum_02_TxBasic_17 as CanIf
15:38:24,564 [INFO] [PDUR : INFO ] Assigning owner module to PduRDestPdu Can_PduR2CanIf_CanNodeNum_02_TxBasic_18 of routing path PduR_CanMsg_Com2CanIf_CanNodeNum_02_TxBasic_18
15:38:24,564 [INFO] [PDUR : INFO ]  Setting the logical owner of bsw::PduRModule::PduRDestPduCan_PduR2CanIf_CanNodeNum_02_TxBasic_18 as CanIf
15:38:24,564 [INFO] [PDUR : INFO ] Assigning owner module to PduRDestPdu Can_PduR2CanIf_CanNodeNum_02_TxBasic_19 of routing path PduR_CanMsg_Com2CanIf_CanNodeNum_02_TxBasic_19
15:38:24,564 [INFO] [PDUR : INFO ]  Setting the logical owner of bsw::PduRModule::PduRDestPduCan_PduR2CanIf_CanNodeNum_02_TxBasic_19 as CanIf
15:38:24,564 [INFO] [PDUR : INFO ] Assigning owner module to PduRDestPdu Can_PduR2CanIf_CanNodeNum_02_TxBasic_20 of routing path PduR_CanMsg_Com2CanIf_CanNodeNum_02_TxBasic_20
15:38:24,564 [INFO] [PDUR : INFO ]  Setting the logical owner of bsw::PduRModule::PduRDestPduCan_PduR2CanIf_CanNodeNum_02_TxBasic_20 as CanIf
15:38:24,564 [INFO] [PDUR : INFO ] Assigning owner module to PduRDestPdu Can_PduR2CanIf_CanNodeNum_02_Tx_01 of routing path PduR_CanMsg_Com2CanIf_CanNodeNum_02_Tx_01
15:38:24,564 [INFO] [PDUR : INFO ]  Setting the logical owner of bsw::PduRModule::PduRDestPduCan_PduR2CanIf_CanNodeNum_02_Tx_01 as CanIf
15:38:24,564 [INFO] [PDUR : INFO ] Assigning owner module to PduRDestPdu Can_PduR2CanIf_CanNodeNum_02_Tx_02 of routing path PduR_CanMsg_Com2CanIf_CanNodeNum_02_Tx_02
15:38:24,564 [INFO] [PDUR : INFO ]  Setting the logical owner of bsw::PduRModule::PduRDestPduCan_PduR2CanIf_CanNodeNum_02_Tx_02 as CanIf
15:38:24,565 [INFO] [PDUR : INFO ] Assigning owner module to PduRDestPdu Can_PduR2CanIf_CanNodeNum_02_Tx_03 of routing path PduR_CanMsg_Com2CanIf_CanNodeNum_02_Tx_03
15:38:24,565 [INFO] [PDUR : INFO ]  Setting the logical owner of bsw::PduRModule::PduRDestPduCan_PduR2CanIf_CanNodeNum_02_Tx_03 as CanIf
15:38:24,565 [INFO] [PDUR : INFO ] Assigning owner module to PduRDestPdu Can_PduR2CanIf_CanNodeNum_02_Tx_04 of routing path PduR_CanMsg_Com2CanIf_CanNodeNum_02_Tx_04
15:38:24,565 [INFO] [PDUR : INFO ]  Setting the logical owner of bsw::PduRModule::PduRDestPduCan_PduR2CanIf_CanNodeNum_02_Tx_04 as CanIf
15:38:24,565 [INFO] [PDUR : INFO ] Assigning owner module to PduRDestPdu Can_PduR2CanIf_CanNodeNum_02_Tx_05 of routing path PduR_CanMsg_Com2CanIf_CanNodeNum_02_Tx_05
15:38:24,565 [INFO] [PDUR : INFO ]  Setting the logical owner of bsw::PduRModule::PduRDestPduCan_PduR2CanIf_CanNodeNum_02_Tx_05 as CanIf
15:38:24,565 [INFO] [PDUR : INFO ] Assigning owner module to PduRDestPdu Can_PduR2CanIf_CanNodeNum_02_Tx_06 of routing path PduR_CanMsg_Com2CanIf_CanNodeNum_02_Tx_06
15:38:24,565 [INFO] [PDUR : INFO ]  Setting the logical owner of bsw::PduRModule::PduRDestPduCan_PduR2CanIf_CanNodeNum_02_Tx_06 as CanIf
15:38:24,565 [INFO] [PDUR : INFO ] Assigning owner module to PduRDestPdu Can_PduR2CanIf_CanNodeNum_02_Tx_07 of routing path PduR_CanMsg_Com2CanIf_CanNodeNum_02_Tx_07
15:38:24,565 [INFO] [PDUR : INFO ]  Setting the logical owner of bsw::PduRModule::PduRDestPduCan_PduR2CanIf_CanNodeNum_02_Tx_07 as CanIf
15:38:24,565 [INFO] [PDUR : INFO ] Assigning owner module to PduRDestPdu Can_PduR2CanIf_CanNodeNum_02_Tx_08 of routing path PduR_CanMsg_Com2CanIf_CanNodeNum_02_Tx_08
15:38:24,565 [INFO] [PDUR : INFO ]  Setting the logical owner of bsw::PduRModule::PduRDestPduCan_PduR2CanIf_CanNodeNum_02_Tx_08 as CanIf
15:38:24,565 [INFO] [PDUR : INFO ] Assigning owner module to PduRDestPdu Can_PduR2CanIf_CanNodeNum_02_Tx_09 of routing path PduR_CanMsg_Com2CanIf_CanNodeNum_02_Tx_09
15:38:24,565 [INFO] [PDUR : INFO ]  Setting the logical owner of bsw::PduRModule::PduRDestPduCan_PduR2CanIf_CanNodeNum_02_Tx_09 as CanIf
15:38:24,565 [INFO] [PDUR : INFO ] Assigning owner module to PduRDestPdu Can_PduR2CanIf_CanNodeNum_02_Tx_10 of routing path PduR_CanMsg_Com2CanIf_CanNodeNum_02_Tx_10
15:38:24,565 [INFO] [PDUR : INFO ]  Setting the logical owner of bsw::PduRModule::PduRDestPduCan_PduR2CanIf_CanNodeNum_02_Tx_10 as CanIf
15:38:24,566 [INFO] [PDUR : INFO ] Assigning owner module to PduRDestPdu Can_PduR2CanIf_CanNodeNum_02_Tx_11 of routing path PduR_CanMsg_Com2CanIf_CanNodeNum_02_Tx_11
15:38:24,566 [INFO] [PDUR : INFO ]  Setting the logical owner of bsw::PduRModule::PduRDestPduCan_PduR2CanIf_CanNodeNum_02_Tx_11 as CanIf
15:38:24,566 [INFO] [PDUR : INFO ] Assigning owner module to PduRDestPdu Can_PduR2CanIf_CanNodeNum_02_Tx_12 of routing path PduR_CanMsg_Com2CanIf_CanNodeNum_02_Tx_12
15:38:24,566 [INFO] [PDUR : INFO ]  Setting the logical owner of bsw::PduRModule::PduRDestPduCan_PduR2CanIf_CanNodeNum_02_Tx_12 as CanIf
15:38:24,566 [INFO] [PDUR : INFO ] Assigning owner module to PduRDestPdu Can_PduR2CanIf_CanNodeNum_02_Tx_13 of routing path PduR_CanMsg_Com2CanIf_CanNodeNum_02_Tx_13
15:38:24,566 [INFO] [PDUR : INFO ]  Setting the logical owner of bsw::PduRModule::PduRDestPduCan_PduR2CanIf_CanNodeNum_02_Tx_13 as CanIf
15:38:24,566 [INFO] [PDUR : INFO ] Assigning owner module to PduRDestPdu Can_PduR2CanIf_CanNodeNum_02_Tx_14 of routing path PduR_CanMsg_Com2CanIf_CanNodeNum_02_Tx_14
15:38:24,566 [INFO] [PDUR : INFO ]  Setting the logical owner of bsw::PduRModule::PduRDestPduCan_PduR2CanIf_CanNodeNum_02_Tx_14 as CanIf
15:38:24,566 [INFO] [PDUR : INFO ] Assigning owner module to PduRDestPdu Can_PduR2CanIf_CanNodeNum_02_Tx_15 of routing path PduR_CanMsg_Com2CanIf_CanNodeNum_02_Tx_15
15:38:24,566 [INFO] [PDUR : INFO ]  Setting the logical owner of bsw::PduRModule::PduRDestPduCan_PduR2CanIf_CanNodeNum_02_Tx_15 as CanIf
15:38:24,566 [INFO] [PDUR : INFO ] Assigning owner module to PduRDestPdu Can_PduR2CanIf_CanNodeNum_02_Tx_16 of routing path PduR_CanMsg_Com2CanIf_CanNodeNum_02_Tx_16
15:38:24,566 [INFO] [PDUR : INFO ]  Setting the logical owner of bsw::PduRModule::PduRDestPduCan_PduR2CanIf_CanNodeNum_02_Tx_16 as CanIf
15:38:24,566 [INFO] [PDUR : INFO ] Assigning owner module to PduRDestPdu Can_PduR2CanIf_CanNodeNum_02_Tx_17 of routing path PduR_CanMsg_Com2CanIf_CanNodeNum_02_Tx_17
15:38:24,566 [INFO] [PDUR : INFO ]  Setting the logical owner of bsw::PduRModule::PduRDestPduCan_PduR2CanIf_CanNodeNum_02_Tx_17 as CanIf
15:38:24,567 [INFO] [PDUR : INFO ] Assigning owner module to PduRDestPdu Can_PduR2CanIf_CanNodeNum_02_Tx_18 of routing path PduR_CanMsg_Com2CanIf_CanNodeNum_02_Tx_18
15:38:24,567 [INFO] [PDUR : INFO ]  Setting the logical owner of bsw::PduRModule::PduRDestPduCan_PduR2CanIf_CanNodeNum_02_Tx_18 as CanIf
15:38:24,567 [INFO] [PDUR : INFO ] Assigning owner module to PduRDestPdu Can_PduR2CanIf_CanNodeNum_02_Tx_19 of routing path PduR_CanMsg_Com2CanIf_CanNodeNum_02_Tx_19
15:38:24,567 [INFO] [PDUR : INFO ]  Setting the logical owner of bsw::PduRModule::PduRDestPduCan_PduR2CanIf_CanNodeNum_02_Tx_19 as CanIf
15:38:24,567 [INFO] [PDUR : INFO ] Assigning owner module to PduRDestPdu Can_PduR2CanIf_CanNodeNum_02_Tx_20 of routing path PduR_CanMsg_Com2CanIf_CanNodeNum_02_Tx_20
15:38:24,567 [INFO] [PDUR : INFO ]  Setting the logical owner of bsw::PduRModule::PduRDestPduCan_PduR2CanIf_CanNodeNum_02_Tx_20 as CanIf
15:38:24,567 [INFO] [PDUR : INFO ] Assigning owner module to PduRDestPdu Can_PduR2CanIf_CanNodeNum_02_Tx_21 of routing path PduR_CanMsg_Com2CanIf_CanNodeNum_02_Tx_21
15:38:24,567 [INFO] [PDUR : INFO ]  Setting the logical owner of bsw::PduRModule::PduRDestPduCan_PduR2CanIf_CanNodeNum_02_Tx_21 as CanIf
15:38:24,567 [INFO] [PDUR : INFO ] Assigning owner module to PduRDestPdu Can_PduR2CanIf_CanNodeNum_02_Tx_22 of routing path PduR_CanMsg_Com2CanIf_CanNodeNum_02_Tx_22
15:38:24,567 [INFO] [PDUR : INFO ]  Setting the logical owner of bsw::PduRModule::PduRDestPduCan_PduR2CanIf_CanNodeNum_02_Tx_22 as CanIf
15:38:24,567 [INFO] [PDUR : INFO ] Assigning owner module to PduRDestPdu Can_PduR2CanIf_CanNodeNum_02_Tx_23 of routing path PduR_CanMsg_Com2CanIf_CanNodeNum_02_Tx_23
15:38:24,567 [INFO] [PDUR : INFO ]  Setting the logical owner of bsw::PduRModule::PduRDestPduCan_PduR2CanIf_CanNodeNum_02_Tx_23 as CanIf
15:38:24,567 [INFO] [PDUR : INFO ] Assigning owner module to PduRDestPdu Can_PduR2CanIf_CanNodeNum_02_Tx_24 of routing path PduR_CanMsg_Com2CanIf_CanNodeNum_02_Tx_24
15:38:24,567 [INFO] [PDUR : INFO ]  Setting the logical owner of bsw::PduRModule::PduRDestPduCan_PduR2CanIf_CanNodeNum_02_Tx_24 as CanIf
15:38:24,568 [INFO] [PDUR : INFO ] Assigning owner module to PduRDestPdu Can_PduR2CanIf_CanNodeNum_02_Tx_25 of routing path PduR_CanMsg_Com2CanIf_CanNodeNum_02_Tx_25
15:38:24,568 [INFO] [PDUR : INFO ]  Setting the logical owner of bsw::PduRModule::PduRDestPduCan_PduR2CanIf_CanNodeNum_02_Tx_25 as CanIf
15:38:24,568 [INFO] [PDUR : INFO ] Assigning owner module to PduRDestPdu Can_PduR2CanIf_CanNodeNum_02_Tx_26 of routing path PduR_CanMsg_Com2CanIf_CanNodeNum_02_Tx_26
15:38:24,568 [INFO] [PDUR : INFO ]  Setting the logical owner of bsw::PduRModule::PduRDestPduCan_PduR2CanIf_CanNodeNum_02_Tx_26 as CanIf
15:38:24,568 [INFO] [PDUR : INFO ] Assigning owner module to PduRDestPdu Can_PduR2Com_CanNodeNum_03_Rx_01 of routing path PduR_CanMsg_CanIf2Com_CanNodeNum_03_Rx_01
15:38:24,568 [INFO] [PDUR : INFO ]  Setting the logical owner of bsw::PduRModule::PduRDestPduCan_PduR2Com_CanNodeNum_03_Rx_01 as Com
15:38:24,568 [INFO] [PDUR : INFO ] Assigning owner module to PduRDestPdu Can_PduR2Com_CanNodeNum_03_Rx_02 of routing path PduR_CanMsg_CanIf2Com_CanNodeNum_03_Rx_02
15:38:24,568 [INFO] [PDUR : INFO ]  Setting the logical owner of bsw::PduRModule::PduRDestPduCan_PduR2Com_CanNodeNum_03_Rx_02 as Com
15:38:24,568 [INFO] [PDUR : INFO ] Assigning owner module to PduRDestPdu Can_PduR2Com_CanNodeNum_03_Rx_03 of routing path PduR_CanMsg_CanIf2Com_CanNodeNum_03_Rx_03
15:38:24,568 [INFO] [PDUR : INFO ]  Setting the logical owner of bsw::PduRModule::PduRDestPduCan_PduR2Com_CanNodeNum_03_Rx_03 as Com
15:38:24,568 [INFO] [PDUR : INFO ] Assigning owner module to PduRDestPdu Can_PduR2Com_CanNodeNum_03_Rx_04 of routing path PduR_CanMsg_CanIf2Com_CanNodeNum_03_Rx_04
15:38:24,568 [INFO] [PDUR : INFO ]  Setting the logical owner of bsw::PduRModule::PduRDestPduCan_PduR2Com_CanNodeNum_03_Rx_04 as Com
15:38:24,568 [INFO] [PDUR : INFO ] Assigning owner module to PduRDestPdu Can_PduR2Com_CanNodeNum_03_Rx_05 of routing path PduR_CanMsg_CanIf2Com_CanNodeNum_03_Rx_05
15:38:24,568 [INFO] [PDUR : INFO ]  Setting the logical owner of bsw::PduRModule::PduRDestPduCan_PduR2Com_CanNodeNum_03_Rx_05 as Com
15:38:24,568 [INFO] [PDUR : INFO ] Assigning owner module to PduRDestPdu Can_PduR2Com_CanNodeNum_03_Rx_06 of routing path PduR_CanMsg_CanIf2Com_CanNodeNum_03_Rx_06
15:38:24,569 [INFO] [PDUR : INFO ]  Setting the logical owner of bsw::PduRModule::PduRDestPduCan_PduR2Com_CanNodeNum_03_Rx_06 as Com
15:38:24,569 [INFO] [PDUR : INFO ] Assigning owner module to PduRDestPdu Can_PduR2Com_CanNodeNum_03_Rx_07 of routing path PduR_CanMsg_CanIf2Com_CanNodeNum_03_Rx_07
15:38:24,569 [INFO] [PDUR : INFO ]  Setting the logical owner of bsw::PduRModule::PduRDestPduCan_PduR2Com_CanNodeNum_03_Rx_07 as Com
15:38:24,569 [INFO] [PDUR : INFO ] Assigning owner module to PduRDestPdu Can_PduR2Com_CanNodeNum_03_Rx_08 of routing path PduR_CanMsg_CanIf2Com_CanNodeNum_03_Rx_08
15:38:24,569 [INFO] [PDUR : INFO ]  Setting the logical owner of bsw::PduRModule::PduRDestPduCan_PduR2Com_CanNodeNum_03_Rx_08 as Com
15:38:24,569 [INFO] [PDUR : INFO ] Assigning owner module to PduRDestPdu Can_PduR2Com_CanNodeNum_03_Rx_09 of routing path PduR_CanMsg_CanIf2Com_CanNodeNum_03_Rx_09
15:38:24,569 [INFO] [PDUR : INFO ]  Setting the logical owner of bsw::PduRModule::PduRDestPduCan_PduR2Com_CanNodeNum_03_Rx_09 as Com
15:38:24,569 [INFO] [PDUR : INFO ] Assigning owner module to PduRDestPdu Can_PduR2Com_CanNodeNum_03_Rx_10 of routing path PduR_CanMsg_CanIf2Com_CanNodeNum_03_Rx_10
15:38:24,569 [INFO] [PDUR : INFO ]  Setting the logical owner of bsw::PduRModule::PduRDestPduCan_PduR2Com_CanNodeNum_03_Rx_10 as Com
15:38:24,569 [INFO] [PDUR : INFO ] Assigning owner module to PduRDestPdu Can_PduR2Com_CanNodeNum_03_Rx_11 of routing path PduR_CanMsg_CanIf2Com_CanNodeNum_03_Rx_11
15:38:24,569 [INFO] [PDUR : INFO ]  Setting the logical owner of bsw::PduRModule::PduRDestPduCan_PduR2Com_CanNodeNum_03_Rx_11 as Com
15:38:24,569 [INFO] [PDUR : INFO ] Assigning owner module to PduRDestPdu Can_PduR2Com_CanNodeNum_03_Rx_12 of routing path PduR_CanMsg_CanIf2Com_CanNodeNum_03_Rx_12
15:38:24,569 [INFO] [PDUR : INFO ]  Setting the logical owner of bsw::PduRModule::PduRDestPduCan_PduR2Com_CanNodeNum_03_Rx_12 as Com
15:38:24,569 [INFO] [PDUR : INFO ] Assigning owner module to PduRDestPdu Can_PduR2Com_CanNodeNum_03_Rx_13 of routing path PduR_CanMsg_CanIf2Com_CanNodeNum_03_Rx_13
15:38:24,569 [INFO] [PDUR : INFO ]  Setting the logical owner of bsw::PduRModule::PduRDestPduCan_PduR2Com_CanNodeNum_03_Rx_13 as Com
15:38:24,569 [INFO] [PDUR : INFO ] Assigning owner module to PduRDestPdu Can_PduR2Com_CanNodeNum_03_Rx_14 of routing path PduR_CanMsg_CanIf2Com_CanNodeNum_03_Rx_14
15:38:24,570 [INFO] [PDUR : INFO ]  Setting the logical owner of bsw::PduRModule::PduRDestPduCan_PduR2Com_CanNodeNum_03_Rx_14 as Com
15:38:24,570 [INFO] [PDUR : INFO ] Assigning owner module to PduRDestPdu Can_PduR2Com_CanNodeNum_03_Rx_15 of routing path PduR_CanMsg_CanIf2Com_CanNodeNum_03_Rx_15
15:38:24,570 [INFO] [PDUR : INFO ]  Setting the logical owner of bsw::PduRModule::PduRDestPduCan_PduR2Com_CanNodeNum_03_Rx_15 as Com
15:38:24,570 [INFO] [PDUR : INFO ] Assigning owner module to PduRDestPdu Can_PduR2Com_CanNodeNum_03_Rx_16 of routing path PduR_CanMsg_CanIf2Com_CanNodeNum_03_Rx_16
15:38:24,570 [INFO] [PDUR : INFO ]  Setting the logical owner of bsw::PduRModule::PduRDestPduCan_PduR2Com_CanNodeNum_03_Rx_16 as Com
15:38:24,570 [INFO] [PDUR : INFO ] Assigning owner module to PduRDestPdu Can_PduR2Com_CanNodeNum_03_Rx_17 of routing path PduR_CanMsg_CanIf2Com_CanNodeNum_03_Rx_17
15:38:24,570 [INFO] [PDUR : INFO ]  Setting the logical owner of bsw::PduRModule::PduRDestPduCan_PduR2Com_CanNodeNum_03_Rx_17 as Com
15:38:24,570 [INFO] [PDUR : INFO ] Assigning owner module to PduRDestPdu Can_PduR2Com_CanNodeNum_03_Rx_18 of routing path PduR_CanMsg_CanIf2Com_CanNodeNum_03_Rx_18
15:38:24,570 [INFO] [PDUR : INFO ]  Setting the logical owner of bsw::PduRModule::PduRDestPduCan_PduR2Com_CanNodeNum_03_Rx_18 as Com
15:38:24,570 [INFO] [PDUR : INFO ] Assigning owner module to PduRDestPdu Can_PduR2Com_CanNodeNum_03_Rx_19 of routing path PduR_CanMsg_CanIf2Com_CanNodeNum_03_Rx_19
15:38:24,570 [INFO] [PDUR : INFO ]  Setting the logical owner of bsw::PduRModule::PduRDestPduCan_PduR2Com_CanNodeNum_03_Rx_19 as Com
15:38:24,570 [INFO] [PDUR : INFO ] Assigning owner module to PduRDestPdu Can_PduR2Com_CanNodeNum_03_Rx_20 of routing path PduR_CanMsg_CanIf2Com_CanNodeNum_03_Rx_20
15:38:24,570 [INFO] [PDUR : INFO ]  Setting the logical owner of bsw::PduRModule::PduRDestPduCan_PduR2Com_CanNodeNum_03_Rx_20 as Com
15:38:24,570 [INFO] [PDUR : INFO ] Assigning owner module to PduRDestPdu Can_PduR2Com_CanNodeNum_03_Rx_21 of routing path PduR_CanMsg_CanIf2Com_CanNodeNum_03_Rx_21
15:38:24,570 [INFO] [PDUR : INFO ]  Setting the logical owner of bsw::PduRModule::PduRDestPduCan_PduR2Com_CanNodeNum_03_Rx_21 as Com
15:38:24,571 [INFO] [PDUR : INFO ] Assigning owner module to PduRDestPdu Can_PduR2Com_CanNodeNum_03_Rx_22 of routing path PduR_CanMsg_CanIf2Com_CanNodeNum_03_Rx_22
15:38:24,571 [INFO] [PDUR : INFO ]  Setting the logical owner of bsw::PduRModule::PduRDestPduCan_PduR2Com_CanNodeNum_03_Rx_22 as Com
15:38:24,571 [INFO] [PDUR : INFO ] Assigning owner module to PduRDestPdu Can_PduR2Com_CanNodeNum_03_Rx_23 of routing path PduR_CanMsg_CanIf2Com_CanNodeNum_03_Rx_23
15:38:24,571 [INFO] [PDUR : INFO ]  Setting the logical owner of bsw::PduRModule::PduRDestPduCan_PduR2Com_CanNodeNum_03_Rx_23 as Com
15:38:24,571 [INFO] [PDUR : INFO ] Assigning owner module to PduRDestPdu Can_PduR2Com_CanNodeNum_03_Rx_24 of routing path PduR_CanMsg_CanIf2Com_CanNodeNum_03_Rx_24
15:38:24,571 [INFO] [PDUR : INFO ]  Setting the logical owner of bsw::PduRModule::PduRDestPduCan_PduR2Com_CanNodeNum_03_Rx_24 as Com
15:38:24,571 [INFO] [PDUR : INFO ] Assigning owner module to PduRDestPdu Can_PduR2Com_CanNodeNum_03_Rx_25 of routing path PduR_CanMsg_CanIf2Com_CanNodeNum_03_Rx_25
15:38:24,572 [INFO] [PDUR : INFO ]  Setting the logical owner of bsw::PduRModule::PduRDestPduCan_PduR2Com_CanNodeNum_03_Rx_25 as Com
15:38:24,572 [INFO] [PDUR : INFO ] Assigning owner module to PduRDestPdu Can_PduR2Com_CanNodeNum_03_Rx_26 of routing path PduR_CanMsg_CanIf2Com_CanNodeNum_03_Rx_26
15:38:24,572 [INFO] [PDUR : INFO ]  Setting the logical owner of bsw::PduRModule::PduRDestPduCan_PduR2Com_CanNodeNum_03_Rx_26 as Com
15:38:24,572 [INFO] [PDUR : INFO ] Assigning owner module to PduRDestPdu Can_PduR2Com_CanNodeNum_03_Rx_27 of routing path PduR_CanMsg_CanIf2Com_CanNodeNum_03_Rx_27
15:38:24,572 [INFO] [PDUR : INFO ]  Setting the logical owner of bsw::PduRModule::PduRDestPduCan_PduR2Com_CanNodeNum_03_Rx_27 as Com
15:38:24,572 [INFO] [PDUR : INFO ] Assigning owner module to PduRDestPdu Can_PduR2Com_CanNodeNum_03_Rx_28 of routing path PduR_CanMsg_CanIf2Com_CanNodeNum_03_Rx_28
15:38:24,572 [INFO] [PDUR : INFO ]  Setting the logical owner of bsw::PduRModule::PduRDestPduCan_PduR2Com_CanNodeNum_03_Rx_28 as Com
15:38:24,572 [INFO] [PDUR : INFO ] Assigning owner module to PduRDestPdu Can_PduR2Com_CanNodeNum_03_Rx_29 of routing path PduR_CanMsg_CanIf2Com_CanNodeNum_03_Rx_29
15:38:24,572 [INFO] [PDUR : INFO ]  Setting the logical owner of bsw::PduRModule::PduRDestPduCan_PduR2Com_CanNodeNum_03_Rx_29 as Com
15:38:24,572 [INFO] [PDUR : INFO ] Assigning owner module to PduRDestPdu Can_PduR2Com_CanNodeNum_03_Rx_30 of routing path PduR_CanMsg_CanIf2Com_CanNodeNum_03_Rx_30
15:38:24,572 [INFO] [PDUR : INFO ]  Setting the logical owner of bsw::PduRModule::PduRDestPduCan_PduR2Com_CanNodeNum_03_Rx_30 as Com
15:38:24,572 [INFO] [PDUR : INFO ] Assigning owner module to PduRDestPdu Can_PduR2Com_CanNodeNum_03_Rx_31 of routing path PduR_CanMsg_CanIf2Com_CanNodeNum_03_Rx_31
15:38:24,572 [INFO] [PDUR : INFO ]  Setting the logical owner of bsw::PduRModule::PduRDestPduCan_PduR2Com_CanNodeNum_03_Rx_31 as Com
15:38:24,572 [INFO] [PDUR : INFO ] Assigning owner module to PduRDestPdu Can_PduR2Com_CanNodeNum_03_Rx_32 of routing path PduR_CanMsg_CanIf2Com_CanNodeNum_03_Rx_32
15:38:24,572 [INFO] [PDUR : INFO ]  Setting the logical owner of bsw::PduRModule::PduRDestPduCan_PduR2Com_CanNodeNum_03_Rx_32 as Com
15:38:24,572 [INFO] [PDUR : INFO ] Assigning owner module to PduRDestPdu Can_PduR2Com_CanNodeNum_03_Rx_33 of routing path PduR_CanMsg_CanIf2Com_CanNodeNum_03_Rx_33
15:38:24,573 [INFO] [PDUR : INFO ]  Setting the logical owner of bsw::PduRModule::PduRDestPduCan_PduR2Com_CanNodeNum_03_Rx_33 as Com
15:38:24,573 [INFO] [PDUR : INFO ] Assigning owner module to PduRDestPdu Can_PduR2Com_CanNodeNum_03_Rx_34 of routing path PduR_CanMsg_CanIf2Com_CanNodeNum_03_Rx_34
15:38:24,573 [INFO] [PDUR : INFO ]  Setting the logical owner of bsw::PduRModule::PduRDestPduCan_PduR2Com_CanNodeNum_03_Rx_34 as Com
15:38:24,573 [INFO] [PDUR : INFO ] Assigning owner module to PduRDestPdu Can_PduR2Com_CanNodeNum_03_Rx_35 of routing path PduR_CanMsg_CanIf2Com_CanNodeNum_03_Rx_35
15:38:24,573 [INFO] [PDUR : INFO ]  Setting the logical owner of bsw::PduRModule::PduRDestPduCan_PduR2Com_CanNodeNum_03_Rx_35 as Com
15:38:24,573 [INFO] [PDUR : INFO ] Assigning owner module to PduRDestPdu Can_PduR2Com_CanNodeNum_03_Rx_36 of routing path PduR_CanMsg_CanIf2Com_CanNodeNum_03_Rx_36
15:38:24,573 [INFO] [PDUR : INFO ]  Setting the logical owner of bsw::PduRModule::PduRDestPduCan_PduR2Com_CanNodeNum_03_Rx_36 as Com
15:38:24,573 [INFO] [PDUR : INFO ] Assigning owner module to PduRDestPdu Can_PduR2Com_CanNodeNum_03_Rx_37 of routing path PduR_CanMsg_CanIf2Com_CanNodeNum_03_Rx_37
15:38:24,573 [INFO] [PDUR : INFO ]  Setting the logical owner of bsw::PduRModule::PduRDestPduCan_PduR2Com_CanNodeNum_03_Rx_37 as Com
15:38:24,573 [INFO] [PDUR : INFO ] Assigning owner module to PduRDestPdu Can_PduR2Com_CanNodeNum_03_Rx_38 of routing path PduR_CanMsg_CanIf2Com_CanNodeNum_03_Rx_38
15:38:24,573 [INFO] [PDUR : INFO ]  Setting the logical owner of bsw::PduRModule::PduRDestPduCan_PduR2Com_CanNodeNum_03_Rx_38 as Com
15:38:24,573 [INFO] [PDUR : INFO ] Assigning owner module to PduRDestPdu Can_PduR2Com_CanNodeNum_03_Rx_39 of routing path PduR_CanMsg_CanIf2Com_CanNodeNum_03_Rx_39
15:38:24,573 [INFO] [PDUR : INFO ]  Setting the logical owner of bsw::PduRModule::PduRDestPduCan_PduR2Com_CanNodeNum_03_Rx_39 as Com
15:38:24,573 [INFO] [PDUR : INFO ] Assigning owner module to PduRDestPdu Can_PduR2Com_CanNodeNum_03_Rx_40 of routing path PduR_CanMsg_CanIf2Com_CanNodeNum_03_Rx_40
15:38:24,573 [INFO] [PDUR : INFO ]  Setting the logical owner of bsw::PduRModule::PduRDestPduCan_PduR2Com_CanNodeNum_03_Rx_40 as Com
15:38:24,574 [INFO] [PDUR : INFO ] Assigning owner module to PduRDestPdu Can_PduR2CanIf_CanNodeNum_03_TxBasic_01 of routing path PduR_CanMsg_Com2CanIf_CanNodeNum_03_TxBasic_01
15:38:24,574 [INFO] [PDUR : INFO ]  Setting the logical owner of bsw::PduRModule::PduRDestPduCan_PduR2CanIf_CanNodeNum_03_TxBasic_01 as CanIf
15:38:24,574 [INFO] [PDUR : INFO ] Assigning owner module to PduRDestPdu Can_PduR2CanIf_CanNodeNum_03_TxBasic_02 of routing path PduR_CanMsg_Com2CanIf_CanNodeNum_03_TxBasic_02
15:38:24,574 [INFO] [PDUR : INFO ]  Setting the logical owner of bsw::PduRModule::PduRDestPduCan_PduR2CanIf_CanNodeNum_03_TxBasic_02 as CanIf
15:38:24,574 [INFO] [PDUR : INFO ] Assigning owner module to PduRDestPdu Can_PduR2CanIf_CanNodeNum_03_TxBasic_03 of routing path PduR_CanMsg_Com2CanIf_CanNodeNum_03_TxBasic_03
15:38:24,574 [INFO] [PDUR : INFO ]  Setting the logical owner of bsw::PduRModule::PduRDestPduCan_PduR2CanIf_CanNodeNum_03_TxBasic_03 as CanIf
15:38:24,574 [INFO] [PDUR : INFO ] Assigning owner module to PduRDestPdu Can_PduR2CanIf_CanNodeNum_03_TxBasic_04 of routing path PduR_CanMsg_Com2CanIf_CanNodeNum_03_TxBasic_04
15:38:24,574 [INFO] [PDUR : INFO ]  Setting the logical owner of bsw::PduRModule::PduRDestPduCan_PduR2CanIf_CanNodeNum_03_TxBasic_04 as CanIf
15:38:24,574 [INFO] [PDUR : INFO ] Assigning owner module to PduRDestPdu Can_PduR2CanIf_CanNodeNum_03_TxBasic_05 of routing path PduR_CanMsg_Com2CanIf_CanNodeNum_03_TxBasic_05
15:38:24,574 [INFO] [PDUR : INFO ]  Setting the logical owner of bsw::PduRModule::PduRDestPduCan_PduR2CanIf_CanNodeNum_03_TxBasic_05 as CanIf
15:38:24,574 [INFO] [PDUR : INFO ] Assigning owner module to PduRDestPdu Can_PduR2CanIf_CanNodeNum_03_TxBasic_06 of routing path PduR_CanMsg_Com2CanIf_CanNodeNum_03_TxBasic_06
15:38:24,574 [INFO] [PDUR : INFO ]  Setting the logical owner of bsw::PduRModule::PduRDestPduCan_PduR2CanIf_CanNodeNum_03_TxBasic_06 as CanIf
15:38:24,574 [INFO] [PDUR : INFO ] Assigning owner module to PduRDestPdu Can_PduR2CanIf_CanNodeNum_03_TxBasic_07 of routing path PduR_CanMsg_Com2CanIf_CanNodeNum_03_TxBasic_07
15:38:24,574 [INFO] [PDUR : INFO ]  Setting the logical owner of bsw::PduRModule::PduRDestPduCan_PduR2CanIf_CanNodeNum_03_TxBasic_07 as CanIf
15:38:24,574 [INFO] [PDUR : INFO ] Assigning owner module to PduRDestPdu Can_PduR2CanIf_CanNodeNum_03_TxBasic_08 of routing path PduR_CanMsg_Com2CanIf_CanNodeNum_03_TxBasic_08
15:38:24,574 [INFO] [PDUR : INFO ]  Setting the logical owner of bsw::PduRModule::PduRDestPduCan_PduR2CanIf_CanNodeNum_03_TxBasic_08 as CanIf
15:38:24,575 [INFO] [PDUR : INFO ] Assigning owner module to PduRDestPdu Can_PduR2CanIf_CanNodeNum_03_TxBasic_09 of routing path PduR_CanMsg_Com2CanIf_CanNodeNum_03_TxBasic_09
15:38:24,575 [INFO] [PDUR : INFO ]  Setting the logical owner of bsw::PduRModule::PduRDestPduCan_PduR2CanIf_CanNodeNum_03_TxBasic_09 as CanIf
15:38:24,575 [INFO] [PDUR : INFO ] Assigning owner module to PduRDestPdu Can_PduR2CanIf_CanNodeNum_03_TxBasic_10 of routing path PduR_CanMsg_Com2CanIf_CanNodeNum_03_TxBasic_10
15:38:24,575 [INFO] [PDUR : INFO ]  Setting the logical owner of bsw::PduRModule::PduRDestPduCan_PduR2CanIf_CanNodeNum_03_TxBasic_10 as CanIf
15:38:24,575 [INFO] [PDUR : INFO ] Assigning owner module to PduRDestPdu Can_PduR2CanIf_CanNodeNum_03_TxBasic_11 of routing path PduR_CanMsg_Com2CanIf_CanNodeNum_03_TxBasic_11
15:38:24,575 [INFO] [PDUR : INFO ]  Setting the logical owner of bsw::PduRModule::PduRDestPduCan_PduR2CanIf_CanNodeNum_03_TxBasic_11 as CanIf
15:38:24,575 [INFO] [PDUR : INFO ] Assigning owner module to PduRDestPdu Can_PduR2CanIf_CanNodeNum_03_TxBasic_12 of routing path PduR_CanMsg_Com2CanIf_CanNodeNum_03_TxBasic_12
15:38:24,575 [INFO] [PDUR : INFO ]  Setting the logical owner of bsw::PduRModule::PduRDestPduCan_PduR2CanIf_CanNodeNum_03_TxBasic_12 as CanIf
15:38:24,575 [INFO] [PDUR : INFO ] Assigning owner module to PduRDestPdu Can_PduR2CanIf_CanNodeNum_03_TxBasic_13 of routing path PduR_CanMsg_Com2CanIf_CanNodeNum_03_TxBasic_13
15:38:24,575 [INFO] [PDUR : INFO ]  Setting the logical owner of bsw::PduRModule::PduRDestPduCan_PduR2CanIf_CanNodeNum_03_TxBasic_13 as CanIf
15:38:24,575 [INFO] [PDUR : INFO ] Assigning owner module to PduRDestPdu Can_PduR2CanIf_CanNodeNum_03_TxBasic_14 of routing path PduR_CanMsg_Com2CanIf_CanNodeNum_03_TxBasic_14
15:38:24,575 [INFO] [PDUR : INFO ]  Setting the logical owner of bsw::PduRModule::PduRDestPduCan_PduR2CanIf_CanNodeNum_03_TxBasic_14 as CanIf
15:38:24,575 [INFO] [PDUR : INFO ] Assigning owner module to PduRDestPdu Can_PduR2CanIf_CanNodeNum_03_TxBasic_15 of routing path PduR_CanMsg_Com2CanIf_CanNodeNum_03_TxBasic_15
15:38:24,575 [INFO] [PDUR : INFO ]  Setting the logical owner of bsw::PduRModule::PduRDestPduCan_PduR2CanIf_CanNodeNum_03_TxBasic_15 as CanIf
15:38:24,575 [INFO] [PDUR : INFO ] Assigning owner module to PduRDestPdu Can_PduR2CanIf_CanNodeNum_03_TxBasic_16 of routing path PduR_CanMsg_Com2CanIf_CanNodeNum_03_TxBasic_16
15:38:24,576 [INFO] [PDUR : INFO ]  Setting the logical owner of bsw::PduRModule::PduRDestPduCan_PduR2CanIf_CanNodeNum_03_TxBasic_16 as CanIf
15:38:24,576 [INFO] [PDUR : INFO ] Assigning owner module to PduRDestPdu Can_PduR2CanIf_CanNodeNum_03_TxBasic_17 of routing path PduR_CanMsg_Com2CanIf_CanNodeNum_03_TxBasic_17
15:38:24,576 [INFO] [PDUR : INFO ]  Setting the logical owner of bsw::PduRModule::PduRDestPduCan_PduR2CanIf_CanNodeNum_03_TxBasic_17 as CanIf
15:38:24,576 [INFO] [PDUR : INFO ] Assigning owner module to PduRDestPdu Can_PduR2CanIf_CanNodeNum_03_TxBasic_18 of routing path PduR_CanMsg_Com2CanIf_CanNodeNum_03_TxBasic_18
15:38:24,576 [INFO] [PDUR : INFO ]  Setting the logical owner of bsw::PduRModule::PduRDestPduCan_PduR2CanIf_CanNodeNum_03_TxBasic_18 as CanIf
15:38:24,576 [INFO] [PDUR : INFO ] Assigning owner module to PduRDestPdu Can_PduR2CanIf_CanNodeNum_03_TxBasic_19 of routing path PduR_CanMsg_Com2CanIf_CanNodeNum_03_TxBasic_19
15:38:24,576 [INFO] [PDUR : INFO ]  Setting the logical owner of bsw::PduRModule::PduRDestPduCan_PduR2CanIf_CanNodeNum_03_TxBasic_19 as CanIf
15:38:24,576 [INFO] [PDUR : INFO ] Assigning owner module to PduRDestPdu Can_PduR2CanIf_CanNodeNum_03_TxBasic_20 of routing path PduR_CanMsg_Com2CanIf_CanNodeNum_03_TxBasic_20
15:38:24,576 [INFO] [PDUR : INFO ]  Setting the logical owner of bsw::PduRModule::PduRDestPduCan_PduR2CanIf_CanNodeNum_03_TxBasic_20 as CanIf
15:38:24,576 [INFO] [PDUR : INFO ] Assigning owner module to PduRDestPdu Can_PduR2CanIf_CanNodeNum_03_Tx_01 of routing path PduR_CanMsg_Com2CanIf_CanNodeNum_03_Tx_01
15:38:24,576 [INFO] [PDUR : INFO ]  Setting the logical owner of bsw::PduRModule::PduRDestPduCan_PduR2CanIf_CanNodeNum_03_Tx_01 as CanIf
15:38:24,576 [INFO] [PDUR : INFO ] Assigning owner module to PduRDestPdu Can_PduR2CanIf_CanNodeNum_03_Tx_02 of routing path PduR_CanMsg_Com2CanIf_CanNodeNum_03_Tx_02
15:38:24,576 [INFO] [PDUR : INFO ]  Setting the logical owner of bsw::PduRModule::PduRDestPduCan_PduR2CanIf_CanNodeNum_03_Tx_02 as CanIf
15:38:24,576 [INFO] [PDUR : INFO ] Assigning owner module to PduRDestPdu Can_PduR2CanIf_CanNodeNum_03_Tx_03 of routing path PduR_CanMsg_Com2CanIf_CanNodeNum_03_Tx_03
15:38:24,576 [INFO] [PDUR : INFO ]  Setting the logical owner of bsw::PduRModule::PduRDestPduCan_PduR2CanIf_CanNodeNum_03_Tx_03 as CanIf
15:38:24,577 [INFO] [PDUR : INFO ] Assigning owner module to PduRDestPdu Can_PduR2CanIf_CanNodeNum_03_Tx_04 of routing path PduR_CanMsg_Com2CanIf_CanNodeNum_03_Tx_04
15:38:24,577 [INFO] [PDUR : INFO ]  Setting the logical owner of bsw::PduRModule::PduRDestPduCan_PduR2CanIf_CanNodeNum_03_Tx_04 as CanIf
15:38:24,577 [INFO] [PDUR : INFO ] Assigning owner module to PduRDestPdu Can_PduR2CanIf_CanNodeNum_03_Tx_05 of routing path PduR_CanMsg_Com2CanIf_CanNodeNum_03_Tx_05
15:38:24,577 [INFO] [PDUR : INFO ]  Setting the logical owner of bsw::PduRModule::PduRDestPduCan_PduR2CanIf_CanNodeNum_03_Tx_05 as CanIf
15:38:24,577 [INFO] [PDUR : INFO ] Assigning owner module to PduRDestPdu Can_PduR2CanIf_CanNodeNum_03_Tx_06 of routing path PduR_CanMsg_Com2CanIf_CanNodeNum_03_Tx_06
15:38:24,577 [INFO] [PDUR : INFO ]  Setting the logical owner of bsw::PduRModule::PduRDestPduCan_PduR2CanIf_CanNodeNum_03_Tx_06 as CanIf
15:38:24,577 [INFO] [PDUR : INFO ] Assigning owner module to PduRDestPdu Can_PduR2CanIf_CanNodeNum_03_Tx_07 of routing path PduR_CanMsg_Com2CanIf_CanNodeNum_03_Tx_07
15:38:24,577 [INFO] [PDUR : INFO ]  Setting the logical owner of bsw::PduRModule::PduRDestPduCan_PduR2CanIf_CanNodeNum_03_Tx_07 as CanIf
15:38:24,577 [INFO] [PDUR : INFO ] Assigning owner module to PduRDestPdu Can_PduR2CanIf_CanNodeNum_03_Tx_08 of routing path PduR_CanMsg_Com2CanIf_CanNodeNum_03_Tx_08
15:38:24,577 [INFO] [PDUR : INFO ]  Setting the logical owner of bsw::PduRModule::PduRDestPduCan_PduR2CanIf_CanNodeNum_03_Tx_08 as CanIf
15:38:24,577 [INFO] [PDUR : INFO ] Assigning owner module to PduRDestPdu Can_PduR2CanIf_CanNodeNum_03_Tx_09 of routing path PduR_CanMsg_Com2CanIf_CanNodeNum_03_Tx_09
15:38:24,577 [INFO] [PDUR : INFO ]  Setting the logical owner of bsw::PduRModule::PduRDestPduCan_PduR2CanIf_CanNodeNum_03_Tx_09 as CanIf
15:38:24,577 [INFO] [PDUR : INFO ] Assigning owner module to PduRDestPdu Can_PduR2CanIf_CanNodeNum_03_Tx_10 of routing path PduR_CanMsg_Com2CanIf_CanNodeNum_03_Tx_10
15:38:24,577 [INFO] [PDUR : INFO ]  Setting the logical owner of bsw::PduRModule::PduRDestPduCan_PduR2CanIf_CanNodeNum_03_Tx_10 as CanIf
15:38:24,577 [INFO] [PDUR : INFO ] Assigning owner module to PduRDestPdu Can_PduR2CanIf_CanNodeNum_03_Tx_11 of routing path PduR_CanMsg_Com2CanIf_CanNodeNum_03_Tx_11
15:38:24,577 [INFO] [PDUR : INFO ]  Setting the logical owner of bsw::PduRModule::PduRDestPduCan_PduR2CanIf_CanNodeNum_03_Tx_11 as CanIf
15:38:24,578 [INFO] [PDUR : INFO ] Assigning owner module to PduRDestPdu Can_PduR2CanIf_CanNodeNum_03_Tx_12 of routing path PduR_CanMsg_Com2CanIf_CanNodeNum_03_Tx_12
15:38:24,578 [INFO] [PDUR : INFO ]  Setting the logical owner of bsw::PduRModule::PduRDestPduCan_PduR2CanIf_CanNodeNum_03_Tx_12 as CanIf
15:38:24,578 [INFO] [PDUR : INFO ] Assigning owner module to PduRDestPdu Can_PduR2CanIf_CanNodeNum_03_Tx_13 of routing path PduR_CanMsg_Com2CanIf_CanNodeNum_03_Tx_13
15:38:24,578 [INFO] [PDUR : INFO ]  Setting the logical owner of bsw::PduRModule::PduRDestPduCan_PduR2CanIf_CanNodeNum_03_Tx_13 as CanIf
15:38:24,578 [INFO] [PDUR : INFO ] Assigning owner module to PduRDestPdu Can_PduR2CanIf_CanNodeNum_03_Tx_14 of routing path PduR_CanMsg_Com2CanIf_CanNodeNum_03_Tx_14
15:38:24,578 [INFO] [PDUR : INFO ]  Setting the logical owner of bsw::PduRModule::PduRDestPduCan_PduR2CanIf_CanNodeNum_03_Tx_14 as CanIf
15:38:24,578 [INFO] [PDUR : INFO ] Assigning owner module to PduRDestPdu Can_PduR2CanIf_CanNodeNum_03_Tx_15 of routing path PduR_CanMsg_Com2CanIf_CanNodeNum_03_Tx_15
15:38:24,578 [INFO] [PDUR : INFO ]  Setting the logical owner of bsw::PduRModule::PduRDestPduCan_PduR2CanIf_CanNodeNum_03_Tx_15 as CanIf
15:38:24,578 [INFO] [PDUR : INFO ] Assigning owner module to PduRDestPdu Can_PduR2CanIf_CanNodeNum_03_Tx_16 of routing path PduR_CanMsg_Com2CanIf_CanNodeNum_03_Tx_16
15:38:24,578 [INFO] [PDUR : INFO ]  Setting the logical owner of bsw::PduRModule::PduRDestPduCan_PduR2CanIf_CanNodeNum_03_Tx_16 as CanIf
15:38:24,578 [INFO] [PDUR : INFO ] Assigning owner module to PduRDestPdu Can_PduR2CanIf_CanNodeNum_03_Tx_17 of routing path PduR_CanMsg_Com2CanIf_CanNodeNum_03_Tx_17
15:38:24,578 [INFO] [PDUR : INFO ]  Setting the logical owner of bsw::PduRModule::PduRDestPduCan_PduR2CanIf_CanNodeNum_03_Tx_17 as CanIf
15:38:24,578 [INFO] [PDUR : INFO ] Assigning owner module to PduRDestPdu Can_PduR2CanIf_CanNodeNum_03_Tx_18 of routing path PduR_CanMsg_Com2CanIf_CanNodeNum_03_Tx_18
15:38:24,578 [INFO] [PDUR : INFO ]  Setting the logical owner of bsw::PduRModule::PduRDestPduCan_PduR2CanIf_CanNodeNum_03_Tx_18 as CanIf
15:38:24,578 [INFO] [PDUR : INFO ] Assigning owner module to PduRDestPdu Can_PduR2CanIf_CanNodeNum_03_Tx_19 of routing path PduR_CanMsg_Com2CanIf_CanNodeNum_03_Tx_19
15:38:24,579 [INFO] [PDUR : INFO ]  Setting the logical owner of bsw::PduRModule::PduRDestPduCan_PduR2CanIf_CanNodeNum_03_Tx_19 as CanIf
15:38:24,579 [INFO] [PDUR : INFO ] Assigning owner module to PduRDestPdu Can_PduR2CanIf_CanNodeNum_03_Tx_20 of routing path PduR_CanMsg_Com2CanIf_CanNodeNum_03_Tx_20
15:38:24,579 [INFO] [PDUR : INFO ]  Setting the logical owner of bsw::PduRModule::PduRDestPduCan_PduR2CanIf_CanNodeNum_03_Tx_20 as CanIf
15:38:24,579 [INFO] [PDUR : INFO ] Assigning owner module to PduRDestPdu Can_PduR2CanIf_CanNodeNum_03_Tx_21 of routing path PduR_CanMsg_Com2CanIf_CanNodeNum_03_Tx_21
15:38:24,580 [INFO] [PDUR : INFO ]  Setting the logical owner of bsw::PduRModule::PduRDestPduCan_PduR2CanIf_CanNodeNum_03_Tx_21 as CanIf
15:38:24,580 [INFO] [PDUR : INFO ] Assigning owner module to PduRDestPdu Can_PduR2CanIf_CanNodeNum_03_Tx_22 of routing path PduR_CanMsg_Com2CanIf_CanNodeNum_03_Tx_22
15:38:24,580 [INFO] [PDUR : INFO ]  Setting the logical owner of bsw::PduRModule::PduRDestPduCan_PduR2CanIf_CanNodeNum_03_Tx_22 as CanIf
15:38:24,580 [INFO] [PDUR : INFO ] Assigning owner module to PduRDestPdu Can_PduR2CanIf_CanNodeNum_03_Tx_23 of routing path PduR_CanMsg_Com2CanIf_CanNodeNum_03_Tx_23
15:38:24,580 [INFO] [PDUR : INFO ]  Setting the logical owner of bsw::PduRModule::PduRDestPduCan_PduR2CanIf_CanNodeNum_03_Tx_23 as CanIf
15:38:24,580 [INFO] [PDUR : INFO ] Assigning owner module to PduRDestPdu Can_PduR2CanIf_CanNodeNum_03_Tx_24 of routing path PduR_CanMsg_Com2CanIf_CanNodeNum_03_Tx_24
15:38:24,581 [INFO] [PDUR : INFO ]  Setting the logical owner of bsw::PduRModule::PduRDestPduCan_PduR2CanIf_CanNodeNum_03_Tx_24 as CanIf
15:38:24,581 [INFO] [PDUR : INFO ] Assigning owner module to PduRDestPdu Can_PduR2CanIf_CanNodeNum_03_Tx_25 of routing path PduR_CanMsg_Com2CanIf_CanNodeNum_03_Tx_25
15:38:24,581 [INFO] [PDUR : INFO ]  Setting the logical owner of bsw::PduRModule::PduRDestPduCan_PduR2CanIf_CanNodeNum_03_Tx_25 as CanIf
15:38:24,581 [INFO] [PDUR : INFO ] Assigning owner module to PduRDestPdu Can_PduR2CanIf_CanNodeNum_03_Tx_26 of routing path PduR_CanMsg_Com2CanIf_CanNodeNum_03_Tx_26
15:38:24,581 [INFO] [PDUR : INFO ]  Setting the logical owner of bsw::PduRModule::PduRDestPduCan_PduR2CanIf_CanNodeNum_03_Tx_26 as CanIf
15:38:24,584 [INFO] [PDUR : INFO ] Total number of SrcPdu & DestPdu inside PduR is 526
15:38:24,586 [INFO] [PDUR : INFO ] Assigning PduRTpPoolHandleId to PduRTpBufferPools
15:38:24,586 [INFO] [PDUR : INFO ] Modules owning routing paths are
15:38:24,586 [INFO] [PDUR : INFO ] [CanIf, CanTp, Com, Dcm]
15:38:24,586 [INFO] [PDUR : INFO ] Assigning PduR HandleIds
15:38:24,589 [INFO] [PDUR : INFO ] Assigning HandleIds to all PduR Pdus owned by CanIf
15:38:24,589 [INFO] [PDUR : INFO ] Assigning PduRSourcePduHandleId to all PduRSrcPdus owned by CanIf
15:38:24,590 [INFO] [PDUR : INFO ] Assigning PduRSourcePduHandleId to PduRSrcPdu : Can_CanIf2PduR_CanNodeNum_01_Rx_01 -> 0
15:38:24,591 [INFO] [PDUR : INFO ] Assigning PduRSourcePduHandleId to PduRSrcPdu : Can_CanIf2PduR_CanNodeNum_01_Rx_02 -> 1
15:38:24,591 [INFO] [PDUR : INFO ] Assigning PduRSourcePduHandleId to PduRSrcPdu : Can_CanIf2PduR_CanNodeNum_01_Rx_03 -> 2
15:38:24,591 [INFO] [PDUR : INFO ] Assigning PduRSourcePduHandleId to PduRSrcPdu : Can_CanIf2PduR_CanNodeNum_01_Rx_04 -> 3
15:38:24,591 [INFO] [PDUR : INFO ] Assigning PduRSourcePduHandleId to PduRSrcPdu : Can_CanIf2PduR_CanNodeNum_01_Rx_05 -> 4
15:38:24,592 [INFO] [PDUR : INFO ] Assigning PduRSourcePduHandleId to PduRSrcPdu : Can_CanIf2PduR_CanNodeNum_01_Rx_06 -> 5
15:38:24,592 [INFO] [PDUR : INFO ] Assigning PduRSourcePduHandleId to PduRSrcPdu : Can_CanIf2PduR_CanNodeNum_01_Rx_07 -> 6
15:38:24,592 [INFO] [PDUR : INFO ] Assigning PduRSourcePduHandleId to PduRSrcPdu : Can_CanIf2PduR_CanNodeNum_01_Rx_08 -> 7
15:38:24,592 [INFO] [PDUR : INFO ] Assigning PduRSourcePduHandleId to PduRSrcPdu : Can_CanIf2PduR_CanNodeNum_01_Rx_09 -> 8
15:38:24,593 [INFO] [PDUR : INFO ] Assigning PduRSourcePduHandleId to PduRSrcPdu : Can_CanIf2PduR_CanNodeNum_01_Rx_10 -> 9
15:38:24,593 [INFO] [PDUR : INFO ] Assigning PduRSourcePduHandleId to PduRSrcPdu : Can_CanIf2PduR_CanNodeNum_01_Rx_11 -> 10
15:38:24,593 [INFO] [PDUR : INFO ] Assigning PduRSourcePduHandleId to PduRSrcPdu : Can_CanIf2PduR_CanNodeNum_01_Rx_12 -> 11
15:38:24,593 [INFO] [PDUR : INFO ] Assigning PduRSourcePduHandleId to PduRSrcPdu : Can_CanIf2PduR_CanNodeNum_01_Rx_13 -> 12
15:38:24,594 [INFO] [PDUR : INFO ] Assigning PduRSourcePduHandleId to PduRSrcPdu : Can_CanIf2PduR_CanNodeNum_01_Rx_14 -> 13
15:38:24,594 [INFO] [PDUR : INFO ] Assigning PduRSourcePduHandleId to PduRSrcPdu : Can_CanIf2PduR_CanNodeNum_01_Rx_15 -> 14
15:38:24,594 [INFO] [PDUR : INFO ] Assigning PduRSourcePduHandleId to PduRSrcPdu : Can_CanIf2PduR_CanNodeNum_01_Rx_16 -> 15
15:38:24,594 [INFO] [PDUR : INFO ] Assigning PduRSourcePduHandleId to PduRSrcPdu : Can_CanIf2PduR_CanNodeNum_01_Rx_17 -> 16
15:38:24,595 [INFO] [PDUR : INFO ] Assigning PduRSourcePduHandleId to PduRSrcPdu : Can_CanIf2PduR_CanNodeNum_01_Rx_18 -> 17
15:38:24,595 [INFO] [PDUR : INFO ] Assigning PduRSourcePduHandleId to PduRSrcPdu : Can_CanIf2PduR_CanNodeNum_01_Rx_19 -> 18
15:38:24,595 [INFO] [PDUR : INFO ] Assigning PduRSourcePduHandleId to PduRSrcPdu : Can_CanIf2PduR_CanNodeNum_01_Rx_20 -> 19
15:38:24,595 [INFO] [PDUR : INFO ] Assigning PduRSourcePduHandleId to PduRSrcPdu : Can_CanIf2PduR_CanNodeNum_01_Rx_21 -> 20
15:38:24,595 [INFO] [PDUR : INFO ] Assigning PduRSourcePduHandleId to PduRSrcPdu : Can_CanIf2PduR_CanNodeNum_01_Rx_22 -> 21
15:38:24,596 [INFO] [PDUR : INFO ] Assigning PduRSourcePduHandleId to PduRSrcPdu : Can_CanIf2PduR_CanNodeNum_01_Rx_23 -> 22
15:38:24,596 [INFO] [PDUR : INFO ] Assigning PduRSourcePduHandleId to PduRSrcPdu : Can_CanIf2PduR_CanNodeNum_01_Rx_24 -> 23
15:38:24,596 [INFO] [PDUR : INFO ] Assigning PduRSourcePduHandleId to PduRSrcPdu : Can_CanIf2PduR_CanNodeNum_01_Rx_25 -> 24
15:38:24,596 [INFO] [PDUR : INFO ] Assigning PduRSourcePduHandleId to PduRSrcPdu : Can_CanIf2PduR_CanNodeNum_01_Rx_26 -> 25
15:38:24,597 [INFO] [PDUR : INFO ] Assigning PduRSourcePduHandleId to PduRSrcPdu : Can_CanIf2PduR_CanNodeNum_01_Rx_27 -> 26
15:38:24,597 [INFO] [PDUR : INFO ] Assigning PduRSourcePduHandleId to PduRSrcPdu : Can_CanIf2PduR_CanNodeNum_01_Rx_28 -> 27
15:38:24,597 [INFO] [PDUR : INFO ] Assigning PduRSourcePduHandleId to PduRSrcPdu : Can_CanIf2PduR_CanNodeNum_01_Rx_29 -> 28
15:38:24,597 [INFO] [PDUR : INFO ] Assigning PduRSourcePduHandleId to PduRSrcPdu : Can_CanIf2PduR_CanNodeNum_01_Rx_30 -> 29
15:38:24,597 [INFO] [PDUR : INFO ] Assigning PduRSourcePduHandleId to PduRSrcPdu : Can_CanIf2PduR_CanNodeNum_01_Rx_31 -> 30
15:38:24,598 [INFO] [PDUR : INFO ] Assigning PduRSourcePduHandleId to PduRSrcPdu : Can_CanIf2PduR_CanNodeNum_01_Rx_32 -> 31
15:38:24,598 [INFO] [PDUR : INFO ] Assigning PduRSourcePduHandleId to PduRSrcPdu : Can_CanIf2PduR_CanNodeNum_01_Rx_33 -> 32
15:38:24,598 [INFO] [PDUR : INFO ] Assigning PduRSourcePduHandleId to PduRSrcPdu : Can_CanIf2PduR_CanNodeNum_01_Rx_34 -> 33
15:38:24,598 [INFO] [PDUR : INFO ] Assigning PduRSourcePduHandleId to PduRSrcPdu : Can_CanIf2PduR_CanNodeNum_01_Rx_35 -> 34
15:38:24,599 [INFO] [PDUR : INFO ] Assigning PduRSourcePduHandleId to PduRSrcPdu : Can_CanIf2PduR_CanNodeNum_01_Rx_36 -> 35
15:38:24,599 [INFO] [PDUR : INFO ] Assigning PduRSourcePduHandleId to PduRSrcPdu : Can_CanIf2PduR_CanNodeNum_01_Rx_37 -> 36
15:38:24,599 [INFO] [PDUR : INFO ] Assigning PduRSourcePduHandleId to PduRSrcPdu : Can_CanIf2PduR_CanNodeNum_01_Rx_38 -> 37
15:38:24,599 [INFO] [PDUR : INFO ] Assigning PduRSourcePduHandleId to PduRSrcPdu : Can_CanIf2PduR_CanNodeNum_01_Rx_39 -> 38
15:38:24,600 [INFO] [PDUR : INFO ] Assigning PduRSourcePduHandleId to PduRSrcPdu : Can_CanIf2PduR_CanNodeNum_01_Rx_40 -> 39
15:38:24,600 [INFO] [PDUR : INFO ] Assigning PduRSourcePduHandleId to PduRSrcPdu : Can_CanIf2PduR_CanNodeNum_02_Rx_01 -> 40
15:38:24,600 [INFO] [PDUR : INFO ] Assigning PduRSourcePduHandleId to PduRSrcPdu : Can_CanIf2PduR_CanNodeNum_02_Rx_02 -> 41
15:38:24,600 [INFO] [PDUR : INFO ] Assigning PduRSourcePduHandleId to PduRSrcPdu : Can_CanIf2PduR_CanNodeNum_02_Rx_03 -> 42
15:38:24,600 [INFO] [PDUR : INFO ] Assigning PduRSourcePduHandleId to PduRSrcPdu : Can_CanIf2PduR_CanNodeNum_02_Rx_04 -> 43
15:38:24,601 [INFO] [PDUR : INFO ] Assigning PduRSourcePduHandleId to PduRSrcPdu : Can_CanIf2PduR_CanNodeNum_02_Rx_05 -> 44
15:38:24,601 [INFO] [PDUR : INFO ] Assigning PduRSourcePduHandleId to PduRSrcPdu : Can_CanIf2PduR_CanNodeNum_02_Rx_06 -> 45
15:38:24,601 [INFO] [PDUR : INFO ] Assigning PduRSourcePduHandleId to PduRSrcPdu : Can_CanIf2PduR_CanNodeNum_02_Rx_07 -> 46
15:38:24,601 [INFO] [PDUR : INFO ] Assigning PduRSourcePduHandleId to PduRSrcPdu : Can_CanIf2PduR_CanNodeNum_02_Rx_08 -> 47
15:38:24,602 [INFO] [PDUR : INFO ] Assigning PduRSourcePduHandleId to PduRSrcPdu : Can_CanIf2PduR_CanNodeNum_02_Rx_09 -> 48
15:38:24,602 [INFO] [PDUR : INFO ] Assigning PduRSourcePduHandleId to PduRSrcPdu : Can_CanIf2PduR_CanNodeNum_02_Rx_10 -> 49
15:38:24,602 [INFO] [PDUR : INFO ] Assigning PduRSourcePduHandleId to PduRSrcPdu : Can_CanIf2PduR_CanNodeNum_02_Rx_11 -> 50
15:38:24,602 [INFO] [PDUR : INFO ] Assigning PduRSourcePduHandleId to PduRSrcPdu : Can_CanIf2PduR_CanNodeNum_02_Rx_12 -> 51
15:38:24,602 [INFO] [PDUR : INFO ] Assigning PduRSourcePduHandleId to PduRSrcPdu : Can_CanIf2PduR_CanNodeNum_02_Rx_13 -> 52
15:38:24,603 [INFO] [PDUR : INFO ] Assigning PduRSourcePduHandleId to PduRSrcPdu : Can_CanIf2PduR_CanNodeNum_02_Rx_14 -> 53
15:38:24,603 [INFO] [PDUR : INFO ] Assigning PduRSourcePduHandleId to PduRSrcPdu : Can_CanIf2PduR_CanNodeNum_02_Rx_15 -> 54
15:38:24,603 [INFO] [PDUR : INFO ] Assigning PduRSourcePduHandleId to PduRSrcPdu : Can_CanIf2PduR_CanNodeNum_02_Rx_16 -> 55
15:38:24,603 [INFO] [PDUR : INFO ] Assigning PduRSourcePduHandleId to PduRSrcPdu : Can_CanIf2PduR_CanNodeNum_02_Rx_17 -> 56
15:38:24,603 [INFO] [PDUR : INFO ] Assigning PduRSourcePduHandleId to PduRSrcPdu : Can_CanIf2PduR_CanNodeNum_02_Rx_18 -> 57
15:38:24,603 [INFO] [PDUR : INFO ] Assigning PduRSourcePduHandleId to PduRSrcPdu : Can_CanIf2PduR_CanNodeNum_02_Rx_19 -> 58
15:38:24,603 [INFO] [PDUR : INFO ] Assigning PduRSourcePduHandleId to PduRSrcPdu : Can_CanIf2PduR_CanNodeNum_02_Rx_20 -> 59
15:38:24,604 [INFO] [PDUR : INFO ] Assigning PduRSourcePduHandleId to PduRSrcPdu : Can_CanIf2PduR_CanNodeNum_02_Rx_21 -> 60
15:38:24,604 [INFO] [PDUR : INFO ] Assigning PduRSourcePduHandleId to PduRSrcPdu : Can_CanIf2PduR_CanNodeNum_02_Rx_22 -> 61
15:38:24,604 [INFO] [PDUR : INFO ] Assigning PduRSourcePduHandleId to PduRSrcPdu : Can_CanIf2PduR_CanNodeNum_02_Rx_23 -> 62
15:38:24,604 [INFO] [PDUR : INFO ] Assigning PduRSourcePduHandleId to PduRSrcPdu : Can_CanIf2PduR_CanNodeNum_02_Rx_24 -> 63
15:38:24,604 [INFO] [PDUR : INFO ] Assigning PduRSourcePduHandleId to PduRSrcPdu : Can_CanIf2PduR_CanNodeNum_02_Rx_25 -> 64
15:38:24,605 [INFO] [PDUR : INFO ] Assigning PduRSourcePduHandleId to PduRSrcPdu : Can_CanIf2PduR_CanNodeNum_02_Rx_26 -> 65
15:38:24,605 [INFO] [PDUR : INFO ] Assigning PduRSourcePduHandleId to PduRSrcPdu : Can_CanIf2PduR_CanNodeNum_02_Rx_27 -> 66
15:38:24,605 [INFO] [PDUR : INFO ] Assigning PduRSourcePduHandleId to PduRSrcPdu : Can_CanIf2PduR_CanNodeNum_02_Rx_28 -> 67
15:38:24,605 [INFO] [PDUR : INFO ] Assigning PduRSourcePduHandleId to PduRSrcPdu : Can_CanIf2PduR_CanNodeNum_02_Rx_29 -> 68
15:38:24,605 [INFO] [PDUR : INFO ] Assigning PduRSourcePduHandleId to PduRSrcPdu : Can_CanIf2PduR_CanNodeNum_02_Rx_30 -> 69
15:38:24,606 [INFO] [PDUR : INFO ] Assigning PduRSourcePduHandleId to PduRSrcPdu : Can_CanIf2PduR_CanNodeNum_02_Rx_31 -> 70
15:38:24,606 [INFO] [PDUR : INFO ] Assigning PduRSourcePduHandleId to PduRSrcPdu : Can_CanIf2PduR_CanNodeNum_02_Rx_32 -> 71
15:38:24,606 [INFO] [PDUR : INFO ] Assigning PduRSourcePduHandleId to PduRSrcPdu : Can_CanIf2PduR_CanNodeNum_02_Rx_33 -> 72
15:38:24,606 [INFO] [PDUR : INFO ] Assigning PduRSourcePduHandleId to PduRSrcPdu : Can_CanIf2PduR_CanNodeNum_02_Rx_34 -> 73
15:38:24,607 [INFO] [PDUR : INFO ] Assigning PduRSourcePduHandleId to PduRSrcPdu : Can_CanIf2PduR_CanNodeNum_02_Rx_35 -> 74
15:38:24,607 [INFO] [PDUR : INFO ] Assigning PduRSourcePduHandleId to PduRSrcPdu : Can_CanIf2PduR_CanNodeNum_02_Rx_36 -> 75
15:38:24,607 [INFO] [PDUR : INFO ] Assigning PduRSourcePduHandleId to PduRSrcPdu : Can_CanIf2PduR_CanNodeNum_02_Rx_37 -> 76
15:38:24,607 [INFO] [PDUR : INFO ] Assigning PduRSourcePduHandleId to PduRSrcPdu : Can_CanIf2PduR_CanNodeNum_02_Rx_38 -> 77
15:38:24,607 [INFO] [PDUR : INFO ] Assigning PduRSourcePduHandleId to PduRSrcPdu : Can_CanIf2PduR_CanNodeNum_02_Rx_39 -> 78
15:38:24,608 [INFO] [PDUR : INFO ] Assigning PduRSourcePduHandleId to PduRSrcPdu : Can_CanIf2PduR_CanNodeNum_02_Rx_40 -> 79
15:38:24,608 [INFO] [PDUR : INFO ] Assigning PduRSourcePduHandleId to PduRSrcPdu : Can_CanIf2PduR_CanNodeNum_03_Rx_01 -> 80
15:38:24,608 [INFO] [PDUR : INFO ] Assigning PduRSourcePduHandleId to PduRSrcPdu : Can_CanIf2PduR_CanNodeNum_03_Rx_02 -> 81
15:38:24,608 [INFO] [PDUR : INFO ] Assigning PduRSourcePduHandleId to PduRSrcPdu : Can_CanIf2PduR_CanNodeNum_03_Rx_03 -> 82
15:38:24,608 [INFO] [PDUR : INFO ] Assigning PduRSourcePduHandleId to PduRSrcPdu : Can_CanIf2PduR_CanNodeNum_03_Rx_04 -> 83
15:38:24,609 [INFO] [PDUR : INFO ] Assigning PduRSourcePduHandleId to PduRSrcPdu : Can_CanIf2PduR_CanNodeNum_03_Rx_05 -> 84
15:38:24,609 [INFO] [PDUR : INFO ] Assigning PduRSourcePduHandleId to PduRSrcPdu : Can_CanIf2PduR_CanNodeNum_03_Rx_06 -> 85
15:38:24,609 [INFO] [PDUR : INFO ] Assigning PduRSourcePduHandleId to PduRSrcPdu : Can_CanIf2PduR_CanNodeNum_03_Rx_07 -> 86
15:38:24,609 [INFO] [PDUR : INFO ] Assigning PduRSourcePduHandleId to PduRSrcPdu : Can_CanIf2PduR_CanNodeNum_03_Rx_08 -> 87
15:38:24,610 [INFO] [PDUR : INFO ] Assigning PduRSourcePduHandleId to PduRSrcPdu : Can_CanIf2PduR_CanNodeNum_03_Rx_09 -> 88
15:38:24,610 [INFO] [PDUR : INFO ] Assigning PduRSourcePduHandleId to PduRSrcPdu : Can_CanIf2PduR_CanNodeNum_03_Rx_10 -> 89
15:38:24,610 [INFO] [PDUR : INFO ] Assigning PduRSourcePduHandleId to PduRSrcPdu : Can_CanIf2PduR_CanNodeNum_03_Rx_11 -> 90
15:38:24,610 [INFO] [PDUR : INFO ] Assigning PduRSourcePduHandleId to PduRSrcPdu : Can_CanIf2PduR_CanNodeNum_03_Rx_12 -> 91
15:38:24,610 [INFO] [PDUR : INFO ] Assigning PduRSourcePduHandleId to PduRSrcPdu : Can_CanIf2PduR_CanNodeNum_03_Rx_13 -> 92
15:38:24,611 [INFO] [PDUR : INFO ] Assigning PduRSourcePduHandleId to PduRSrcPdu : Can_CanIf2PduR_CanNodeNum_03_Rx_14 -> 93
15:38:24,611 [INFO] [PDUR : INFO ] Assigning PduRSourcePduHandleId to PduRSrcPdu : Can_CanIf2PduR_CanNodeNum_03_Rx_15 -> 94
15:38:24,611 [INFO] [PDUR : INFO ] Assigning PduRSourcePduHandleId to PduRSrcPdu : Can_CanIf2PduR_CanNodeNum_03_Rx_16 -> 95
15:38:24,611 [INFO] [PDUR : INFO ] Assigning PduRSourcePduHandleId to PduRSrcPdu : Can_CanIf2PduR_CanNodeNum_03_Rx_17 -> 96
15:38:24,611 [INFO] [PDUR : INFO ] Assigning PduRSourcePduHandleId to PduRSrcPdu : Can_CanIf2PduR_CanNodeNum_03_Rx_18 -> 97
15:38:24,612 [INFO] [PDUR : INFO ] Assigning PduRSourcePduHandleId to PduRSrcPdu : Can_CanIf2PduR_CanNodeNum_03_Rx_19 -> 98
15:38:24,612 [INFO] [PDUR : INFO ] Assigning PduRSourcePduHandleId to PduRSrcPdu : Can_CanIf2PduR_CanNodeNum_03_Rx_20 -> 99
15:38:24,612 [INFO] [PDUR : INFO ] Assigning PduRSourcePduHandleId to PduRSrcPdu : Can_CanIf2PduR_CanNodeNum_03_Rx_21 -> 100
15:38:24,612 [INFO] [PDUR : INFO ] Assigning PduRSourcePduHandleId to PduRSrcPdu : Can_CanIf2PduR_CanNodeNum_03_Rx_22 -> 101
15:38:24,613 [INFO] [PDUR : INFO ] Assigning PduRSourcePduHandleId to PduRSrcPdu : Can_CanIf2PduR_CanNodeNum_03_Rx_23 -> 102
15:38:24,613 [INFO] [PDUR : INFO ] Assigning PduRSourcePduHandleId to PduRSrcPdu : Can_CanIf2PduR_CanNodeNum_03_Rx_24 -> 103
15:38:24,613 [INFO] [PDUR : INFO ] Assigning PduRSourcePduHandleId to PduRSrcPdu : Can_CanIf2PduR_CanNodeNum_03_Rx_25 -> 104
15:38:24,613 [INFO] [PDUR : INFO ] Assigning PduRSourcePduHandleId to PduRSrcPdu : Can_CanIf2PduR_CanNodeNum_03_Rx_26 -> 105
15:38:24,613 [INFO] [PDUR : INFO ] Assigning PduRSourcePduHandleId to PduRSrcPdu : Can_CanIf2PduR_CanNodeNum_03_Rx_27 -> 106
15:38:24,614 [INFO] [PDUR : INFO ] Assigning PduRSourcePduHandleId to PduRSrcPdu : Can_CanIf2PduR_CanNodeNum_03_Rx_28 -> 107
15:38:24,614 [INFO] [PDUR : INFO ] Assigning PduRSourcePduHandleId to PduRSrcPdu : Can_CanIf2PduR_CanNodeNum_03_Rx_29 -> 108
15:38:24,614 [INFO] [PDUR : INFO ] Assigning PduRSourcePduHandleId to PduRSrcPdu : Can_CanIf2PduR_CanNodeNum_03_Rx_30 -> 109
15:38:24,614 [INFO] [PDUR : INFO ] Assigning PduRSourcePduHandleId to PduRSrcPdu : Can_CanIf2PduR_CanNodeNum_03_Rx_31 -> 110
15:38:24,614 [INFO] [PDUR : INFO ] Assigning PduRSourcePduHandleId to PduRSrcPdu : Can_CanIf2PduR_CanNodeNum_03_Rx_32 -> 111
15:38:24,615 [INFO] [PDUR : INFO ] Assigning PduRSourcePduHandleId to PduRSrcPdu : Can_CanIf2PduR_CanNodeNum_03_Rx_33 -> 112
15:38:24,615 [INFO] [PDUR : INFO ] Assigning PduRSourcePduHandleId to PduRSrcPdu : Can_CanIf2PduR_CanNodeNum_03_Rx_34 -> 113
15:38:24,615 [INFO] [PDUR : INFO ] Assigning PduRSourcePduHandleId to PduRSrcPdu : Can_CanIf2PduR_CanNodeNum_03_Rx_35 -> 114
15:38:24,615 [INFO] [PDUR : INFO ] Assigning PduRSourcePduHandleId to PduRSrcPdu : Can_CanIf2PduR_CanNodeNum_03_Rx_36 -> 115
15:38:24,616 [INFO] [PDUR : INFO ] Assigning PduRSourcePduHandleId to PduRSrcPdu : Can_CanIf2PduR_CanNodeNum_03_Rx_37 -> 116
15:38:24,616 [INFO] [PDUR : INFO ] Assigning PduRSourcePduHandleId to PduRSrcPdu : Can_CanIf2PduR_CanNodeNum_03_Rx_38 -> 117
15:38:24,616 [INFO] [PDUR : INFO ] Assigning PduRSourcePduHandleId to PduRSrcPdu : Can_CanIf2PduR_CanNodeNum_03_Rx_39 -> 118
15:38:24,616 [INFO] [PDUR : INFO ] Assigning PduRSourcePduHandleId to PduRSrcPdu : Can_CanIf2PduR_CanNodeNum_03_Rx_40 -> 119
15:38:24,616 [INFO] [PDUR : INFO ] Assigning PduRDestPduHandleId to unique PduRPduRDestPdus owned by CanIf
15:38:24,617 [INFO] [PDUR : INFO ] Assigning PduRDestPduHandleId to PduRDestPdu : Can_PduR2CanIf_CanNodeNum_01_TxBasic_01 -> 0
15:38:24,617 [INFO] [PDUR : INFO ] Assigning PduRDestPduHandleId to PduRDestPdu : Can_PduR2CanIf_CanNodeNum_01_TxBasic_02 -> 1
15:38:24,617 [INFO] [PDUR : INFO ] Assigning PduRDestPduHandleId to PduRDestPdu : Can_PduR2CanIf_CanNodeNum_01_TxBasic_03 -> 2
15:38:24,618 [INFO] [PDUR : INFO ] Assigning PduRDestPduHandleId to PduRDestPdu : Can_PduR2CanIf_CanNodeNum_01_TxBasic_04 -> 3
15:38:24,618 [INFO] [PDUR : INFO ] Assigning PduRDestPduHandleId to PduRDestPdu : Can_PduR2CanIf_CanNodeNum_01_TxBasic_05 -> 4
15:38:24,618 [INFO] [PDUR : INFO ] Assigning PduRDestPduHandleId to PduRDestPdu : Can_PduR2CanIf_CanNodeNum_01_TxBasic_06 -> 5
15:38:24,618 [INFO] [PDUR : INFO ] Assigning PduRDestPduHandleId to PduRDestPdu : Can_PduR2CanIf_CanNodeNum_01_TxBasic_07 -> 6
15:38:24,619 [INFO] [PDUR : INFO ] Assigning PduRDestPduHandleId to PduRDestPdu : Can_PduR2CanIf_CanNodeNum_01_TxBasic_08 -> 7
15:38:24,619 [INFO] [PDUR : INFO ] Assigning PduRDestPduHandleId to PduRDestPdu : Can_PduR2CanIf_CanNodeNum_01_TxBasic_09 -> 8
15:38:24,619 [INFO] [PDUR : INFO ] Assigning PduRDestPduHandleId to PduRDestPdu : Can_PduR2CanIf_CanNodeNum_01_TxBasic_10 -> 9
15:38:24,619 [INFO] [PDUR : INFO ] Assigning PduRDestPduHandleId to PduRDestPdu : Can_PduR2CanIf_CanNodeNum_01_TxBasic_11 -> 10
15:38:24,620 [INFO] [PDUR : INFO ] Assigning PduRDestPduHandleId to PduRDestPdu : Can_PduR2CanIf_CanNodeNum_01_TxBasic_12 -> 11
15:38:24,620 [INFO] [PDUR : INFO ] Assigning PduRDestPduHandleId to PduRDestPdu : Can_PduR2CanIf_CanNodeNum_01_TxBasic_13 -> 12
15:38:24,620 [INFO] [PDUR : INFO ] Assigning PduRDestPduHandleId to PduRDestPdu : Can_PduR2CanIf_CanNodeNum_01_TxBasic_14 -> 13
15:38:24,620 [INFO] [PDUR : INFO ] Assigning PduRDestPduHandleId to PduRDestPdu : Can_PduR2CanIf_CanNodeNum_01_TxBasic_15 -> 14
15:38:24,621 [INFO] [PDUR : INFO ] Assigning PduRDestPduHandleId to PduRDestPdu : Can_PduR2CanIf_CanNodeNum_01_TxBasic_16 -> 15
15:38:24,621 [INFO] [PDUR : INFO ] Assigning PduRDestPduHandleId to PduRDestPdu : Can_PduR2CanIf_CanNodeNum_01_TxBasic_17 -> 16
15:38:24,621 [INFO] [PDUR : INFO ] Assigning PduRDestPduHandleId to PduRDestPdu : Can_PduR2CanIf_CanNodeNum_01_TxBasic_18 -> 17
15:38:24,621 [INFO] [PDUR : INFO ] Assigning PduRDestPduHandleId to PduRDestPdu : Can_PduR2CanIf_CanNodeNum_01_TxBasic_19 -> 18
15:38:24,622 [INFO] [PDUR : INFO ] Assigning PduRDestPduHandleId to PduRDestPdu : Can_PduR2CanIf_CanNodeNum_01_TxBasic_20 -> 19
15:38:24,622 [INFO] [PDUR : INFO ] Assigning PduRDestPduHandleId to PduRDestPdu : Can_PduR2CanIf_CanNodeNum_01_Tx_01 -> 20
15:38:24,622 [INFO] [PDUR : INFO ] Assigning PduRDestPduHandleId to PduRDestPdu : Can_PduR2CanIf_CanNodeNum_01_Tx_02 -> 21
15:38:24,622 [INFO] [PDUR : INFO ] Assigning PduRDestPduHandleId to PduRDestPdu : Can_PduR2CanIf_CanNodeNum_01_Tx_03 -> 22
15:38:24,623 [INFO] [PDUR : INFO ] Assigning PduRDestPduHandleId to PduRDestPdu : Can_PduR2CanIf_CanNodeNum_01_Tx_04 -> 23
15:38:24,623 [INFO] [PDUR : INFO ] Assigning PduRDestPduHandleId to PduRDestPdu : Can_PduR2CanIf_CanNodeNum_01_Tx_05 -> 24
15:38:24,623 [INFO] [PDUR : INFO ] Assigning PduRDestPduHandleId to PduRDestPdu : Can_PduR2CanIf_CanNodeNum_01_Tx_06 -> 25
15:38:24,623 [INFO] [PDUR : INFO ] Assigning PduRDestPduHandleId to PduRDestPdu : Can_PduR2CanIf_CanNodeNum_01_Tx_07 -> 26
15:38:24,623 [INFO] [PDUR : INFO ] Assigning PduRDestPduHandleId to PduRDestPdu : Can_PduR2CanIf_CanNodeNum_01_Tx_08 -> 27
15:38:24,624 [INFO] [PDUR : INFO ] Assigning PduRDestPduHandleId to PduRDestPdu : Can_PduR2CanIf_CanNodeNum_01_Tx_09 -> 28
15:38:24,624 [INFO] [PDUR : INFO ] Assigning PduRDestPduHandleId to PduRDestPdu : Can_PduR2CanIf_CanNodeNum_01_Tx_10 -> 29
15:38:24,624 [INFO] [PDUR : INFO ] Assigning PduRDestPduHandleId to PduRDestPdu : Can_PduR2CanIf_CanNodeNum_01_Tx_11 -> 30
15:38:24,624 [INFO] [PDUR : INFO ] Assigning PduRDestPduHandleId to PduRDestPdu : Can_PduR2CanIf_CanNodeNum_01_Tx_12 -> 31
15:38:24,625 [INFO] [PDUR : INFO ] Assigning PduRDestPduHandleId to PduRDestPdu : Can_PduR2CanIf_CanNodeNum_01_Tx_13 -> 32
15:38:24,625 [INFO] [PDUR : INFO ] Assigning PduRDestPduHandleId to PduRDestPdu : Can_PduR2CanIf_CanNodeNum_01_Tx_14 -> 33
15:38:24,625 [INFO] [PDUR : INFO ] Assigning PduRDestPduHandleId to PduRDestPdu : Can_PduR2CanIf_CanNodeNum_01_Tx_15 -> 34
15:38:24,625 [INFO] [PDUR : INFO ] Assigning PduRDestPduHandleId to PduRDestPdu : Can_PduR2CanIf_CanNodeNum_01_Tx_16 -> 35
15:38:24,625 [INFO] [PDUR : INFO ] Assigning PduRDestPduHandleId to PduRDestPdu : Can_PduR2CanIf_CanNodeNum_01_Tx_17 -> 36
15:38:24,626 [INFO] [PDUR : INFO ] Assigning PduRDestPduHandleId to PduRDestPdu : Can_PduR2CanIf_CanNodeNum_01_Tx_18 -> 37
15:38:24,626 [INFO] [PDUR : INFO ] Assigning PduRDestPduHandleId to PduRDestPdu : Can_PduR2CanIf_CanNodeNum_01_Tx_19 -> 38
15:38:24,626 [INFO] [PDUR : INFO ] Assigning PduRDestPduHandleId to PduRDestPdu : Can_PduR2CanIf_CanNodeNum_01_Tx_20 -> 39
15:38:24,626 [INFO] [PDUR : INFO ] Assigning PduRDestPduHandleId to PduRDestPdu : Can_PduR2CanIf_CanNodeNum_01_Tx_21 -> 40
15:38:24,627 [INFO] [PDUR : INFO ] Assigning PduRDestPduHandleId to PduRDestPdu : Can_PduR2CanIf_CanNodeNum_01_Tx_22 -> 41
15:38:24,627 [INFO] [PDUR : INFO ] Assigning PduRDestPduHandleId to PduRDestPdu : Can_PduR2CanIf_CanNodeNum_01_Tx_23 -> 42
15:38:24,627 [INFO] [PDUR : INFO ] Assigning PduRDestPduHandleId to PduRDestPdu : Can_PduR2CanIf_CanNodeNum_01_Tx_24 -> 43
15:38:24,627 [INFO] [PDUR : INFO ] Assigning PduRDestPduHandleId to PduRDestPdu : Can_PduR2CanIf_CanNodeNum_01_Tx_25 -> 44
15:38:24,628 [INFO] [PDUR : INFO ] Assigning PduRDestPduHandleId to PduRDestPdu : Can_PduR2CanIf_CanNodeNum_01_Tx_25_00 -> 45
15:38:24,628 [INFO] [PDUR : INFO ] Assigning PduRDestPduHandleId to PduRDestPdu : Can_PduR2CanIf_CanNodeNum_01_Tx_25_01 -> 46
15:38:24,628 [INFO] [PDUR : INFO ] Assigning PduRDestPduHandleId to PduRDestPdu : Can_PduR2CanIf_CanNodeNum_01_Tx_26 -> 47
15:38:24,628 [INFO] [PDUR : INFO ] Assigning PduRDestPduHandleId to PduRDestPdu : Can_PduR2CanIf_CanNodeNum_02_TxBasic_01 -> 48
15:38:24,628 [INFO] [PDUR : INFO ] Assigning PduRDestPduHandleId to PduRDestPdu : Can_PduR2CanIf_CanNodeNum_02_TxBasic_02 -> 49
15:38:24,629 [INFO] [PDUR : INFO ] Assigning PduRDestPduHandleId to PduRDestPdu : Can_PduR2CanIf_CanNodeNum_02_TxBasic_03 -> 50
15:38:24,629 [INFO] [PDUR : INFO ] Assigning PduRDestPduHandleId to PduRDestPdu : Can_PduR2CanIf_CanNodeNum_02_TxBasic_04 -> 51
15:38:24,629 [INFO] [PDUR : INFO ] Assigning PduRDestPduHandleId to PduRDestPdu : Can_PduR2CanIf_CanNodeNum_02_TxBasic_05 -> 52
15:38:24,629 [INFO] [PDUR : INFO ] Assigning PduRDestPduHandleId to PduRDestPdu : Can_PduR2CanIf_CanNodeNum_02_TxBasic_06 -> 53
15:38:24,630 [INFO] [PDUR : INFO ] Assigning PduRDestPduHandleId to PduRDestPdu : Can_PduR2CanIf_CanNodeNum_02_TxBasic_07 -> 54
15:38:24,630 [INFO] [PDUR : INFO ] Assigning PduRDestPduHandleId to PduRDestPdu : Can_PduR2CanIf_CanNodeNum_02_TxBasic_08 -> 55
15:38:24,630 [INFO] [PDUR : INFO ] Assigning PduRDestPduHandleId to PduRDestPdu : Can_PduR2CanIf_CanNodeNum_02_TxBasic_09 -> 56
15:38:24,630 [INFO] [PDUR : INFO ] Assigning PduRDestPduHandleId to PduRDestPdu : Can_PduR2CanIf_CanNodeNum_02_TxBasic_10 -> 57
15:38:24,630 [INFO] [PDUR : INFO ] Assigning PduRDestPduHandleId to PduRDestPdu : Can_PduR2CanIf_CanNodeNum_02_TxBasic_11 -> 58
15:38:24,631 [INFO] [PDUR : INFO ] Assigning PduRDestPduHandleId to PduRDestPdu : Can_PduR2CanIf_CanNodeNum_02_TxBasic_12 -> 59
15:38:24,631 [INFO] [PDUR : INFO ] Assigning PduRDestPduHandleId to PduRDestPdu : Can_PduR2CanIf_CanNodeNum_02_TxBasic_13 -> 60
15:38:24,631 [INFO] [PDUR : INFO ] Assigning PduRDestPduHandleId to PduRDestPdu : Can_PduR2CanIf_CanNodeNum_02_TxBasic_14 -> 61
15:38:24,631 [INFO] [PDUR : INFO ] Assigning PduRDestPduHandleId to PduRDestPdu : Can_PduR2CanIf_CanNodeNum_02_TxBasic_15 -> 62
15:38:24,631 [INFO] [PDUR : INFO ] Assigning PduRDestPduHandleId to PduRDestPdu : Can_PduR2CanIf_CanNodeNum_02_TxBasic_16 -> 63
15:38:24,632 [INFO] [PDUR : INFO ] Assigning PduRDestPduHandleId to PduRDestPdu : Can_PduR2CanIf_CanNodeNum_02_TxBasic_17 -> 64
15:38:24,632 [INFO] [PDUR : INFO ] Assigning PduRDestPduHandleId to PduRDestPdu : Can_PduR2CanIf_CanNodeNum_02_TxBasic_18 -> 65
15:38:24,632 [INFO] [PDUR : INFO ] Assigning PduRDestPduHandleId to PduRDestPdu : Can_PduR2CanIf_CanNodeNum_02_TxBasic_19 -> 66
15:38:24,633 [INFO] [PDUR : INFO ] Assigning PduRDestPduHandleId to PduRDestPdu : Can_PduR2CanIf_CanNodeNum_02_TxBasic_20 -> 67
15:38:24,633 [INFO] [PDUR : INFO ] Assigning PduRDestPduHandleId to PduRDestPdu : Can_PduR2CanIf_CanNodeNum_02_Tx_01 -> 68
15:38:24,633 [INFO] [PDUR : INFO ] Assigning PduRDestPduHandleId to PduRDestPdu : Can_PduR2CanIf_CanNodeNum_02_Tx_02 -> 69
15:38:24,633 [INFO] [PDUR : INFO ] Assigning PduRDestPduHandleId to PduRDestPdu : Can_PduR2CanIf_CanNodeNum_02_Tx_03 -> 70
15:38:24,634 [INFO] [PDUR : INFO ] Assigning PduRDestPduHandleId to PduRDestPdu : Can_PduR2CanIf_CanNodeNum_02_Tx_04 -> 71
15:38:24,634 [INFO] [PDUR : INFO ] Assigning PduRDestPduHandleId to PduRDestPdu : Can_PduR2CanIf_CanNodeNum_02_Tx_05 -> 72
15:38:24,634 [INFO] [PDUR : INFO ] Assigning PduRDestPduHandleId to PduRDestPdu : Can_PduR2CanIf_CanNodeNum_02_Tx_06 -> 73
15:38:24,634 [INFO] [PDUR : INFO ] Assigning PduRDestPduHandleId to PduRDestPdu : Can_PduR2CanIf_CanNodeNum_02_Tx_07 -> 74
15:38:24,635 [INFO] [PDUR : INFO ] Assigning PduRDestPduHandleId to PduRDestPdu : Can_PduR2CanIf_CanNodeNum_02_Tx_08 -> 75
15:38:24,635 [INFO] [PDUR : INFO ] Assigning PduRDestPduHandleId to PduRDestPdu : Can_PduR2CanIf_CanNodeNum_02_Tx_09 -> 76
15:38:24,635 [INFO] [PDUR : INFO ] Assigning PduRDestPduHandleId to PduRDestPdu : Can_PduR2CanIf_CanNodeNum_02_Tx_10 -> 77
15:38:24,635 [INFO] [PDUR : INFO ] Assigning PduRDestPduHandleId to PduRDestPdu : Can_PduR2CanIf_CanNodeNum_02_Tx_11 -> 78
15:38:24,635 [INFO] [PDUR : INFO ] Assigning PduRDestPduHandleId to PduRDestPdu : Can_PduR2CanIf_CanNodeNum_02_Tx_12 -> 79
15:38:24,636 [INFO] [PDUR : INFO ] Assigning PduRDestPduHandleId to PduRDestPdu : Can_PduR2CanIf_CanNodeNum_02_Tx_13 -> 80
15:38:24,636 [INFO] [PDUR : INFO ] Assigning PduRDestPduHandleId to PduRDestPdu : Can_PduR2CanIf_CanNodeNum_02_Tx_14 -> 81
15:38:24,636 [INFO] [PDUR : INFO ] Assigning PduRDestPduHandleId to PduRDestPdu : Can_PduR2CanIf_CanNodeNum_02_Tx_15 -> 82
15:38:24,636 [INFO] [PDUR : INFO ] Assigning PduRDestPduHandleId to PduRDestPdu : Can_PduR2CanIf_CanNodeNum_02_Tx_16 -> 83
15:38:24,636 [INFO] [PDUR : INFO ] Assigning PduRDestPduHandleId to PduRDestPdu : Can_PduR2CanIf_CanNodeNum_02_Tx_17 -> 84
15:38:24,637 [INFO] [PDUR : INFO ] Assigning PduRDestPduHandleId to PduRDestPdu : Can_PduR2CanIf_CanNodeNum_02_Tx_18 -> 85
15:38:24,637 [INFO] [PDUR : INFO ] Assigning PduRDestPduHandleId to PduRDestPdu : Can_PduR2CanIf_CanNodeNum_02_Tx_19 -> 86
15:38:24,637 [INFO] [PDUR : INFO ] Assigning PduRDestPduHandleId to PduRDestPdu : Can_PduR2CanIf_CanNodeNum_02_Tx_20 -> 87
15:38:24,637 [INFO] [PDUR : INFO ] Assigning PduRDestPduHandleId to PduRDestPdu : Can_PduR2CanIf_CanNodeNum_02_Tx_21 -> 88
15:38:24,638 [INFO] [PDUR : INFO ] Assigning PduRDestPduHandleId to PduRDestPdu : Can_PduR2CanIf_CanNodeNum_02_Tx_22 -> 89
15:38:24,638 [INFO] [PDUR : INFO ] Assigning PduRDestPduHandleId to PduRDestPdu : Can_PduR2CanIf_CanNodeNum_02_Tx_23 -> 90
15:38:24,638 [INFO] [PDUR : INFO ] Assigning PduRDestPduHandleId to PduRDestPdu : Can_PduR2CanIf_CanNodeNum_02_Tx_24 -> 91
15:38:24,638 [INFO] [PDUR : INFO ] Assigning PduRDestPduHandleId to PduRDestPdu : Can_PduR2CanIf_CanNodeNum_02_Tx_25 -> 92
15:38:24,638 [INFO] [PDUR : INFO ] Assigning PduRDestPduHandleId to PduRDestPdu : Can_PduR2CanIf_CanNodeNum_02_Tx_26 -> 93
15:38:24,639 [INFO] [PDUR : INFO ] Assigning PduRDestPduHandleId to PduRDestPdu : Can_PduR2CanIf_CanNodeNum_03_TxBasic_01 -> 94
15:38:24,639 [INFO] [PDUR : INFO ] Assigning PduRDestPduHandleId to PduRDestPdu : Can_PduR2CanIf_CanNodeNum_03_TxBasic_02 -> 95
15:38:24,639 [INFO] [PDUR : INFO ] Assigning PduRDestPduHandleId to PduRDestPdu : Can_PduR2CanIf_CanNodeNum_03_TxBasic_03 -> 96
15:38:24,639 [INFO] [PDUR : INFO ] Assigning PduRDestPduHandleId to PduRDestPdu : Can_PduR2CanIf_CanNodeNum_03_TxBasic_04 -> 97
15:38:24,640 [INFO] [PDUR : INFO ] Assigning PduRDestPduHandleId to PduRDestPdu : Can_PduR2CanIf_CanNodeNum_03_TxBasic_05 -> 98
15:38:24,640 [INFO] [PDUR : INFO ] Assigning PduRDestPduHandleId to PduRDestPdu : Can_PduR2CanIf_CanNodeNum_03_TxBasic_06 -> 99
15:38:24,640 [INFO] [PDUR : INFO ] Assigning PduRDestPduHandleId to PduRDestPdu : Can_PduR2CanIf_CanNodeNum_03_TxBasic_07 -> 100
15:38:24,640 [INFO] [PDUR : INFO ] Assigning PduRDestPduHandleId to PduRDestPdu : Can_PduR2CanIf_CanNodeNum_03_TxBasic_08 -> 101
15:38:24,640 [INFO] [PDUR : INFO ] Assigning PduRDestPduHandleId to PduRDestPdu : Can_PduR2CanIf_CanNodeNum_03_TxBasic_09 -> 102
15:38:24,641 [INFO] [PDUR : INFO ] Assigning PduRDestPduHandleId to PduRDestPdu : Can_PduR2CanIf_CanNodeNum_03_TxBasic_10 -> 103
15:38:24,641 [INFO] [PDUR : INFO ] Assigning PduRDestPduHandleId to PduRDestPdu : Can_PduR2CanIf_CanNodeNum_03_TxBasic_11 -> 104
15:38:24,641 [INFO] [PDUR : INFO ] Assigning PduRDestPduHandleId to PduRDestPdu : Can_PduR2CanIf_CanNodeNum_03_TxBasic_12 -> 105
15:38:24,641 [INFO] [PDUR : INFO ] Assigning PduRDestPduHandleId to PduRDestPdu : Can_PduR2CanIf_CanNodeNum_03_TxBasic_13 -> 106
15:38:24,642 [INFO] [PDUR : INFO ] Assigning PduRDestPduHandleId to PduRDestPdu : Can_PduR2CanIf_CanNodeNum_03_TxBasic_14 -> 107
15:38:24,642 [INFO] [PDUR : INFO ] Assigning PduRDestPduHandleId to PduRDestPdu : Can_PduR2CanIf_CanNodeNum_03_TxBasic_15 -> 108
15:38:24,642 [INFO] [PDUR : INFO ] Assigning PduRDestPduHandleId to PduRDestPdu : Can_PduR2CanIf_CanNodeNum_03_TxBasic_16 -> 109
15:38:24,642 [INFO] [PDUR : INFO ] Assigning PduRDestPduHandleId to PduRDestPdu : Can_PduR2CanIf_CanNodeNum_03_TxBasic_17 -> 110
15:38:24,643 [INFO] [PDUR : INFO ] Assigning PduRDestPduHandleId to PduRDestPdu : Can_PduR2CanIf_CanNodeNum_03_TxBasic_18 -> 111
15:38:24,643 [INFO] [PDUR : INFO ] Assigning PduRDestPduHandleId to PduRDestPdu : Can_PduR2CanIf_CanNodeNum_03_TxBasic_19 -> 112
15:38:24,643 [INFO] [PDUR : INFO ] Assigning PduRDestPduHandleId to PduRDestPdu : Can_PduR2CanIf_CanNodeNum_03_TxBasic_20 -> 113
15:38:24,644 [INFO] [PDUR : INFO ] Assigning PduRDestPduHandleId to PduRDestPdu : Can_PduR2CanIf_CanNodeNum_03_Tx_01 -> 114
15:38:24,644 [INFO] [PDUR : INFO ] Assigning PduRDestPduHandleId to PduRDestPdu : Can_PduR2CanIf_CanNodeNum_03_Tx_02 -> 115
15:38:24,644 [INFO] [PDUR : INFO ] Assigning PduRDestPduHandleId to PduRDestPdu : Can_PduR2CanIf_CanNodeNum_03_Tx_03 -> 116
15:38:24,644 [INFO] [PDUR : INFO ] Assigning PduRDestPduHandleId to PduRDestPdu : Can_PduR2CanIf_CanNodeNum_03_Tx_04 -> 117
15:38:24,645 [INFO] [PDUR : INFO ] Assigning PduRDestPduHandleId to PduRDestPdu : Can_PduR2CanIf_CanNodeNum_03_Tx_05 -> 118
15:38:24,645 [INFO] [PDUR : INFO ] Assigning PduRDestPduHandleId to PduRDestPdu : Can_PduR2CanIf_CanNodeNum_03_Tx_06 -> 119
15:38:24,645 [INFO] [PDUR : INFO ] Assigning PduRDestPduHandleId to PduRDestPdu : Can_PduR2CanIf_CanNodeNum_03_Tx_07 -> 120
15:38:24,645 [INFO] [PDUR : INFO ] Assigning PduRDestPduHandleId to PduRDestPdu : Can_PduR2CanIf_CanNodeNum_03_Tx_08 -> 121
15:38:24,646 [INFO] [PDUR : INFO ] Assigning PduRDestPduHandleId to PduRDestPdu : Can_PduR2CanIf_CanNodeNum_03_Tx_09 -> 122
15:38:24,646 [INFO] [PDUR : INFO ] Assigning PduRDestPduHandleId to PduRDestPdu : Can_PduR2CanIf_CanNodeNum_03_Tx_10 -> 123
15:38:24,646 [INFO] [PDUR : INFO ] Assigning PduRDestPduHandleId to PduRDestPdu : Can_PduR2CanIf_CanNodeNum_03_Tx_11 -> 124
15:38:24,646 [INFO] [PDUR : INFO ] Assigning PduRDestPduHandleId to PduRDestPdu : Can_PduR2CanIf_CanNodeNum_03_Tx_12 -> 125
15:38:24,647 [INFO] [PDUR : INFO ] Assigning PduRDestPduHandleId to PduRDestPdu : Can_PduR2CanIf_CanNodeNum_03_Tx_13 -> 126
15:38:24,647 [INFO] [PDUR : INFO ] Assigning PduRDestPduHandleId to PduRDestPdu : Can_PduR2CanIf_CanNodeNum_03_Tx_14 -> 127
15:38:24,647 [INFO] [PDUR : INFO ] Assigning PduRDestPduHandleId to PduRDestPdu : Can_PduR2CanIf_CanNodeNum_03_Tx_15 -> 128
15:38:24,647 [INFO] [PDUR : INFO ] Assigning PduRDestPduHandleId to PduRDestPdu : Can_PduR2CanIf_CanNodeNum_03_Tx_16 -> 129
15:38:24,647 [INFO] [PDUR : INFO ] Assigning PduRDestPduHandleId to PduRDestPdu : Can_PduR2CanIf_CanNodeNum_03_Tx_17 -> 130
15:38:24,648 [INFO] [PDUR : INFO ] Assigning PduRDestPduHandleId to PduRDestPdu : Can_PduR2CanIf_CanNodeNum_03_Tx_18 -> 131
15:38:24,648 [INFO] [PDUR : INFO ] Assigning PduRDestPduHandleId to PduRDestPdu : Can_PduR2CanIf_CanNodeNum_03_Tx_19 -> 132
15:38:24,648 [INFO] [PDUR : INFO ] Assigning PduRDestPduHandleId to PduRDestPdu : Can_PduR2CanIf_CanNodeNum_03_Tx_20 -> 133
15:38:24,648 [INFO] [PDUR : INFO ] Assigning PduRDestPduHandleId to PduRDestPdu : Can_PduR2CanIf_CanNodeNum_03_Tx_21 -> 134
15:38:24,649 [INFO] [PDUR : INFO ] Assigning PduRDestPduHandleId to PduRDestPdu : Can_PduR2CanIf_CanNodeNum_03_Tx_22 -> 135
15:38:24,649 [INFO] [PDUR : INFO ] Assigning PduRDestPduHandleId to PduRDestPdu : Can_PduR2CanIf_CanNodeNum_03_Tx_23 -> 136
15:38:24,649 [INFO] [PDUR : INFO ] Assigning PduRDestPduHandleId to PduRDestPdu : Can_PduR2CanIf_CanNodeNum_03_Tx_24 -> 137
15:38:24,649 [INFO] [PDUR : INFO ] Assigning PduRDestPduHandleId to PduRDestPdu : Can_PduR2CanIf_CanNodeNum_03_Tx_25 -> 138
15:38:24,649 [INFO] [PDUR : INFO ] Assigning PduRDestPduHandleId to PduRDestPdu : Can_PduR2CanIf_CanNodeNum_03_Tx_26 -> 139
15:38:24,650 [INFO] [PDUR : INFO ] Assigning PduRDestPduHandleId to same referred PduRPduRDestPdus owned by CanIf
15:38:24,676 [INFO] [PDUR : INFO ] Assigning HandleIds to all PduR Pdus owned by CanTp
15:38:24,676 [INFO] [PDUR : INFO ] Assigning PduRSourcePduHandleId to all PduRSrcPdus owned by CanTp
15:38:24,676 [INFO] [PDUR : INFO ] Assigning PduRSourcePduHandleId to PduRSrcPdu : Dcm_CanTp2PduR_CanNodeNum_01_FunRequest -> 0
15:38:24,677 [INFO] [PDUR : INFO ] Assigning PduRSourcePduHandleId to PduRSrcPdu : Dcm_CanTp2PduR_CanNodeNum_01_PhyRequest -> 1
15:38:24,677 [INFO] [PDUR : INFO ] Assigning PduRDestPduHandleId to unique PduRPduRDestPdus owned by CanTp
15:38:24,677 [INFO] [PDUR : INFO ] Assigning PduRDestPduHandleId to PduRDestPdu : Dcm_PduR2CanTp_CanNodeNum_01_PhyResponse -> 0
15:38:24,677 [INFO] [PDUR : INFO ] Assigning PduRDestPduHandleId to same referred PduRPduRDestPdus owned by CanTp
15:38:24,681 [INFO] [PDUR : INFO ] Assigning HandleIds to all PduR Pdus owned by Com
15:38:24,681 [INFO] [PDUR : INFO ] Assigning PduRSourcePduHandleId to all PduRSrcPdus owned by Com
15:38:24,681 [INFO] [PDUR : INFO ] Assigning PduRSourcePduHandleId to PduRSrcPdu : Can_Com2PduR_CanNodeNum_01_TxBasic_01 -> 0
15:38:24,681 [INFO] [PDUR : INFO ] Assigning PduRSourcePduHandleId to PduRSrcPdu : Can_Com2PduR_CanNodeNum_01_TxBasic_02 -> 1
15:38:24,682 [INFO] [PDUR : INFO ] Assigning PduRSourcePduHandleId to PduRSrcPdu : Can_Com2PduR_CanNodeNum_01_TxBasic_03 -> 2
15:38:24,682 [INFO] [PDUR : INFO ] Assigning PduRSourcePduHandleId to PduRSrcPdu : Can_Com2PduR_CanNodeNum_01_TxBasic_04 -> 3
15:38:24,682 [INFO] [PDUR : INFO ] Assigning PduRSourcePduHandleId to PduRSrcPdu : Can_Com2PduR_CanNodeNum_01_TxBasic_05 -> 4
15:38:24,682 [INFO] [PDUR : INFO ] Assigning PduRSourcePduHandleId to PduRSrcPdu : Can_Com2PduR_CanNodeNum_01_TxBasic_06 -> 5
15:38:24,682 [INFO] [PDUR : INFO ] Assigning PduRSourcePduHandleId to PduRSrcPdu : Can_Com2PduR_CanNodeNum_01_TxBasic_07 -> 6
15:38:24,683 [INFO] [PDUR : INFO ] Assigning PduRSourcePduHandleId to PduRSrcPdu : Can_Com2PduR_CanNodeNum_01_TxBasic_08 -> 7
15:38:24,683 [INFO] [PDUR : INFO ] Assigning PduRSourcePduHandleId to PduRSrcPdu : Can_Com2PduR_CanNodeNum_01_TxBasic_09 -> 8
15:38:24,683 [INFO] [PDUR : INFO ] Assigning PduRSourcePduHandleId to PduRSrcPdu : Can_Com2PduR_CanNodeNum_01_TxBasic_10 -> 9
15:38:24,683 [INFO] [PDUR : INFO ] Assigning PduRSourcePduHandleId to PduRSrcPdu : Can_Com2PduR_CanNodeNum_01_TxBasic_11 -> 10
15:38:24,683 [INFO] [PDUR : INFO ] Assigning PduRSourcePduHandleId to PduRSrcPdu : Can_Com2PduR_CanNodeNum_01_TxBasic_12 -> 11
15:38:24,683 [INFO] [PDUR : INFO ] Assigning PduRSourcePduHandleId to PduRSrcPdu : Can_Com2PduR_CanNodeNum_01_TxBasic_13 -> 12
15:38:24,684 [INFO] [PDUR : INFO ] Assigning PduRSourcePduHandleId to PduRSrcPdu : Can_Com2PduR_CanNodeNum_01_TxBasic_14 -> 13
15:38:24,684 [INFO] [PDUR : INFO ] Assigning PduRSourcePduHandleId to PduRSrcPdu : Can_Com2PduR_CanNodeNum_01_TxBasic_15 -> 14
15:38:24,684 [INFO] [PDUR : INFO ] Assigning PduRSourcePduHandleId to PduRSrcPdu : Can_Com2PduR_CanNodeNum_01_TxBasic_16 -> 15
15:38:24,684 [INFO] [PDUR : INFO ] Assigning PduRSourcePduHandleId to PduRSrcPdu : Can_Com2PduR_CanNodeNum_01_TxBasic_17 -> 16
15:38:24,684 [INFO] [PDUR : INFO ] Assigning PduRSourcePduHandleId to PduRSrcPdu : Can_Com2PduR_CanNodeNum_01_TxBasic_18 -> 17
15:38:24,685 [INFO] [PDUR : INFO ] Assigning PduRSourcePduHandleId to PduRSrcPdu : Can_Com2PduR_CanNodeNum_01_TxBasic_19 -> 18
15:38:24,685 [INFO] [PDUR : INFO ] Assigning PduRSourcePduHandleId to PduRSrcPdu : Can_Com2PduR_CanNodeNum_01_TxBasic_20 -> 19
15:38:24,685 [INFO] [PDUR : INFO ] Assigning PduRSourcePduHandleId to PduRSrcPdu : Can_Com2PduR_CanNodeNum_01_Tx_01 -> 20
15:38:24,685 [INFO] [PDUR : INFO ] Assigning PduRSourcePduHandleId to PduRSrcPdu : Can_Com2PduR_CanNodeNum_01_Tx_02 -> 21
15:38:24,685 [INFO] [PDUR : INFO ] Assigning PduRSourcePduHandleId to PduRSrcPdu : Can_Com2PduR_CanNodeNum_01_Tx_03 -> 22
15:38:24,685 [INFO] [PDUR : INFO ] Assigning PduRSourcePduHandleId to PduRSrcPdu : Can_Com2PduR_CanNodeNum_01_Tx_04 -> 23
15:38:24,686 [INFO] [PDUR : INFO ] Assigning PduRSourcePduHandleId to PduRSrcPdu : Can_Com2PduR_CanNodeNum_01_Tx_05 -> 24
15:38:24,686 [INFO] [PDUR : INFO ] Assigning PduRSourcePduHandleId to PduRSrcPdu : Can_Com2PduR_CanNodeNum_01_Tx_06 -> 25
15:38:24,686 [INFO] [PDUR : INFO ] Assigning PduRSourcePduHandleId to PduRSrcPdu : Can_Com2PduR_CanNodeNum_01_Tx_07 -> 26
15:38:24,686 [INFO] [PDUR : INFO ] Assigning PduRSourcePduHandleId to PduRSrcPdu : Can_Com2PduR_CanNodeNum_01_Tx_08 -> 27
15:38:24,686 [INFO] [PDUR : INFO ] Assigning PduRSourcePduHandleId to PduRSrcPdu : Can_Com2PduR_CanNodeNum_01_Tx_09 -> 28
15:38:24,687 [INFO] [PDUR : INFO ] Assigning PduRSourcePduHandleId to PduRSrcPdu : Can_Com2PduR_CanNodeNum_01_Tx_10 -> 29
15:38:24,687 [INFO] [PDUR : INFO ] Assigning PduRSourcePduHandleId to PduRSrcPdu : Can_Com2PduR_CanNodeNum_01_Tx_11 -> 30
15:38:24,687 [INFO] [PDUR : INFO ] Assigning PduRSourcePduHandleId to PduRSrcPdu : Can_Com2PduR_CanNodeNum_01_Tx_12 -> 31
15:38:24,687 [INFO] [PDUR : INFO ] Assigning PduRSourcePduHandleId to PduRSrcPdu : Can_Com2PduR_CanNodeNum_01_Tx_13 -> 32
15:38:24,687 [INFO] [PDUR : INFO ] Assigning PduRSourcePduHandleId to PduRSrcPdu : Can_Com2PduR_CanNodeNum_01_Tx_14 -> 33
15:38:24,687 [INFO] [PDUR : INFO ] Assigning PduRSourcePduHandleId to PduRSrcPdu : Can_Com2PduR_CanNodeNum_01_Tx_15 -> 34
15:38:24,688 [INFO] [PDUR : INFO ] Assigning PduRSourcePduHandleId to PduRSrcPdu : Can_Com2PduR_CanNodeNum_01_Tx_16 -> 35
15:38:24,688 [INFO] [PDUR : INFO ] Assigning PduRSourcePduHandleId to PduRSrcPdu : Can_Com2PduR_CanNodeNum_01_Tx_17 -> 36
15:38:24,688 [INFO] [PDUR : INFO ] Assigning PduRSourcePduHandleId to PduRSrcPdu : Can_Com2PduR_CanNodeNum_01_Tx_18 -> 37
15:38:24,688 [INFO] [PDUR : INFO ] Assigning PduRSourcePduHandleId to PduRSrcPdu : Can_Com2PduR_CanNodeNum_01_Tx_19 -> 38
15:38:24,688 [INFO] [PDUR : INFO ] Assigning PduRSourcePduHandleId to PduRSrcPdu : Can_Com2PduR_CanNodeNum_01_Tx_20 -> 39
15:38:24,688 [INFO] [PDUR : INFO ] Assigning PduRSourcePduHandleId to PduRSrcPdu : Can_Com2PduR_CanNodeNum_01_Tx_21 -> 40
15:38:24,689 [INFO] [PDUR : INFO ] Assigning PduRSourcePduHandleId to PduRSrcPdu : Can_Com2PduR_CanNodeNum_01_Tx_22 -> 41
15:38:24,689 [INFO] [PDUR : INFO ] Assigning PduRSourcePduHandleId to PduRSrcPdu : Can_Com2PduR_CanNodeNum_01_Tx_23 -> 42
15:38:24,689 [INFO] [PDUR : INFO ] Assigning PduRSourcePduHandleId to PduRSrcPdu : Can_Com2PduR_CanNodeNum_01_Tx_24 -> 43
15:38:24,689 [INFO] [PDUR : INFO ] Assigning PduRSourcePduHandleId to PduRSrcPdu : Can_Com2PduR_CanNodeNum_01_Tx_25 -> 44
15:38:24,689 [INFO] [PDUR : INFO ] Assigning PduRSourcePduHandleId to PduRSrcPdu : Can_Com2PduR_CanNodeNum_01_Tx_25_00 -> 45
15:38:24,689 [INFO] [PDUR : INFO ] Assigning PduRSourcePduHandleId to PduRSrcPdu : Can_Com2PduR_CanNodeNum_01_Tx_25_01 -> 46
15:38:24,690 [INFO] [PDUR : INFO ] Assigning PduRSourcePduHandleId to PduRSrcPdu : Can_Com2PduR_CanNodeNum_01_Tx_26 -> 47
15:38:24,690 [INFO] [PDUR : INFO ] Assigning PduRSourcePduHandleId to PduRSrcPdu : Can_Com2PduR_CanNodeNum_02_TxBasic_01 -> 48
15:38:24,690 [INFO] [PDUR : INFO ] Assigning PduRSourcePduHandleId to PduRSrcPdu : Can_Com2PduR_CanNodeNum_02_TxBasic_02 -> 49
15:38:24,690 [INFO] [PDUR : INFO ] Assigning PduRSourcePduHandleId to PduRSrcPdu : Can_Com2PduR_CanNodeNum_02_TxBasic_03 -> 50
15:38:24,690 [INFO] [PDUR : INFO ] Assigning PduRSourcePduHandleId to PduRSrcPdu : Can_Com2PduR_CanNodeNum_02_TxBasic_04 -> 51
15:38:24,690 [INFO] [PDUR : INFO ] Assigning PduRSourcePduHandleId to PduRSrcPdu : Can_Com2PduR_CanNodeNum_02_TxBasic_05 -> 52
15:38:24,691 [INFO] [PDUR : INFO ] Assigning PduRSourcePduHandleId to PduRSrcPdu : Can_Com2PduR_CanNodeNum_02_TxBasic_06 -> 53
15:38:24,691 [INFO] [PDUR : INFO ] Assigning PduRSourcePduHandleId to PduRSrcPdu : Can_Com2PduR_CanNodeNum_02_TxBasic_07 -> 54
15:38:24,691 [INFO] [PDUR : INFO ] Assigning PduRSourcePduHandleId to PduRSrcPdu : Can_Com2PduR_CanNodeNum_02_TxBasic_08 -> 55
15:38:24,691 [INFO] [PDUR : INFO ] Assigning PduRSourcePduHandleId to PduRSrcPdu : Can_Com2PduR_CanNodeNum_02_TxBasic_09 -> 56
15:38:24,691 [INFO] [PDUR : INFO ] Assigning PduRSourcePduHandleId to PduRSrcPdu : Can_Com2PduR_CanNodeNum_02_TxBasic_10 -> 57
15:38:24,692 [INFO] [PDUR : INFO ] Assigning PduRSourcePduHandleId to PduRSrcPdu : Can_Com2PduR_CanNodeNum_02_TxBasic_11 -> 58
15:38:24,692 [INFO] [PDUR : INFO ] Assigning PduRSourcePduHandleId to PduRSrcPdu : Can_Com2PduR_CanNodeNum_02_TxBasic_12 -> 59
15:38:24,692 [INFO] [PDUR : INFO ] Assigning PduRSourcePduHandleId to PduRSrcPdu : Can_Com2PduR_CanNodeNum_02_TxBasic_13 -> 60
15:38:24,692 [INFO] [PDUR : INFO ] Assigning PduRSourcePduHandleId to PduRSrcPdu : Can_Com2PduR_CanNodeNum_02_TxBasic_14 -> 61
15:38:24,692 [INFO] [PDUR : INFO ] Assigning PduRSourcePduHandleId to PduRSrcPdu : Can_Com2PduR_CanNodeNum_02_TxBasic_15 -> 62
15:38:24,693 [INFO] [PDUR : INFO ] Assigning PduRSourcePduHandleId to PduRSrcPdu : Can_Com2PduR_CanNodeNum_02_TxBasic_16 -> 63
15:38:24,693 [INFO] [PDUR : INFO ] Assigning PduRSourcePduHandleId to PduRSrcPdu : Can_Com2PduR_CanNodeNum_02_TxBasic_17 -> 64
15:38:24,693 [INFO] [PDUR : INFO ] Assigning PduRSourcePduHandleId to PduRSrcPdu : Can_Com2PduR_CanNodeNum_02_TxBasic_18 -> 65
15:38:24,693 [INFO] [PDUR : INFO ] Assigning PduRSourcePduHandleId to PduRSrcPdu : Can_Com2PduR_CanNodeNum_02_TxBasic_19 -> 66
15:38:24,693 [INFO] [PDUR : INFO ] Assigning PduRSourcePduHandleId to PduRSrcPdu : Can_Com2PduR_CanNodeNum_02_TxBasic_20 -> 67
15:38:24,694 [INFO] [PDUR : INFO ] Assigning PduRSourcePduHandleId to PduRSrcPdu : Can_Com2PduR_CanNodeNum_02_Tx_01 -> 68
15:38:24,694 [INFO] [PDUR : INFO ] Assigning PduRSourcePduHandleId to PduRSrcPdu : Can_Com2PduR_CanNodeNum_02_Tx_02 -> 69
15:38:24,694 [INFO] [PDUR : INFO ] Assigning PduRSourcePduHandleId to PduRSrcPdu : Can_Com2PduR_CanNodeNum_02_Tx_03 -> 70
15:38:24,694 [INFO] [PDUR : INFO ] Assigning PduRSourcePduHandleId to PduRSrcPdu : Can_Com2PduR_CanNodeNum_02_Tx_04 -> 71
15:38:24,694 [INFO] [PDUR : INFO ] Assigning PduRSourcePduHandleId to PduRSrcPdu : Can_Com2PduR_CanNodeNum_02_Tx_05 -> 72
15:38:24,695 [INFO] [PDUR : INFO ] Assigning PduRSourcePduHandleId to PduRSrcPdu : Can_Com2PduR_CanNodeNum_02_Tx_06 -> 73
15:38:24,695 [INFO] [PDUR : INFO ] Assigning PduRSourcePduHandleId to PduRSrcPdu : Can_Com2PduR_CanNodeNum_02_Tx_07 -> 74
15:38:24,695 [INFO] [PDUR : INFO ] Assigning PduRSourcePduHandleId to PduRSrcPdu : Can_Com2PduR_CanNodeNum_02_Tx_08 -> 75
15:38:24,695 [INFO] [PDUR : INFO ] Assigning PduRSourcePduHandleId to PduRSrcPdu : Can_Com2PduR_CanNodeNum_02_Tx_09 -> 76
15:38:24,695 [INFO] [PDUR : INFO ] Assigning PduRSourcePduHandleId to PduRSrcPdu : Can_Com2PduR_CanNodeNum_02_Tx_10 -> 77
15:38:24,695 [INFO] [PDUR : INFO ] Assigning PduRSourcePduHandleId to PduRSrcPdu : Can_Com2PduR_CanNodeNum_02_Tx_11 -> 78
15:38:24,696 [INFO] [PDUR : INFO ] Assigning PduRSourcePduHandleId to PduRSrcPdu : Can_Com2PduR_CanNodeNum_02_Tx_12 -> 79
15:38:24,696 [INFO] [PDUR : INFO ] Assigning PduRSourcePduHandleId to PduRSrcPdu : Can_Com2PduR_CanNodeNum_02_Tx_13 -> 80
15:38:24,696 [INFO] [PDUR : INFO ] Assigning PduRSourcePduHandleId to PduRSrcPdu : Can_Com2PduR_CanNodeNum_02_Tx_14 -> 81
15:38:24,696 [INFO] [PDUR : INFO ] Assigning PduRSourcePduHandleId to PduRSrcPdu : Can_Com2PduR_CanNodeNum_02_Tx_15 -> 82
15:38:24,696 [INFO] [PDUR : INFO ] Assigning PduRSourcePduHandleId to PduRSrcPdu : Can_Com2PduR_CanNodeNum_02_Tx_16 -> 83
15:38:24,697 [INFO] [PDUR : INFO ] Assigning PduRSourcePduHandleId to PduRSrcPdu : Can_Com2PduR_CanNodeNum_02_Tx_17 -> 84
15:38:24,697 [INFO] [PDUR : INFO ] Assigning PduRSourcePduHandleId to PduRSrcPdu : Can_Com2PduR_CanNodeNum_02_Tx_18 -> 85
15:38:24,697 [INFO] [PDUR : INFO ] Assigning PduRSourcePduHandleId to PduRSrcPdu : Can_Com2PduR_CanNodeNum_02_Tx_19 -> 86
15:38:24,697 [INFO] [PDUR : INFO ] Assigning PduRSourcePduHandleId to PduRSrcPdu : Can_Com2PduR_CanNodeNum_02_Tx_20 -> 87
15:38:24,697 [INFO] [PDUR : INFO ] Assigning PduRSourcePduHandleId to PduRSrcPdu : Can_Com2PduR_CanNodeNum_02_Tx_21 -> 88
15:38:24,698 [INFO] [PDUR : INFO ] Assigning PduRSourcePduHandleId to PduRSrcPdu : Can_Com2PduR_CanNodeNum_02_Tx_22 -> 89
15:38:24,698 [INFO] [PDUR : INFO ] Assigning PduRSourcePduHandleId to PduRSrcPdu : Can_Com2PduR_CanNodeNum_02_Tx_23 -> 90
15:38:24,698 [INFO] [PDUR : INFO ] Assigning PduRSourcePduHandleId to PduRSrcPdu : Can_Com2PduR_CanNodeNum_02_Tx_24 -> 91
15:38:24,698 [INFO] [PDUR : INFO ] Assigning PduRSourcePduHandleId to PduRSrcPdu : Can_Com2PduR_CanNodeNum_02_Tx_25 -> 92
15:38:24,698 [INFO] [PDUR : INFO ] Assigning PduRSourcePduHandleId to PduRSrcPdu : Can_Com2PduR_CanNodeNum_02_Tx_26 -> 93
15:38:24,699 [INFO] [PDUR : INFO ] Assigning PduRSourcePduHandleId to PduRSrcPdu : Can_Com2PduR_CanNodeNum_03_TxBasic_01 -> 94
15:38:24,699 [INFO] [PDUR : INFO ] Assigning PduRSourcePduHandleId to PduRSrcPdu : Can_Com2PduR_CanNodeNum_03_TxBasic_02 -> 95
15:38:24,699 [INFO] [PDUR : INFO ] Assigning PduRSourcePduHandleId to PduRSrcPdu : Can_Com2PduR_CanNodeNum_03_TxBasic_03 -> 96
15:38:24,699 [INFO] [PDUR : INFO ] Assigning PduRSourcePduHandleId to PduRSrcPdu : Can_Com2PduR_CanNodeNum_03_TxBasic_04 -> 97
15:38:24,699 [INFO] [PDUR : INFO ] Assigning PduRSourcePduHandleId to PduRSrcPdu : Can_Com2PduR_CanNodeNum_03_TxBasic_05 -> 98
15:38:24,700 [INFO] [PDUR : INFO ] Assigning PduRSourcePduHandleId to PduRSrcPdu : Can_Com2PduR_CanNodeNum_03_TxBasic_06 -> 99
15:38:24,700 [INFO] [PDUR : INFO ] Assigning PduRSourcePduHandleId to PduRSrcPdu : Can_Com2PduR_CanNodeNum_03_TxBasic_07 -> 100
15:38:24,700 [INFO] [PDUR : INFO ] Assigning PduRSourcePduHandleId to PduRSrcPdu : Can_Com2PduR_CanNodeNum_03_TxBasic_08 -> 101
15:38:24,700 [INFO] [PDUR : INFO ] Assigning PduRSourcePduHandleId to PduRSrcPdu : Can_Com2PduR_CanNodeNum_03_TxBasic_09 -> 102
15:38:24,700 [INFO] [PDUR : INFO ] Assigning PduRSourcePduHandleId to PduRSrcPdu : Can_Com2PduR_CanNodeNum_03_TxBasic_10 -> 103
15:38:24,700 [INFO] [PDUR : INFO ] Assigning PduRSourcePduHandleId to PduRSrcPdu : Can_Com2PduR_CanNodeNum_03_TxBasic_11 -> 104
15:38:24,701 [INFO] [PDUR : INFO ] Assigning PduRSourcePduHandleId to PduRSrcPdu : Can_Com2PduR_CanNodeNum_03_TxBasic_12 -> 105
15:38:24,701 [INFO] [PDUR : INFO ] Assigning PduRSourcePduHandleId to PduRSrcPdu : Can_Com2PduR_CanNodeNum_03_TxBasic_13 -> 106
15:38:24,701 [INFO] [PDUR : INFO ] Assigning PduRSourcePduHandleId to PduRSrcPdu : Can_Com2PduR_CanNodeNum_03_TxBasic_14 -> 107
15:38:24,701 [INFO] [PDUR : INFO ] Assigning PduRSourcePduHandleId to PduRSrcPdu : Can_Com2PduR_CanNodeNum_03_TxBasic_15 -> 108
15:38:24,702 [INFO] [PDUR : INFO ] Assigning PduRSourcePduHandleId to PduRSrcPdu : Can_Com2PduR_CanNodeNum_03_TxBasic_16 -> 109
15:38:24,702 [INFO] [PDUR : INFO ] Assigning PduRSourcePduHandleId to PduRSrcPdu : Can_Com2PduR_CanNodeNum_03_TxBasic_17 -> 110
15:38:24,702 [INFO] [PDUR : INFO ] Assigning PduRSourcePduHandleId to PduRSrcPdu : Can_Com2PduR_CanNodeNum_03_TxBasic_18 -> 111
15:38:24,702 [INFO] [PDUR : INFO ] Assigning PduRSourcePduHandleId to PduRSrcPdu : Can_Com2PduR_CanNodeNum_03_TxBasic_19 -> 112
15:38:24,702 [INFO] [PDUR : INFO ] Assigning PduRSourcePduHandleId to PduRSrcPdu : Can_Com2PduR_CanNodeNum_03_TxBasic_20 -> 113
15:38:24,703 [INFO] [PDUR : INFO ] Assigning PduRSourcePduHandleId to PduRSrcPdu : Can_Com2PduR_CanNodeNum_03_Tx_01 -> 114
15:38:24,703 [INFO] [PDUR : INFO ] Assigning PduRSourcePduHandleId to PduRSrcPdu : Can_Com2PduR_CanNodeNum_03_Tx_02 -> 115
15:38:24,703 [INFO] [PDUR : INFO ] Assigning PduRSourcePduHandleId to PduRSrcPdu : Can_Com2PduR_CanNodeNum_03_Tx_03 -> 116
15:38:24,703 [INFO] [PDUR : INFO ] Assigning PduRSourcePduHandleId to PduRSrcPdu : Can_Com2PduR_CanNodeNum_03_Tx_04 -> 117
15:38:24,703 [INFO] [PDUR : INFO ] Assigning PduRSourcePduHandleId to PduRSrcPdu : Can_Com2PduR_CanNodeNum_03_Tx_05 -> 118
15:38:24,704 [INFO] [PDUR : INFO ] Assigning PduRSourcePduHandleId to PduRSrcPdu : Can_Com2PduR_CanNodeNum_03_Tx_06 -> 119
15:38:24,704 [INFO] [PDUR : INFO ] Assigning PduRSourcePduHandleId to PduRSrcPdu : Can_Com2PduR_CanNodeNum_03_Tx_07 -> 120
15:38:24,704 [INFO] [PDUR : INFO ] Assigning PduRSourcePduHandleId to PduRSrcPdu : Can_Com2PduR_CanNodeNum_03_Tx_08 -> 121
15:38:24,704 [INFO] [PDUR : INFO ] Assigning PduRSourcePduHandleId to PduRSrcPdu : Can_Com2PduR_CanNodeNum_03_Tx_09 -> 122
15:38:24,704 [INFO] [PDUR : INFO ] Assigning PduRSourcePduHandleId to PduRSrcPdu : Can_Com2PduR_CanNodeNum_03_Tx_10 -> 123
15:38:24,704 [INFO] [PDUR : INFO ] Assigning PduRSourcePduHandleId to PduRSrcPdu : Can_Com2PduR_CanNodeNum_03_Tx_11 -> 124
15:38:24,705 [INFO] [PDUR : INFO ] Assigning PduRSourcePduHandleId to PduRSrcPdu : Can_Com2PduR_CanNodeNum_03_Tx_12 -> 125
15:38:24,705 [INFO] [PDUR : INFO ] Assigning PduRSourcePduHandleId to PduRSrcPdu : Can_Com2PduR_CanNodeNum_03_Tx_13 -> 126
15:38:24,705 [INFO] [PDUR : INFO ] Assigning PduRSourcePduHandleId to PduRSrcPdu : Can_Com2PduR_CanNodeNum_03_Tx_14 -> 127
15:38:24,705 [INFO] [PDUR : INFO ] Assigning PduRSourcePduHandleId to PduRSrcPdu : Can_Com2PduR_CanNodeNum_03_Tx_15 -> 128
15:38:24,705 [INFO] [PDUR : INFO ] Assigning PduRSourcePduHandleId to PduRSrcPdu : Can_Com2PduR_CanNodeNum_03_Tx_16 -> 129
15:38:24,706 [INFO] [PDUR : INFO ] Assigning PduRSourcePduHandleId to PduRSrcPdu : Can_Com2PduR_CanNodeNum_03_Tx_17 -> 130
15:38:24,706 [INFO] [PDUR : INFO ] Assigning PduRSourcePduHandleId to PduRSrcPdu : Can_Com2PduR_CanNodeNum_03_Tx_18 -> 131
15:38:24,706 [INFO] [PDUR : INFO ] Assigning PduRSourcePduHandleId to PduRSrcPdu : Can_Com2PduR_CanNodeNum_03_Tx_19 -> 132
15:38:24,706 [INFO] [PDUR : INFO ] Assigning PduRSourcePduHandleId to PduRSrcPdu : Can_Com2PduR_CanNodeNum_03_Tx_20 -> 133
15:38:24,706 [INFO] [PDUR : INFO ] Assigning PduRSourcePduHandleId to PduRSrcPdu : Can_Com2PduR_CanNodeNum_03_Tx_21 -> 134
15:38:24,707 [INFO] [PDUR : INFO ] Assigning PduRSourcePduHandleId to PduRSrcPdu : Can_Com2PduR_CanNodeNum_03_Tx_22 -> 135
15:38:24,707 [INFO] [PDUR : INFO ] Assigning PduRSourcePduHandleId to PduRSrcPdu : Can_Com2PduR_CanNodeNum_03_Tx_23 -> 136
15:38:24,707 [INFO] [PDUR : INFO ] Assigning PduRSourcePduHandleId to PduRSrcPdu : Can_Com2PduR_CanNodeNum_03_Tx_24 -> 137
15:38:24,707 [INFO] [PDUR : INFO ] Assigning PduRSourcePduHandleId to PduRSrcPdu : Can_Com2PduR_CanNodeNum_03_Tx_25 -> 138
15:38:24,707 [INFO] [PDUR : INFO ] Assigning PduRSourcePduHandleId to PduRSrcPdu : Can_Com2PduR_CanNodeNum_03_Tx_26 -> 139
15:38:24,707 [INFO] [PDUR : INFO ] Assigning PduRDestPduHandleId to unique PduRPduRDestPdus owned by Com
15:38:24,707 [INFO] [PDUR : INFO ] Assigning PduRDestPduHandleId to PduRDestPdu : Can_PduR2Com_CanNodeNum_01_Rx_01 -> 0
15:38:24,708 [INFO] [PDUR : INFO ] Assigning PduRDestPduHandleId to PduRDestPdu : Can_PduR2Com_CanNodeNum_01_Rx_02 -> 1
15:38:24,708 [INFO] [PDUR : INFO ] Assigning PduRDestPduHandleId to PduRDestPdu : Can_PduR2Com_CanNodeNum_01_Rx_03 -> 2
15:38:24,708 [INFO] [PDUR : INFO ] Assigning PduRDestPduHandleId to PduRDestPdu : Can_PduR2Com_CanNodeNum_01_Rx_04 -> 3
15:38:24,708 [INFO] [PDUR : INFO ] Assigning PduRDestPduHandleId to PduRDestPdu : Can_PduR2Com_CanNodeNum_01_Rx_05 -> 4
15:38:24,708 [INFO] [PDUR : INFO ] Assigning PduRDestPduHandleId to PduRDestPdu : Can_PduR2Com_CanNodeNum_01_Rx_06 -> 5
15:38:24,709 [INFO] [PDUR : INFO ] Assigning PduRDestPduHandleId to PduRDestPdu : Can_PduR2Com_CanNodeNum_01_Rx_07 -> 6
15:38:24,709 [INFO] [PDUR : INFO ] Assigning PduRDestPduHandleId to PduRDestPdu : Can_PduR2Com_CanNodeNum_01_Rx_08 -> 7
15:38:24,709 [INFO] [PDUR : INFO ] Assigning PduRDestPduHandleId to PduRDestPdu : Can_PduR2Com_CanNodeNum_01_Rx_09 -> 8
15:38:24,709 [INFO] [PDUR : INFO ] Assigning PduRDestPduHandleId to PduRDestPdu : Can_PduR2Com_CanNodeNum_01_Rx_10 -> 9
15:38:24,709 [INFO] [PDUR : INFO ] Assigning PduRDestPduHandleId to PduRDestPdu : Can_PduR2Com_CanNodeNum_01_Rx_11 -> 10
15:38:24,709 [INFO] [PDUR : INFO ] Assigning PduRDestPduHandleId to PduRDestPdu : Can_PduR2Com_CanNodeNum_01_Rx_12 -> 11
15:38:24,710 [INFO] [PDUR : INFO ] Assigning PduRDestPduHandleId to PduRDestPdu : Can_PduR2Com_CanNodeNum_01_Rx_13 -> 12
15:38:24,710 [INFO] [PDUR : INFO ] Assigning PduRDestPduHandleId to PduRDestPdu : Can_PduR2Com_CanNodeNum_01_Rx_14 -> 13
15:38:24,710 [INFO] [PDUR : INFO ] Assigning PduRDestPduHandleId to PduRDestPdu : Can_PduR2Com_CanNodeNum_01_Rx_15 -> 14
15:38:24,710 [INFO] [PDUR : INFO ] Assigning PduRDestPduHandleId to PduRDestPdu : Can_PduR2Com_CanNodeNum_01_Rx_16 -> 15
15:38:24,710 [INFO] [PDUR : INFO ] Assigning PduRDestPduHandleId to PduRDestPdu : Can_PduR2Com_CanNodeNum_01_Rx_17 -> 16
15:38:24,710 [INFO] [PDUR : INFO ] Assigning PduRDestPduHandleId to PduRDestPdu : Can_PduR2Com_CanNodeNum_01_Rx_18 -> 17
15:38:24,711 [INFO] [PDUR : INFO ] Assigning PduRDestPduHandleId to PduRDestPdu : Can_PduR2Com_CanNodeNum_01_Rx_19 -> 18
15:38:24,711 [INFO] [PDUR : INFO ] Assigning PduRDestPduHandleId to PduRDestPdu : Can_PduR2Com_CanNodeNum_01_Rx_20 -> 19
15:38:24,711 [INFO] [PDUR : INFO ] Assigning PduRDestPduHandleId to PduRDestPdu : Can_PduR2Com_CanNodeNum_01_Rx_21 -> 20
15:38:24,711 [INFO] [PDUR : INFO ] Assigning PduRDestPduHandleId to PduRDestPdu : Can_PduR2Com_CanNodeNum_01_Rx_22 -> 21
15:38:24,711 [INFO] [PDUR : INFO ] Assigning PduRDestPduHandleId to PduRDestPdu : Can_PduR2Com_CanNodeNum_01_Rx_23 -> 22
15:38:24,712 [INFO] [PDUR : INFO ] Assigning PduRDestPduHandleId to PduRDestPdu : Can_PduR2Com_CanNodeNum_01_Rx_24 -> 23
15:38:24,712 [INFO] [PDUR : INFO ] Assigning PduRDestPduHandleId to PduRDestPdu : Can_PduR2Com_CanNodeNum_01_Rx_25 -> 24
15:38:24,712 [INFO] [PDUR : INFO ] Assigning PduRDestPduHandleId to PduRDestPdu : Can_PduR2Com_CanNodeNum_01_Rx_26 -> 25
15:38:24,712 [INFO] [PDUR : INFO ] Assigning PduRDestPduHandleId to PduRDestPdu : Can_PduR2Com_CanNodeNum_01_Rx_27 -> 26
15:38:24,712 [INFO] [PDUR : INFO ] Assigning PduRDestPduHandleId to PduRDestPdu : Can_PduR2Com_CanNodeNum_01_Rx_28 -> 27
15:38:24,712 [INFO] [PDUR : INFO ] Assigning PduRDestPduHandleId to PduRDestPdu : Can_PduR2Com_CanNodeNum_01_Rx_29 -> 28
15:38:24,713 [INFO] [PDUR : INFO ] Assigning PduRDestPduHandleId to PduRDestPdu : Can_PduR2Com_CanNodeNum_01_Rx_30 -> 29
15:38:24,713 [INFO] [PDUR : INFO ] Assigning PduRDestPduHandleId to PduRDestPdu : Can_PduR2Com_CanNodeNum_01_Rx_31 -> 30
15:38:24,713 [INFO] [PDUR : INFO ] Assigning PduRDestPduHandleId to PduRDestPdu : Can_PduR2Com_CanNodeNum_01_Rx_32 -> 31
15:38:24,713 [INFO] [PDUR : INFO ] Assigning PduRDestPduHandleId to PduRDestPdu : Can_PduR2Com_CanNodeNum_01_Rx_33 -> 32
15:38:24,713 [INFO] [PDUR : INFO ] Assigning PduRDestPduHandleId to PduRDestPdu : Can_PduR2Com_CanNodeNum_01_Rx_34 -> 33
15:38:24,713 [INFO] [PDUR : INFO ] Assigning PduRDestPduHandleId to PduRDestPdu : Can_PduR2Com_CanNodeNum_01_Rx_35 -> 34
15:38:24,714 [INFO] [PDUR : INFO ] Assigning PduRDestPduHandleId to PduRDestPdu : Can_PduR2Com_CanNodeNum_01_Rx_36 -> 35
15:38:24,714 [INFO] [PDUR : INFO ] Assigning PduRDestPduHandleId to PduRDestPdu : Can_PduR2Com_CanNodeNum_01_Rx_37 -> 36
15:38:24,714 [INFO] [PDUR : INFO ] Assigning PduRDestPduHandleId to PduRDestPdu : Can_PduR2Com_CanNodeNum_01_Rx_38 -> 37
15:38:24,714 [INFO] [PDUR : INFO ] Assigning PduRDestPduHandleId to PduRDestPdu : Can_PduR2Com_CanNodeNum_01_Rx_39 -> 38
15:38:24,714 [INFO] [PDUR : INFO ] Assigning PduRDestPduHandleId to PduRDestPdu : Can_PduR2Com_CanNodeNum_01_Rx_40 -> 39
15:38:24,715 [INFO] [PDUR : INFO ] Assigning PduRDestPduHandleId to PduRDestPdu : Can_PduR2Com_CanNodeNum_02_Rx_01 -> 40
15:38:24,715 [INFO] [PDUR : INFO ] Assigning PduRDestPduHandleId to PduRDestPdu : Can_PduR2Com_CanNodeNum_02_Rx_02 -> 41
15:38:24,715 [INFO] [PDUR : INFO ] Assigning PduRDestPduHandleId to PduRDestPdu : Can_PduR2Com_CanNodeNum_02_Rx_03 -> 42
15:38:24,715 [INFO] [PDUR : INFO ] Assigning PduRDestPduHandleId to PduRDestPdu : Can_PduR2Com_CanNodeNum_02_Rx_04 -> 43
15:38:24,715 [INFO] [PDUR : INFO ] Assigning PduRDestPduHandleId to PduRDestPdu : Can_PduR2Com_CanNodeNum_02_Rx_05 -> 44
15:38:24,715 [INFO] [PDUR : INFO ] Assigning PduRDestPduHandleId to PduRDestPdu : Can_PduR2Com_CanNodeNum_02_Rx_06 -> 45
15:38:24,716 [INFO] [PDUR : INFO ] Assigning PduRDestPduHandleId to PduRDestPdu : Can_PduR2Com_CanNodeNum_02_Rx_07 -> 46
15:38:24,716 [INFO] [PDUR : INFO ] Assigning PduRDestPduHandleId to PduRDestPdu : Can_PduR2Com_CanNodeNum_02_Rx_08 -> 47
15:38:24,716 [INFO] [PDUR : INFO ] Assigning PduRDestPduHandleId to PduRDestPdu : Can_PduR2Com_CanNodeNum_02_Rx_09 -> 48
15:38:24,716 [INFO] [PDUR : INFO ] Assigning PduRDestPduHandleId to PduRDestPdu : Can_PduR2Com_CanNodeNum_02_Rx_10 -> 49
15:38:24,716 [INFO] [PDUR : INFO ] Assigning PduRDestPduHandleId to PduRDestPdu : Can_PduR2Com_CanNodeNum_02_Rx_11 -> 50
15:38:24,716 [INFO] [PDUR : INFO ] Assigning PduRDestPduHandleId to PduRDestPdu : Can_PduR2Com_CanNodeNum_02_Rx_12 -> 51
15:38:24,717 [INFO] [PDUR : INFO ] Assigning PduRDestPduHandleId to PduRDestPdu : Can_PduR2Com_CanNodeNum_02_Rx_13 -> 52
15:38:24,717 [INFO] [PDUR : INFO ] Assigning PduRDestPduHandleId to PduRDestPdu : Can_PduR2Com_CanNodeNum_02_Rx_14 -> 53
15:38:24,717 [INFO] [PDUR : INFO ] Assigning PduRDestPduHandleId to PduRDestPdu : Can_PduR2Com_CanNodeNum_02_Rx_15 -> 54
15:38:24,717 [INFO] [PDUR : INFO ] Assigning PduRDestPduHandleId to PduRDestPdu : Can_PduR2Com_CanNodeNum_02_Rx_16 -> 55
15:38:24,717 [INFO] [PDUR : INFO ] Assigning PduRDestPduHandleId to PduRDestPdu : Can_PduR2Com_CanNodeNum_02_Rx_17 -> 56
15:38:24,717 [INFO] [PDUR : INFO ] Assigning PduRDestPduHandleId to PduRDestPdu : Can_PduR2Com_CanNodeNum_02_Rx_18 -> 57
15:38:24,718 [INFO] [PDUR : INFO ] Assigning PduRDestPduHandleId to PduRDestPdu : Can_PduR2Com_CanNodeNum_02_Rx_19 -> 58
15:38:24,718 [INFO] [PDUR : INFO ] Assigning PduRDestPduHandleId to PduRDestPdu : Can_PduR2Com_CanNodeNum_02_Rx_20 -> 59
15:38:24,718 [INFO] [PDUR : INFO ] Assigning PduRDestPduHandleId to PduRDestPdu : Can_PduR2Com_CanNodeNum_02_Rx_21 -> 60
15:38:24,718 [INFO] [PDUR : INFO ] Assigning PduRDestPduHandleId to PduRDestPdu : Can_PduR2Com_CanNodeNum_02_Rx_22 -> 61
15:38:24,718 [INFO] [PDUR : INFO ] Assigning PduRDestPduHandleId to PduRDestPdu : Can_PduR2Com_CanNodeNum_02_Rx_23 -> 62
15:38:24,719 [INFO] [PDUR : INFO ] Assigning PduRDestPduHandleId to PduRDestPdu : Can_PduR2Com_CanNodeNum_02_Rx_24 -> 63
15:38:24,719 [INFO] [PDUR : INFO ] Assigning PduRDestPduHandleId to PduRDestPdu : Can_PduR2Com_CanNodeNum_02_Rx_25 -> 64
15:38:24,719 [INFO] [PDUR : INFO ] Assigning PduRDestPduHandleId to PduRDestPdu : Can_PduR2Com_CanNodeNum_02_Rx_26 -> 65
15:38:24,719 [INFO] [PDUR : INFO ] Assigning PduRDestPduHandleId to PduRDestPdu : Can_PduR2Com_CanNodeNum_02_Rx_27 -> 66
15:38:24,720 [INFO] [PDUR : INFO ] Assigning PduRDestPduHandleId to PduRDestPdu : Can_PduR2Com_CanNodeNum_02_Rx_28 -> 67
15:38:24,720 [INFO] [PDUR : INFO ] Assigning PduRDestPduHandleId to PduRDestPdu : Can_PduR2Com_CanNodeNum_02_Rx_29 -> 68
15:38:24,720 [INFO] [PDUR : INFO ] Assigning PduRDestPduHandleId to PduRDestPdu : Can_PduR2Com_CanNodeNum_02_Rx_30 -> 69
15:38:24,720 [INFO] [PDUR : INFO ] Assigning PduRDestPduHandleId to PduRDestPdu : Can_PduR2Com_CanNodeNum_02_Rx_31 -> 70
15:38:24,720 [INFO] [PDUR : INFO ] Assigning PduRDestPduHandleId to PduRDestPdu : Can_PduR2Com_CanNodeNum_02_Rx_32 -> 71
15:38:24,721 [INFO] [PDUR : INFO ] Assigning PduRDestPduHandleId to PduRDestPdu : Can_PduR2Com_CanNodeNum_02_Rx_33 -> 72
15:38:24,721 [INFO] [PDUR : INFO ] Assigning PduRDestPduHandleId to PduRDestPdu : Can_PduR2Com_CanNodeNum_02_Rx_34 -> 73
15:38:24,721 [INFO] [PDUR : INFO ] Assigning PduRDestPduHandleId to PduRDestPdu : Can_PduR2Com_CanNodeNum_02_Rx_35 -> 74
15:38:24,721 [INFO] [PDUR : INFO ] Assigning PduRDestPduHandleId to PduRDestPdu : Can_PduR2Com_CanNodeNum_02_Rx_36 -> 75
15:38:24,721 [INFO] [PDUR : INFO ] Assigning PduRDestPduHandleId to PduRDestPdu : Can_PduR2Com_CanNodeNum_02_Rx_37 -> 76
15:38:24,722 [INFO] [PDUR : INFO ] Assigning PduRDestPduHandleId to PduRDestPdu : Can_PduR2Com_CanNodeNum_02_Rx_38 -> 77
15:38:24,722 [INFO] [PDUR : INFO ] Assigning PduRDestPduHandleId to PduRDestPdu : Can_PduR2Com_CanNodeNum_02_Rx_39 -> 78
15:38:24,722 [INFO] [PDUR : INFO ] Assigning PduRDestPduHandleId to PduRDestPdu : Can_PduR2Com_CanNodeNum_02_Rx_40 -> 79
15:38:24,722 [INFO] [PDUR : INFO ] Assigning PduRDestPduHandleId to PduRDestPdu : Can_PduR2Com_CanNodeNum_03_Rx_01 -> 80
15:38:24,722 [INFO] [PDUR : INFO ] Assigning PduRDestPduHandleId to PduRDestPdu : Can_PduR2Com_CanNodeNum_03_Rx_02 -> 81
15:38:24,723 [INFO] [PDUR : INFO ] Assigning PduRDestPduHandleId to PduRDestPdu : Can_PduR2Com_CanNodeNum_03_Rx_03 -> 82
15:38:24,723 [INFO] [PDUR : INFO ] Assigning PduRDestPduHandleId to PduRDestPdu : Can_PduR2Com_CanNodeNum_03_Rx_04 -> 83
15:38:24,723 [INFO] [PDUR : INFO ] Assigning PduRDestPduHandleId to PduRDestPdu : Can_PduR2Com_CanNodeNum_03_Rx_05 -> 84
15:38:24,723 [INFO] [PDUR : INFO ] Assigning PduRDestPduHandleId to PduRDestPdu : Can_PduR2Com_CanNodeNum_03_Rx_06 -> 85
15:38:24,723 [INFO] [PDUR : INFO ] Assigning PduRDestPduHandleId to PduRDestPdu : Can_PduR2Com_CanNodeNum_03_Rx_07 -> 86
15:38:24,724 [INFO] [PDUR : INFO ] Assigning PduRDestPduHandleId to PduRDestPdu : Can_PduR2Com_CanNodeNum_03_Rx_08 -> 87
15:38:24,724 [INFO] [PDUR : INFO ] Assigning PduRDestPduHandleId to PduRDestPdu : Can_PduR2Com_CanNodeNum_03_Rx_09 -> 88
15:38:24,724 [INFO] [PDUR : INFO ] Assigning PduRDestPduHandleId to PduRDestPdu : Can_PduR2Com_CanNodeNum_03_Rx_10 -> 89
15:38:24,724 [INFO] [PDUR : INFO ] Assigning PduRDestPduHandleId to PduRDestPdu : Can_PduR2Com_CanNodeNum_03_Rx_11 -> 90
15:38:24,724 [INFO] [PDUR : INFO ] Assigning PduRDestPduHandleId to PduRDestPdu : Can_PduR2Com_CanNodeNum_03_Rx_12 -> 91
15:38:24,725 [INFO] [PDUR : INFO ] Assigning PduRDestPduHandleId to PduRDestPdu : Can_PduR2Com_CanNodeNum_03_Rx_13 -> 92
15:38:24,725 [INFO] [PDUR : INFO ] Assigning PduRDestPduHandleId to PduRDestPdu : Can_PduR2Com_CanNodeNum_03_Rx_14 -> 93
15:38:24,725 [INFO] [PDUR : INFO ] Assigning PduRDestPduHandleId to PduRDestPdu : Can_PduR2Com_CanNodeNum_03_Rx_15 -> 94
15:38:24,725 [INFO] [PDUR : INFO ] Assigning PduRDestPduHandleId to PduRDestPdu : Can_PduR2Com_CanNodeNum_03_Rx_16 -> 95
15:38:24,725 [INFO] [PDUR : INFO ] Assigning PduRDestPduHandleId to PduRDestPdu : Can_PduR2Com_CanNodeNum_03_Rx_17 -> 96
15:38:24,726 [INFO] [PDUR : INFO ] Assigning PduRDestPduHandleId to PduRDestPdu : Can_PduR2Com_CanNodeNum_03_Rx_18 -> 97
15:38:24,726 [INFO] [PDUR : INFO ] Assigning PduRDestPduHandleId to PduRDestPdu : Can_PduR2Com_CanNodeNum_03_Rx_19 -> 98
15:38:24,726 [INFO] [PDUR : INFO ] Assigning PduRDestPduHandleId to PduRDestPdu : Can_PduR2Com_CanNodeNum_03_Rx_20 -> 99
15:38:24,726 [INFO] [PDUR : INFO ] Assigning PduRDestPduHandleId to PduRDestPdu : Can_PduR2Com_CanNodeNum_03_Rx_21 -> 100
15:38:24,727 [INFO] [PDUR : INFO ] Assigning PduRDestPduHandleId to PduRDestPdu : Can_PduR2Com_CanNodeNum_03_Rx_22 -> 101
15:38:24,727 [INFO] [PDUR : INFO ] Assigning PduRDestPduHandleId to PduRDestPdu : Can_PduR2Com_CanNodeNum_03_Rx_23 -> 102
15:38:24,727 [INFO] [PDUR : INFO ] Assigning PduRDestPduHandleId to PduRDestPdu : Can_PduR2Com_CanNodeNum_03_Rx_24 -> 103
15:38:24,727 [INFO] [PDUR : INFO ] Assigning PduRDestPduHandleId to PduRDestPdu : Can_PduR2Com_CanNodeNum_03_Rx_25 -> 104
15:38:24,727 [INFO] [PDUR : INFO ] Assigning PduRDestPduHandleId to PduRDestPdu : Can_PduR2Com_CanNodeNum_03_Rx_26 -> 105
15:38:24,728 [INFO] [PDUR : INFO ] Assigning PduRDestPduHandleId to PduRDestPdu : Can_PduR2Com_CanNodeNum_03_Rx_27 -> 106
15:38:24,728 [INFO] [PDUR : INFO ] Assigning PduRDestPduHandleId to PduRDestPdu : Can_PduR2Com_CanNodeNum_03_Rx_28 -> 107
15:38:24,728 [INFO] [PDUR : INFO ] Assigning PduRDestPduHandleId to PduRDestPdu : Can_PduR2Com_CanNodeNum_03_Rx_29 -> 108
15:38:24,728 [INFO] [PDUR : INFO ] Assigning PduRDestPduHandleId to PduRDestPdu : Can_PduR2Com_CanNodeNum_03_Rx_30 -> 109
15:38:24,728 [INFO] [PDUR : INFO ] Assigning PduRDestPduHandleId to PduRDestPdu : Can_PduR2Com_CanNodeNum_03_Rx_31 -> 110
15:38:24,729 [INFO] [PDUR : INFO ] Assigning PduRDestPduHandleId to PduRDestPdu : Can_PduR2Com_CanNodeNum_03_Rx_32 -> 111
15:38:24,729 [INFO] [PDUR : INFO ] Assigning PduRDestPduHandleId to PduRDestPdu : Can_PduR2Com_CanNodeNum_03_Rx_33 -> 112
15:38:24,729 [INFO] [PDUR : INFO ] Assigning PduRDestPduHandleId to PduRDestPdu : Can_PduR2Com_CanNodeNum_03_Rx_34 -> 113
15:38:24,729 [INFO] [PDUR : INFO ] Assigning PduRDestPduHandleId to PduRDestPdu : Can_PduR2Com_CanNodeNum_03_Rx_35 -> 114
15:38:24,729 [INFO] [PDUR : INFO ] Assigning PduRDestPduHandleId to PduRDestPdu : Can_PduR2Com_CanNodeNum_03_Rx_36 -> 115
15:38:24,730 [INFO] [PDUR : INFO ] Assigning PduRDestPduHandleId to PduRDestPdu : Can_PduR2Com_CanNodeNum_03_Rx_37 -> 116
15:38:24,730 [INFO] [PDUR : INFO ] Assigning PduRDestPduHandleId to PduRDestPdu : Can_PduR2Com_CanNodeNum_03_Rx_38 -> 117
15:38:24,730 [INFO] [PDUR : INFO ] Assigning PduRDestPduHandleId to PduRDestPdu : Can_PduR2Com_CanNodeNum_03_Rx_39 -> 118
15:38:24,730 [INFO] [PDUR : INFO ] Assigning PduRDestPduHandleId to PduRDestPdu : Can_PduR2Com_CanNodeNum_03_Rx_40 -> 119
15:38:24,730 [INFO] [PDUR : INFO ] Assigning PduRDestPduHandleId to same referred PduRPduRDestPdus owned by Com
15:38:24,734 [INFO] [PDUR : INFO ] Assigning HandleIds to all PduR Pdus owned by Dcm
15:38:24,734 [INFO] [PDUR : INFO ] Assigning PduRSourcePduHandleId to all PduRSrcPdus owned by Dcm
15:38:24,735 [INFO] [PDUR : INFO ] Assigning PduRSourcePduHandleId to PduRSrcPdu : Dcm_Dcm2PduR_CanNodeNum_01_PhyResponse -> 0
15:38:24,735 [INFO] [PDUR : INFO ] Assigning PduRDestPduHandleId to unique PduRPduRDestPdus owned by Dcm
15:38:24,735 [INFO] [PDUR : INFO ] Assigning PduRDestPduHandleId to PduRDestPdu : Dcm_PduR2Dcm_CanNodeNum_01_FunRequest -> 0
15:38:24,735 [INFO] [PDUR : INFO ] Assigning PduRDestPduHandleId to PduRDestPdu : Dcm_PduR2Dcm_CanNodeNum_01_PhyRequest -> 1
15:38:24,735 [INFO] [PDUR : INFO ] Assigning PduRDestPduHandleId to same referred PduRPduRDestPdus owned by Dcm
15:38:24,736 [INFO] [PDUR : INFO ] Assigning PduRRoutingPathGroupId to PduRRoutingPathGroups
15:38:24,744 [INFO] workflow completed in 696ms!
15:38:24,995 [INFO] --------------------------------------------------------------------------------------
15:38:24,996 [INFO] EMF Modeling Workflow Engine 1.5.1, Build v20191121-1148
15:38:24,996 [INFO] (c) 2005-2009 openarchitectureware.org and contributors
15:38:24,996 [INFO] --------------------------------------------------------------------------------------
15:38:24,996 [INFO] running workflow: C:\ETAS\RTA-CAR_9.2.1\ISOLAR-AB_9.2.1\configuration\org.eclipse.osgi\901\0\.cp\gen\Diagnosis\rba_DemObdBasic\scripts\filegenerator\rba_DemObdBasic_Generate.mwe
15:38:24,996 [INFO] 
15:38:24,997 [INFO] BCTCodeGenerator: generating 'rba_DemObdBasic::Root FOR model' => []
15:38:25,001 [INFO] CdtBeautifier using default formatter settings.
15:38:25,002 [INFO] Formatting of 'C:\ETAS\RTA-CAR_9.2.1\ISOLAR-AB\workspace\bsw_temp\Rba_DemObdBasic\rba_DemObdBasic_Cfg.h' finished...
15:38:25,021 [INFO] CdtBeautifier using default formatter settings.
15:38:25,023 [INFO] Formatting of 'C:\ETAS\RTA-CAR_9.2.1\ISOLAR-AB\workspace\bsw_temp\Rba_DemObdBasic\rba_DemObdBasic_Cfg_Main.h' finished...
15:38:25,026 [INFO] CdtBeautifier using default formatter settings.
15:38:25,027 [INFO] Formatting of 'C:\ETAS\RTA-CAR_9.2.1\ISOLAR-AB\workspace\bsw_temp\Rba_DemObdBasic\rba_DemObdBasic_Cfg_Iumpr.h' finished...
15:38:25,029 [INFO] CdtBeautifier using default formatter settings.
15:38:25,030 [INFO] Formatting of 'C:\ETAS\RTA-CAR_9.2.1\ISOLAR-AB\workspace\bsw_temp\Rba_DemObdBasic\rba_DemObdBasic_Cfg_Iumpr.c' finished...
15:38:25,033 [INFO] CdtBeautifier using default formatter settings.
15:38:25,034 [INFO] Formatting of 'C:\ETAS\RTA-CAR_9.2.1\ISOLAR-AB\workspace\bsw_temp\Rba_DemObdBasic\rba_DemObdBasic_Cfg_Rdy.c' finished...
15:38:25,039 [INFO] CdtBeautifier using default formatter settings.
15:38:25,040 [INFO] Formatting of 'C:\ETAS\RTA-CAR_9.2.1\ISOLAR-AB\workspace\bsw_temp\Rba_DemObdBasic\rba_DemObdBasic_Cfg_Rdy.h' finished...
15:38:25,043 [INFO] [Mid01]: DemDtrCompuDenominator0 is converted and generated to be sint32: 1
15:38:25,043 [INFO] [Mid01]: DemDtrCompuNumerator0 is converted and generated to be sint32: 0
15:38:25,043 [INFO] [Mid01]: DemDtrCompuNumerator1 is converted and generated to be sint32: 1
15:38:25,044 [INFO] CdtBeautifier using default formatter settings.
15:38:25,045 [INFO] Formatting of 'C:\ETAS\RTA-CAR_9.2.1\ISOLAR-AB\workspace\bsw_temp\Rba_DemObdBasic\rba_DemObdBasic_Cfg_Dtr.c' finished...
15:38:25,048 [INFO] CdtBeautifier using default formatter settings.
15:38:25,049 [INFO] Formatting of 'C:\ETAS\RTA-CAR_9.2.1\ISOLAR-AB\workspace\bsw_temp\Rba_DemObdBasic\rba_DemObdBasic_Cfg_Dtr.h' finished...
15:38:25,050 [INFO] workflow completed in 53ms!
15:38:25,451 [INFO] --------------------------------------------------------------------------------------
15:38:25,451 [INFO] EMF Modeling Workflow Engine 1.5.1, Build v20191121-1148
15:38:25,451 [INFO] (c) 2005-2009 openarchitectureware.org and contributors
15:38:25,451 [INFO] --------------------------------------------------------------------------------------
15:38:25,451 [INFO] running workflow: C:\ETAS\RTA-CAR_9.2.1\ISOLAR-AB_9.2.1\configuration\org.eclipse.osgi\901\0\.cp\gen\BSMM\BswM\scripts\BswM_Generate.mwe
15:38:25,451 [INFO] 
15:38:25,455 [INFO] BCTCodeGenerator: generating 'BswM_Cfg_AC_c::Generate FOR model' => []
15:38:25,499 [INFO] CdtBeautifier using default formatter settings.
15:38:25,509 [INFO] Formatting of 'C:\ETAS\RTA-CAR_9.2.1\ISOLAR-AB\workspace\bsw_temp\BswM_PreCompile_and_PB_Variant\BswM_Cfg_AC.c' finished...
15:38:25,511 [INFO] BCTCodeGenerator: generating 'BswM_Cfg_AC_h::Generate FOR model' => []
15:38:25,563 [INFO] CdtBeautifier using default formatter settings.
15:38:25,566 [INFO] Formatting of 'C:\ETAS\RTA-CAR_9.2.1\ISOLAR-AB\workspace\bsw_temp\BswM_PreCompile_and_PB_Variant\BswM_Cfg_AC.h' finished...
15:38:25,567 [INFO] BCTCodeGenerator: generating 'BswM_Cfg_ModeManagerReq_c::Generate FOR model' => []
15:38:25,572 [INFO] CdtBeautifier using default formatter settings.
15:38:25,574 [INFO] Formatting of 'C:\ETAS\RTA-CAR_9.2.1\ISOLAR-AB\workspace\bsw_temp\BswM_PreCompile_and_PB_Variant\BswM_Cfg_ModeManagerReq.c' finished...
15:38:25,575 [INFO] BCTCodeGenerator: generating 'BswM_Cfg_BSWMD_arxml::Generate FOR model' => []
15:38:25,598 [INFO] BCTCodeGenerator: generating 'BswM_Cfg_SWCD_arxml::Generate FOR model' => []
15:38:25,609 [INFO] BCTCodeGenerator: generating 'BswM_Cfg_c::Generate FOR model' => []
15:38:25,610 [INFO] CdtBeautifier using default formatter settings.
15:38:25,611 [INFO] Formatting of 'C:\ETAS\RTA-CAR_9.2.1\ISOLAR-AB\workspace\bsw_temp\BswM_PreCompile_and_PB_Variant\BswM_Cfg.c' finished...
15:38:25,612 [INFO] BCTCodeGenerator: generating 'BswM_Cfg_h::Generate FOR model' => []
15:38:25,613 [INFO] CdtBeautifier using default formatter settings.
15:38:25,614 [INFO] Formatting of 'C:\ETAS\RTA-CAR_9.2.1\ISOLAR-AB\workspace\bsw_temp\BswM_PreCompile_and_PB_Variant\BswM_Cfg.h' finished...
15:38:25,615 [INFO] BCTCodeGenerator: generating 'BswM_Cfg_General_h::Generate FOR model' => []
15:38:25,619 [INFO] CdtBeautifier using default formatter settings.
15:38:25,620 [INFO] Formatting of 'C:\ETAS\RTA-CAR_9.2.1\ISOLAR-AB\workspace\bsw_temp\BswM_PreCompile_and_PB_Variant\BswM_Cfg_General.h' finished...
15:38:25,621 [INFO] BCTCodeGenerator: generating 'BswM_Cfg_LE_c::Generate FOR model' => []
15:38:25,625 [INFO] CdtBeautifier using default formatter settings.
15:38:25,630 [INFO] Formatting of 'C:\ETAS\RTA-CAR_9.2.1\ISOLAR-AB\workspace\bsw_temp\BswM_PreCompile_and_PB_Variant\BswM_Cfg_LE.c' finished...
15:38:25,632 [INFO] BCTCodeGenerator: generating 'BswM_Cfg_LE_h::Generate FOR model' => []
15:38:25,647 [INFO] CdtBeautifier using default formatter settings.
15:38:25,649 [INFO] Formatting of 'C:\ETAS\RTA-CAR_9.2.1\ISOLAR-AB\workspace\bsw_temp\BswM_PreCompile_and_PB_Variant\BswM_Cfg_LE.h' finished...
15:38:25,650 [INFO] BCTCodeGenerator: generating 'BswM_Cfg_MRP_c::Generate FOR model' => []
15:38:25,667 [INFO] CdtBeautifier using default formatter settings.
15:38:25,669 [INFO] Formatting of 'C:\ETAS\RTA-CAR_9.2.1\ISOLAR-AB\workspace\bsw_temp\BswM_PreCompile_and_PB_Variant\BswM_Cfg_MRP.c' finished...
15:38:25,671 [INFO] BCTCodeGenerator: generating 'BswM_Cfg_MRP_h::Generate FOR model' => []
15:38:25,694 [INFO] CdtBeautifier using default formatter settings.
15:38:25,696 [INFO] Formatting of 'C:\ETAS\RTA-CAR_9.2.1\ISOLAR-AB\workspace\bsw_temp\BswM_PreCompile_and_PB_Variant\BswM_Cfg_MRP.h' finished...
15:38:25,698 [INFO] BCTCodeGenerator: generating 'BswM_Cfg_RL_c::Generate FOR model' => []
15:38:25,700 [INFO] CdtBeautifier using default formatter settings.
15:38:25,701 [INFO] Formatting of 'C:\ETAS\RTA-CAR_9.2.1\ISOLAR-AB\workspace\bsw_temp\BswM_PreCompile_and_PB_Variant\BswM_Cfg_RL.c' finished...
15:38:25,702 [INFO] BCTCodeGenerator: generating 'BswM_Cfg_RL_h::Generate FOR model' => []
15:38:25,703 [INFO] CdtBeautifier using default formatter settings.
15:38:25,704 [INFO] Formatting of 'C:\ETAS\RTA-CAR_9.2.1\ISOLAR-AB\workspace\bsw_temp\BswM_PreCompile_and_PB_Variant\BswM_Cfg_RL.h' finished...
15:38:25,705 [INFO] BCTCodeGenerator: generating 'BswM_PBcfg_h::Generate FOR model' => []
15:38:25,728 [INFO] CdtBeautifier using default formatter settings.
15:38:25,731 [INFO] Formatting of 'C:\ETAS\RTA-CAR_9.2.1\ISOLAR-AB\workspace\bsw_temp\BswM_PreCompile_and_PB_Variant\BswM_PBcfg.h' finished...
15:38:25,732 [INFO] BCTCodeGenerator: generating 'BswM_PBcfg_c::Generate FOR model' => []
15:38:26,231 [INFO] CdtBeautifier using default formatter settings.
15:38:26,241 [INFO] Formatting of 'C:\ETAS\RTA-CAR_9.2.1\ISOLAR-AB\workspace\bsw_temp\BswM_PreCompile_and_PB_Variant\BswM_PBcfg.c' finished...
15:38:26,242 [INFO] workflow completed in 787ms!
15:38:26,631 [INFO] --------------------------------------------------------------------------------------
15:38:26,631 [INFO] EMF Modeling Workflow Engine 1.5.1, Build v20191121-1148
15:38:26,631 [INFO] (c) 2005-2009 openarchitectureware.org and contributors
15:38:26,631 [INFO] --------------------------------------------------------------------------------------
15:38:26,631 [INFO] running workflow: C:\ETAS\RTA-CAR_9.2.1\ISOLAR-AB_9.2.1\configuration\org.eclipse.osgi\901\0\.cp\gen\BSMM\BswM\scripts\BswM_Validate.mwe
15:38:26,631 [INFO] 
15:38:26,632 [INFO] BCTCheckComponent: slot model check file(s): BswM_Validate 
15:38:26,698 [INFO] BCTCheckComponent: slot model check file(s): BswM_Validate_PB 
15:38:26,751 [INFO] workflow completed in 119ms!
15:38:26,751 [WARN] [WARNING]: BswM: Please check the configuration, Mode conditions's are configured but not used in any Logical expression,[BswM_MC_BswM_ControllerStateAlreadyStarted_CanNodeNum_00](Element: autosar40.ecucdescription.impl.EcucContainerValueImpl@6f99f02e (shortName: BswMConfig) (index: <unset>); Reported by: -UNKNOWN-)
15:38:26,751 [WARN] [WARNING]: BswM: Please check the configuration, Mode conditions's are configured but not used in any Logical expression,[BswM_MC_BswM_ControllerStateAlreadyStarted_CanNodeNum_00](Element: autosar40.ecucdescription.impl.EcucContainerValueImpl@6f99f02e (shortName: BswMConfig) (index: <unset>); Reported by: -UNKNOWN-)
15:38:26,751 [WARN] [WARNING]: BswM: Please check the configuration, Actions's are configured but not used in any Action List-[BswMAction_SwitchAppMode_Dummy](Element: autosar40.ecucdescription.impl.EcucContainerValueImpl@6f99f02e (shortName: BswMConfig) (index: <unset>); Reported by: -UNKNOWN-)
15:38:27,224 [INFO] --------------------------------------------------------------------------------------
15:38:27,224 [INFO] EMF Modeling Workflow Engine 1.5.1, Build v20191121-1148
15:38:27,224 [INFO] (c) 2005-2009 openarchitectureware.org and contributors
15:38:27,224 [INFO] --------------------------------------------------------------------------------------
15:38:27,224 [INFO] running workflow: C:\ETAS\RTA-CAR_9.2.1\ISOLAR-AB_9.2.1\configuration\org.eclipse.osgi\901\0\.cp\gen\CanStack\CanIf\scripts\templates\validator\CanIf_Validate.oaw
15:38:27,224 [INFO] 
15:38:27,225 [INFO] BCTCheckComponent: slot model check file(s): templates::CanIf::validator::CanIf_Validate 
15:38:27,226 [INFO] ExtensionAdvice 'CanTp_CanIf_Aspects' could not be found and will be ignored.
15:38:27,226 [INFO] ExtensionAdvice 'J1939Nm_CanIf_Aspects' could not be found and will be ignored.
15:38:27,227 [INFO] ExtensionAdvice registered: CanTrcv_CanIf_Aspects
15:38:27,227 [INFO] ExtensionAdvice registered: Xcp_CanIf_Aspects
15:38:27,227 [INFO] ExtensionAdvice registered: CanSM_CanIf_Aspects
15:38:27,227 [INFO] ExtensionAdvice 'Can_CanIf_Aspects' could not be found and will be ignored.
15:38:27,228 [INFO] ExtensionAdvice 'J1939Tp_CanIf_Aspects' could not be found and will be ignored.
15:38:27,228 [INFO] ExtensionAdvice registered: PduR_CanIf_Aspects
15:38:27,229 [INFO] ExtensionAdvice 'CanIf_Aspects_PBL' could not be found and will be ignored.
15:38:28,173 [INFO] workflow completed in 948ms!
15:38:28,418 [INFO] --------------------------------------------------------------------------------------
15:38:28,418 [INFO] EMF Modeling Workflow Engine 1.5.1, Build v20191121-1148
15:38:28,418 [INFO] (c) 2005-2009 openarchitectureware.org and contributors
15:38:28,418 [INFO] --------------------------------------------------------------------------------------
15:38:28,418 [INFO] running workflow: C:\ETAS\RTA-CAR_9.2.1\ISOLAR-AB_9.2.1\configuration\org.eclipse.osgi\901\0\.cp\gen\CanStack\CanNm\scripts\templates\CanNm_Generate.oaw
15:38:28,418 [INFO] 
15:38:28,420 [INFO] BCTCodeGenerator: generating 'templates::CanNm::CanNm_Cfg_Internal_h::Generate FOR model' => []
15:38:28,420 [INFO] ExtensionAdvice 'Com_CanNm_Aspects' could not be found and will be ignored.
15:38:28,421 [INFO] ExtensionAdvice registered: PduR_CanNm_Aspects
15:38:28,443 [INFO] CdtBeautifier using default formatter settings.
15:38:28,445 [INFO] Formatting of 'C:\ETAS\RTA-CAR_9.2.1\ISOLAR-AB\workspace\bsw_temp\CanNm_PreCompile_and_PB_Variant\CanNm_Cfg_Internal.h' finished...
15:38:28,446 [INFO] BCTCodeGenerator: generating 'templates::CanNm::CanNm_Cfg_h::Generate FOR model' => []
15:38:28,446 [INFO] ExtensionAdvice 'Com_CanNm_Aspects' could not be found and will be ignored.
15:38:28,446 [INFO] ExtensionAdvice registered: PduR_CanNm_Aspects
15:38:28,455 [INFO] CdtBeautifier using default formatter settings.
15:38:28,457 [INFO] Formatting of 'C:\ETAS\RTA-CAR_9.2.1\ISOLAR-AB\workspace\bsw_temp\CanNm_PreCompile_and_PB_Variant\CanNm_Cfg.h' finished...
15:38:28,459 [INFO] BCTCodeGenerator: generating 'templates::CanNm::CanNm_Cfg_c::Generate FOR model' => []
15:38:28,459 [INFO] ExtensionAdvice 'Com_CanNm_Aspects' could not be found and will be ignored.
15:38:28,459 [INFO] ExtensionAdvice registered: PduR_CanNm_Aspects
15:38:28,469 [INFO] CdtBeautifier using default formatter settings.
15:38:28,470 [INFO] Formatting of 'C:\ETAS\RTA-CAR_9.2.1\ISOLAR-AB\workspace\bsw_temp\CanNm_PreCompile_and_PB_Variant\CanNm_Cfg.c' finished...
15:38:28,471 [INFO] workflow completed in 51ms!
15:38:28,734 [INFO] --------------------------------------------------------------------------------------
15:38:28,734 [INFO] EMF Modeling Workflow Engine 1.5.1, Build v20191121-1148
15:38:28,734 [INFO] (c) 2005-2009 openarchitectureware.org and contributors
15:38:28,734 [INFO] --------------------------------------------------------------------------------------
15:38:28,734 [INFO] running workflow: C:\ETAS\RTA-CAR_9.2.1\ISOLAR-AB_9.2.1\configuration\org.eclipse.osgi\901\0\.cp\gen\CanStack\CanNm\scripts\templates\CanNm_Generate_PB.oaw
15:38:28,734 [INFO] 
15:38:28,737 [INFO] BCTCodeGenerator: generating 'templates::CanNm::CanNm_PBcfg_h::Generate FOR model' => []
15:38:28,737 [INFO] ExtensionAdvice 'Com_CanNm_Aspects' could not be found and will be ignored.
15:38:28,737 [INFO] ExtensionAdvice registered: PduR_CanNm_Aspects
15:38:28,745 [INFO] CdtBeautifier using default formatter settings.
15:38:28,746 [INFO] Formatting of 'C:\ETAS\RTA-CAR_9.2.1\ISOLAR-AB\workspace\bsw_temp\CanNm_PreCompile_and_PB_Variant\CanNm_PBcfg.h' finished...
15:38:28,747 [INFO] BCTCodeGenerator: generating 'templates::CanNm::CanNm_PBcfg_c::Generate FOR model' => []
15:38:28,748 [INFO] ExtensionAdvice 'Com_CanNm_Aspects' could not be found and will be ignored.
15:38:28,748 [INFO] ExtensionAdvice registered: PduR_CanNm_Aspects
15:38:28,771 [INFO] CdtBeautifier using default formatter settings.
15:38:28,772 [INFO] Formatting of 'C:\ETAS\RTA-CAR_9.2.1\ISOLAR-AB\workspace\bsw_temp\CanNm_PreCompile_and_PB_Variant\CanNm_PBcfg.c' finished...
15:38:28,773 [INFO] workflow completed in 36ms!
15:38:29,187 [INFO] --------------------------------------------------------------------------------------
15:38:29,188 [INFO] EMF Modeling Workflow Engine 1.5.1, Build v20191121-1148
15:38:29,188 [INFO] (c) 2005-2009 openarchitectureware.org and contributors
15:38:29,188 [INFO] --------------------------------------------------------------------------------------
15:38:29,188 [INFO] running workflow: C:\ETAS\RTA-CAR_9.2.1\ISOLAR-AB_9.2.1\configuration\org.eclipse.osgi\901\0\.cp\gen\Diagnosis\CanTp\scripts\validator\CanTp_Validate.mwe
15:38:29,188 [INFO] 
15:38:29,189 [INFO] BCTCheckComponent: slot model check file(s): CanTp 
15:38:29,255 [INFO] workflow completed in 66ms!
15:38:29,795 [INFO] --------------------------------------------------------------------------------------
15:38:29,795 [INFO] EMF Modeling Workflow Engine 1.5.1, Build v20191121-1148
15:38:29,795 [INFO] (c) 2005-2009 openarchitectureware.org and contributors
15:38:29,795 [INFO] --------------------------------------------------------------------------------------
15:38:29,795 [INFO] running workflow: C:\ETAS\RTA-CAR_9.2.1\ISOLAR-AB_9.2.1\configuration\org.eclipse.osgi\901\0\.cp\gen\ComServices\Com\scripts\common\templates\validator\Com_Validate.oaw
15:38:29,795 [INFO] 
15:38:29,796 [INFO] BCTCheckComponent: slot model check file(s): templates::Com::validator::Com_Validate_ComConfig_Var1 
15:38:29,877 [INFO] BCTCheckComponent: slot model check file(s): templates::Com::validator::Com_Validate_ComIpduGroup_Var1 templates::Com::validator::Com_Validate_ComIpdu_Var1 templates::Com::validator::Com_Validate_ComSignal_Var1 templates::Com::validator::Com_Validate_ComGroupSignal_Var1 templates::Com::validator::Com_Validate_ComSignalGroup_Var1 templates::Com::validator::Com_Validate_Noti_Uniquness_Var1 templates::Com::validator::Com_Validate_ComGwMapping_Var1 
15:38:31,794 [INFO] workflow completed in 1997ms!
15:38:32,736 [INFO] --------------------------------------------------------------------------------------
15:38:32,736 [INFO] EMF Modeling Workflow Engine 1.5.1, Build v20191121-1148
15:38:32,736 [INFO] (c) 2005-2009 openarchitectureware.org and contributors
15:38:32,736 [INFO] --------------------------------------------------------------------------------------
15:38:32,736 [INFO] running workflow: C:\ETAS\RTA-CAR_9.2.1\ISOLAR-AB_9.2.1\configuration\org.eclipse.osgi\901\0\.cp\gen\ComServices\PduR\scripts\templates\validator\PduR_Validate.oaw
15:38:32,736 [INFO] 
15:38:32,737 [INFO] BCTCheckComponent: slot model check file(s): templates::PduR::validator::PduR_Validate_Var1 
15:38:32,738 [INFO] ExtensionAdvice registered: CanIf_PduR_Aspects
15:38:32,738 [INFO] ExtensionAdvice 'FrIf_PduR_Aspects' could not be found and will be ignored.
15:38:32,738 [INFO] ExtensionAdvice 'LinIf_PduR_Aspects' could not be found and will be ignored.
15:38:32,738 [INFO] ExtensionAdvice registered: CanTp_PduR_Aspects
15:38:32,739 [INFO] ExtensionAdvice registered: CanNm_PduR_Aspects
15:38:32,739 [INFO] ExtensionAdvice 'FrNm_PduR_Aspects' could not be found and will be ignored.
15:38:32,739 [INFO] ExtensionAdvice 'IpduM_PduR_Aspects' could not be found and will be ignored.
15:38:32,739 [INFO] ExtensionAdvice 'LinIf_Tp_PduR_Aspects' could not be found and will be ignored.
15:38:32,739 [INFO] ExtensionAdvice 'FrTp_PduR_Aspects' could not be found and will be ignored.
15:38:32,739 [INFO] ExtensionAdvice 'J1939Tp_PduR_Aspects' could not be found and will be ignored.
15:38:32,739 [INFO] ExtensionAdvice 'SoAd_PduR_Aspects' could not be found and will be ignored.
15:38:32,739 [INFO] ExtensionAdvice 'UdpNm_PduR_Aspects' could not be found and will be ignored.
15:38:32,739 [INFO] ExtensionAdvice registered: Dcm_PduR_Aspects
15:38:32,740 [INFO] ExtensionAdvice registered: Com_PduR_Aspects
15:38:32,740 [INFO] ExtensionAdvice 'Rba_Psi5If_PduR_Aspects' could not be found and will be ignored.
15:38:32,740 [INFO] ExtensionAdvice 'Dlt_PduR_Aspects' could not be found and will be ignored.
15:38:32,740 [INFO] ExtensionAdvice 'DoIP_PduR_Aspects' could not be found and will be ignored.
15:38:32,740 [INFO] ExtensionAdvice 'LdCom_PduR_Aspects' could not be found and will be ignored.
15:38:32,740 [INFO] ExtensionAdvice 'PduR_Aspects_PBL' could not be found and will be ignored.
15:38:32,740 [INFO] ExtensionAdvice 'J1939Rm_PduR_Aspects' could not be found and will be ignored.
15:38:32,740 [INFO] ExtensionAdvice 'J1939Dcm_PduR_Aspects' could not be found and will be ignored.
15:38:34,712 [INFO] workflow completed in 1975ms!
15:38:34,961 [INFO] --------------------------------------------------------------------------------------
15:38:34,962 [INFO] EMF Modeling Workflow Engine 1.5.1, Build v20191121-1148
15:38:34,962 [INFO] (c) 2005-2009 openarchitectureware.org and contributors
15:38:34,962 [INFO] --------------------------------------------------------------------------------------
15:38:34,962 [INFO] running workflow: C:\ETAS\RTA-CAR_9.2.1\ISOLAR-AB_9.2.1\configuration\org.eclipse.osgi\901\0\.cp\gen\CanStack\CanIf\scripts\templates\CanIf_Generate.oaw
15:38:34,962 [INFO] 
15:38:34,963 [INFO] BCTCodeGenerator: generating 'templates::CanIf::CanIf_Cfg_h::Generate FOR model' => []
15:38:34,963 [INFO] ExtensionAdvice 'CanTp_CanIf_Aspects' could not be found and will be ignored.
15:38:34,963 [INFO] ExtensionAdvice 'CanNm_CanIf_Aspects' could not be found and will be ignored.
15:38:34,963 [INFO] ExtensionAdvice 'J1939Nm_CanIf_Aspects' could not be found and will be ignored.
15:38:34,964 [INFO] ExtensionAdvice registered: Xcp_CanIf_Aspects
15:38:34,964 [INFO] ExtensionAdvice 'J1939Tp_CanIf_Aspects' could not be found and will be ignored.
15:38:34,964 [INFO] ExtensionAdvice registered: PduR_CanIf_Aspects
15:38:34,964 [INFO] ExtensionAdvice registered:  cantrcv_canif_aspects
15:38:34,965 [INFO] ExtensionAdvice ' CanTSyn_CanIf_Aspects' could not be found and will be ignored.
15:38:35,135 [INFO] BCTCodeGenerator: generating 'templates::CanIf::CanIf_Generate_Report::Generate FOR model' => C:\ETAS\RTA-CAR_9.2.1\ISOLAR-AB\workspace\bsw_temp\CanIf
15:38:35,136 [INFO] ExtensionAdvice 'CanTp_CanIf_Aspects' could not be found and will be ignored.
15:38:35,136 [INFO] ExtensionAdvice 'CanNm_CanIf_Aspects' could not be found and will be ignored.
15:38:35,136 [INFO] ExtensionAdvice 'J1939Nm_CanIf_Aspects' could not be found and will be ignored.
15:38:35,137 [INFO] ExtensionAdvice registered: Xcp_CanIf_Aspects
15:38:35,137 [INFO] ExtensionAdvice 'J1939Tp_CanIf_Aspects' could not be found and will be ignored.
15:38:35,137 [INFO] ExtensionAdvice registered: PduR_CanIf_Aspects
15:38:35,137 [INFO] ExtensionAdvice registered: cantrcv_canif_aspects
15:38:35,137 [INFO] ExtensionAdvice 'CanTSyn_CanIf_Aspects' could not be found and will be ignored.
15:38:35,138 [INFO] ExtensionAdvice 'rba_CanMcan_CanIf_Aspects' could not be found and will be ignored.
15:38:35,138 [INFO] ExtensionAdvice 'rba_CanMcan_Generate_Utils' could not be found and will be ignored.
15:38:35,138 [INFO] ExtensionAdvice 'rba_CanMultican_Generate_Utils' could not be found and will be ignored.
15:38:35,139 [INFO] ExtensionAdvice 'rba_CanVirtual_Generate_Utils' could not be found and will be ignored.
15:38:35,200 [INFO] workflow completed in 237ms!
15:38:35,444 [INFO] --------------------------------------------------------------------------------------
15:38:35,444 [INFO] EMF Modeling Workflow Engine 1.5.1, Build v20191121-1148
15:38:35,444 [INFO] (c) 2005-2009 openarchitectureware.org and contributors
15:38:35,444 [INFO] --------------------------------------------------------------------------------------
15:38:35,444 [INFO] running workflow: C:\ETAS\RTA-CAR_9.2.1\ISOLAR-AB_9.2.1\configuration\org.eclipse.osgi\901\0\.cp\gen\CanStack\CanIf\scripts\templates\CanIf_Generate_PB.oaw
15:38:35,444 [INFO] 
15:38:35,446 [INFO] BCTCodeGenerator: generating 'templates::CanIf::CanIf_PBcfg_h::Generate FOR model' => C:\ETAS\RTA-CAR_9.2.1\ISOLAR-AB\workspace\bsw_temp\CanIf
15:38:35,447 [INFO] ExtensionAdvice 'CanTp_CanIf_Aspects' could not be found and will be ignored.
15:38:35,447 [INFO] ExtensionAdvice 'CanNm_CanIf_Aspects' could not be found and will be ignored.
15:38:35,447 [INFO] ExtensionAdvice 'J1939Nm_CanIf_Aspects' could not be found and will be ignored.
15:38:35,447 [INFO] ExtensionAdvice registered: Xcp_CanIf_Aspects
15:38:35,447 [INFO] ExtensionAdvice 'J1939Tp_CanIf_Aspects' could not be found and will be ignored.
15:38:35,448 [INFO] ExtensionAdvice registered: PduR_CanIf_Aspects
15:38:35,448 [INFO] ExtensionAdvice registered:  cantrcv_canif_aspects
15:38:35,448 [INFO] ExtensionAdvice 'CanTSyn_CanIf_Aspects' could not be found and will be ignored.
15:38:35,448 [INFO] ExtensionAdvice 'CanTSyn_CanIf_Aspects' could not be found and will be ignored.
15:38:35,463 [INFO] BCTCodeGenerator: generating 'templates::CanIf::CanIf_PBcfg_c::Generate FOR model' => []
15:38:35,464 [INFO] ExtensionAdvice 'CanTp_CanIf_Aspects' could not be found and will be ignored.
15:38:35,464 [INFO] ExtensionAdvice 'CanNm_CanIf_Aspects' could not be found and will be ignored.
15:38:35,464 [INFO] ExtensionAdvice 'J1939Nm_CanIf_Aspects' could not be found and will be ignored.
15:38:35,464 [INFO] ExtensionAdvice registered: Xcp_CanIf_Aspects
15:38:35,464 [INFO] ExtensionAdvice 'J1939Tp_CanIf_Aspects' could not be found and will be ignored.
15:38:35,464 [INFO] ExtensionAdvice registered: PduR_CanIf_Aspects
15:38:35,465 [INFO] ExtensionAdvice registered: cantrcv_canif_aspects
15:38:35,465 [INFO] ExtensionAdvice 'CanTSyn_CanIf_Aspects' could not be found and will be ignored.
15:38:37,075 [INFO] BCTCodeGenerator: generating 'templates::CanIf::CanIf_cfg_c::Generate FOR model' => []
15:38:37,075 [INFO] ExtensionAdvice 'CanTp_CanIf_Aspects' could not be found and will be ignored.
15:38:37,075 [INFO] ExtensionAdvice 'CanNm_CanIf_Aspects' could not be found and will be ignored.
15:38:37,075 [INFO] ExtensionAdvice 'J1939Nm_CanIf_Aspects' could not be found and will be ignored.
15:38:37,076 [INFO] ExtensionAdvice registered: Xcp_CanIf_Aspects
15:38:37,076 [INFO] ExtensionAdvice 'J1939Tp_CanIf_Aspects' could not be found and will be ignored.
15:38:37,076 [INFO] ExtensionAdvice registered: PduR_CanIf_Aspects
15:38:37,076 [INFO] ExtensionAdvice registered: cantrcv_canif_aspects
15:38:37,076 [INFO] ExtensionAdvice 'CanTSyn_CanIf_Aspects' could not be found and will be ignored.
15:38:37,090 [INFO] workflow completed in 1643ms!
15:38:37,494 [INFO] --------------------------------------------------------------------------------------
15:38:37,495 [INFO] EMF Modeling Workflow Engine 1.5.1, Build v20191121-1148
15:38:37,495 [INFO] (c) 2005-2009 openarchitectureware.org and contributors
15:38:37,495 [INFO] --------------------------------------------------------------------------------------
15:38:37,495 [INFO] running workflow: C:\ETAS\RTA-CAR_9.2.1\ISOLAR-AB_9.2.1\configuration\org.eclipse.osgi\901\0\.cp\gen\Diagnosis\CanTp\scripts\filegenerator\CanTp_Generate.mwe
15:38:37,495 [INFO] 
15:38:37,496 [INFO] BCTCodeGenerator: generating 'CanTp_Types_h::Generate(var0) FOR model' => []
15:38:37,500 [INFO] CdtBeautifier using default formatter settings.
15:38:37,502 [INFO] Formatting of 'C:\ETAS\RTA-CAR_9.2.1\ISOLAR-AB\workspace\bsw_temp\CanTp_PreCompile\CanTp_Types.h' finished...
15:38:37,503 [INFO] BCTCodeGenerator: generating 'CanTp_Cfg_h::Generate(var0) FOR model' => []
15:38:37,508 [INFO] CdtBeautifier using default formatter settings.
15:38:37,510 [INFO] Formatting of 'C:\ETAS\RTA-CAR_9.2.1\ISOLAR-AB\workspace\bsw_temp\CanTp_PreCompile\CanTp_Cfg.h' finished...
15:38:37,511 [INFO] BCTCodeGenerator: generating 'CanTp_PBcfg_h::Generate(var0) FOR model' => []
15:38:37,511 [INFO] BCTCodeGenerator: generating 'CanTp_Cfg_c::Generate(var0) FOR model' => []
15:38:37,535 [INFO] CdtBeautifier using default formatter settings.
15:38:37,538 [INFO] Formatting of 'C:\ETAS\RTA-CAR_9.2.1\ISOLAR-AB\workspace\bsw_temp\CanTp_PreCompile\CanTp_Cfg.c' finished...
15:38:37,539 [INFO] BCTCodeGenerator: generating 'CanTp_Cfg_BSWMD_arxml::Generate(var0) FOR model' => []
15:38:37,544 [INFO] BCTCodeGenerator: generating 'CanTp_BSWMD_arxml::Generate(var0) FOR model' => []
15:38:37,559 [INFO] BCTCodeGenerator: generating 'CanTp_Report_html::Generate(var0) FOR model' => []
15:38:37,566 [INFO] workflow completed in 70ms!
15:38:37,814 [INFO] --------------------------------------------------------------------------------------
15:38:37,815 [INFO] EMF Modeling Workflow Engine 1.5.1, Build v20191121-1148
15:38:37,815 [INFO] (c) 2005-2009 openarchitectureware.org and contributors
15:38:37,815 [INFO] --------------------------------------------------------------------------------------
15:38:37,815 [INFO] running workflow: C:\ETAS\RTA-CAR_9.2.1\ISOLAR-AB_9.2.1\configuration\org.eclipse.osgi\901\0\.cp\gen\ComServices\Com\scripts\common\templates\forward\Com_Forward.oaw
15:38:37,815 [INFO] 
15:38:37,817 [INFO] BCTXtendComponent: executing 'templates::forward::Com_Cfg_Bswmd_Create'
15:38:37,839 [INFO] No forwarding of calibration parameters performed as ComIPduControlViaCalibration is disabled 
15:38:37,839 [INFO] No forwarding of calibration parameters for Tx periodic Pdus performed as ComTxModeCyclePeriodCalibration is disabled 
15:38:37,839 [INFO] No forwarding of calibration parameters for Rx Pdus performed as ComRxIpduTimeoutCalibration is disabled 
15:38:37,840 [INFO] No forwarding of calibration parameters for TxTimeOffset for periodic Pdus performed as ComTxModeTimeOffsetCalibration is disabled 
15:38:37,840 [INFO] No forwarding of calibration parameters for Tx Repetition Ipdus performed as ComTxIpduNumberOfRepetitionCalibration is disabled 
15:38:37,888 [INFO] Forwarding of ComIPdu - implementation and application data types successful 
15:38:38,038 [INFO] Forwarding Tx Ipdu buffers as Measurement parameters successful
15:38:38,166 [INFO] Forwarding Rx Local Ipdu buffers as Measurement parameters successful
15:38:38,167 [INFO] No Gw configuration available, Hence rba_ArxmlGen_ExecEntity for GwMainfunction will not be created 
15:38:38,168 [INFO] Forwarding MainFunction period into rba_ArxmlGen_ExecEntity SE_MainFunctionRx
15:38:38,169 [INFO] Forwarding MainFunction period into rba_ArxmlGen_ExecEntity SE_MainFunctionTx
15:38:38,176 [INFO] workflow completed in 358ms!
15:38:38,457 [INFO] --------------------------------------------------------------------------------------
15:38:38,457 [INFO] EMF Modeling Workflow Engine 1.5.1, Build v20191121-1148
15:38:38,457 [INFO] (c) 2005-2009 openarchitectureware.org and contributors
15:38:38,457 [INFO] --------------------------------------------------------------------------------------
15:38:38,457 [INFO] running workflow: C:\ETAS\RTA-CAR_9.2.1\ISOLAR-AB_9.2.1\configuration\org.eclipse.osgi\901\0\.cp\gen\ComServices\Com\scripts\common\templates\Com_Generate.oaw
15:38:38,457 [INFO] 
15:38:38,459 [INFO] BCTCodeGenerator: generating 'templates::Com::Com_Root_Cfg_c::Generate FOR model' => []
15:38:38,539 [INFO] BCTCodeGenerator: generating 'templates::Com::Com_Root_Cfg_h::Generate FOR model' => []
15:38:38,834 [INFO] BCTCodeGenerator: generating 'Com_Flatmap_arxml::Generate FOR model' => []
15:38:38,855 [INFO] BCTCodeGenerator: generating 'Com_BSWMD_arxml::Generate FOR model' => []
15:38:38,872 [INFO] BCTCodeGenerator: generating 'Com_EOC_arxml::Generate FOR model' => []
15:38:38,891 [INFO] workflow completed in 432ms!
15:38:39,138 [INFO] --------------------------------------------------------------------------------------
15:38:39,138 [INFO] EMF Modeling Workflow Engine 1.5.1, Build v20191121-1148
15:38:39,138 [INFO] (c) 2005-2009 openarchitectureware.org and contributors
15:38:39,138 [INFO] --------------------------------------------------------------------------------------
15:38:39,138 [INFO] running workflow: C:\ETAS\RTA-CAR_9.2.1\ISOLAR-AB_9.2.1\configuration\org.eclipse.osgi\901\0\.cp\gen\ComServices\Com\scripts\common\templates\Com_Generate_PB.oaw
15:38:39,138 [INFO] 
15:38:39,140 [INFO] BCTCodeGenerator: generating 'templates::Com::Com_Root_Cfg_c::Generate_PB FOR model' => []
15:38:40,346 [INFO] BCTCodeGenerator: generating 'templates::Com::Com_Root_Cfg_h::Generate_PB FOR model' => []
15:38:40,553 [INFO] workflow completed in 1413ms!
15:38:41,053 [INFO] --------------------------------------------------------------------------------------
15:38:41,053 [INFO] EMF Modeling Workflow Engine 1.5.1, Build v20191121-1148
15:38:41,053 [INFO] (c) 2005-2009 openarchitectureware.org and contributors
15:38:41,053 [INFO] --------------------------------------------------------------------------------------
15:38:41,053 [INFO] running workflow: C:\ETAS\RTA-CAR_9.2.1\ISOLAR-AB_9.2.1\configuration\org.eclipse.osgi\901\0\.cp\gen\Diagnosis\Dcm\scripts\validator\Dcm_Validate.oaw
15:38:41,053 [INFO] 
15:38:41,054 [INFO] BCTCheckComponent: slot model check file(s): DcmCore_DslDsd DcmDspObd_Obd DcmDspObd_Mode37A DcmDspObd_Mode6 DcmDspObd_Mode8 DcmDspObd_Mode9 DcmDspUds_Uds DcmDspUds_Cdtcs DcmDspUds_Dsc DcmDspUds_Rc DcmDspUds_Rdtc DcmDspUds_Roe DcmDspUds_Seca DcmDspUds_Tp DcmDspUds_Cc DcmDspUds_Rdpi 
15:38:41,778 [INFO] workflow completed in 724ms!
15:38:41,778 [WARN] [WARNING]: INFO:Check if DcmTxBuffer configured for Diagnostics over IP or CANFD is  good enough to hold the maximum expected response length that can come up from TCP/IP  or CANTP in case paged buffer is enabled(Element: autosar40.ecucdescription.impl.EcucContainerValueImpl@cb9d581 (shortName: DcmDslProtocol) (index: <unset>); Reported by: -UNKNOWN-)
15:38:41,778 [WARN] [WARNING]: PID$02 if configured to Service$02 should have DcmDspPidDataDemRef left empty.DcmDspPidDataDemRef is configured in [DcmDspPidData_02]in DcmDspPid_02. DcmDspPidDataDemRef if configured will not be considered while processing service for PID $02(Element: autosar40.ecucdescription.impl.EcucContainerValueImpl@245b35c7 (shortName: DcmDspPid_02) (index: <unset>); Reported by: -UNKNOWN-)
15:38:41,778 [WARN] [WARNING]: INFO: Magnitude check that the value of DcmDspReadMemoryRangeByLabelHigh should be less DcmDspReadMemoryRangeByLabelLow should be taken care by the application(Element: autosar40.ecucdescription.impl.EcucContainerValueImpl@1dee6ad3 (shortName: DcmDspMemory) (index: <unset>); Reported by: -UNKNOWN-)
15:38:41,778 [WARN] [WARNING]: Signal of type UINT8/UINT16/UINT32/SINT8/SINT16/SINT32/BOOLEAN shall not have dcmDspRoutineSignalLength configured as the length is fixed for this Signal - DcmDspStartRoutineOutSignal(Element: autosar40.ecucdescription.impl.EcucContainerValueImpl@1d995048 (shortName: DcmDspStartRoutineOutSignal) (index: <unset>); Reported by: -UNKNOWN-)
15:38:41,778 [WARN] [WARNING]: Signal of type UINT8/UINT16/UINT32/SINT8/SINT16/SINT32/BOOLEAN shall not have dcmDspRoutineSignalLength configured as the length is fixed for this Signal - DcmDspRequestRoutineResultsOutSignal_0(Element: autosar40.ecucdescription.impl.EcucContainerValueImpl@2c09bbed (shortName: DcmDspRequestRoutineResultsOutSignal_0) (index: <unset>); Reported by: -UNKNOWN-)
15:38:41,778 [WARN] [WARNING]: INFO: dcmRbDspRoutineRequestResIn is configured for Routine and this is not inline with ISO/AR (Element: autosar40.ecucdescription.impl.EcucContainerValueImpl@dce9b61 (shortName: DcmDsp) (index: <unset>); Reported by: -UNKNOWN-)
15:38:41,778 [WARN] [WARNING]: ShortName for Security Level 0x01 should be DCM_SEC_LEV_L1. (Element: autosar40.ecucdescription.impl.EcucContainerValueImpl@6939ffb4 (shortName: DSP_SEC_LEV_L1) (index: <unset>); Reported by: -UNKNOWN-)
15:38:42,027 [INFO] --------------------------------------------------------------------------------------
15:38:42,027 [INFO] EMF Modeling Workflow Engine 1.5.1, Build v20191121-1148
15:38:42,027 [INFO] (c) 2005-2009 openarchitectureware.org and contributors
15:38:42,027 [INFO] --------------------------------------------------------------------------------------
15:38:42,027 [INFO] running workflow: C:\ETAS\RTA-CAR_9.2.1\ISOLAR-AB_9.2.1\configuration\org.eclipse.osgi\901\0\.cp\gen\ComServices\PduR\scripts\templates\PduR_Generate.oaw
15:38:42,027 [INFO] 
15:38:42,028 [INFO] BCTCodeGenerator: generating 'templates::PduR::PduR_MainXpand::PduRMain(var1) FOR model' => []
15:38:42,029 [INFO] ExtensionAdvice registered: CanIf_PduR_Aspects
15:38:42,029 [INFO] ExtensionAdvice 'FrIf_PduR_Aspects' could not be found and will be ignored.
15:38:42,029 [INFO] ExtensionAdvice 'LinIf_PduR_Aspects' could not be found and will be ignored.
15:38:42,030 [INFO] ExtensionAdvice registered: CanTp_PduR_Aspects
15:38:42,030 [INFO] ExtensionAdvice registered: CanNm_PduR_Aspects
15:38:42,030 [INFO] ExtensionAdvice 'FrNm_PduR_Aspects' could not be found and will be ignored.
15:38:42,030 [INFO] ExtensionAdvice 'IpduM_PduR_Aspects' could not be found and will be ignored.
15:38:42,030 [INFO] ExtensionAdvice 'LinIf_Tp_PduR_Aspects' could not be found and will be ignored.
15:38:42,030 [INFO] ExtensionAdvice 'FrTp_PduR_Aspects' could not be found and will be ignored.
15:38:42,030 [INFO] ExtensionAdvice 'J1939Tp_PduR_Aspects' could not be found and will be ignored.
15:38:42,030 [INFO] ExtensionAdvice 'SoAd_PduR_Aspects' could not be found and will be ignored.
15:38:42,030 [INFO] ExtensionAdvice 'UdpNm_PduR_Aspects' could not be found and will be ignored.
15:38:42,031 [INFO] ExtensionAdvice registered: Dcm_PduR_Aspects
15:38:42,031 [INFO] ExtensionAdvice registered: Com_PduR_Aspects
15:38:42,031 [INFO] ExtensionAdvice 'Rba_Psi5If_PduR_Aspects' could not be found and will be ignored.
15:38:42,031 [INFO] ExtensionAdvice 'Dlt_PduR_Aspects' could not be found and will be ignored.
15:38:42,031 [INFO] ExtensionAdvice 'DoIP_PduR_Aspects' could not be found and will be ignored.
15:38:42,031 [INFO] ExtensionAdvice 'LdCom_PduR_Aspects' could not be found and will be ignored.
15:38:42,031 [INFO] ExtensionAdvice 'J1939Rm_PduR_Aspects' could not be found and will be ignored.
15:38:42,031 [INFO] ExtensionAdvice 'J1939Dcm_PduR_Aspects' could not be found and will be ignored.
15:38:42,054 [INFO] /* Generating PbCfg_c::PduR_Gw_IfBuf_PBcfg_c::PduR_gw_IF_Buffers */

15:38:42,080 [INFO] /* Generating PbCfg_c::PduR_Gw_TpBuf_PBcfg_c::PduR_gw_TP_Buffers */

15:38:42,105 [INFO] CdtBeautifier using default formatter settings.
15:38:42,106 [INFO] Formatting of 'C:\ETAS\RTA-CAR_9.2.1\ISOLAR-AB\workspace\bsw_temp\PduR\PduR_Cfg.c' finished...
15:38:42,203 [INFO] CdtBeautifier using default formatter settings.
15:38:42,204 [INFO] Formatting of 'C:\ETAS\RTA-CAR_9.2.1\ISOLAR-AB\workspace\bsw_temp\PduR\PduR_Cfg.h' finished...
15:38:42,619 [INFO] CdtBeautifier using default formatter settings.
15:38:42,621 [INFO] Formatting of 'C:\ETAS\RTA-CAR_9.2.1\ISOLAR-AB\workspace\bsw_temp\PduR\PduR_Cfg_Internal.h' finished...
15:38:42,623 [INFO] CdtBeautifier using default formatter settings.
15:38:42,623 [INFO] Formatting of 'C:\ETAS\RTA-CAR_9.2.1\ISOLAR-AB\workspace\bsw_temp\PduR\PduR_Gw_Cfg.h' finished...
15:38:42,652 [INFO] CdtBeautifier using default formatter settings.
15:38:42,653 [INFO] Formatting of 'C:\ETAS\RTA-CAR_9.2.1\ISOLAR-AB\workspace\bsw_temp\PduR\PduR_LoTp.h' finished...
15:38:42,689 [INFO] CdtBeautifier using default formatter settings.
15:38:42,691 [INFO] Formatting of 'C:\ETAS\RTA-CAR_9.2.1\ISOLAR-AB\workspace\bsw_temp\PduR\PduR_CanTp.h' finished...
15:38:42,692 [INFO] CdtBeautifier using default formatter settings.
15:38:42,694 [INFO] Formatting of 'C:\ETAS\RTA-CAR_9.2.1\ISOLAR-AB\workspace\bsw_temp\PduR\PduR_CanTp_Lo.h' finished...
15:38:42,704 [INFO] CdtBeautifier using default formatter settings.
15:38:42,706 [INFO] Formatting of 'C:\ETAS\RTA-CAR_9.2.1\ISOLAR-AB\workspace\bsw_temp\PduR\PduR_LoTp.c' finished...
15:38:42,720 [INFO] CdtBeautifier using default formatter settings.
15:38:42,724 [INFO] Formatting of 'C:\ETAS\RTA-CAR_9.2.1\ISOLAR-AB\workspace\bsw_temp\PduR\PduR_dLoTp.c' finished...
15:38:42,742 [INFO] CdtBeautifier using default formatter settings.
15:38:42,743 [INFO] Formatting of 'C:\ETAS\RTA-CAR_9.2.1\ISOLAR-AB\workspace\bsw_temp\PduR\PduR_UpTp.h' finished...
15:38:42,763 [INFO] CdtBeautifier using default formatter settings.
15:38:42,765 [INFO] Formatting of 'C:\ETAS\RTA-CAR_9.2.1\ISOLAR-AB\workspace\bsw_temp\PduR\PduR_Dcm.h' finished...
15:38:42,766 [INFO] CdtBeautifier using default formatter settings.
15:38:42,767 [INFO] Formatting of 'C:\ETAS\RTA-CAR_9.2.1\ISOLAR-AB\workspace\bsw_temp\PduR\PduR_Dcm_Up.h' finished...
15:38:42,783 [INFO] CdtBeautifier using default formatter settings.
15:38:42,784 [INFO] Formatting of 'C:\ETAS\RTA-CAR_9.2.1\ISOLAR-AB\workspace\bsw_temp\PduR\PduR_UpTp.c' finished...
15:38:42,804 [INFO] CdtBeautifier using default formatter settings.
15:38:42,806 [INFO] Formatting of 'C:\ETAS\RTA-CAR_9.2.1\ISOLAR-AB\workspace\bsw_temp\PduR\PduR_dUpTp.c' finished...
15:38:42,824 [INFO] CdtBeautifier using default formatter settings.
15:38:42,825 [INFO] Formatting of 'C:\ETAS\RTA-CAR_9.2.1\ISOLAR-AB\workspace\bsw_temp\PduR\PduR_UpIf.h' finished...
15:38:42,847 [INFO] CdtBeautifier using default formatter settings.
15:38:42,848 [INFO] Formatting of 'C:\ETAS\RTA-CAR_9.2.1\ISOLAR-AB\workspace\bsw_temp\PduR\PduR_Com.h' finished...
15:38:42,850 [INFO] CdtBeautifier using default formatter settings.
15:38:42,852 [INFO] Formatting of 'C:\ETAS\RTA-CAR_9.2.1\ISOLAR-AB\workspace\bsw_temp\PduR\PduR_Com_Up.h' finished...
15:38:42,872 [INFO] CdtBeautifier using default formatter settings.
15:38:42,874 [INFO] Formatting of 'C:\ETAS\RTA-CAR_9.2.1\ISOLAR-AB\workspace\bsw_temp\PduR\PduR_UpIf.c' finished...
15:38:42,894 [INFO] CdtBeautifier using default formatter settings.
15:38:42,896 [INFO] Formatting of 'C:\ETAS\RTA-CAR_9.2.1\ISOLAR-AB\workspace\bsw_temp\PduR\PduR_dUpIf.c' finished...
15:38:42,907 [INFO] CdtBeautifier using default formatter settings.
15:38:42,908 [INFO] Formatting of 'C:\ETAS\RTA-CAR_9.2.1\ISOLAR-AB\workspace\bsw_temp\PduR\PduR_LoIf.h' finished...
15:38:42,943 [INFO] CdtBeautifier using default formatter settings.
15:38:42,944 [INFO] Formatting of 'C:\ETAS\RTA-CAR_9.2.1\ISOLAR-AB\workspace\bsw_temp\PduR\PduR_CanIf.h' finished...
15:38:42,946 [INFO] CdtBeautifier using default formatter settings.
15:38:42,947 [INFO] Formatting of 'C:\ETAS\RTA-CAR_9.2.1\ISOLAR-AB\workspace\bsw_temp\PduR\PduR_CanIf_Lo.h' finished...
15:38:42,962 [INFO] CdtBeautifier using default formatter settings.
15:38:42,965 [INFO] Formatting of 'C:\ETAS\RTA-CAR_9.2.1\ISOLAR-AB\workspace\bsw_temp\PduR\PduR_dLoIf.c' finished...
15:38:42,973 [INFO] CdtBeautifier using default formatter settings.
15:38:42,974 [INFO] Formatting of 'C:\ETAS\RTA-CAR_9.2.1\ISOLAR-AB\workspace\bsw_temp\PduR\PduR_LoIfTT.h' finished...
15:38:43,011 [INFO] CdtBeautifier using default formatter settings.
15:38:43,013 [INFO] Formatting of 'C:\ETAS\RTA-CAR_9.2.1\ISOLAR-AB\workspace\bsw_temp\PduR\PduR_CanNm.h' finished...
15:38:43,014 [INFO] CdtBeautifier using default formatter settings.
15:38:43,015 [INFO] Formatting of 'C:\ETAS\RTA-CAR_9.2.1\ISOLAR-AB\workspace\bsw_temp\PduR\PduR_CanNm_Lo.h' finished...
15:38:43,029 [INFO] CdtBeautifier using default formatter settings.
15:38:43,033 [INFO] Formatting of 'C:\ETAS\RTA-CAR_9.2.1\ISOLAR-AB\workspace\bsw_temp\PduR\PduR_dLoIfTT.c' finished...
15:38:43,041 [INFO] workflow completed in 1013ms!
15:38:43,293 [INFO] --------------------------------------------------------------------------------------
15:38:43,293 [INFO] EMF Modeling Workflow Engine 1.5.1, Build v20191121-1148
15:38:43,293 [INFO] (c) 2005-2009 openarchitectureware.org and contributors
15:38:43,293 [INFO] --------------------------------------------------------------------------------------
15:38:43,293 [INFO] running workflow: C:\ETAS\RTA-CAR_9.2.1\ISOLAR-AB_9.2.1\configuration\org.eclipse.osgi\901\0\.cp\gen\ComServices\PduR\scripts\templates\PduR_Generate_PB.oaw
15:38:43,293 [INFO] 
15:38:43,295 [INFO] BCTCodeGenerator: generating 'templates::PduR::PduR_MainXpand::PduRMain_PBLData FOR model' => []
15:38:43,295 [INFO] ExtensionAdvice registered: CanIf_PduR_Aspects
15:38:43,295 [INFO] ExtensionAdvice 'FrIf_PduR_Aspects' could not be found and will be ignored.
15:38:43,295 [INFO] ExtensionAdvice 'LinIf_PduR_Aspects' could not be found and will be ignored.
15:38:43,296 [INFO] ExtensionAdvice registered: CanTp_PduR_Aspects
15:38:43,296 [INFO] ExtensionAdvice registered: CanNm_PduR_Aspects
15:38:43,296 [INFO] ExtensionAdvice 'FrNm_PduR_Aspects' could not be found and will be ignored.
15:38:43,296 [INFO] ExtensionAdvice 'IpduM_PduR_Aspects' could not be found and will be ignored.
15:38:43,296 [INFO] ExtensionAdvice 'LinIf_Tp_PduR_Aspects' could not be found and will be ignored.
15:38:43,296 [INFO] ExtensionAdvice 'FrTp_PduR_Aspects' could not be found and will be ignored.
15:38:43,296 [INFO] ExtensionAdvice 'J1939Tp_PduR_Aspects' could not be found and will be ignored.
15:38:43,296 [INFO] ExtensionAdvice 'SoAd_PduR_Aspects' could not be found and will be ignored.
15:38:43,296 [INFO] ExtensionAdvice 'UdpNm_PduR_Aspects' could not be found and will be ignored.
15:38:43,297 [INFO] ExtensionAdvice registered: Dcm_PduR_Aspects
15:38:43,297 [INFO] ExtensionAdvice registered: Com_PduR_Aspects
15:38:43,297 [INFO] ExtensionAdvice 'Rba_Psi5If_PduR_Aspects' could not be found and will be ignored.
15:38:43,297 [INFO] ExtensionAdvice 'Dlt_PduR_Aspects' could not be found and will be ignored.
15:38:43,297 [INFO] ExtensionAdvice 'DoIP_PduR_Aspects' could not be found and will be ignored.
15:38:43,297 [INFO] ExtensionAdvice 'LdCom_PduR_Aspects' could not be found and will be ignored.
15:38:43,297 [INFO] ExtensionAdvice 'J1939Rm_PduR_Aspects' could not be found and will be ignored.
15:38:43,297 [INFO] ExtensionAdvice 'J1939Dcm_PduR_Aspects' could not be found and will be ignored.
15:38:43,422 [INFO] /* Generating PbCfg_c::PduR_UpIfToLo_PBcfg_c::upIf_To_Lo */

15:38:44,200 [INFO] /* Generating PbCfg_c::PduR_UpTpToLo_PBcfg_c::upTp_To_Lo */

15:38:44,240 [INFO] /* Generating PbCfg_c::PduR_LoIfRxToUp_PBcfg_c::loIfRx_To_Up */

15:38:44,604 [INFO] /* Generating PbCfg_c::PduR_LoIfDTxToUp_PBcfg_c::loIf_DTxToUp */

15:38:45,307 [INFO] /* Generating PbCfg_c::PduR_LoIfTTxToUp_PBcfg_c::loIf_TTxToUp */

15:38:45,341 [INFO] /* Generating PbCfg_c::PduR_LoTpRxToUp_PBcfg_c::loTpRx_To_Up */

15:38:45,388 [INFO] /* Generating PbCfg_c::PduR_LoTpTxToUp_PBcfg_c::loTpTx_To_Up */

15:38:45,413 [INFO] /* Generating PbCfg_c::PduR_Mc_UpTpToLo_PBcfg_c::mcUpTp_To_Lo */

15:38:45,434 [INFO] /* Generating PbCfg_c::PduR_Mc_UpIfToLo_PBcfg_c::mcUpIf_To_Lo */

15:38:45,457 [INFO] /* Generating PbCfg_c::PduR_Cdd_PBcfg_c::Xpand_Cdd_body */

15:38:45,475 [INFO] /* Generating PbCfg_c::PduR_Mc_GwToLo_PBcfg_c::DisplayPduR_mcGwToLo */

15:38:45,502 [INFO] /* Generating PbCfg_c::PduR_GwIfTx_PBcfg_c::display_GwIfTx */

15:38:45,560 [INFO] /* Generating PbCfg_c::PduR_GwIf_PBcfg_c::display_GwIf */

15:38:45,560 [INFO] /* Generating PbCfg_c::PduR_Gw_IfBuf_PBcfg_c::PduR_gw_Buf_If_structure */

15:38:45,674 [INFO] /* Generating PbCfg_c::PduR_Rpg_PBcfg_c::display_PduR_RPG*/

15:38:45,689 [INFO] /* Generating PbCfg_c::PduR_Gw_TpBuf_PBcfg_c::PduR_gw_Buf_TP_structure*/

15:38:45,713 [INFO] /* Generating PbCfg_c::PduR_GwTp_PBcfg_c::display_GwTp */

15:38:45,728 [INFO] /* Generating PbCfg_c::PduR_RpgRxTp_PBcfg_c::display_RpgRxTp */

15:38:45,740 [INFO] /* Generating PbCfg_c::PduR_PbConfigType_PBcfg_c::PduR_BswLoCfg */

15:38:45,770 [INFO] /* Generating PbCfg_c::PduR_PbConfigType_PBcfg_c::PduR_BswUpCfg */

15:38:45,771 [INFO] /* Generating PbCfg_c::PduR_Cdd_PBcfg_c::PduR_CddCfg */

15:38:45,771 [INFO] /* Generating PbCfg_c::PduR_PbConfigType_PBcfg_c::PduR_BswUpToLoRxCfg */

15:38:45,772 [INFO] /* Generating PbCfg_c::PduR_PbConfigType_PBcfg_c::pdur_PBConfigType */

15:38:45,784 [INFO] CdtBeautifier using default formatter settings.
15:38:45,809 [INFO] Formatting of 'C:\ETAS\RTA-CAR_9.2.1\ISOLAR-AB\workspace\bsw_temp\PduR\PduR_PBcfg.c' finished...
15:38:45,811 [INFO] CdtBeautifier using default formatter settings.
15:38:45,812 [INFO] Formatting of 'C:\ETAS\RTA-CAR_9.2.1\ISOLAR-AB\workspace\bsw_temp\PduR\PduR_PBcfg.h' finished...
15:38:45,915 [INFO] CdtBeautifier using default formatter settings.
15:38:45,918 [INFO] Formatting of 'C:\ETAS\RTA-CAR_9.2.1\ISOLAR-AB\workspace\bsw_temp\PduR\PduR_Cfg_SymbolicNames.h' finished...
15:38:45,919 [INFO] workflow completed in 2624ms!
15:38:46,167 [INFO] --------------------------------------------------------------------------------------
15:38:46,168 [INFO] EMF Modeling Workflow Engine 1.5.1, Build v20191121-1148
15:38:46,168 [INFO] (c) 2005-2009 openarchitectureware.org and contributors
15:38:46,168 [INFO] --------------------------------------------------------------------------------------
15:38:46,168 [INFO] running workflow: C:\ETAS\RTA-CAR_9.2.1\ISOLAR-AB_9.2.1\configuration\org.eclipse.osgi\901\0\.cp\gen\Diagnosis\Dcm\scripts\filegenerator\Dcm_generate.oaw
15:38:46,168 [INFO] 
15:38:46,173 [INFO] BCTCodeGenerator: generating 'DcmCore_DslDsd_Cfg_H::Root FOR model' => []
15:38:46,193 [INFO] BCTCodeGenerator: generating 'DcmCore_DslDsd_Lcfg_H::Root FOR model' => []
15:38:46,202 [INFO] BCTCodeGenerator: generating 'Dcm_Cfg_Version_h::Root FOR model' => []
15:38:46,204 [INFO] BCTCodeGenerator: generating 'DcmCore_DslDsd_Lcfg_C::Root FOR model' => []
15:38:46,246 [INFO] BCTCodeGenerator: generating 'templates::arxml::Dcm_Cfg_Swcd_Arxml::Root FOR model' => []
15:38:47,280 [INFO] BCTCodeGenerator: generating 'bswmd::Dcm_Bswmd_Arxml::Root FOR model' => []
15:38:47,289 [INFO] BCTCodeGenerator: generating 'templates::bswmd::Dcm_Cfg_Bswmd_Arxml::Root FOR model' => []
15:38:47,293 [INFO] BCTCodeGenerator: generating 'DcmDspUds_Uds_Lcfg_C::Root FOR model' => []
15:38:49,848 [INFO] BCTCodeGenerator: generating 'DcmDspUds_Uds_Lcfg_H::Root FOR model' => []
15:38:49,911 [INFO] BCTCodeGenerator: generating 'DcmDspUds_Uds_Cfg_H::Root FOR model' => []
15:38:49,976 [INFO] BCTCodeGenerator: generating 'DcmDspObd_Obd_Lcfg_H::Root FOR model' => []
15:38:49,983 [INFO] BCTCodeGenerator: generating 'DcmDspObd_Obd_Lcfg_C::Root FOR model' => []
15:38:49,999 [INFO] BCTCodeGenerator: generating 'Dcm_Dem_H::Root FOR model' => []
15:38:49,999 [INFO] BCTCodeGenerator: generating 'DcmDspObd_Obd_Cfg_H::Root FOR model' => []
15:38:50,005 [INFO] BCTCodeGenerator: generating 'Dcm_Cfg_Swcd_Ecuflatview_Connectors_Arxml::Root FOR model' => []
15:38:50,013 [INFO] workflow completed in 3841ms!
15:38:50,350 [INFO] --------------------------------------------------------------------------------------
15:38:50,350 [INFO] EMF Modeling Workflow Engine 1.5.1, Build v20191121-1148
15:38:50,350 [INFO] (c) 2005-2009 openarchitectureware.org and contributors
15:38:50,350 [INFO] --------------------------------------------------------------------------------------
15:38:50,350 [INFO] running workflow: C:\ETAS\RTA-CAR_9.2.1\ISOLAR-AB_9.2.1\configuration\org.eclipse.osgi\901\0\.cp\gen\CUCEL\rba_ArxmlGen\scripts\rba_ArxmlGen_Validate.oaw
15:38:50,350 [INFO] 
15:38:50,351 [INFO] BCTCheckComponent: slot model check file(s): rba_ArxmlGen 
15:38:50,787 [INFO] workflow completed in 436ms!
15:38:50,787 [WARN] [WARNING]: rba_ArxmlGen: The Memory section for non-configured data type "CANTRCV_START_SEC_CONFIG_DATA_POSTBUILD_HEADER" of component "CanTrcv"is not configured.(Element: autosar40.ecucdescription.impl.EcucContainerValueImpl@75f4738 (shortName: CANTRCV_START_SEC_CONFIG_DATA_POSTBUILD_HEADER) (index: <unset>); Reported by: -UNKNOWN-)
15:38:51,113 [INFO] --------------------------------------------------------------------------------------
15:38:51,113 [INFO] EMF Modeling Workflow Engine 1.5.1, Build v20191121-1148
15:38:51,113 [INFO] (c) 2005-2009 openarchitectureware.org and contributors
15:38:51,113 [INFO] --------------------------------------------------------------------------------------
15:38:51,113 [INFO] running workflow: C:\ETAS\RTA-CAR_9.2.1\ISOLAR-AB_9.2.1\configuration\org.eclipse.osgi\901\0\.cp\gen\CUCEL\rba_ArxmlGen\scripts\rba_ArxmlGen_Generate.oaw
15:38:51,113 [INFO] 
15:38:51,115 [INFO] BCTCodeGenerator: generating 'rba_ArxmlGen::Generate FOR model' => []
15:38:51,571 [INFO] workflow completed in 457ms!
